fabricante_id,fabricante,ocorrencias,rotulo
00008125000168,MENUCHI ACABAMENTO DE PLASTICOS INDUSTRIA COM LTDA,9,MENUCHI ACABAMENTO DE PL [M0001]
00008354000182,BIOSENSOR INDUSTRIA E COMERCIO LTDA,6,BIOSENSOR INDUSTRIA E CO [M0002]
00015955000112,SDI BRASIL INDUSTRIA E COMERCIO LTDA,86,SDI BRASIL INDUSTRIA E C [M0003]
00023851000150,A. L. B. LUZ,1,A. L. B. LUZ [M0004]
00025310000160,FARMAQUI INDUSTRIA E COMERCIO LTDA,22,FARMAQUI INDUSTRIA E COM [M0005]
00028682000140,PROMEDON DO BRASIL PRODUTOS MEDICO HOSPITALARES LTDA,8,PROMEDON DO BRASIL PRODU [M0006]
00029372000140,GE HEALTHCARE DO BRASIL COMERCIO E SERVICOS PARA EQUIPAMENTOS MEDICO-HOSPITALARES LTDA,58,GE HEALTHCARE DO BRASIL  [M0007]
00029372000221,GE HEALTHCARE DO BRASIL COMERCIO E SERVICOS PARA EQUIPAMENTOS MEDICO-HOSPITALARES LTDA,2,GE HEALTHCARE DO BRASIL  [M0008]
00072182000106,ROSSI PRODUTOS HOSPITALARES LTDA,2,ROSSI PRODUTOS HOSPITALA [M0009]
00075112000101,REYMER DO BRASIL INDUSTRIA E COMERCIO DE PRODUTOS QUIMICOS LTDA,45,REYMER DO BRASIL INDUSTR [M0010]
00098242000160,PRONTOFAR LTDA,3,PRONTOFAR LTDA [M0011]
00099817000169,RABBIT INDUSTRIA E COMERCIO DE PRODUTOS DE HIGIENE PESSOAL LTDA,3,RABBIT INDUSTRIA E COMER [M0012]
00129149000256,MIYUKI INDUSTRIA E COMERCIO DE COSMETICOS LTDA,6,MIYUKI INDUSTRIA E COMER [M0013]
00133418000177,IBRAMED INDUSTRIA BRASILEIRA DE EQUIPAMENTOS MEDICOS LTDA,21,IBRAMED INDUSTRIA BRASIL [M0014]
00150371000150,LODERME FARMACIA DE MANIPULACAO LTDA,7,LODERME FARMACIA DE MANI [M0015]
00157774000554,TARGA MEDICAL S.A.,193,TARGA MEDICAL S.A. [M0016]
00165933000139,DESCARTEX CONFECCOES E COMERCIO LTDA,19,DESCARTEX CONFECCOES E C [M0017]
00171138000153,AQUAFLEX INDUSTRIA E COMERCIO LTDA,1,AQUAFLEX INDUSTRIA E COM [M0018]
00192190000196,OFTALMOPHARMA INDUSTRIA E COMERCIO DE PRODUTOS FARMACEUTICOS LTDA,44,OFTALMOPHARMA INDUSTRIA  [M0019]
00217622000176,LATINA ELETRODOMESTICOS S/A FALIDO,2,LATINA ELETRODOMESTICOS  [M0020]
00252903000160,ESTERILI MED INDUSTRIA E COMERCIO DE PRODUTOS MEDICOS HOSPITALARES LTDA,47,ESTERILI MED INDUSTRIA E [M0021]
00256343000111,NAVI COMERCIO E INDUSTRIA DE CONCENTRADO MULTIUSO LTDA,1,NAVI COMERCIO E INDUSTRI [M0022]
00257992000137,ANGELUS INDUSTRIA DE PRODUTOS ODONTOLOGICOS S/A,221,ANGELUS INDUSTRIA DE PRO [M0023]
00260485000152,LUIZ FERNANDO ZIMER LTDA,3,LUIZ FERNANDO ZIMER LTDA [M0024]
00317372000146,GALDERMA BRASIL LTDA,38,GALDERMA BRASIL LTDA [M0025]
00317372000499,GALDERMA BRASIL LTDA,13,GALDERMA BRASIL LTDA [M0026]
00319979000165,SULPACK INDUSTRIA DE MAQUINAS PARA EMBALAGENS LTDA,2,SULPACK INDUSTRIA DE MAQ [M0027]
00322352000163,DPCBRASIL INDUSTRIA E COMERCIO LTDA,40,DPCBRASIL INDUSTRIA E CO [M0028]
00325031000112,KOTA IMPORTS LTDA,14,KOTA IMPORTS LTDA [M0029]
00331788000119,AIR LIQUIDE BRASIL LTDA,3,AIR LIQUIDE BRASIL LTDA [M0030]
00332257000140,E. DE GODOY BRAGANCA TEXTIL,50,E. DE GODOY BRAGANCA TEX [M0031]
00376959000126,IFAL IND E COM DE PRODUTOS FARMACEUTICOS LTDA,711,IFAL IND E COM DE PRODUT [M0032]
00377455000120,IDEXX BRASIL LABORATORIOS LTDA.,1,IDEXX BRASIL LABORATORIO [M0033]
00380573000198,BELTEC - INDUSTRIA E COMERCIO DE EQUIPAMENTOS ODONTOLOGICOS LTDA,2,BELTEC - INDUSTRIA E COM [M0034]
00382468000198,COLGATE-PALMOLIVE COMERCIAL LTDA.,5,COLGATE-PALMOLIVE COMERC [M0035]
00394452000103,COMANDO DO EXERCITO,8,COMANDO DO EXERCITO [M0036]
00394502007157,COMANDO DA MARINHA,8,COMANDO DA MARINHA [M0037]
00406859000103,AGAPLASTIC INDUSTRIA E COMERCIO LTDA,9,AGAPLASTIC INDUSTRIA E C [M0038]
00412880000103,EMBALI INDUSTRIAS PLASTICAS LTDA,2,EMBALI INDUSTRIAS PLASTI [M0039]
00413538000128,ORTO CENTRAL INDUSTRIA E COMERCIO DE PRODUTOS DE ORTODONTIA LTDA,15,ORTO CENTRAL INDUSTRIA E [M0040]
00413925000164,COLBRAS INDUSTRIA E COMERCIO LTDA,107,COLBRAS INDUSTRIA E COME [M0041]
00424413000101,DESKARPLAS INDUSTRIA E COMERCIO LTDA,9,DESKARPLAS INDUSTRIA E C [M0042]
00424745000188,TECPON INDUSTRIA E COMERCIO DE PRODUTOS QUIMICOS LTDA,1,TECPON INDUSTRIA E COMER [M0043]
00425586000136,G D RUFINO LTDA,3,G D RUFINO LTDA [M0044]
00433726000118,PROINLAB - INDUSTRIA E COMERCIO DE PRODUTOS PARA LABORATORIOS LTDA,12,PROINLAB - INDUSTRIA E C [M0045]
00542467000163,A B DESCARTAVEIS INDUSTRIA E COMERCIO LTDA,1,A B DESCARTAVEIS INDUSTR [M0046]
00546993000100,MEDICAL DEVICE PRODUTOS E MATERIAIS HOSPITALARES LTDA,7,MEDICAL DEVICE PRODUTOS  [M0047]
00562583000144,RENYLAB - QUIMICA E FARMACEUTICA LTDA,84,RENYLAB - QUIMICA E FARM [M0048]
00592933000115,ZEDAMED LTDA,3,ZEDAMED LTDA [M0049]
00618346000158,ASSEPTICO PRODUTOS DESCARTAVEIS LTDA,3,ASSEPTICO PRODUTOS DESCA [M0050]
00625692000163,TOMMASI IMPORTACAO E EXPORTACAO LTDA.,3,TOMMASI IMPORTACAO E EXP [M0051]
00626948000157,HANESBRANDS BRASIL TEXTIL LTDA.,5,HANESBRANDS BRASIL TEXTI [M0052]
00647935000164,MASTER DIAGNOSTICA PRODUTOS LABORATORIAIS E HOSPITALARES LTDA.,14,MASTER DIAGNOSTICA PRODU [M0053]
00659050000185,CENTER MED COMERCIAL LTDA,7,CENTER MED COMERCIAL LTD [M0054]
00662798000137,VITAL ATMAN LTDA,73,VITAL ATMAN LTDA [M0055]
00671994000178,GIROGAZ COMERCIAL DE OXIGENIO LTDA,4,GIROGAZ COMERCIAL DE OXI [M0056]
00677858000195,ARTE NATIVA PRODUTOS NATURAIS LTDA,161,ARTE NATIVA PRODUTOS NAT [M0057]
00678593000140,STERIFARMA PRODUTOS CIRURGICOS LTDA,5,STERIFARMA PRODUTOS CIRU [M0058]
00681314000105,ORTOMED HOSPITALAR INDUSTRIA E COMERCIO LTDA,1,ORTOMED HOSPITALAR INDUS [M0059]
00681516000149,FRALDAS CK INDUSTRIA E COMERCIO LTDA,14,FRALDAS CK INDUSTRIA E C [M0060]
00711514000155,ANDRADE GOMES INDUSTRIA E COMERCIO DE ARTEFATO PLASTICO LTDA,5,ANDRADE GOMES INDUSTRIA  [M0061]
00740719000169,UTI MEDICA - INDUSTRIA E COMERCIO DE MOVEIS HOSPITALARES LTDA,4,UTI MEDICA - INDUSTRIA E [M0062]
00749145000190,FDA ALLERGENIC FARMACEUTICA LTDA,8,FDA ALLERGENIC FARMACEUT [M0063]
00762455000144,NIPRO MEDICAL LTDA,13,NIPRO MEDICAL LTDA [M0064]
00763406000126,GERIATEX INDUSTRIA E COMERCIO LTDA,6,GERIATEX INDUSTRIA E COM [M0065]
00772058000153,BIOPLUS PRODUTOS PARA LABORATORIOS LTDA,3,BIOPLUS PRODUTOS PARA LA [M0066]
00787540000167,VERBENNA FARMACIA DE MANIPULACAO LTDA,1,VERBENNA FARMACIA DE MAN [M0067]
00789243000150,LOURENCI E LOURENCI LTDA,3,LOURENCI E LOURENCI LTDA [M0068]
00802002000102,ALTERMED MATERIAL MEDICO HOSPITALAR LTDA,44,ALTERMED MATERIAL MEDICO [M0069]
00814559000155,SURYA DENTAL COMERCIO DE PRODUTOS ODONTOLOGICOS E FARMACEUTICOS S/A,39,SURYA DENTAL COMERCIO DE [M0070]
00816063000110,APERIFIO INDUSTRIA COMERCIO E REPRESENTACOES LTDA,1,APERIFIO INDUSTRIA COMER [M0071]
00826788000190,PEDS TREINAMENTOS E ASSESSORIA EMPRESARIAL LTDA,1,PEDS TREINAMENTOS E ASSE [M0072]
00860254000180,MULTILAB LABORATORIO DE ANALISES CLINICAS LTDA,92,MULTILAB LABORATORIO DE  [M0073]
00866902000105,MEDIMED MAT MEDICOS E HOSPITALARES LTDA,3,MEDIMED MAT MEDICOS E HO [M0074]
00894372000109,MB TEXTIL LTDA,29,MB TEXTIL LTDA [M0075]
00895119000170,SANFARMA COMERCIO DE MEDICAMENTOS LTDA,2,SANFARMA COMERCIO DE MED [M0076]
00904050000101,ADJ INDUSTRIA E COMERCIO DE FIXADORES ORTOPEDICOS E IMPLANTES LTDA,1,ADJ INDUSTRIA E COMERCIO [M0077]
00904728001209,VYTTRA DIAGNOSTICOS S.A.,1,VYTTRA DIAGNOSTICOS S.A. [M0078]
00923140000131,EMS SIGMA PHARMA LTDA,1551,EMS SIGMA PHARMA LTDA [M0079]
00938703000165,HOLLISTER DO BRASIL LTDA,19,HOLLISTER DO BRASIL LTDA [M0080]
00947389000187,FLEXOR INDUSTRIA E COMERCIO DE PRODUTOS MEDICO HOSPITALAR LTDA,5,FLEXOR INDUSTRIA E COMER [M0081]
00969061000161,CARBOGEL INDUSTRIA E COMERCIO LTDA,20,CARBOGEL INDUSTRIA E COM [M0082]
00969061000323,CARBOGEL INDUSTRIA E COMERCIO LTDA,44,CARBOGEL INDUSTRIA E COM [M0083]
00980360000288,ECO3 DO BRASIL LTDA.,8,ECO3 DO BRASIL LTDA. [M0084]
00984436000162,BELL TYPE INDUSTRIES LTDA,7,BELL TYPE INDUSTRIES LTD [M0085]
01000823000180,SOLUMED MATERIAIS MEDICOS LTDA,273,SOLUMED MATERIAIS MEDICO [M0086]
01005728000179,LABOR IMPORT COMERCIAL IMPORTADORA EXPORTADORA LTDA,2396,LABOR IMPORT COMERCIAL I [M0087]
01014406000196,PROTEC PRODUTOS CIENTIFICOS LTDA,15,PROTEC PRODUTOS CIENTIFI [M0088]
01017680000119,J FERES INDUSTRIA DE ALCOOL LTDA,24,J FERES INDUSTRIA DE ALC [M0089]
01025974000192,"VINCULA INDUSTRIA, COMERCIO, IMPORTACAO E EXPORTACAO DE IMPLANTES S.A.",5,"VINCULA INDUSTRIA, COMER [M0090]"
01056338000128,ENDOCIRURGICA - COMERCIO DE PRODUTOS MEDICOS LTDA.,1,ENDOCIRURGICA - COMERCIO [M0091]
01057428000133,DESCARPACK DESCARTAVEIS DO BRASIL LTDA,861,DESCARPACK DESCARTAVEIS  [M0092]
01057428000214,DESCARPACK DESCARTAVEIS DO BRASIL LTDA,1942,DESCARPACK DESCARTAVEIS  [M0093]
01061762000160,DELFINI INDUSTRIA COMERCIO LTDA,8,DELFINI INDUSTRIA COMERC [M0094]
01072992000125,DGTECH INDUSTRIA E COMERCIO LTDA.,15,DGTECH INDUSTRIA E COMER [M0095]
01074837000148,WILCOS DO BRASIL INDUSTRIA E COMERCIO LIMITADA,86,WILCOS DO BRASIL INDUSTR [M0096]
01081026000174,COMPOJET BIOMEDICA LTDA,14,COMPOJET BIOMEDICA LTDA [M0097]
01085207000179,BRAKKO COMERCIO E IMPORTACAO LTDA,1,BRAKKO COMERCIO E IMPORT [M0098]
01085513000105,DOLES REAGENTES E EQUIPAMENTOS PARA LABORATORIOS LTDA,7,DOLES REAGENTES E EQUIPA [M0099]
01101363000186,DENTALVILLE DO BRASIL LTDA,4,DENTALVILLE DO BRASIL LT [M0100]
01107391000100,SUPPORT PRODUTOS NUTRICIONAIS LTDA,54,SUPPORT PRODUTOS NUTRICI [M0101]
01107391001263,SUPPORT PRODUTOS NUTRICIONAIS LTDA,5,SUPPORT PRODUTOS NUTRICI [M0102]
01122234000174,IMPORT SERVICE MATERIAL MEDICO HOSPITALAR LTDA,90,IMPORT SERVICE MATERIAL  [M0103]
01123973000180,ORTHO PAUHER INDUSTRIA COMERCIO E DISTRIBUICOES LTDA,2,ORTHO PAUHER INDUSTRIA C [M0104]
01136636000128,FORMAPLAS INDUSTRIA E COMERCIO DE PLASTICOS LTDA,1,FORMAPLAS INDUSTRIA E CO [M0105]
01140700000144,PROLINK INDUSTRIA QUIMICA LTDA,115,PROLINK INDUSTRIA QUIMIC [M0106]
01140868000150,CIRURGICA OLIMPIO LTDA,1,CIRURGICA OLIMPIO LTDA [M0107]
01152141000192,TERMOGEL INDUSTRIA E COMERCIO DE PRODUTOS DE ESTETICA LTDA,3,TERMOGEL INDUSTRIA E COM [M0108]
01177248000195,CRISTOFOLI EQUIPAMENTOS DE BIOSSEGURANCA LTDA,26,CRISTOFOLI EQUIPAMENTOS  [M0109]
01190127000183,MEDICALTEX INDUSTRIA E COMERCIO LTDA,17,MEDICALTEX INDUSTRIA E C [M0110]
01202521000194,PLASTIC WAY PRODUTOS PARA A SAUDE LTDA,8,PLASTIC WAY PRODUTOS PAR [M0111]
01221540000168,PRO-FORMULA ABC COSMETICOS LTDA,4,PRO-FORMULA ABC COSMETIC [M0112]
01224953000104,THECH DESINFECCAO LTDA,4,THECH DESINFECCAO LTDA [M0113]
01226416000195,NUTRIMED SERV. MEDICOS EM NUTRICAO PARENT. E ENTERAL LTDA,2,NUTRIMED SERV. MEDICOS E [M0114]
01233103000164,MAPPEL INDUSTRIA DE EMBALAGENS S.A.,69,MAPPEL INDUSTRIA DE EMBA [M0115]
01265357000164,MEDICATE S/C LTDA,7,MEDICATE S/C LTDA [M0116]
01298443000173,MAGNAMED TECNOLOGIA MEDICA S/A,11,MAGNAMED TECNOLOGIA MEDI [M0117]
01298443000254,MAGNAMED TECNOLOGIA MEDICA S/A,2,MAGNAMED TECNOLOGIA MEDI [M0118]
01299649000118,CHEMITEC AGRO-VETERINARIA LTDA,9,CHEMITEC AGRO-VETERINARI [M0119]
01328535000159,CLASSMED - PRODUTOS HOSPITALARES LTDA,4,CLASSMED - PRODUTOS HOSP [M0120]
01329816000126,PANAMERICAN MEDICAL SUPPLY SUPRIMENTOS MEDICOS LTDA,62,PANAMERICAN MEDICAL SUPP [M0121]
01332005000184,DENTSCLER INDUSTRIA DE APARELHOS ODONTOLOGICOS LTDA,32,DENTSCLER INDUSTRIA DE A [M0122]
01334368000159,ULTRAPLAST IND.E COM.DE SACOLAS PLASTICAS LTDA,2,ULTRAPLAST IND.E COM.DE  [M0123]
01336083000157,HARMONIEX INDUSTRIA E COMERCIO DE SANEANTES LTDA,1,HARMONIEX INDUSTRIA E CO [M0124]
01339015000141,PLASTPEROLA INDUSTRIA E COMERCIO DE PLASTICOS LTDA,3,PLASTPEROLA INDUSTRIA E  [M0125]
01358874001664,PROCTER & GAMBLE INDUSTRIAL E COMERCIAL LTDA,25,PROCTER & GAMBLE INDUSTR [M0126]
01362538000109,CRV INDUSTRIA DE PRODUTOS NATURAIS E NUTRACEUTICOS LTDA,4,CRV INDUSTRIA DE PRODUTO [M0127]
01383490000115,FARMACIA SAKAFARMA DE LONDRINA LTDA,2,FARMACIA SAKAFARMA DE LO [M0128]
01395137000155,RACHEL DE SA BARRETO CALLOU,5,RACHEL DE SA BARRETO CAL [M0129]
01417367000178,ARKTUS INDUSTRIA E COMERCIO DE PRODUTOS PARA SAUDE LTDA.,43,ARKTUS INDUSTRIA E COMER [M0130]
01440590000136,FRESENIUS MEDICAL CARE LTDA,250,FRESENIUS MEDICAL CARE L [M0131]
01444277000176,DABIO BRASILE IMPORTACAO E EXPORTACAO DE COMPRESSORES DE AR LTDA,7,DABIO BRASILE IMPORTACAO [M0132]
01449930000190,SIEMENS HEALTHCARE DIAGNOSTICOS LTDA.,9,SIEMENS HEALTHCARE DIAGN [M0133]
01468855000104,ARTMED IND. E COM. DE MOVEIS E PRODUTOS HOSPITALARES LTDA,6,ARTMED IND. E COM. DE MO [M0134]
01513946000114,BOSTON SCIENTIFIC DO BRASIL LTDA,5,BOSTON SCIENTIFIC DO BRA [M0135]
01517587000173,FILTRAX INDUSTRIA E COMERCIO DE EQUIPAMENTOS DE PROTECAO LTDA,2,FILTRAX INDUSTRIA E COME [M0136]
01541283000141,INDUSTRIA QUIMICA DO ESTADO DE GOIAS S A IQUEGO,14,INDUSTRIA QUIMICA DO EST [M0137]
01541283000303,INDUSTRIA QUIMICA DO ESTADO DE GOIAS S A IQUEGO,4,INDUSTRIA QUIMICA DO EST [M0138]
01543235000192,D DA C S GARCIA,1,D DA C S GARCIA [M0139]
01564260000152,WASSER FARMA LTDA,248,WASSER FARMA LTDA [M0140]
01571702000198,HALEX ISTAR INDUSTRIA FARMACEUTICA SA,2253,HALEX ISTAR INDUSTRIA FA [M0141]
01583558000100,SAUAD INDUSTRIA FARMACEUTICA LTDA,1,SAUAD INDUSTRIA FARMACEU [M0142]
01592547000196,ESSENCIAL COSMETICOS INDUSTRIA LTDA,2,ESSENCIAL COSMETICOS IND [M0143]
01623403000150,BIOTEXTIL INDUSTRIA E COMERCIO LTDA,222,BIOTEXTIL INDUSTRIA E CO [M0144]
01640262000183,CITOPHARMA MANIPULACAO DE MEDICAMENTOS ESPECIAIS LTDA,12,CITOPHARMA MANIPULACAO D [M0145]
01645409000128,AUTO SUTURE DO BRASIL LTDA.,24,AUTO SUTURE DO BRASIL LT [M0146]
01648513000176,PKB PRODUTOS QUIMICOS LTDA,3,PKB PRODUTOS QUIMICOS LT [M0147]
01651135000180,MAC SANTOS SANCHEZ LTDA,4,MAC SANTOS SANCHEZ LTDA [M0148]
01673902000151,LAERCIO DE ASSIS,9,LAERCIO DE ASSIS [M0149]
01675208000173,PION G PLUS LTDA,7,PION G PLUS LTDA [M0150]
01686305000161,DANIALEX TEC - MATERIAL MEDICO HOSPITALAR LTDA.,2,DANIALEX TEC - MATERIAL  [M0151]
01706665000188,MEDPLUS COMERCIO DE ARTIGOS MEDICOS LTDA,3,MEDPLUS COMERCIO DE ARTI [M0152]
01739415000144,PREVEN INDUSTRIA E COMERCIO DE PRODUTOS ODONTOLOGICOS LTDA,409,PREVEN INDUSTRIA E COMER [M0153]
01744885000104,ECLIPSE TRANSPORTES LTDA,1,ECLIPSE TRANSPORTES LTDA [M0154]
01759236000179,HORIBA INSTRUMENTS BRASIL LTDA,22,HORIBA INSTRUMENTS BRASI [M0155]
01772798000152,MEDTRONIC COMERCIAL LTDA,41,MEDTRONIC COMERCIAL LTDA [M0156]
01772798000233,MEDTRONIC COMERCIAL LTDA,47,MEDTRONIC COMERCIAL LTDA [M0157]
01784792000103,EQUIPLEX INDUSTRIA FARMACEUTICA LTDA -,895,EQUIPLEX INDUSTRIA FARMA [M0158]
01784792000529,EQUIPLEX INDUSTRIA FARMACEUTICA LTDA -,376,EQUIPLEX INDUSTRIA FARMA [M0159]
01786983000104,BEIERSDORF INDUSTRIA E COMERCIO LTDA.,1,BEIERSDORF INDUSTRIA E C [M0160]
01793020000120,HOSPTECH COMERCIO DE EQUIPAMENTOS MEDICO-HOSPITALARES LTDA,1,HOSPTECH COMERCIO DE EQU [M0161]
01801514000109,ACONOX METALURGICA LTDA,36,ACONOX METALURGICA LTDA [M0162]
01814778000105,COMPFERTIL INDUSTRIA E COMERCIO DE COMPOSTO ORGANICO LTDA,41,COMPFERTIL INDUSTRIA E C [M0163]
01827550000141,GIRASSOL FARMACEUTICA & YELLOW COSMETIC LTDA,1,GIRASSOL FARMACEUTICA &  [M0164]
01828775000112,VITAL COMERCIO DE PRODUTOS MEDICOS E HOSPITALARES LTDA,4,VITAL COMERCIO DE PRODUT [M0165]
01831385000100,BLISFARMA INDUSTRIA ALIMENTICIA LTDA,1,BLISFARMA INDUSTRIA ALIM [M0166]
01835769000192,BRAMED MATERIAL CIRURGICO LTDA,1,BRAMED MATERIAL CIRURGIC [M0167]
01858973000129,AIRELA INDUSTRIA FARMACEUTICA LTDA,754,AIRELA INDUSTRIA FARMACE [M0168]
01866908000145,DIAGNO SOLUCOES EM DIAGNOSTICO LTDA,5,DIAGNO SOLUCOES EM DIAGN [M0169]
01879330000161,ORTOPLAST COMERCIO LTDA,2,ORTOPLAST COMERCIO LTDA [M0170]
01911022000176,CANADA CENTRAL DE NEGOCIOS DO BRASIL LTDA,1,CANADA CENTRAL DE NEGOCI [M0171]
01912177000127,AMERICAN MEDICAL DO BRASIL LTDA,6,AMERICAN MEDICAL DO BRAS [M0172]
01932232000140,CALLAMARYS INDUSTRIA E COMERCIO DE COSMETICOS E SANEANTES LTDA,8,CALLAMARYS INDUSTRIA E C [M0173]
01932232000221,CALLAMARYS INDUSTRIA E COMERCIO DE COSMETICOS E SANEANTES LTDA,7,CALLAMARYS INDUSTRIA E C [M0174]
01940597000117,LABNEWS INDUSTRIAL LTDA,2,LABNEWS INDUSTRIAL LTDA [M0175]
01953085000195,F.A. LABORATORIO FARMACEUTICO LTDA,3,F.A. LABORATORIO FARMACE [M0176]
01985366000120,INDUMED COMERCIO IMPORTACAO E EXPORTACAO DE PRODUTOS MEDICOS LTDA,11,INDUMED COMERCIO IMPORTA [M0177]
01987265000198,VALLITECH INDUSTRIA E COMERCIO DE ARTEFATOS METALICOS LTDA,2,VALLITECH INDUSTRIA E CO [M0178]
01997891000165,INJEFLEX INDUSTRIA E COMERCIO DE DISPOSITIVOS E PRODUTOS MEDICOS LTDA,10,INJEFLEX INDUSTRIA E COM [M0179]
01999037000138,LUPLATEX INDUSTRIA E COMERCIO LTDA,1,LUPLATEX INDUSTRIA E COM [M0180]
02004662000165,WERFEN MEDICAL LTDA,1,WERFEN MEDICAL LTDA [M0181]
02005077000180,KORAL PRODUTOS MEDICOS CORRELATOS E DESCARTAVEIS LTDA,8,KORAL PRODUTOS MEDICOS C [M0182]
02012921000108,MEDGAUZE - INDUSTRIA E COMERCIO LTDA,22,MEDGAUZE - INDUSTRIA E C [M0183]
02039112000181,"MICRODONT COMERCIO, IMPORTACAO E EXPORTACAO DE PRODUTOS PARA USO MEDICO E ODONTO LTDA",1672,"MICRODONT COMERCIO, IMPO [M0184]"
02060549000105,F.B.M. INDUSTRIA FARMACEUTICA LTDA,19,F.B.M. INDUSTRIA FARMACE [M0185]
02064224000192,COTTON FIBRA INDUSTRIA E COMERCIO LTDA,2,COTTON FIBRA INDUSTRIA E [M0186]
02068375000119,MEDICICOR COMERCIAL LTDA,5,MEDICICOR COMERCIAL LTDA [M0187]
02074242000155,E.J. KRIEGER & CIA LTDA,1,E.J. KRIEGER & CIA LTDA [M0188]
02095031000107,PHT DO BRASIL COMERCIO LTDA,1,PHT DO BRASIL COMERCIO L [M0189]
02101808000190,ALFA INDUSTRIA E COMERCIO DE MATERIAIS PLASTICOS PARA LABORATORIOS LTDA,10,ALFA INDUSTRIA E COMERCI [M0190]
02120411000146,HIGIE-TOPP INDUSTRIA E COMERCIO DE PRODUTOS HIGIENICOS E TEXTEIS LTDA.,4,HIGIE-TOPP INDUSTRIA E C [M0191]
02121800000196,ICOFA INDUSTRIA E COMERCIO DE FRALDAS E ABSORVENTES LTDA,21,ICOFA INDUSTRIA E COMERC [M0192]
02126465000119,RESPIRATORY CARE HOSPITALAR LTDA,1,RESPIRATORY CARE HOSPITA [M0193]
02163978000108,MASTERFIX INDUSTRIA E COMERCIO LTDA,25,MASTERFIX INDUSTRIA E CO [M0194]
02175931000156,ORLANDO ANTONIO BUSSIOLI,11,ORLANDO ANTONIO BUSSIOLI [M0195]
02177011000177,SYNTEC DO BRASIL LTDA,25,SYNTEC DO BRASIL LTDA [M0196]
02192153000103,HDX OLEODINAMICA LTDA,1,HDX OLEODINAMICA LTDA [M0197]
02193012000105,VENOSAN BRASIL LTDA,14,VENOSAN BRASIL LTDA [M0198]
02216436000148,NORTEXTIL NORDESTE TEXTIL LTDA,17,NORTEXTIL NORDESTE TEXTI [M0199]
02223342000104,STARMED ARTIGOS MEDICOS E HOSPITALARES LTDA,55,STARMED ARTIGOS MEDICOS  [M0200]
02228938000199,"D-X INDUSTRIA, COMERCIO, IMPORTACAO E EXPORTACAO LTDA",25,"D-X INDUSTRIA, COMERCIO, [M0201]"
02238049000102,LUGI PLAST INDUSTRIA E COMERCIO DE PRODUTOS PLASTICOS LTDA,1,LUGI PLAST INDUSTRIA E C [M0202]
02248312000144,CEPALAB LABORATORIOS S.A,71,CEPALAB LABORATORIOS S.A [M0203]
02261002000160,VEDAMAX MANGUEIRAS E VEDACOES LTDA,5,VEDAMAX MANGUEIRAS E VED [M0204]
02281006000100,ISOFARMA INDUSTRIAL FARMACEUTICA LTDA,425,ISOFARMA INDUSTRIAL FARM [M0205]
02290277000121,KIMBERLY -CLARK BRASIL INDUSTRIA E COMERCIO DE PRODUTOS DE HIGIENE LTDA,6,KIMBERLY -CLARK BRASIL I [M0206]
02290277001950,KIMBERLY -CLARK BRASIL INDUSTRIA E COMERCIO DE PRODUTOS DE HIGIENE LTDA,9,KIMBERLY -CLARK BRASIL I [M0207]
02298254000163,RIOPASA - DISTRIBUIDORA DE MEDICAMENTOS LTDA,3,RIOPASA - DISTRIBUIDORA  [M0208]
02317318000126,CRIARTFARMA FARMACIA E MANIPULACAO LTDA,2,CRIARTFARMA FARMACIA E M [M0209]
02332686000143,KERRY DO BRASIL LTDA,2,KERRY DO BRASIL LTDA [M0210]
02340772000106,CIRURGICA COPACABANA 2000 LTDA,7,CIRURGICA COPACABANA 200 [M0211]
02351301000195,SPADON & CALIXTO LTDA,1,SPADON & CALIXTO LTDA [M0212]
02357251000153,LIFEMED INDUSTRIAL DE EQUIPAMENTOS E ARTIGOS MEDICOS E HOSPITALARES S.A.,40,LIFEMED INDUSTRIAL DE EQ [M0213]
02360051000150,TEC BRASIL LTDA,1,TEC BRASIL LTDA [M0214]
02370649000120,BRASUTURE INDUSTRIA COMERCIO IMPORTACAO E EXPORTACAO LTDA,40,BRASUTURE INDUSTRIA COME [M0215]
02377937000106,R.C - MOVEIS LTDA,6,R.C - MOVEIS LTDA [M0216]
02389045000125,SUPER'SOL INDUSTRIA E COMERCIO LTDA,10,SUPER'SOL INDUSTRIA E CO [M0217]
02400787000104,A C E INDUSTRIA E COMERCIO LTDA,547,A C E INDUSTRIA E COMERC [M0218]
02411193000107,ARAUJO LOPES & CIA LTDA,16,ARAUJO LOPES & CIA LTDA [M0219]
02433631000120,ASPEN PHARMA INDUSTRIA FARMACEUTICA LTDA,485,ASPEN PHARMA INDUSTRIA F [M0220]
02446667000148,"ODONTOLOGIC INDUSTRIA E COMERCIO, IMPORTACAO EXPORTACAO LTDA",16,ODONTOLOGIC INDUSTRIA E  [M0221]
02456955000183,NATULAB LABORATORIO S.A,5535,NATULAB LABORATORIO S.A [M0222]
02456955000426,NATULAB LABORATORIO S.A,142,NATULAB LABORATORIO S.A [M0223]
02462483000171,HOSP SAUDE COMERCIO VAREJISTA LTDA,2,HOSP SAUDE COMERCIO VARE [M0224]
02462686000168,YIN'S BRASIL COMERCIO INTERNACIONAL LTDA,2,YIN'S BRASIL COMERCIO IN [M0225]
02473977000151,SITMED EQUIPAMENTOS MEDICOS LTDA,5,SITMED EQUIPAMENTOS MEDI [M0226]
02477571000147,DENTAL MED SUL ARTIGOS ODONTOLOGICOS LTDA,9,DENTAL MED SUL ARTIGOS O [M0227]
02477745000171,FORCAMEDICA INDUSTRIA E COMERCIO DE MOVEIS HOSPITALARES LTDA,1,FORCAMEDICA INDUSTRIA E  [M0228]
02485346000152,SICAD DO BRASIL FITAS AUTOADESIVAS LTDA,2,SICAD DO BRASIL FITAS AU [M0229]
02491464000173,SKY INDUSTRIA E COMERCIO DE PRODUTOS DESCARTAVEIS LTDA.,19,SKY INDUSTRIA E COMERCIO [M0230]
02501297000102,PHARLAB INDUSTRIA FARMACEUTICA S.A,4307,PHARLAB INDUSTRIA FARMAC [M0231]
02507452000190,SC -BRINDES LTDA,8,SC -BRINDES LTDA [M0232]
02513899000171,GRIFOLS BRASIL LTDA,68,GRIFOLS BRASIL LTDA [M0233]
02513899000252,GRIFOLS BRASIL LTDA,1,GRIFOLS BRASIL LTDA [M0234]
02520218000100,ANDREONI TEXTIL LTDA,60,ANDREONI TEXTIL LTDA [M0235]
02521357000140,BRINTEX COMERCIO DE TECIDOS LTDA,3,BRINTEX COMERCIO DE TECI [M0236]
02527107000118,G V S DO BRASIL LTDA,2,G V S DO BRASIL LTDA [M0237]
02534069000120,BIOTECNICA INDUSTRIA E COMERCIO LTDA,13,BIOTECNICA INDUSTRIA E C [M0238]
02535505000186,ECOPER QUIMICA LTDA,16,ECOPER QUIMICA LTDA [M0239]
02543673000113,3 - R INDUSTRIA E COMERCIO LTDA,215,3 - R INDUSTRIA E COMERC [M0240]
02549960000130,RICEL PRODUTOS DE LIMPEZA LTDA,1,RICEL PRODUTOS DE LIMPEZ [M0241]
02550258000197,NEKPLAST INDUSTRIA E COMERCIO DE EMBALAGENS PLASTICAS LTDA,1,NEKPLAST INDUSTRIA E COM [M0242]
02552927000160,OCTAPHARMA BRASIL LTDA.,13,OCTAPHARMA BRASIL LTDA. [M0243]
02563570000115,MEDI-SAUDE PRODUTOS MEDICOS HOSPITALARES LTDA,12,MEDI-SAUDE PRODUTOS MEDI [M0244]
02565450000157,MARIN MEDICAL LTDA,1,MARIN MEDICAL LTDA [M0245]
02567922000100,SUPLAN- LABORATORIO DE SUPLEMENTOS ALIMENTARES LTDA,3,SUPLAN- LABORATORIO DE S [M0246]
02582267000160,"NAYR INDUSTRIA, COMERCIO E DISTRIBUICAO DE PRODUTOS LTDA",16,"NAYR INDUSTRIA, COMERCIO [M0247]"
02608793000151,"EXCELLENCE MEDICAL COMERCIO, IMPORTACAO E EXPORTACAO LTDA",1,EXCELLENCE MEDICAL COMER [M0248]
02625651000100,"SANFARMA INDUSTRIA, COMERCIO E IMPORTACAO E EXPORTACAO LTDA",3,"SANFARMA INDUSTRIA, COME [M0249]"
02629588000172,FIRST MEDICAL SERVICE LTDA,1,FIRST MEDICAL SERVICE LT [M0250]
02635522000195,JALLES MACHADO S.A.,111,JALLES MACHADO S.A. [M0251]
02660623000116,MEDPHAR FARMACEUTICA LTDA,9,MEDPHAR FARMACEUTICA LTD [M0252]
02661790000181,SARSTEDT LTDA,1,SARSTEDT LTDA [M0253]
02685377000157,SANOFI-AVENTIS FARMACEUTICA LTDA,510,SANOFI-AVENTIS FARMACEUT [M0254]
02704301000121,BIOMEDICA - ESTEVES & ANJOS LTDA,34,BIOMEDICA - ESTEVES & AN [M0255]
02761298000188,WEB WELLHEAD EQUIPMENT DO BRASIL LTDA,2,WEB WELLHEAD EQUIPMENT D [M0256]
02764228000183,BIOLUX COMERCIO DE PRODUTOS PARA HIGIENE E LIMPEZA LTDA,7,BIOLUX COMERCIO DE PRODU [M0257]
02794555000188,COLOPLAST DO BRASIL LTDA,148,COLOPLAST DO BRASIL LTDA [M0258]
02794555000340,COLOPLAST DO BRASIL LTDA,96,COLOPLAST DO BRASIL LTDA [M0259]
02799882000122,LOTUS INDUSTRIA E COMERCIO LTDA.,8,LOTUS INDUSTRIA E COMERC [M0260]
02814280000105,CIENLABOR INDUSTRIA E COMERCIO LTDA,1,CIENLABOR INDUSTRIA E CO [M0261]
02814497000107,CIMED INDUSTRIA S.A.,6747,CIMED INDUSTRIA S.A. [M0262]
02814497000298,CIMED INDUSTRIA S.A.,312,CIMED INDUSTRIA S.A. [M0263]
02814497000379,CIMED INDUSTRIA S.A.,89,CIMED INDUSTRIA S.A. [M0264]
02816696000154,PONTAMED FARMACEUTICA LTDA,1,PONTAMED FARMACEUTICA LT [M0265]
02823683000102,CAPRICORN TECHNOLOGIES DO BRASIL LTDA,2,CAPRICORN TECHNOLOGIES D [M0266]
02828962000169,MAC ARTIGOS ODONTOLOGICOS E PROTESE LTDA,17,MAC ARTIGOS ODONTOLOGICO [M0267]
02836248000112,BARRFAB INDUSTRIA COMERCIO IMPORTACAO E EXPORTACAO DE EQUIPAMENTOS HOSPITALARES LTDA,3,BARRFAB INDUSTRIA COMERC [M0268]
02881877000164,POLAR FIX INDUSTRIA E COMERCIO DE PRODUTOS HOSPITALARES LTDA,665,POLAR FIX INDUSTRIA E CO [M0269]
02896807000180,LENZ CORPORATION COMERCIAL LTDA,10,LENZ CORPORATION COMERCI [M0270]
02914028000160,CARINHO INDUSTRIA COMERCIO IMPORTACAO E EXPORTACAO LTDA,1,CARINHO INDUSTRIA COMERC [M0271]
02916028000107,FRADEL-MED INDUSTRIA E COMERCIO DE APARELHOS MEDICOS LTDA,40,FRADEL-MED INDUSTRIA E C [M0272]
02923414000118,SYSMEX DO BRASIL INDUSTRIA E COMERCIO LTDA,8,SYSMEX DO BRASIL INDUSTR [M0273]
02932074000191,HYPERA S.A.,292,HYPERA S.A. [M0274]
02936819000190,APICE HEALTHCARE EQUIPAMENTOS MEDICOS HOSPITALARES LTDA,6,APICE HEALTHCARE EQUIPAM [M0275]
02946060000127,PROLINE INDUSTRIA E COMERCIO LTDA,16,PROLINE INDUSTRIA E COME [M0276]
02949582000182,MEDICALWAY EQUIPAMENTOS MEDICOS LTDA,8,MEDICALWAY EQUIPAMENTOS  [M0277]
02956130000128,DIMENSAO DISTRIBUIDORA DE MEDICAMENTOS LTDA,85,DIMENSAO DISTRIBUIDORA D [M0278]
02980777000195,NEW-IMAS INDUSTRIA E COMERCIO LTDA.,1,NEW-IMAS INDUSTRIA E COM [M0279]
03021560000110,PREMIUM INDUSTRIA E COMERCIO LTDA,222,PREMIUM INDUSTRIA E COME [M0280]
03022656000101,PROFILATICA PRODUTOS ODONTO MEDICO HOSPITALARES S.A.,7,PROFILATICA PRODUTOS ODO [M0281]
03033589000112,OLIMED MATERIAL HOSPITALAR S.A.,226,OLIMED MATERIAL HOSPITAL [M0282]
03033615000102,NEW TURTLE INDUSTRIA E COMERCIO DE PECAS DE PLASTICOS E METAIS LTDA,2,NEW TURTLE INDUSTRIA E C [M0283]
03050898000109,MINAS MED IND COM DE FIXADORES ORTOPEDICOS E IMPLANTES LTDA,4,MINAS MED IND COM DE FIX [M0284]
03055242000170,GOJO AMERICA LATINA LTDA,2,GOJO AMERICA LATINA LTDA [M0285]
03075426000100,"BIODONT INDUSTRIA, COMERCIO, IMPORTACAO E EXPORTACAO LTDA",108,"BIODONT INDUSTRIA, COMER [M0286]"
03084401000165,PREVEMAX INDUSTRIA E COMERCIO DE EPI S IMPERMEAVEIS E DESCARTAVEIS LTDA,38,PREVEMAX INDUSTRIA E COM [M0287]
03090848000147,ECEL INDUSTRIA E COMERCIO LTDA,10,ECEL INDUSTRIA E COMERCI [M0288]
03108098000193,BLISFARMA INDUSTRIA FARMACEUTICA LTDA,5,BLISFARMA INDUSTRIA FARM [M0289]
03129105000133,TERUMO MEDICAL DO BRASIL LTDA.,3,TERUMO MEDICAL DO BRASIL [M0290]
03135603000199,"WELCH ALLYN DO BRASIL, COMERCIO DE EQUIPAMENTOS MEDICOS LTDA.",33,"WELCH ALLYN DO BRASIL, C [M0291]"
03142794000116,GOLD ANALISA DIAGNOSTICA LTDA,53,GOLD ANALISA DIAGNOSTICA [M0292]
03145540000151,ORTHOCREM INDUSTRIA E COMERCIO LTDA,50,ORTHOCREM INDUSTRIA E CO [M0293]
03155958000140,MEDPEJ - EQUIPAMENTOS MEDICOS LTDA,32,MEDPEJ - EQUIPAMENTOS ME [M0294]
03188198000177,BIO-RAD LABORATORIOS BRASIL LTDA.,7,BIO-RAD LABORATORIOS BRA [M0295]
03202881000111,INPROMED DO BRASIL INDUSTRIA E COMERCIO DE PRODUTOS MEDICOS LTDA,1,INPROMED DO BRASIL INDUS [M0296]
03213418000175,BUNKER COMERCIAL LTDA,2,BUNKER COMERCIAL LTDA [M0297]
03225411000173,MISSNER & MISSNER LTDA.,387,MISSNER & MISSNER LTDA. [M0298]
03237990000174,KELLDRIN INDUSTRIAL LTDA,71,KELLDRIN INDUSTRIAL LTDA [M0299]
03247233000181,POLYMED METALURGICA INDUSTRIA LTDA,17,POLYMED METALURGICA INDU [M0300]
03271206000144,HTM INDUSTRIA DE EQUIPAMENTOS ELETRO-ELETRONICOS LTDA,1,HTM INDUSTRIA DE EQUIPAM [M0301]
03317467000158,LABOR LINE INDUSTRIA E COMERCIO DE EQUIPAMENTOS HOSPITALARES E LABORATORIAIS LTDA,12,LABOR LINE INDUSTRIA E C [M0302]
03361364000195,ORGANON - TECNOLOGIA APLICADA LTDA,4,ORGANON - TECNOLOGIA APL [M0303]
03394608000136,JOAO BATISTA MARTINS ARRUDA,12,JOAO BATISTA MARTINS ARR [M0304]
03402979000384,M.N.P. CUSTODIO COMERCIO DE PRODUTOS HOSPITALARES LTDA,15,M.N.P. CUSTODIO COMERCIO [M0305]
03415835000109,FORTSAN DO BRASIL IND QUIMICA E FARMACEUTICA LTDA,109,FORTSAN DO BRASIL IND QU [M0306]
03426484000123,SALDANHA RODRIGUES LTDA,657,SALDANHA RODRIGUES LTDA [M0307]
03426484000204,SALDANHA RODRIGUES LTDA,618,SALDANHA RODRIGUES LTDA [M0308]
03431790000158,RAQUEL NOGUEIRA SOROCABA LTDA,224,RAQUEL NOGUEIRA SOROCABA [M0309]
03436772000169,TRILHA INDUSTRIA E COMERCIO LTDA.,3,TRILHA INDUSTRIA E COMER [M0310]
03440703000129,EASY EQUIPAMENTOS ODONTOLOGICOS LTDA.,18,EASY EQUIPAMENTOS ODONTO [M0311]
03449625000123,MAXCLEAN COMERCIO SERVICOS IMPORTACAO E EXPORTACAO LTDA,25,MAXCLEAN COMERCIO SERVIC [M0312]
03456466000194,LINETEX PRODUTOS TEXTEIS LTDA,1,LINETEX PRODUTOS TEXTEIS [M0313]
03471879000148,CIPAMED EMBALAGENS MEDICO-HOSPITALARES LTDA,11,CIPAMED EMBALAGENS MEDIC [M0314]
03475822000117,BLUE OCEAN CONFECCOES S.A.,1,BLUE OCEAN CONFECCOES S. [M0315]
03476067000195,FORT FLEX COMERCIAL LTDA,14,FORT FLEX COMERCIAL LTDA [M0316]
03485572000104,GEOLAB INDUSTRIA FARMACEUTICA S/A,10118,GEOLAB INDUSTRIA FARMACE [M0317]
03489343000150,BK COMERCIAL DE EQUIPAMENTOS TECNOLOGICOS LTDA.,2,BK COMERCIAL DE EQUIPAME [M0318]
03519603000192,AVANOS MEDICAL BRASIL CONSULTORIA LTDA.,15,AVANOS MEDICAL BRASIL CO [M0319]
03522858000104,INDUSTRIA ORIENTAL LTDA,1,INDUSTRIA ORIENTAL LTDA [M0320]
03530984000291,CABORONGA COMERCIAL LTDA,5,CABORONGA COMERCIAL LTDA [M0321]
03560974000118,MERCK SHARP & DOHME FARMACEUTICA LTDA.,306,MERCK SHARP & DOHME FARM [M0322]
03578185000104,TECNOFIO INDUSTRIA E COMERCIO DE FIOS E MATERIAIS ISOLANTES LTDA,304,TECNOFIO INDUSTRIA E COM [M0323]
03578434000161,CALUX COMERCIAL LTDA,1,CALUX COMERCIAL LTDA [M0324]
03580620000135,MEDSTAR IMPORTACAO E EXPORTACAO LTDA,26,MEDSTAR IMPORTACAO E EXP [M0325]
03586651000101,DESCARTAVEIS NON WOVEN IMPORTACAO E EXPORTACAO LTDA - EM RECUPERACAO JUDICIAL,4,DESCARTAVEIS NON WOVEN I [M0326]
03590360000189,MBIOLOG DIAGNOSTICOS LTDA,1,MBIOLOG DIAGNOSTICOS LTD [M0327]
03603516000119,PROMEL IND. COM. IMP. E EXP. DE PRODS. NATURAIS LTDA,2,PROMEL IND. COM. IMP. E  [M0328]
03618435000192,BRASILL INFORMATICA E PRODUTOS LTDA,1,BRASILL INFORMATICA E PR [M0329]
03618805000191,CIPEL DE PADUA - INDUSTRIA DE PAPEIS LTDA,3,CIPEL DE PADUA - INDUSTR [M0330]
03620716000180,CMOS DRAKE DO NORDESTE S.A,45,CMOS DRAKE DO NORDESTE S [M0331]
03626459000193,BRALIMPIA INDUSTRIA E COMERCIO DE EQUIPAMENTOS PARA LIMPEZA LTDA,2,BRALIMPIA INDUSTRIA E CO [M0332]
03627008000170,CLINMED - INDUSTRIA E COMERCIO LTDA,91,CLINMED - INDUSTRIA E CO [M0333]
03644345000176,POLIFILME INDUSTRIA E COMERCIO DE EMBALAGENS LTDA,1,POLIFILME INDUSTRIA E CO [M0334]
03652030000170,CENTERMEDI-COMERCIO DE PRODUTOS HOSPITALARES LTDA,7,CENTERMEDI-COMERCIO DE P [M0335]
03662365000170,PLASTICOS ITAQUITI LTDA.,13,PLASTICOS ITAQUITI LTDA. [M0336]
03688774000145,IVAN ALVES DA SILVA,25,IVAN ALVES DA SILVA [M0337]
03706759000263,RADUAN E FRONTERA LTDA,1,RADUAN E FRONTERA LTDA [M0338]
03713939000191,MARDAM INDUSTRIA E COMERCIO DE PRODUTOS DE HIGIENE LTDA,203,MARDAM INDUSTRIA E COMER [M0339]
03812429000171,POLYSUTURE INDUSTRIA E COMERCIO LTDA,46,POLYSUTURE INDUSTRIA E C [M0340]
03817043000152,PHARMAPLUS LTDA,19,PHARMAPLUS LTDA [M0341]
03819835000166,OXIPORTO COMERCIO E DISTRIBUICAO DE GASES LTDA,7,OXIPORTO COMERCIO E DIST [M0342]
03820314000129,"FORTINOX - INDUSTRIA, COMERCIO E SERVICOS LTDA",79,"FORTINOX - INDUSTRIA, CO [M0343]"
03840189000119,RS MED LTDA,24,RS MED LTDA [M0344]
03851135000159,KENNEN INDUSTRIA E COMERCIO LTDA,28,KENNEN INDUSTRIA E COMER [M0345]
03852057000298,MEDSUPPLY ELETRO-ELETRONICA LTDA,1,MEDSUPPLY ELETRO-ELETRON [M0346]
03860740000196,LARISMED - INDUSTRIA E COMERCIO DE MATERIAIS MEDICO E HOSPITALAR LTDA,18,LARISMED - INDUSTRIA E C [M0347]
03869526000109,J.R.D. INDUSTRIA FARMACEUTICA LTDA,104,J.R.D. INDUSTRIA FARMACE [M0348]
03869526000281,J.R.D. INDUSTRIA FARMACEUTICA LTDA,64,J.R.D. INDUSTRIA FARMACE [M0349]
03869977000138,W.S. COMPRESSA DE GAZE LTDA,1,W.S. COMPRESSA DE GAZE L [M0350]
03887864000165,GATTI QUIMICA LTDA,5,GATTI QUIMICA LTDA [M0351]
03917989000190,MB INDUSTRIA DE PRODUTOS HOSPITALARES LTDA,38,MB INDUSTRIA DE PRODUTOS [M0352]
03921280000169,MEDCLEAN COMERCIAL LTDA,17,MEDCLEAN COMERCIAL LTDA [M0353]
03936626000100,OXIBORGES - COMERCIO DE EQUIPAMENTOS MEDICOS HOSPITALARES LTDA.,2,OXIBORGES - COMERCIO DE  [M0354]
03959540000195,CHEMICALTECH FARMACEUTICA LTDA,8,CHEMICALTECH FARMACEUTIC [M0355]
03959540000357,CHEMICALTECH FARMACEUTICA LTDA,3,CHEMICALTECH FARMACEUTIC [M0356]
03968926000163,MASIF ARTIGOS MEDICOS E HOSPITALARES LTDA,28,MASIF ARTIGOS MEDICOS E  [M0357]
03968966000105,BIO PHARMUS LTDA,6,BIO PHARMUS LTDA [M0358]
03974404000174,ORTOBIO - INDUSTRIA E COMERCIO DE PRODUTOS ORTOPEDICOS LTDA,28,ORTOBIO - INDUSTRIA E CO [M0359]
03978166000175,DR.REDDY'S FARMACEUTICA DO BRASIL LTDA,165,DR.REDDY'S FARMACEUTICA  [M0360]
03989600000112,ALLA BRASIL LTDA,4,ALLA BRASIL LTDA [M0361]
03993167000199,VIDFARMA INDUSTRIA DE MEDICAMENTOS LTDA,5,VIDFARMA INDUSTRIA DE ME [M0362]
03993484000105,SIGMED EQUIPAMENTOS ELETRONICOS LTDA,7,SIGMED EQUIPAMENTOS ELET [M0363]
04008318000170,ESSENCE DENTAL IMPORTACAO E EXPORTACAO LTDA,20,ESSENCE DENTAL IMPORTACA [M0364]
04037992000182,INGA MATERIAIS MEDICOS HOSPITALARES LTDA,4,INGA MATERIAIS MEDICOS H [M0365]
04040383000182,INDUSTRIAS H. A. BARONE LTDA,6,INDUSTRIAS H. A. BARONE  [M0366]
04040657000133,NUTRICIUM INDUSTRIA E COMERCIO LTDA EM RECUPERACAO JUDICIAL,5,NUTRICIUM INDUSTRIA E CO [M0367]
04044775000110,FRANCISCO CARLOS BATISTA PINTO QUIMICA,1,FRANCISCO CARLOS BATISTA [M0368]
04053063000167,MED GOLDMAN INDUSTRIA E COMERCIO LTDA,1,MED GOLDMAN INDUSTRIA E  [M0369]
04056093000127,STEM PHARMACEUTICAL SUPLEMENTOS ALIMENTARES LTDA,3,STEM PHARMACEUTICAL SUPL [M0370]
04066040000197,OPTIMUM COMERCIO E REPRESENTACOES LTDA,19,OPTIMUM COMERCIO E REPRE [M0371]
04067132000191,FAREX DO BRASIL LTDA,5,FAREX DO BRASIL LTDA [M0372]
04084834000183,NATUFLORES INDUSTRIA E COMERCIO DE COSMETICOS LTDA,5,NATUFLORES INDUSTRIA E C [M0373]
04099395000182,SANTISA LABORATORIO FARMACEUTICO S.A,2516,SANTISA LABORATORIO FARM [M0374]
04159536000105,VUELO PHARMA LTDA,8,VUELO PHARMA LTDA [M0375]
04162170000123,ESTRATTI VEGETALI FARMACIA E MANIPULACAO LTDA,22,ESTRATTI VEGETALI FARMAC [M0376]
04167746000145,BELLPLUS INDUSTRIA E COMERCIO DE COSMETICOS LTDA,2,BELLPLUS INDUSTRIA E COM [M0377]
04168171000185,BIOLOGICAL LTDA,8,BIOLOGICAL LTDA [M0378]
04187384000154,LEISTUNG EQUIPAMENTOS LTDA.,3,LEISTUNG EQUIPAMENTOS LT [M0379]
04198372000125,RENASCER IND. E COM. DE MOVEIS HOSPITALARES LTDA,14,RENASCER IND. E COM. DE  [M0380]
04204957000100,L. M. P. CORREA,15,L. M. P. CORREA [M0381]
04212778000115,TEKPLAST INDUSTRIA E COMERCIO DE PRODUTOS PLASTICOS LTDA,2,TEKPLAST INDUSTRIA E COM [M0382]
04213977000148,CIRURGICA SAUDE LTDA,1,CIRURGICA SAUDE LTDA [M0383]
04214934000187,SUPERMAX BRASIL IMPORTADORA S/A,112,SUPERMAX BRASIL IMPORTAD [M0384]
04236036000120,BRASCAMP EQUIPAMENTOS DE PROTECAO DO TRABALHO LTDA,1,BRASCAMP EQUIPAMENTOS DE [M0385]
04238197000152,PROLINK COMERCIO DE ACOS E EQUIPAMENTOS INDUSTRIAIS LTDA,187,PROLINK COMERCIO DE ACOS [M0386]
04242860000192,MEDI-GLOBE BRASIL LTDA,7,MEDI-GLOBE BRASIL LTDA [M0387]
04246660000108,TAUENS FARMACEUTICA LTDA,14,TAUENS FARMACEUTICA LTDA [M0388]
04247439000174,FARMACIA DE MANIPULACAO E HOMEOPATIA ANA PAULA FALCAO LTDA,1,FARMACIA DE MANIPULACAO  [M0389]
04267668000150,DINAMO EXPRESS INDUSTRIA E COMERCIO LTDA,2,DINAMO EXPRESS INDUSTRIA [M0390]
04301884000175,AUROBINDO PHARMA INDUSTRIA FARMACEUTICA LIMITADA,528,AUROBINDO PHARMA INDUSTR [M0391]
04307650001530,ONCO PROD DISTRIBUIDORA DE PRODUTOS HOSPITALARES E ONCOLOGICOS LTDA.,1,ONCO PROD DISTRIBUIDORA  [M0392]
04310364000129,EMBRAST INDUSTRIA E COMERCIO LTDA,38,EMBRAST INDUSTRIA E COME [M0393]
04342595000203,FARMATER MEDICAMENTOS LTDA,3,FARMATER MEDICAMENTOS LT [M0394]
04352265000100,ALIVE HEART COMERCIO DE MATERIAL MEDICO LTDA,13,ALIVE HEART COMERCIO DE  [M0395]
04356658000191,AAF DO BRASIL PRODUTOS ODONTOLOGICOS LTDA,247,AAF DO BRASIL PRODUTOS O [M0396]
04361309000168,ARAUJO COMERCIO DE PRODUTOS HOSPITALARES LTDA,202,ARAUJO COMERCIO DE PRODU [M0397]
04368522000100,PAPEL MASTER SUL LTDA,2,PAPEL MASTER SUL LTDA [M0398]
04380711000190,DELTA MEDICAL COMERCIAL LTDA,25,DELTA MEDICAL COMERCIAL  [M0399]
04383610000172,M.D.L. ARTIGOS HOSPITALARES E LABORATORIAIS LTDA,2,M.D.L. ARTIGOS HOSPITALA [M0400]
04415365000138,CHRON EPIGEN INDUSTRIA E COMERCIO LTDA,10,CHRON EPIGEN INDUSTRIA E [M0401]
04440002000152,RHOSSE INSTRUMENTOS E EQUIPAMENTOS CIRURGICOS LTDA,4,RHOSSE INSTRUMENTOS E EQ [M0402]
04459117000199,SAMTEC BIOTECNOLOGIA LTDA,2763,SAMTEC BIOTECNOLOGIA LTD [M0403]
04470103000176,BIOTECNO INDUSTRIA E COMERCIO LTDA,3,BIOTECNO INDUSTRIA E COM [M0404]
04474530000122,PHARMADERMA LTDA,1,PHARMADERMA LTDA [M0405]
04484235000157,J. LUIZ ALVES & CIA LTDA,2,J. LUIZ ALVES & CIA LTDA [M0406]
04491780000170,"GERAIS, COMERCIO E IMPORTACAO DE MATERIAIS E EQUIPAMENTOS MEDICOS LTDA",52,"GERAIS, COMERCIO E IMPOR [M0407]"
04506487000130,HELIANTO FARMACEUTICA LTDA,31,HELIANTO FARMACEUTICA LT [M0408]
04514207000135,LIBEMA PRODUTOS HOSPITALARES LTDA,7,LIBEMA PRODUTOS HOSPITAL [M0409]
04516470000163,TECNOPRINT IMPRESSOS TECNICOS LTDA,114,TECNOPRINT IMPRESSOS TEC [M0410]
04521989000130,MUNDIAL EMPREENDIMENTO LTDA,40,MUNDIAL EMPREENDIMENTO L [M0411]
04522343000177,FARMACIA DE MANIPULACAO IDEAL FORMULAS LTDA,4,FARMACIA DE MANIPULACAO  [M0412]
04522600000170,LUNDBECK BRASIL LTDA,220,LUNDBECK BRASIL LTDA [M0413]
04551344000140,METALURGICA RENOVAR LTDA,1,METALURGICA RENOVAR LTDA [M0414]
04568560000106,DAVISO INDUSTRIA E COMERCIO DE PRODUTOS HIGIENICOS S.A.,1,DAVISO INDUSTRIA E COMER [M0415]
04635188000103,ZERMATT INDUSTRIA E COMERCIO LTDA,122,ZERMATT INDUSTRIA E COME [M0416]
04637876000102,FOUR STAR IMPORTACAO E EXPORTACAO LTDA.,4,FOUR STAR IMPORTACAO E E [M0417]
04639814000121,SEQUENCIAL MILIMETRICA INDUSTRIA DE EQUIPAMENTOS ORTOPEDICOS LTDA.,2,SEQUENCIAL MILIMETRICA I [M0418]
04644478000105,MEDICALTEC LTDA,7,MEDICALTEC LTDA [M0419]
04648801000119,SUL SERVICES COMERCIO E ASSISTENCIA TECNICA DE EQUIPAMENTOS A SAUDE LTDA,4,SUL SERVICES COMERCIO E  [M0420]
04654861000144,INDALABOR INDAIA LABORATORIO FARMACEUTICO LTDA,64,INDALABOR INDAIA LABORAT [M0421]
04656253000179,UNITHER INDUSTRIA FARMACEUTICA LTDA.,642,UNITHER INDUSTRIA FARMAC [M0422]
04704457000138,PLASTCOR DO BRASIL LTDA,9,PLASTCOR DO BRASIL LTDA [M0423]
04707391000130,J E S FONSECA COMERCIO EPP LTDA,60,J E S FONSECA COMERCIO E [M0424]
04709243000154,"BS EQUIPAMENTOS, INDUSTRIA E COMERCIO LTDA",14,"BS EQUIPAMENTOS, INDUSTR [M0425]"
04712572000154,BALM LABOR INDUSTRIA FARMACEUTICA LTDA,4,BALM LABOR INDUSTRIA FAR [M0426]
04716276000121,RMC - INDUSTRIA BRASILEIRA DE PRODUTOS MEDICOS LTDA,8,RMC - INDUSTRIA BRASILEI [M0427]
04718143000194,VR MEDICAL IMPORTADORA E DISTRIBUIDORA DE PRODUTOS MEDICOS LTDA.,19,VR MEDICAL IMPORTADORA E [M0428]
04718347000125,LONGEVITA PRODUTOS HIGIENICOS LTDA - EM LIQUIDACAO,14,LONGEVITA PRODUTOS HIGIE [M0429]
04727762000145,CRISTIANE DE OLIVEIRA TELES,1,CRISTIANE DE OLIVEIRA TE [M0430]
04745002000160,RECANTO INDUSTRIA E COMERCIO DE FRALDAS E ABSORVENTES LTDA,8,RECANTO INDUSTRIA E COME [M0431]
04747452000192,BABY PISS INDUSTRIA E COMERCIO DE FRALDAS DESCARTAVEIS LTDA,59,BABY PISS INDUSTRIA E CO [M0432]
04748181000190,LABORATORIOS BAGO DO BRASIL S.A.,4,LABORATORIOS BAGO DO BRA [M0433]
04748181000947,LABORATORIOS BAGO DO BRASIL S.A.,63,LABORATORIOS BAGO DO BRA [M0434]
04752991000110,BIOMM S/A,74,BIOMM S/A [M0435]
04755436000141,S S PLUS DO BRASIL LTDA,45,S S PLUS DO BRASIL LTDA [M0436]
04759433000186,FERNAMED LTDA,2,FERNAMED LTDA [M0437]
04762934000111,BIOLINE COMERCIAL LTDA.,4,BIOLINE COMERCIAL LTDA. [M0438]
04797536000130,JOAO CARLOS ANACLETO,3,JOAO CARLOS ANACLETO [M0439]
04798379000188,ASFER INDUSTRIA QUIMICA LTDA,175,ASFER INDUSTRIA QUIMICA  [M0440]
04802930000110,ALBONETTE & CAMPANA COMERCIO DE MEDICAMENTOS LTDA,3,ALBONETTE & CAMPANA COME [M0441]
04821942000191,POLIFER - INDUSTRIA E COMERCIO DE PRODUTOS PLASTICOS LTDA,1,POLIFER - INDUSTRIA E CO [M0442]
04842199000156,KOVALENT DO BRASIL LTDA,5,KOVALENT DO BRASIL LTDA [M0443]
04843255000177,DEXCAR - INDUSTRIA E COMERCIO LTDA,15,DEXCAR - INDUSTRIA E COM [M0444]
04846613000103,CELER BIOTECNOLOGIA S/A,14,CELER BIOTECNOLOGIA S/A [M0445]
04854175000117,DPC DO BRASIL LTDA,3,DPC DO BRASIL LTDA [M0446]
04861623000100,LUIZ GUILHERME SARTORI & CIA LTDA,6,LUIZ GUILHERME SARTORI & [M0447]
04889315000192,S & R DISTRIBUIDORA LTDA,1,S & R DISTRIBUIDORA LTDA [M0448]
04890798000145,ORTOM INDUSTRIA TEXTIL LTDA,150,ORTOM INDUSTRIA TEXTIL L [M0449]
04901171000142,CASSIFLEX LTDA,310,CASSIFLEX LTDA [M0450]
04909848000270,"ML COMERCIO, IMPORTACAO E EXPORTACAO DE MATERIAL MEDICO HOSPITALAR LTDA - EM RECUPERACAO JUDICIAL",7,"ML COMERCIO, IMPORTACAO  [M0451]"
04910323000173,MOVEIS ANDRADE - INDUSTRIA E COMERCIO DE MOVEIS HOSPITALARES LTDA,2,MOVEIS ANDRADE - INDUSTR [M0452]
04918341000100,NOVA A3 INDUSTRIA E COMERCIO LTDA,3,NOVA A3 INDUSTRIA E COME [M0453]
04921503000150,LUMAR INDUSTRIA DE MOVEIS HOSPITALARES LTDA,5,LUMAR INDUSTRIA DE MOVEI [M0454]
04937243000101,OLYMPUS OPTICAL DO BRASIL LTDA.,4,OLYMPUS OPTICAL DO BRASI [M0455]
04948894000105,GPACK ECO EMBALAGENS LTDA,2,GPACK ECO EMBALAGENS LTD [M0456]
04956527000145,ORION COMERCIO DE ARTIGOS MEDICOS LTDA,8,ORION COMERCIO DE ARTIGO [M0457]
04966809000123,CAUMAQ - INDUSTRIA METALURGICA LTDA,2,CAUMAQ - INDUSTRIA METAL [M0458]
04967408000198,EMERGO BRAZIL IMPORT IMPORTACAO E DISTRIBUICAO DE PRODUTOS MEDICOS HOSPITALARES LTDA,13,EMERGO BRAZIL IMPORT IMP [M0459]
04992697000185,NOVA RENKO INDUSTRIAL LTDA,3,NOVA RENKO INDUSTRIAL LT [M0460]
04995710000150,ATRAMAT DO BRASIL LTDA,6,ATRAMAT DO BRASIL LTDA [M0461]
04998667000186,EQUIPAR GASTRO ACESSORIOS LTDA,1,EQUIPAR GASTRO ACESSORIO [M0462]
05007317000173,PLUMA ARTEFATOS DE PAPEL LTDA,1,PLUMA ARTEFATOS DE PAPEL [M0463]
05021873000102,TECHNODRY LIOFILIZADOS MEDICOS LTDA,40,TECHNODRY LIOFILIZADOS M [M0464]
05022486000182,MACRO LIFE IMPORTADORA DE PRODUTOS MEDICOS LTDA,1,MACRO LIFE IMPORTADORA D [M0465]
05030501000134,"MIKATOS INDUSTRIA, COMERCIO, SERVICOS E IMPORTACAO LTDA",165,"MIKATOS INDUSTRIA, COMER [M0466]"
05032658000107,L.M. SUPRIMENTOS ODONTOLOGICOS LTDA,4,L.M. SUPRIMENTOS ODONTOL [M0467]
05035244000123,SUN FARMACEUTICA DO BRASIL LTDA,708,SUN FARMACEUTICA DO BRAS [M0468]
05044984000126,LEGRAND PHARMA INDUSTRIA FARMACEUTICA LTDA,1264,LEGRAND PHARMA INDUSTRIA [M0469]
05050260000195,PROCARE - COMERCIO DE PRODUTOS HOSPITALARES LTDA.,237,PROCARE - COMERCIO DE PR [M0470]
05062455000155,"ALPHARAD COMERCIO, IMPORTACAO E EXPORTACAO DE PRODUTOS HOSPITALARES LTDA",15,"ALPHARAD COMERCIO, IMPOR [M0471]"
05066730000109,DORALICE ALVES DA COSTA SILVA E CIA LTDA,1,DORALICE ALVES DA COSTA  [M0472]
05075964000112,CINCO - CONFIANCA INDUSTRIA E COMERCIO LTDA.,4,CINCO - CONFIANCA INDUST [M0473]
05076414000118,LUCIPHARMA INDUSTRIA FARMACEUTICA LTDA,2,LUCIPHARMA INDUSTRIA FAR [M0474]
05090043000129,"DROXTER INDUSTRIA, COMERCIO E PARTICIPACOES LTDA.",1,"DROXTER INDUSTRIA, COMER [M0475]"
05106945000106,DENTSCARE LTDA,131,DENTSCARE LTDA [M0476]
05106945000297,DENTSCARE LTDA,9,DENTSCARE LTDA [M0477]
05109133000114,FLOX INDUSTRIA E COMERCIO LTDA,2,FLOX INDUSTRIA E COMERCI [M0478]
05110475000154,PERLAND PHARMACOS LTDA,6,PERLAND PHARMACOS LTDA [M0479]
05111219000181,GERATHERM MEDICAL LATIN AMERICA LTDA.,5,GERATHERM MEDICAL LATIN  [M0480]
05118766000199,FISIOMEDICA PRODUTOS E EQUIPAMENTOS LTDA,4,FISIOMEDICA PRODUTOS E E [M0481]
05120289000104,CISABRASILE LTDA.,2,CISABRASILE LTDA. [M0482]
05123544000164,IMBRALAB QUIMICA E FARMACEUTICA LTDA,1,IMBRALAB QUIMICA E FARMA [M0483]
05127739000182,CHS - INDUSTRIA E COMERCIO DE MOVEIS HOSPITALARES LTDA,2,CHS - INDUSTRIA E COMERC [M0484]
05133898000190,MEGA QUIMICA INDUSTRIA E COMERCIO EM RECUPERACAO JUDICIAL LTDA,46,MEGA QUIMICA INDUSTRIA E [M0485]
05139291000117,ENDO POINTS INDUSTRIAL DA AMAZONIA LTDA,7,ENDO POINTS INDUSTRIAL D [M0486]
05142442000196,SOL PRO+MED COMERCIO DE PRODUTOS MEDICOS E HOSPITALARES LTDA,35,SOL PRO+MED COMERCIO DE  [M0487]
05150338000143,MEDSONDA - INDUSTRIA E COMERCIO DE PRODUTOS HOSPITALARES DESCARTAVEIS LTDA,2329,MEDSONDA - INDUSTRIA E C [M0488]
05150878000127,HEALTH QUALITY - INDUSTRIA E COMERCIO LTDA,13,HEALTH QUALITY - INDUSTR [M0489]
05155425000193,VASCONCELOS INDUSTRIA FARMACEUTICA E COMERCIO LTDA,179,VASCONCELOS INDUSTRIA FA [M0490]
05161069000110,BRAINFARMA INDUSTRIA QUIMICA E FARMACEUTICA S.A.,4151,BRAINFARMA INDUSTRIA QUI [M0491]
05161069000544,BRAINFARMA INDUSTRIA QUIMICA E FARMACEUTICA S.A.,348,BRAINFARMA INDUSTRIA QUI [M0492]
05161069000978,BRAINFARMA INDUSTRIA QUIMICA E FARMACEUTICA S.A.,833,BRAINFARMA INDUSTRIA QUI [M0493]
05161206000117,CLEAN UP BRAZIL BIOTECNOLOGIA LTDA,74,CLEAN UP BRAZIL BIOTECNO [M0494]
05167642000101,BOMA COMERCIO LTDA.,8,BOMA COMERCIO LTDA. [M0495]
05187817000134,VISION LINE - IMPORTACAO & COMERCIO DE MATERIAIS E EQUIPAMENTOS MEDICOS LTDA,1,VISION LINE - IMPORTACAO [M0496]
05194502000467,ALFALAGOS LTDA.,10,ALFALAGOS LTDA. [M0497]
05209279000131,CONFIANCE MEDICAL PRODUTOS MEDICOS S.A.,2,CONFIANCE MEDICAL PRODUT [M0498]
05210556000126,DBS INDUSTRIA E COMERCIO LTDA,29,DBS INDUSTRIA E COMERCIO [M0499]
05211777000119,CAPERPASS INDUSTRIA E COMERCIO DE ARTIGOS PLASTICOS LTDA,4,CAPERPASS INDUSTRIA E CO [M0500]
05215461000103,EQUILIBRIO COMERCIO DE PRODUTOS FARMACEUTICOS LTDA,3,EQUILIBRIO COMERCIO DE P [M0501]
05216859000156,BIOBASE INDUSTRIA E COMERCIO LTDA,1122,BIOBASE INDUSTRIA E COME [M0502]
05218197000153,TAYLOR FARMACIA DE MANIPULACAO LTDA,75,TAYLOR FARMACIA DE MANIP [M0503]
05234897000131,"NATEK NATUREZA E TECNOLOGIA, INDUSTRIA E COMERCIO DE PRODUTOS BIOTECNOLOGICOS LTDA",3,NATEK NATUREZA E TECNOLO [M0504]
05254971000181,ZYDUS NIKKHO FARMACEUTICA LTDA,2128,ZYDUS NIKKHO FARMACEUTIC [M0505]
05257628000190,RANDOX BRASIL LTDA.,1,RANDOX BRASIL LTDA. [M0506]
05263709000101,ROBISA INDUST. E COMER. MATERIAL HOSPITALAR LTDA,61,ROBISA INDUST. E COMER.  [M0507]
05264280000169,MEDICATTO COMERCIO DE PRODUTOS MEDICO HOSPITALARES LTDA,1,MEDICATTO COMERCIO DE PR [M0508]
05268490000125,BRASIL PHARMA HOSPITALAR LTDA,6,BRASIL PHARMA HOSPITALAR [M0509]
05306092000156,REALDESC INDUSTRIA E COMERCIO DE PRODUTOS DESCARTAVEIS LTDA,10,REALDESC INDUSTRIA E COM [M0510]
05317317000170,ORTOPLUS PRODUTOS ORTOPEDICOS LTDA,1,ORTOPLUS PRODUTOS ORTOPE [M0511]
05328961000143,INSETIMAX INDUSTRIA QUIMICA LTDA,1,INSETIMAX INDUSTRIA QUIM [M0512]
05329135000119,ALEXSANDRO SANTOS DA SILVA LTDA,1,ALEXSANDRO SANTOS DA SIL [M0513]
05333542000108,TEVA FARMACEUTICA LTDA.,136,TEVA FARMACEUTICA LTDA. [M0514]
05340608000189,SIPROLIMP - SIMIONATO PRODUTOS DE LIMPEZA LTDA,2,SIPROLIMP - SIMIONATO PR [M0515]
05343029000190,MEDLEVENSOHN COMERCIO E REPRESENTACOES DE PRODUTOS HOSPITALARES LTDA,210,MEDLEVENSOHN COMERCIO E  [M0516]
05343029000270,MEDLEVENSOHN COMERCIO E REPRESENTACOES DE PRODUTOS HOSPITALARES LTDA,73,MEDLEVENSOHN COMERCIO E  [M0517]
05359481000140,CONEXAO MEDICA COMERCIAL LTDA,1,CONEXAO MEDICA COMERCIAL [M0518]
05372902000172,PVVB MANIPULADOS LTDA,1,PVVB MANIPULADOS LTDA [M0519]
05375249000103,DENTAL ALTA MOGIANA - COMERCIO DE PRODUTOS ODONTOLOGICOS LTDA.,1,DENTAL ALTA MOGIANA - CO [M0520]
05381531000195,MASTERMINDS LTDA,1,MASTERMINDS LTDA [M0521]
05399786000185,UNICHEM FARMACEUTICA DO BRASIL LTDA.,699,UNICHEM FARMACEUTICA DO  [M0522]
05400006000170,FABMED DISTRIBUIDORA HOSPITALAR LTDA,3,FABMED DISTRIBUIDORA HOS [M0523]
05421585000137,WINNER INDUSTRIA DE DESCARTAVEIS LTDA,48,WINNER INDUSTRIA DE DESC [M0524]
05431736000138,ASTRA CIENTIFICA LTDA,76,ASTRA CIENTIFICA LTDA [M0525]
05439635000103,ANTIBIOTICOS DO BRASIL LTDA.,1237,ANTIBIOTICOS DO BRASIL L [M0526]
05439635000456,ANTIBIOTICOS DO BRASIL LTDA.,35,ANTIBIOTICOS DO BRASIL L [M0527]
05452889000161,CELLTRION HEALTHCARE DISTRIBUICAO DE PRODUTOS FARMACEUTICOS DO BRASIL LTDA,65,CELLTRION HEALTHCARE DIS [M0528]
05454389000169,RUSSER BRASIL LTDA,6,RUSSER BRASIL LTDA [M0529]
05464685000140,JAKS INDUSTRIA E COMERCIO DE PAPEL LTDA,1,JAKS INDUSTRIA E COMERCI [M0530]
05477107000149,ORTOPEDIA BRASIL LTDA,4,ORTOPEDIA BRASIL LTDA [M0531]
05483265000101,TOP EQUIPAMENTOS MEDICOS E ODONTOLOGICOS LTDA,2,TOP EQUIPAMENTOS MEDICOS [M0532]
05509693000166,PROBENE FOODS INDUSTRIA E COMERCIO DE ALIMENTOS LTDA.,11,PROBENE FOODS INDUSTRIA  [M0533]
05524742000130,MED SUPPLY PRODUTOS MEDICOS LTDA,12,MED SUPPLY PRODUTOS MEDI [M0534]
05545381000108,AKSO PRODUTOS ELETRONICOS LTDA,1,AKSO PRODUTOS ELETRONICO [M0535]
05549054000124,SILICOTEX TEXTIL LTDA,4,SILICOTEX TEXTIL LTDA [M0536]
05575117000117,GENOM FARMACEUTICA LTDA,36,GENOM FARMACEUTICA LTDA [M0537]
05638301000169,TECMEDIC COMERCIO DE PRODUTOS MEDICOS LTDA.,4,TECMEDIC COMERCIO DE PRO [M0538]
05652247000106,LUMIAR HEALTH BUILDERS EQUIPAMENTOS HOSPITALARES LTDA,14,LUMIAR HEALTH BUILDERS E [M0539]
05652247001269,LUMIAR HEALTH BUILDERS EQUIPAMENTOS HOSPITALARES LTDA,5,LUMIAR HEALTH BUILDERS E [M0540]
05678146000104,HAOXI EQUIPAMENTOS MEDICOS HOSPITALARES LTDA,40,HAOXI EQUIPAMENTOS MEDIC [M0541]
05691570000199,ATRASORB INDUSTRIA DE PRODUTOS HOSPITALARES LTDA,9,ATRASORB INDUSTRIA DE PR [M0542]
05691570000431,ATRASORB INDUSTRIA DE PRODUTOS HOSPITALARES LTDA,1,ATRASORB INDUSTRIA DE PR [M0543]
05731915000190,MALTEC INDUSTRIA E COMERCIO DE MAQUINAS LTDA,1,MALTEC INDUSTRIA E COMER [M0544]
05753434000186,"BLUE DENT DENTAL INDUSTRIA, COMERCIO, IMPORTACAO E EXPORTACAO LTDA",15,BLUE DENT DENTAL INDUSTR [M0545]
05756446000164,LENCOBRAS INDUSTRIA E COMERCIO DE LENCOS UMEDECIDOS LTDA.,2,LENCOBRAS INDUSTRIA E CO [M0546]
05761666000186,SANAFARMA IND. & COM. DE PRODUTOS QUIMICOS E FARMACEUTICOS LTDA - ME,11,SANAFARMA IND. & COM. DE [M0547]
05782733000149,CIAMED - DISTRIBUIDORA DE MEDICAMENTOS LTDA.,7,CIAMED - DISTRIBUIDORA D [M0548]
05782733000300,CIAMED - DISTRIBUIDORA DE MEDICAMENTOS LTDA.,4,CIAMED - DISTRIBUIDORA D [M0549]
05783974000102,FLAMAGEL INDUSTRIA E COMERCIO LTDA,9,FLAMAGEL INDUSTRIA E COM [M0550]
05785287000126,ENDOMASTER COMERCIO DE EQUIPAMENTOS OPTICOS CIENTIFICOS LTDA,2,ENDOMASTER COMERCIO DE E [M0551]
05788117000103,METALIC MEDICAL PRODUTOS HOSPITALARES LTDA,21,METALIC MEDICAL PRODUTOS [M0552]
05797987000130,MEDONTEC - MANUTENCAO E REPARACAO EM EQUIPAMENTOS MEDICO HOSPITALARES E ODONTOLOGICOS LTDA,1,MEDONTEC - MANUTENCAO E  [M0553]
05818423000137,AMCOR FLEXIBLES BRASIL LTDA,23,AMCOR FLEXIBLES BRASIL L [M0554]
05823205000190,MAQUIRA INDUSTRIA DE PRODUTOS ODONTOLOGICOS S.A.,1506,MAQUIRA INDUSTRIA DE PRO [M0555]
05843095000129,COSFITO INDUSTRIA E COMERCIO DE EXTRATO LTDA,1,COSFITO INDUSTRIA E COME [M0556]
05854999000150,CICLO FARMA INDUSTRIA QUIMICA LTDA,277,CICLO FARMA INDUSTRIA QU [M0557]
05855974000170,BASTON INDUSTRIA DE AEROSSOIS LTDA,1,BASTON INDUSTRIA DE AERO [M0558]
05870716000163,NATURELIFE INDUSTRIA E COMERCIO DE ALIMENTOS LTDA,82,NATURELIFE INDUSTRIA E C [M0559]
05870716000244,NATURELIFE INDUSTRIA E COMERCIO DE ALIMENTOS LTDA,13,NATURELIFE INDUSTRIA E C [M0560]
05878107000150,HOL DENT APARELHOS ODONTOLOGICOS LTDA,8,HOL DENT APARELHOS ODONT [M0561]
05882795000122,MEGAFRAL INDUSTRIA E COMERCIO LTDA,23,MEGAFRAL INDUSTRIA E COM [M0562]
05899730000270,LUSO EQUIPAMENTOS MEDICOS E ODONTOLOGICOS LTDA.,4,LUSO EQUIPAMENTOS MEDICO [M0563]
05905525000190,BIOSUL PRODUTOS DIAGNOSTICOS LTDA,8,BIOSUL PRODUTOS DIAGNOST [M0564]
05914226000111,VALEPLAST INDUSTRIA E COMERCIO DE PLASTICOS VALE DO PARAIBA LTDA,2,VALEPLAST INDUSTRIA E CO [M0565]
05915452000117,VOCO DO BRASIL LTDA,1,VOCO DO BRASIL LTDA [M0566]
05918342000109,VISION GLASS INDUSTRIA E COMERCIO DE VIDROS E ESPELHOS LTDA,4,VISION GLASS INDUSTRIA E [M0567]
05922811000163,MAGNA MEDICA COMERCIO DE PRODUTOS MEDICOS HOSPITALARES LTDA.,9,MAGNA MEDICA COMERCIO DE [M0568]
05928853000101,CIBRAGEL INDUSTRIA E COMERCIO DE EMBALAGENS PLASTICAS - EIRELI,1,CIBRAGEL INDUSTRIA E COM [M0569]
05932899000102,MEYOR'S DO BRASIL LTDA,17,MEYOR'S DO BRASIL LTDA [M0570]
05935018000107,CASCO & CAMPOS COMERCIO DE PRODUTOS ESPORTIVOS LTDA,3,CASCO & CAMPOS COMERCIO  [M0571]
05944604000100,EDWARDS LIFESCIENCES COMERCIO DE PRODUTOS MEDICO-CIRURGICOS LTDA.,4,EDWARDS LIFESCIENCES COM [M0572]
05953172000101,FAVA INDUSTRIA E COMERCIO DE PRODUTOS HOSPITALARES E ODONTOLOGICOS LTDA.,467,FAVA INDUSTRIA E COMERCI [M0573]
05953723000129,SENIR EMBALAGENS LTDA,3,SENIR EMBALAGENS LTDA [M0574]
05956558000169,PERFURABRAG INDUSTRIA TECNICA DE PECAS LTDA,1,PERFURABRAG INDUSTRIA TE [M0575]
05971158000122,INDUSTRIA E COMERCIO DE PRODUTOS DE LIMPEZA MACATUBA LTDA,9,INDUSTRIA E COMERCIO DE  [M0576]
05993698000107,1000MEDIC DISTRIBUIDORA IMPORTADORA EXPORTADORA DE MEDICAMENTOS LTDA,19,1000MEDIC DISTRIBUIDORA  [M0577]
06003551000195,QUALIVIDROS DISTRIBUIDORA LTDA,1,QUALIVIDROS DISTRIBUIDOR [M0578]
06019570000100,SMITHS MEDICAL DO BRASIL PRODUTOS HOSPITALARES LTDA.,23,SMITHS MEDICAL DO BRASIL [M0579]
06020284000164,LEVISA DESCARTAVEIS LTDA,1,LEVISA DESCARTAVEIS LTDA [M0580]
06022494000191,TIAGO BALDOCCHI GIANFRATTI,4,TIAGO BALDOCCHI GIANFRAT [M0581]
06029006000178,MDA INDUSTRIA E COMERCIO LTDA,27,MDA INDUSTRIA E COMERCIO [M0582]
06053353000136,SANTA BRANCA DISTRIBUIDORA DE MEDICAMENTOS LTDA,1,SANTA BRANCA DISTRIBUIDO [M0583]
06068172000183,PLASTSIL INDUSTRIA E COMERCIO LTDA,4,PLASTSIL INDUSTRIA E COM [M0584]
06074511000134,BIOS - DIAGNOSTICA INDUSTRIA E COMERCIO DE PRODUTOS BIOLOGICOS LTDA,12,BIOS - DIAGNOSTICA INDUS [M0585]
06076833000112,ABL - SAUDE LTDA,253,ABL - SAUDE LTDA [M0586]
06098484000130,CELESTE DISTRIBUIDORA DE MEDICAMENTOS LTDA,2,CELESTE DISTRIBUIDORA DE [M0587]
06103122000270,BALLKE PRODUTOS HOSPITALARES LTDA,15,BALLKE PRODUTOS HOSPITAL [M0588]
06105362000123,ACCUMED PRODUTOS MEDICO HOSPITALARES LTDA,256,ACCUMED PRODUTOS MEDICO  [M0589]
06107711000146,MAXDESCARTE INDUSTRIA E COMERCIO DE DESCARTAVEIS HOSPITALARES ODONTOLOGICOS LTDA,16,MAXDESCARTE INDUSTRIA E  [M0590]
06113700000179,DYNAMIC LAB INDUSTRIA FARMACEUTICA LTDA,4,DYNAMIC LAB INDUSTRIA FA [M0591]
06127890000183,CONKAST EQUIPAMENTOS TECNOLOGICOS LTDA,6,CONKAST EQUIPAMENTOS TEC [M0592]
06137725000102,PROTECNI EQUIPAMENTOS LTDA,5,PROTECNI EQUIPAMENTOS LT [M0593]
06143681000123,BIOSANI INDUSTRIA E COMERCIO DE PRODUTOS MEDICOS E ODONTOLOGICOS LTDA,1382,BIOSANI INDUSTRIA E COME [M0594]
06145976000139,BIOMETRIX DIAGNOSTICA LTDA,1,BIOMETRIX DIAGNOSTICA LT [M0595]
06150367000178,ANDRAMED INDUSTRIA E COMERCIO DE PRODUTOS PARA USO MEDICO LTDA,6,ANDRAMED INDUSTRIA E COM [M0596]
06157734000165,GLOBAL TEC INDUSTRIA E COMERCIO DE PRODUTOS MEDICOS LTDA,32,GLOBAL TEC INDUSTRIA E C [M0597]
06167295000171,MSB MEDICAL SYSTEM DO BRASIL INDUSTRIA E COMERCIO DE PRODUTOS MEDICOS LTDA,7,MSB MEDICAL SYSTEM DO BR [M0598]
06170316000108,A. G. INDUSTRIA E COMERCIO DE ARTEFATOS PLASTICOS LTDA,5,A. G. INDUSTRIA E COMERC [M0599]
06170316000531,A. G. INDUSTRIA E COMERCIO DE ARTEFATOS PLASTICOS LTDA,6,A. G. INDUSTRIA E COMERC [M0600]
06172459000159,NUTRIEX IMPORTACAO E EXPORTACAO DE PRODUTOS NUTRICIONAIS E FARMOQUIMICOS LTDA,131,NUTRIEX IMPORTACAO E EXP [M0601]
06173145000170,DIAMANTEC PRODUTOS ODONTOLOGICOS LTDA,14,DIAMANTEC PRODUTOS ODONT [M0602]
06175908000112,BIO LOGICA DISTRIBUIDORA LTDA,3,BIO LOGICA DISTRIBUIDORA [M0603]
06188236000180,CBEMED - INDUSTRIA E COMERCIO DE EQUIPAMENTOS MEDICOS LTDA,42,CBEMED - INDUSTRIA E COM [M0604]
06194440000103,ODONTOMEDI - PRODUTOS ODONTOLOGICOS E HOSPITALARES LTDA,15,ODONTOMEDI - PRODUTOS OD [M0605]
06207441000145,"PROTEC EXPORT INDUSTRIA, COMERCIO, IMPORTACAO E EXPORTACAO DE EQUIPAMENTOS MEDICOS HOSPITALARES LTDA",323,"PROTEC EXPORT INDUSTRIA, [M0606]"
06207502000174,EURO MED INDUSTRIA E COMERCIO LTDA,21,EURO MED INDUSTRIA E COM [M0607]
06209557000113,AM MEDICAL COMERCIO DE MEDICAMENTOS E PRODUTOS HOSPITALARES LTDA,1,AM MEDICAL COMERCIO DE M [M0608]
06213450000220,OCEANS COMERCIO IMPORTACAO EXPORTACAO LTDA,1,OCEANS COMERCIO IMPORTAC [M0609]
06217117000108,ART MEDICAL PRODUTOS MEDICO-HOSPITALARES LTDA,4,ART MEDICAL PRODUTOS MED [M0610]
06219757000157,VDM OPERACOES LOGISTICAS EM RECUPERACAO JUDICIAL LTDA,1,VDM OPERACOES LOGISTICAS [M0611]
06222565000108,WOODMED INDUSTRIA E COMERCIO DE PRODUTOS HOSPITALARES LTDA,3,WOODMED INDUSTRIA E COME [M0612]
06223055000147,DIAGNOSTEK INDUSTRIA E COMERCIO DE PRODUTOS CIENTIFICOS LTDA,1,DIAGNOSTEK INDUSTRIA E C [M0613]
06256377000192,WORLD FIX INDUSTRIA E COMERCIO DE PRODUTOS ORTOPEDICOS LTDA,5,WORLD FIX INDUSTRIA E CO [M0614]
06263809000192,ORIGINAL AQUAPLUS FILTRACAO INDUSTRIA E COMERCIO LTDA,2,ORIGINAL AQUAPLUS FILTRA [M0615]
06274095000118,AGROMASS BRASIL - IMPORTACAO E EXPORTACAO LTDA,28,AGROMASS BRASIL - IMPORT [M0616]
06274095000460,AGROMASS BRASIL - IMPORTACAO E EXPORTACAO LTDA,6,AGROMASS BRASIL - IMPORT [M0617]
06276904000120,AD INSTRUMENTOS CIRURGICOS IMPORTACAO E EXPORTACAO LTDA,7,AD INSTRUMENTOS CIRURGIC [M0618]
06295846000182,ULTRADENT DO BRASIL PRODUTOS ODONTOLOGICOS LTDA.,33,ULTRADENT DO BRASIL PROD [M0619]
06304868000161,KTG NUTRICIONAL INDUSTRIA E COMERCIO LTDA,3,KTG NUTRICIONAL INDUSTRI [M0620]
06304884000154,ORTEC INDUSTRIA E COMERCIO DE PRODUTOS ORTOPEDICOS LTDA,2,ORTEC INDUSTRIA E COMERC [M0621]
06316353000181,DIMAVE EQUIPAMENTOS MEDICOS LTDA,2,DIMAVE EQUIPAMENTOS MEDI [M0622]
06344785000104,PROTECNO - COMERCIO DE MATERIAIS HOSPITALARES LTDA,7,PROTECNO - COMERCIO DE M [M0623]
06353662000121,V & E INDUSTRIA E COMERCIO DE PRODUTOS HOSPITALARES LTDA,17,V & E INDUSTRIA E COMERC [M0624]
06372763000140,NUTRICENTER DISTRIBUIDORA DE PRODUTOS NUTRICIONAIS E HOSPITALARES LTDA,1,NUTRICENTER DISTRIBUIDOR [M0625]
06597801000162,THEODORO F SOBRAL & CIA LTDA,170,THEODORO F SOBRAL & CIA  [M0626]
06628333000146,FARMACE - INDUSTRIA QUIMICO-FARMACEUTICA CEARENSE LTDA,8521,FARMACE - INDUSTRIA QUIM [M0627]
06629745000109,NOVAFARMA INDUSTRIA FARMACEUTICA LTDA,552,NOVAFARMA INDUSTRIA FARM [M0628]
06697493000147,REINALDO PERSONA FARMACIA DE MANIPULACAO LTDA,10,REINALDO PERSONA FARMACI [M0629]
06697493000228,REINALDO PERSONA FARMACIA DE MANIPULACAO LTDA,6,REINALDO PERSONA FARMACI [M0630]
06787369000172,VITALMAX MEDICINA E SAUDE LTDA,3,VITALMAX MEDICINA E SAUD [M0631]
06789363000134,GUKI EMBALAGENS LTDA,3,GUKI EMBALAGENS LTDA [M0632]
06879626000104,CINORD INDUSTRIA FARMACEUTICA LTDA,95,CINORD INDUSTRIA FARMACE [M0633]
06879813000180,SNMED - COMERCIO E REPRESENTACOES LTDA,3,SNMED - COMERCIO E REPRE [M0634]
06906357000110,PRODUTOS CIRURGICO SERRA DA ESTRELA LTDA,4,PRODUTOS CIRURGICO SERRA [M0635]
06910560000160,NEWDESC CONFECCOES DE PRODUTOS DESCARTAVEIS LTDA,3,NEWDESC CONFECCOES DE PR [M0636]
06923493000118,MEDFIO INDUSTRIA E COMERCIO DE ARTIGOS ODONTOLOGICOS LTDA.,13,MEDFIO INDUSTRIA E COMER [M0637]
06923493000207,MEDFIO INDUSTRIA E COMERCIO DE ARTIGOS ODONTOLOGICOS LTDA.,25,MEDFIO INDUSTRIA E COMER [M0638]
06940329000119,MED SHARP INDUSTRIA E COMERCIO DE PRODUTOS HOSPITALARES LTDA,87,MED SHARP INDUSTRIA E CO [M0639]
06940329000208,MED SHARP INDUSTRIA E COMERCIO DE PRODUTOS HOSPITALARES LTDA,94,MED SHARP INDUSTRIA E CO [M0640]
06954360000109,MASTER COMERCIAL LTDA,10,MASTER COMERCIAL LTDA [M0641]
06963572000152,3B INDUSTRIA E COMERCIO DE ARTEFATOS PLASTICOS LTDA,27,3B INDUSTRIA E COMERCIO  [M0642]
06979733000104,UZEMAX QUIMICA E AROMAS LTDA,4,UZEMAX QUIMICA E AROMAS  [M0643]
06981319000121,AMERICAN INSTRUMENTS LTDA,16,AMERICAN INSTRUMENTS LTD [M0644]
06994251000115,CHOICE INDUSTRIA E COMERCIO DE EQUIPAMENTOS PARA AUTOMACAO INDUSTRIAL LTDA,2,CHOICE INDUSTRIA E COMER [M0645]
07009769000209,WANA INDUSTRIA E COMERCIO DE PRODUTOS QUIMICOS LTDA,4,WANA INDUSTRIA E COMERCI [M0646]
07032636000164,ASSUT EUROPE LATINO AMERICA IMPORTACAO E EXPORTACAO LTDA,4,ASSUT EUROPE LATINO AMER [M0647]
07046464000188,BANDEIRA & CAVALCANTI INDUSTRIA DE COSMETICOS LTDA,1,BANDEIRA & CAVALCANTI IN [M0648]
07047086000157,NEWCHEM INDUSTRIA QUIMICA LTDA,8,NEWCHEM INDUSTRIA QUIMIC [M0649]
07064732000194,MNZ COMERCIO LTDA,2,MNZ COMERCIO LTDA [M0650]
07073210000159,VIMED COMERCIO E REPRESENTACOES DE PRODUTOS HOSPITALARES LTDA,5,VIMED COMERCIO E REPRESE [M0651]
07082161000110,YAMAY COMERCIO DE PRODUTOS ODONTOLOGICOS LTDA,2,YAMAY COMERCIO DE PRODUT [M0652]
07086868000103,GRANDESC MATERIAIS HOSPITALARES LTDA,30,GRANDESC MATERIAIS HOSPI [M0653]
07108922000166,ECOFITUS INDUSTRIA E COMERCIO LTDA,2,ECOFITUS INDUSTRIA E COM [M0654]
07125645000108,EUROFRAL INDUSTRIA DE PRODUTOS HIGIENICOS E TERMOPLASTICOS LTDA,8,EUROFRAL INDUSTRIA DE PR [M0655]
07127606000131,ELISMED COMERCIAL DE EQUIPAMENTOS E MATERIAIS MEDICOS LTDA,2,ELISMED COMERCIAL DE EQU [M0656]
07130168000160,LEANDRO KLEBER RIBEIRO DOS SANTOS,16,LEANDRO KLEBER RIBEIRO D [M0657]
07134866000134,VITALPACK EMBALAGENS LTDA,26,VITALPACK EMBALAGENS LTD [M0658]
07179031000109,CAHE PRODUTOS DESCARTAVEIS LTDA,2,CAHE PRODUTOS DESCARTAVE [M0659]
07186183000120,TEXPHARMA INDUSTRIA E COMERCIO DE PRODUTOS MEDICOS E HOSPITALARES LTDA,21,TEXPHARMA INDUSTRIA E CO [M0660]
07199869000156,CROMO - COMERCIO E MANIPULACAO DE PRODUTOS FARMACEUTICOS LTDA,1,CROMO - COMERCIO E MANIP [M0661]
07204369000165,ANA SILVIA ALVES MARTINS FALEIROS DE ANDRADE,493,ANA SILVIA ALVES MARTINS [M0662]
07204591000168,BIOTEC PRODUTOS HOSPITALARES LTDA.,19,BIOTEC PRODUTOS HOSPITAL [M0663]
07214566000165,ENZYTEC BIOTECNOLOGIA LTDA,2,ENZYTEC BIOTECNOLOGIA LT [M0664]
07231924000148,L. F. CARLINI FRALDAS LTDA,1,L. F. CARLINI FRALDAS LT [M0665]
07242402000141,COSMEFAR INDUSTRIA E COMERCIO DE PRODUTOS QUIMICOS LTDA,2,COSMEFAR INDUSTRIA E COM [M0666]
07275920000161,LENOVO TECNOLOGIA (BRASIL) LIMITADA,3,LENOVO TECNOLOGIA (BRASI [M0667]
07293455000191,BCI - BALPEX COMERCIO INTERNACIONAL LTDA,8,BCI - BALPEX COMERCIO IN [M0668]
07294636000132,MD MATERIAL HOSPITALAR LTDA,43,MD MATERIAL HOSPITALAR L [M0669]
07295190000160,DBI COMERCIO E IMPORTACAO LTDA,23,DBI COMERCIO E IMPORTACA [M0670]
07316691000186,FORMULAS MAGISTRAIS MANIPULACOES ESPECIAIS LTDA,63,FORMULAS MAGISTRAIS MANI [M0671]
07318036000167,DESCARTEE - INDUSTRIA E COMERCIO DE ROUPAS DESCARTAVEIS LTDA,21,DESCARTEE - INDUSTRIA E  [M0672]
07327320000108,PLUMAX LENCOIS HOSPITALARES LTDA,18,PLUMAX LENCOIS HOSPITALA [M0673]
07334239000147,C M MEDICAL COMERCIAL HOSPITALAR LTDA,2,C M MEDICAL COMERCIAL HO [M0674]
07340978000141,SALUTEM INDUSTRIA E COMERCIO ELETRONICO LTDA,2,SALUTEM INDUSTRIA E COME [M0675]
07381075000109,MASTER MEDIC COMERCIO ATACADISTA DE MATERIAIS DE HIGIENIZACAO E HOSPITALARES LTDA,2,MASTER MEDIC COMERCIO AT [M0676]
07391259000150,LABORFARMA - FARMACIA DE MANIPULACAO LTDA,11,LABORFARMA - FARMACIA DE [M0677]
07394427000160,VEROPAPEIS FABRICACAO DE PRODUTOS DE PAPEL LTDA,5,VEROPAPEIS FABRICACAO DE [M0678]
07415503000177,A&A GOLD PHARMA INDUSTRIA LTDA,6,A&A GOLD PHARMA INDUSTRI [M0679]
07415627000152,TKL IMPORTACAO E EXPORTACAO DE PRODUTOS MEDICOS E HOSPITALARES LTDA,172,TKL IMPORTACAO E EXPORTA [M0680]
07415772000133,"MICROSUTURE INDUSTRIA, COMERCIO, IMPORTACAO, EXPORTACAO E REPRESENTACAO DE MATERIAIS CIRURGICOS LTDA",10,"MICROSUTURE INDUSTRIA, C [M0681]"
07427470000185,"ENDOBRAX COMERCIO, IMPORTACAO E EXPORTACAO DE EQUIPAMENTOS MEDICOS LTDA",9,"ENDOBRAX COMERCIO, IMPOR [M0682]"
07430231000184,CMW SAUDE & TECNOLOGIA IMPORTACAO E EXPORTACAO LTDA,2,CMW SAUDE & TECNOLOGIA I [M0683]
07430661000104,EVERS INDUSTRIA E COMERCIO DE PRODUTOS NUTRACEUTICOS S.A FALIDO,2,EVERS INDUSTRIA E COMERC [M0684]
07436392000185,MAX CLEAN IND. E COM. DE PRODUTOS DE LIMPEZA LTDA,2,MAX CLEAN IND. E COM. DE [M0685]
07438908000120,ALPHACARBO INDUSTRIAL LTDA,1,ALPHACARBO INDUSTRIAL LT [M0686]
07439329000100,"DVT COMERCIO, IMPORTACAO E EXPORTACAO LTDA",169,"DVT COMERCIO, IMPORTACAO [M0687]"
07439329000526,"DVT COMERCIO, IMPORTACAO E EXPORTACAO LTDA",3,"DVT COMERCIO, IMPORTACAO [M0688]"
07453785000369,PHARMEDIC PHARMACEUTICALS IMPORTACAO EXPORTACAO DISTRIBUICAO COMERCIO E REPRESENTACOES LTDA,3,PHARMEDIC PHARMACEUTICAL [M0689]
07455576000192,VIDA FORTE NUTRIENTES INDUSTRIA E COMERCIO DE PRODUTOS NATURAIS LTDA,60,VIDA FORTE NUTRIENTES IN [M0690]
07459952000117,MELHOR BRILHO COSMETICOS E PRODUTOS DE LIMPEZA LTDA,1,MELHOR BRILHO COSMETICOS [M0691]
07482840000187,R.P. VILELA EQUIPAMENTOS INDUSTRIAIS LTDA,5,R.P. VILELA EQUIPAMENTOS [M0692]
07489080000130,RAZEK EQUIPAMENTOS LTDA,5,RAZEK EQUIPAMENTOS LTDA [M0693]
07491529000102,CKTRADE - IMPORTACAO E EXPORTACAO LTDA,2,CKTRADE - IMPORTACAO E E [M0694]
07492639000180,SAJ PRODUTOS DESCARTAVEL HOSPITALAR LTDA,2,SAJ PRODUTOS DESCARTAVEL [M0695]
07499258000123,M P - COMERCIO DE MATERIAIS HOSPITALARES LTDA.,2,M P - COMERCIO DE MATERI [M0696]
07506786000162,PORTELA & LIMA LTDA,4,PORTELA & LIMA LTDA [M0697]
07522734000180,VAGALUMY INDUSTRIA E COMERCIO DE ARTEFATOS DE FERRO LTDA,3,VAGALUMY INDUSTRIA E COM [M0698]
07531955000114,POUL SORENSEN INDUSTRIA E COMERCIO DE PRODUTOS ODONTOLOGICOS LTDA,90,POUL SORENSEN INDUSTRIA  [M0699]
07540203000110,MEDIFARR PRODUTOS PARA A SAUDE LTDA.,1,MEDIFARR PRODUTOS PARA A [M0700]
07578713000186,SUPLEY LABORATORIO DE ALIMENTOS E SUPLEMENTOS NUTRICIONAIS LTDA,3,SUPLEY LABORATORIO DE AL [M0701]
07591326000180,MOKSHA8 BRASIL INDUSTRIA E COMERCIO DE MEDICAMENTOS LTDA,24,MOKSHA8 BRASIL INDUSTRIA [M0702]
07603991000146,SOFT CARE PRODUTOS MEDICOS LTDA,7,SOFT CARE PRODUTOS MEDIC [M0703]
07604021000165,MAXIPACK INDUSTRIA E COMERCIO DE PRODUTOS DESCARTAVEIS LTDA,1,MAXIPACK INDUSTRIA E COM [M0704]
07607851000146,EMPRESA BRASILEIRA DE HEMODERIVADOS E BIOTECNOLOGIA - HEMOBRAS,3,EMPRESA BRASILEIRA DE HE [M0705]
07608000000118,RODRIGUES & GOULART LTDA,1,RODRIGUES & GOULART LTDA [M0706]
07610184000150,DUFLLEXX PRODUTOS ODONTOLOGICOS S/A,2,DUFLLEXX PRODUTOS ODONTO [M0707]
07610601000165,"GLOBAL TRADE TECHNOLOGY COMERCIO, IMPORTACAO E EXPORTACAO LTDA",12,GLOBAL TRADE TECHNOLOGY  [M0708]
07613369000119,PACKFLEX INDUSTRIA DE EMBALAGENS FLEXIVEIS LTDA,27,PACKFLEX INDUSTRIA DE EM [M0709]
07620849000107,NOS@LIG PRODUTOS ODONTOLOGICOS LTDA,1,NOS@LIG PRODUTOS ODONTOL [M0710]
07626776000160,CIRURGICA SAO FELIPE PRODUTOS PARA SAUDE LTDA,55,CIRURGICA SAO FELIPE PRO [M0711]
07628070000138,INDUSTRIA E COMERCIO COLCHOES ORTHOVIDA LTDA,4,INDUSTRIA E COMERCIO COL [M0712]
07670111000154,ARESE PHARMA LTDA.,282,ARESE PHARMA LTDA. [M0713]
07682567000134,TEXCARE INDUSTRIA E COMERCIO DE PRODUTOS MEDICO HOSPITALARES LTDA,132,TEXCARE INDUSTRIA E COME [M0714]
07699581000140,POLLITEX EMBALAGENS FLEXIVEIS LTDA,49,POLLITEX EMBALAGENS FLEX [M0715]
07705520000149,GILMED FABRICACAO DE MATERIAIS CIRURGICOS LTDA,1,GILMED FABRICACAO DE MAT [M0716]
07707681000171,SOUZA & LEONARDI LTDA,277,SOUZA & LEONARDI LTDA [M0717]
07718721000180,BEAUFOUR IPSEN FARMACEUTICA LTDA.,67,BEAUFOUR IPSEN FARMACEUT [M0718]
07733293000165,RESMED BRASIL REPRESENTACAO DE PRODUTOS MEDICOS LTDA.,2,RESMED BRASIL REPRESENTA [M0719]
07760277000161,MEDMAX - COMERCIO DE EQUIPAMENTOS MEDICOS E SIMILARES LTDA,11,MEDMAX - COMERCIO DE EQU [M0720]
07767477000146,"BIOMOLECULAR TECHNOLOGY COMERCIO, IMPORTACAO, EXPORTACAO E DISTRIBUICAO DE MATERIAIS MEDICOS E LABORATORIAIS LTDA",30,BIOMOLECULAR TECHNOLOGY  [M0721]
07768134000104,ASTELLAS FARMA BRASIL IMPORTACAO E DISTRIBUICAO DE MEDICAMENTOS LTDA.,172,ASTELLAS FARMA BRASIL IM [M0722]
07768887000101,MDF DISTRIBUIDORA DE PRODUTOS FARMACEUTICOS E HOSPITALARES LTDA,1,MDF DISTRIBUIDORA DE PRO [M0723]
07775666000160,AVANUTRI EQUIPAMENTOS DE SAUDE LTDA,11,AVANUTRI EQUIPAMENTOS DE [M0724]
07776581000105,MAX DIAGNOSTICA COMERCIO E LOCACAO DE ARTIGOS LABORATORIAIS LTDA,1,MAX DIAGNOSTICA COMERCIO [M0725]
07788510000114,"IN-DENTAL PRODUTOS ODONTOLOGICOS, MEDICOS E HOSPITALARES LTDA",1,IN-DENTAL PRODUTOS ODONT [M0726]
07826504000104,"INOVEN INDUSTRIA, COMERCIO E IMPORTACAO LTDA",44,"INOVEN INDUSTRIA, COMERC [M0727]"
07847837000110,CIENTIFICA MEDICA HOSPITALAR LTDA,2,CIENTIFICA MEDICA HOSPIT [M0728]
07876719000130,J. JORGE INDUSTRIA DE MATERIAL HOSPITALAR LTDA,1,J. JORGE INDUSTRIA DE MA [M0729]
07897039000100,DENTEMED EQUIPAMENTOS ODONTOLOGICOS LTDA,199,DENTEMED EQUIPAMENTOS OD [M0730]
07907297000112,ACE MEDICAMENTOS LTDA,37,ACE MEDICAMENTOS LTDA [M0731]
07912362000106,TECNOVENT COMERCIO DE EQUIPAMENTOS MEDICOS LTDA,1,TECNOVENT COMERCIO DE EQ [M0732]
07925705000169,AUROBINDO PHARMA PRODUTOS FARMACEUTICOS LIMITADA,228,AUROBINDO PHARMA PRODUTO [M0733]
07933336000156,PARQUIMICA INDUSTRIAS LTDA,7,PARQUIMICA INDUSTRIAS LT [M0734]
07944100000115,PROC9 INDUSTRIA QUIMICA LTDA,73,PROC9 INDUSTRIA QUIMICA  [M0735]
07946202000170,PHARMATEX COMERCIAL DE PRODUTOS HOSPITALARES LTDA,30,PHARMATEX COMERCIAL DE P [M0736]
07946705000145,PRO CARE SERVICOS DE SAUDE LTDA EM RECUPERACAO JUDICIAL,1,PRO CARE SERVICOS DE SAU [M0737]
07967729000180,HADASSAH - COSMETICOS LTDA,68,HADASSAH - COSMETICOS LT [M0738]
07986222000174,BIOGEN BRASIL PRODUTOS FARMACEUTICOS LTDA,57,BIOGEN BRASIL PRODUTOS F [M0739]
07987185000119,GANESH LOGISTICA E DISTRIBUICAO LTDA,7,GANESH LOGISTICA E DISTR [M0740]
08002360000134,BIOMARIN BRASIL FARMACEUTICA LTDA,28,BIOMARIN BRASIL FARMACEU [M0741]
08025426000292,DELTA PLUS BRASIL INDUSTRIA E COMERCIO DE EPI LTDA,4,DELTA PLUS BRASIL INDUST [M0742]
08040473000124,FILTERFLUX EQUIPAMENTOS PARA LABORATORIO LTDA,2,FILTERFLUX EQUIPAMENTOS  [M0743]
08044106000107,ALT - EQUIPAMENTOS MEDICOS ODONTOLOGICOS LTDA,7,ALT - EQUIPAMENTOS MEDIC [M0744]
08048988000170,DUNE PRODUTOS ORTOPEDICOS LTDA,7,DUNE PRODUTOS ORTOPEDICO [M0745]
08053383000178,CAITHEC COMERCIO E INDUSTRIA LTDA,16,CAITHEC COMERCIO E INDUS [M0746]
08053383000259,CAITHEC COMERCIO E INDUSTRIA LTDA,4,CAITHEC COMERCIO E INDUS [M0747]
08055634000153,IMEC-INDUSTRIA DE MEDICAMENTOS CUSTODIA LTDA,898,IMEC-INDUSTRIA DE MEDICA [M0748]
08067672000126,AYA INDUSTRIA E COMERCIO DE COSMETICOS LTDA,2,AYA INDUSTRIA E COMERCIO [M0749]
08106200000135,"WILLTEK TECNOLOGIA, COMERCIO, IMPORTACAO E EXPORTACAO DE EQUIPAMENTOS MEDICOS HOSPITALARES LTDA",23,"WILLTEK TECNOLOGIA, COME [M0750]"
08108696000186,DISTRIBUIDORA DE PRODUTOS G.C.R. LTDA,2,DISTRIBUIDORA DE PRODUTO [M0751]
08144181000131,GIODESC - IND. COM. IMP. E EXP. PROD. HOSPITALARES LTDA,8,GIODESC - IND. COM. IMP. [M0752]
08145250000121,MEDICALMED COMERCIO DE MATERIAIS MEDICOS LTDA,3,MEDICALMED COMERCIO DE M [M0753]
08145933000189,FAMADER FARMACIA DE MANIPULACAO LTDA,15,FAMADER FARMACIA DE MANI [M0754]
08157293000127,NATCOFARMA DO BRASIL LTDA,166,NATCOFARMA DO BRASIL LTD [M0755]
08172474000122,NEUROSOFT - EQUIPAMENTOS E SUPRIMENTOS MEDICOS LIMITADA,1,NEUROSOFT - EQUIPAMENTOS [M0756]
08172563000179,4 R INDUSTRIA E COMERCIO DE TUBOS DE LATEX LTDA.,28,4 R INDUSTRIA E COMERCIO [M0757]
08179551000176,CELLPUS INDUSTRIA E COMERCIO DE ARTEFATOS PLASTICOS LTDA,2,CELLPUS INDUSTRIA E COME [M0758]
08183359000153,PRODIET NUTRICAO CLINICA LTDA,163,PRODIET NUTRICAO CLINICA [M0759]
08185734000102,QUALY QUIMICA LTDA,1,QUALY QUIMICA LTDA [M0760]
08223462000180,DENT MEDIC LTDA,2,DENT MEDIC LTDA [M0761]
08282077000103,BIOSYSTEMS NE COMERCIO DE PRODUTOS LABORATORIAIS E HOSPITALARES LTDA,2,BIOSYSTEMS NE COMERCIO D [M0762]
08305681000450,RATHIER & SANDRI LTDA,1,RATHIER & SANDRI LTDA [M0763]
08308147000155,SUPERMEDY IMPORTACAO E EXPORTACAO LTDA,62,SUPERMEDY IMPORTACAO E E [M0764]
08311856000190,IMPACTO PRODUTOS MEDICOS E HOSPITALARES LTDA,11,IMPACTO PRODUTOS MEDICOS [M0765]
08325711000490,BELEM FARMACIA E MANIPULACAO LTDA,2,BELEM FARMACIA E MANIPUL [M0766]
08342212000169,BRASMEDICAL INDUSTRIA E COMERCIO DE PRODUTOS PARA SAUDE LTDA,3,BRASMEDICAL INDUSTRIA E  [M0767]
08365527000121,NEOORTHO PRODUTOS ORTOPEDICOS S.A.,1,NEOORTHO PRODUTOS ORTOPE [M0768]
08370099000125,GTECH - COMERCIO E SERVICOS EM EQUIPAMENTOS ELETRO-ELETRONICOS LTDA,61,GTECH - COMERCIO E SERVI [M0769]
08395950000174,INDUSTRIA DE PONTAS ABRASIVAS SCHELBLE LTDA,1,INDUSTRIA DE PONTAS ABRA [M0770]
08406353000106,ALEXANDRE ASSUNCAO BASTOS,2,ALEXANDRE ASSUNCAO BASTO [M0771]
08417805000147,UTILE PARTICIPACOES LTDA.,13,UTILE PARTICIPACOES LTDA [M0772]
08441496000140,RWR INDUSTRIA E COMERCIO DE EQUIPAMENTOS PARA ELETROMEDICINA LTDA,32,RWR INDUSTRIA E COMERCIO [M0773]
08442245000180,PROTDESC DO BRASIL IMPORTACAO E EXPORTACAO LTDA,13,PROTDESC DO BRASIL IMPOR [M0774]
08474646000112,FORTECARE INDUSTRIA DE PRODUTOS MEDICOS LTDA,14,FORTECARE INDUSTRIA DE P [M0775]
08482393000129,S.E. COMERCIAL DE PRODUTOS DESCARTAVEIS LTDA.,2,S.E. COMERCIAL DE PRODUT [M0776]
08493086000143,HOSPITEX TEXTIL LTDA,5,HOSPITEX TEXTIL LTDA [M0777]
08493791000140,XDENT EQUIPAMENTOS ODONTOLOGICOS LTDA,2,XDENT EQUIPAMENTOS ODONT [M0778]
08532500000186,GERACAO COMERCIO E SERVICOS LTDA,1,GERACAO COMERCIO E SERVI [M0779]
08532602000100,GIBRALTAR COMERCIO DE PRODUTOS DE LIMPEZA LTDA,1,GIBRALTAR COMERCIO DE PR [M0780]
08546929000122,CARESTREAM DO BRASIL COMERCIO E SERVICOS DE PRODUTOS MEDICOS LTDA,173,CARESTREAM DO BRASIL COM [M0781]
08569248000180,A. M. MOTA CUSTODIO,2,A. M. MOTA CUSTODIO [M0782]
08580439000142,TELOS INDUSTRIA E COMERCIO LTDA,4,TELOS INDUSTRIA E COMERC [M0783]
08633431000105,GABISA MEDICAL INTERNATIONAL S.A.,30,GABISA MEDICAL INTERNATI [M0784]
08639512000104,EURODONTO IMPORTACAO E EXPORTACAO LTDA,124,EURODONTO IMPORTACAO E E [M0785]
08646787000175,MAXINUTRI LABORATORIO NUTRACEUTICO LTDA,38,MAXINUTRI LABORATORIO NU [M0786]
08651657000120,ALL SOLUTIONS MEDICAL - PRODUTOS MEDICOS HOSPITALARES LTDA,2,ALL SOLUTIONS MEDICAL -  [M0787]
08665289000170,M.M. CAPELLARO INDUSTRIA E DISTRIBUIDORA DE PRODUTOS MEDICOS E ODONTOLOGICOS LTDA,5,M.M. CAPELLARO INDUSTRIA [M0788]
08667233000154,MULTIMED DISTRIBUIDORA DE EQUIPAMENTOS HOSPITALAR LTDA,3,MULTIMED DISTRIBUIDORA D [M0789]
08667473000159,MEGA MIL INDUSTRIA E COMERCIO DE EMBALAGENS DE PLASTICO LTDA,5,MEGA MIL INDUSTRIA E COM [M0790]
08675394000190,SAFE SUPORTE A VIDA E COMERCIO INTERNACIONAL LTDA,14,SAFE SUPORTE A VIDA E CO [M0791]
08675528000172,ARL COMERCIO E SERVICOS DE METAIS LTDA,11,ARL COMERCIO E SERVICOS  [M0792]
08697852000191,ENDOGERAIS EQUIPAMENTOS MEDICOS LTDA,14,ENDOGERAIS EQUIPAMENTOS  [M0793]
08713696000105,LINE BRASIL INDUSTRIA COMERCIO E DISTRIBUICAO DE PRODUTOS PARA SAUDE E AMBIENTES CONTROLADOS LTDA,12,LINE BRASIL INDUSTRIA CO [M0794]
08739624000137,OSTEOFIX COMERCIO DE PRODUTO MEDICO ODONTOLOGICO LTDA,6,OSTEOFIX COMERCIO DE PRO [M0795]
08745092000140,BECARI COMERCIAL DE PRODUTOS E EQUIPAMENTOS PARA LABORATORIOS LTDA,13,BECARI COMERCIAL DE PROD [M0796]
08753814000109,SOFT SURGICAL SOLUCOES HOSPITALARES LTDA,4,SOFT SURGICAL SOLUCOES H [M0797]
08754645000121,WSA INDUSTRIA DE MAQUINAS E EQUIPAMENTOS DE SEGURANCA LTDA,1,WSA INDUSTRIA DE MAQUINA [M0798]
08762826000108,HIDROLIGHT DO BRASIL S.A,4,HIDROLIGHT DO BRASIL S.A [M0799]
08778201000126,DROGAFONTE LTDA,3,DROGAFONTE LTDA [M0800]
08781956000180,SOINVIE DO BRASIL LTDA,12,SOINVIE DO BRASIL LTDA [M0801]
08791633000177,LIMPO MAIS INDUSTRIA DE PRODUTOS DE LIMPEZA LTDA.,3,LIMPO MAIS INDUSTRIA DE  [M0802]
08794782000190,SEX FREE INDUSTRIA E COMERCIO DE ARTEFATOS DE BORRACHA LTDA,2,SEX FREE INDUSTRIA E COM [M0803]
08803423000151,KOP DO BRASIL INDUSTRIAS FARMACEUTICAS LTDA,1,KOP DO BRASIL INDUSTRIAS [M0804]
08839778000109,D AQUINO INDUSTRIA E COMERCIO DE MOVEIS HOSPITALARES LTDA,4,D AQUINO INDUSTRIA E COM [M0805]
08846431000185,LUIZ FRANCISCO EMYGDIO,1,LUIZ FRANCISCO EMYGDIO [M0806]
08863966000164,ORTOSANI PRODUTOS PARA SAUDE LTDA.,3,ORTOSANI PRODUTOS PARA S [M0807]
08868097000160,BELAPAN INDUSTRIA E COMERCIO DE ALIMENTOS LTDA,3,BELAPAN INDUSTRIA E COME [M0808]
08877271000131,SIMILAR & COMPATIVEL INDUSTRIA DE EQUIPAMENTOS MEDICOS ODONTOLOGICOS LTDA.,52,SIMILAR & COMPATIVEL IND [M0809]
08916940000137,PURYS IMPORTADORA E EXPORTADORA LTDA,1,PURYS IMPORTADORA E EXPO [M0810]
08924875000191,BIOVALIC COMERCIO DE EQUIPAMENTOS MEDICOS LTDA.,7,BIOVALIC COMERCIO DE EQU [M0811]
08936030000116,DENTAL DOURADOS LTDA,1,DENTAL DOURADOS LTDA [M0812]
08939548000103,INFAN INDUSTRIA QUIMICA FARMACEUTICA NACIONAL S/A,202,INFAN INDUSTRIA QUIMICA  [M0813]
08962163000167,BEM ESTAR INDUSTRIAL LTDA,4,BEM ESTAR INDUSTRIAL LTD [M0814]
08979861000175,BIOTRON EQUIPAMENTOS MEDICOS LTDA,24,BIOTRON EQUIPAMENTOS MED [M0815]
09007247000295,FIBRA CIRURGICA LTDA,33,FIBRA CIRURGICA LTDA [M0816]
09024090000125,"INTRACORP INSTITUTO DA TRAQUEIA, CORACAO E PULMAO SS LTDA",10,INTRACORP INSTITUTO DA T [M0817]
09028635000171,SIGNAZ PRODUTOS E NEGOCIOS LTDA,3,SIGNAZ PRODUTOS E NEGOCI [M0818]
09029404000182,COPERMED COMERCIAL IMPORTADORA LTDA,6,COPERMED COMERCIAL IMPOR [M0819]
09032626000154,AGFA DO BRASIL LTDA.,43,AGFA DO BRASIL LTDA. [M0820]
09036722000170,HIDROFARMA REPRESENTACAO E FABRICACAO DE ALGODAO LTDA,9,HIDROFARMA REPRESENTACAO [M0821]
09044896000185,VINIX INDUSTRIA E COMERCIO LTDA,4,VINIX INDUSTRIA E COMERC [M0822]
09053134000226,ELFA MEDICAMENTOS S.A,1,ELFA MEDICAMENTOS S.A [M0823]
09058456000187,MINDRAY DO BRASIL - COMERCIO E DISTRIBUICAO DE EQUIPAMENTOS MEDICOS LTDA,15,MINDRAY DO BRASIL - COME [M0824]
09058502000148,FARMA VISION IMPORTACAO E EXPORTACAO DE MEDICAMENTOS LTDA,26,FARMA VISION IMPORTACAO  [M0825]
09097727000103,PONTUAL DISTRIBUIDORA LTDA,2,PONTUAL DISTRIBUIDORA LT [M0826]
09100491000117,FLEXINOX INDUSTRIA E COMERCIO DE ACOS LTDA,33,FLEXINOX INDUSTRIA E COM [M0827]
09103790000296,CLARKE BRASIL PRODUTOS PARA CONTROLE DE MOSQUITO LTDA,2,CLARKE BRASIL PRODUTOS P [M0828]
09107943000192,POOLTEX INDUSTRIA E COMERCIO DE PRODUTOS MEDICOS E HOSPITALARES LTDA,3,POOLTEX INDUSTRIA E COME [M0829]
09114818000100,ALGOBOM INDUSTRIA E COMERCIO DE PRODUTOS TEXTEIS LTDA EM RECUPERACAO JUDICIAL,2,ALGOBOM INDUSTRIA E COME [M0830]
09117476000181,MANDALA BRASIL IMPORTACAO E DISTRIBUICAO DE PRODUTO MEDICO HOSPITALAR LTDA,26,MANDALA BRASIL IMPORTACA [M0831]
09121524000105,SEVEN COMERCIO DE PRODUTOS BIOTECNOLOGICOS LTDA,1,SEVEN COMERCIO DE PRODUT [M0832]
09137657000170,J. C. W. SIQUEIRA FARMACIA,26,J. C. W. SIQUEIRA FARMAC [M0833]
09174668000120,VITTAFLEX INDUSTRIA E COMERCIO DE MOVEIS E COLCHOES LTDA,5,VITTAFLEX INDUSTRIA E CO [M0834]
09224765000180,LIFE MED PRODUTOS HOSPITALARES LTDA,3,LIFE MED PRODUTOS HOSPIT [M0835]
09236133000136,S. A. MIAN LTDA,1,S. A. MIAN LTDA [M0836]
09244998000144,INDUSTRIA E COMERCIO DE PRODUTOS CIENTIFICOS PERFECTA LTDA.,13,INDUSTRIA E COMERCIO DE  [M0837]
09271415000174,UZUCLEAN INDUSTRIA COMERCIO IMPORTACAO E EXPORTACAO LTDA,1,UZUCLEAN INDUSTRIA COMER [M0838]
09284952000159,KEDRION BRASIL DISTRIBUIDORA DE PRODUTOS HOSPITALARES LTDA.,24,KEDRION BRASIL DISTRIBUI [M0839]
09289762000124,APRAMED - INDUSTRIA E COMERCIO DE APARELHOS MEDICOS LTDA,4,APRAMED - INDUSTRIA E CO [M0840]
09300300000160,LEMARC PRODUTOS MEDICOS HOSPITALARES LTDA,4,LEMARC PRODUTOS MEDICOS  [M0841]
09304376000164,TOTH - DESENVOLVIMENTO TECNOLOGICO LTDA,2,TOTH - DESENVOLVIMENTO T [M0842]
09315996000107,COMERCIAL MARK ATACADISTA LTDA,5,COMERCIAL MARK ATACADIST [M0843]
09327149000154,SUCROQUIMICA INDUSTRIA COMERCIO LTDA,1,SUCROQUIMICA INDUSTRIA C [M0844]
09334838000196,METALPLAY INDUSTRIA E COMERCIO LTDA,2,METALPLAY INDUSTRIA E CO [M0845]
09357414000147,SDORF SCIENTIFIC DO BRASIL LTDA,2,SDORF SCIENTIFIC DO BRAS [M0846]
09408413000184,"KESTAL INDUSTRIA, COMERCIO E IMPORTACAO LTDA",4,"KESTAL INDUSTRIA, COMERC [M0847]"
09413671000159,PETNOR INDUSTRIA E COMERCIO DE EMBALAGENS LTDA,6,PETNOR INDUSTRIA E COMER [M0848]
09420515000115,MB3 SERVICOS ADMINISTRATIVOS LTDA,14,MB3 SERVICOS ADMINISTRAT [M0849]
09423516000113,"MEDICAL BRAZIL IMPORTACAO, EXPORTACAO E COMERCIO DE PRODUTOS MEDICOS LTDA",7,MEDICAL BRAZIL IMPORTACA [M0850]
09426522000124,FARMAX PRODUTOS FARMACEUTICOS LTDA,368,FARMAX PRODUTOS FARMACEU [M0851]
09428405000108,MEGATEX INDUSTRIA E COMERCIO LTDA,2,MEGATEX INDUSTRIA E COME [M0852]
09431344000120,FORMADEN INDUSTRIA E COMERCIO LTDA,1,FORMADEN INDUSTRIA E COM [M0853]
09441460000120,PADRAO DISTRIBUIDORA DE PRODUTOS E EQUIPAMENTOS HOSPITALARES PADRE CALLOU LTDA,3,PADRAO DISTRIBUIDORA DE  [M0854]
09454377000195,"SHINBRO INTERNACIONAL - COMERCIO, IMPORTACAO E EXPORTACAO LTDA",57,SHINBRO INTERNACIONAL -  [M0855]
09458251000199,LUPLAST INDUSTRIA E COMERCIO DE LUVAS DESCARTAVEIS LTDA,17,LUPLAST INDUSTRIA E COME [M0856]
09542984000107,SOROCAPS INDUSTRIA FARMACEUTICA LTDA,15,SOROCAPS INDUSTRIA FARMA [M0857]
09545032000147,J.A. COMERCIO DE PRODUTOS PARA RESGATE LTDA,157,J.A. COMERCIO DE PRODUTO [M0858]
09545589000188,MABRA FARMACEUTICA LTDA,142,MABRA FARMACEUTICA LTDA [M0859]
09560267000108,BETANIAMED COMERCIAL LTDA,17,BETANIAMED COMERCIAL LTD [M0860]
09572573000164,SWAB CB BRASIL INDUSTRIA DE PRODUTOS LABORATORIAIS LTDA,2,SWAB CB BRASIL INDUSTRIA [M0861]
09582534000148,VISION RS DISTRIBUIDORA S/A EM RECUPERACAO JUDICIAL,1,VISION RS DISTRIBUIDORA  [M0862]
09593438000103,BIO ADVANCE DIAGNOSTICOS LTDA,23,BIO ADVANCE DIAGNOSTICOS [M0863]
09595757000140,ESPUMABRAZ INDUSTRIA E COMERCIO DE ESPUMAS DE POLIURETANO LTDA,4,ESPUMABRAZ INDUSTRIA E C [M0864]
09601610000115,COSMODERMA INDUSTRIA E COMERCIO LTDA,34,COSMODERMA INDUSTRIA E C [M0865]
09603161000144,CONVATEC BRASIL LTDA,100,CONVATEC BRASIL LTDA [M0866]
09609356000100,GNATUS PRODUTOS MEDICOS E ODONTOLOGICOS LTDA,4,GNATUS PRODUTOS MEDICOS  [M0867]
09610762000184,APROVADAGUA COMERCIO E CONFECCOES LTDA,2,APROVADAGUA COMERCIO E C [M0868]
09649291000118,INOX BRASIL INDUSTRIA E COMERCIO LTDA,18,INOX BRASIL INDUSTRIA E  [M0869]
09663627000105,SHARK BRASIL S.A.,2,SHARK BRASIL S.A. [M0870]
10016132000165,VITAL PRODUTOS HOSPITALARES LTDA.,60,VITAL PRODUTOS HOSPITALA [M0871]
10192693000115,NEW IMPLA COMERCIO DE MATERIAIS MEDICOS CIRURGICOS LTDA,367,NEW IMPLA COMERCIO DE MA [M0872]
10220940000140,CAMAHE INDUSTRIA E COMERCIO IMPORTACAO E EXPORTACAO DE PRODUTOS PARA A SAUDE LTDA,1,CAMAHE INDUSTRIA E COMER [M0873]
10229835000171,PDX POINT DIAMOND INDUSTRIA E COMERCIO DE FERRAMENTAS ODONTOLOGICAS LTDA,13,PDX POINT DIAMOND INDUST [M0874]
10235337000131,HNDESC COMERCIO E CONFECCOES DE PRODUTOS HOSPITALARES LTDA.,36,HNDESC COMERCIO E CONFEC [M0875]
10241516000181,SUPER SAFETY IMPORTACAO E EXPORTACAO LTDA.,29,SUPER SAFETY IMPORTACAO  [M0876]
10243376000180,J CARDOSO FILHO COMERCIO E SERVICOS,8,J CARDOSO FILHO COMERCIO [M0877]
10249145000184,INALAMED EQUIPAMENTOS E MATERIAIS HOSPITALARES LTDA,6,INALAMED EQUIPAMENTOS E  [M0878]
10257856000109,"NQA INDUSTRIA, COMERCIO, IMPORTACAO, EXPORTACAO DE PRODUTOS MEDICOS E SERVICOS LTDA",2,"NQA INDUSTRIA, COMERCIO, [M0879]"
10268780000109,MEDIX BRASIL LTDA,2862,MEDIX BRASIL LTDA [M0880]
10284284000149,ALEXION SERVICOS E FARMACEUTICA DO BRASIL LTDA,8,ALEXION SERVICOS E FARMA [M0881]
10286826000112,TAYCO EQUIPAMENTOS DE SEGURANCA LTDA,3,TAYCO EQUIPAMENTOS DE SE [M0882]
10287484000155,NEWDROP QUIMICA LTDA.,1,NEWDROP QUIMICA LTDA. [M0883]
10330618000173,UNEMOL EQUIPAMENTOS ELETROMEDICOS LTDA,9,UNEMOL EQUIPAMENTOS ELET [M0884]
10345462000102,OMRON HEALTHCARE BRASIL INDUSTRIA E COMERCIO DE PRODUTOS MEDICOS LTDA.,21,OMRON HEALTHCARE BRASIL  [M0885]
10351637000186,MEAD JOHNSON DO BRASIL COMERCIO E IMPORTACAO DE PRODUTOS DE NUTRICAO LTDA.,5,MEAD JOHNSON DO BRASIL C [M0886]
10372638000107,CESAR EDUARDO RESENDE BASTOS,4,CESAR EDUARDO RESENDE BA [M0887]
10383777000136,CICARELLI INSTRUMENTOS CIRURGICOS LTDA,2,CICARELLI INSTRUMENTOS C [M0888]
10399413000144,EXODO CIENTIFICA QUIMICA FINA INDUSTRIA E COMERCIO LTDA,3,EXODO CIENTIFICA QUIMICA [M0889]
10403238000111,AMED S/A,191,AMED S/A [M0890]
10424098000168,INDUSTRIA DE CONFECCOES K-DU LTDA,13,INDUSTRIA DE CONFECCOES  [M0891]
10424098000249,INDUSTRIA DE CONFECCOES K-DU LTDA,7,INDUSTRIA DE CONFECCOES  [M0892]
10450805000190,FLUKKA FARMACIA DE MANIPULACAO LTDA,2,FLUKKA FARMACIA DE MANIP [M0893]
10460674000122,MAX-MEDICAL COMERCIO DE PRODUTOS MEDICOS HOSPITALARES LTDA,1,MAX-MEDICAL COMERCIO DE  [M0894]
10461807000185,PHARMEDICE MANIPULACOES ESPECIALIZADAS LTDA,6,PHARMEDICE MANIPULACOES  [M0895]
10467576000117,PRIME CIRURGICA IMPORTACAO E EXPORTACAO E COMERCIO DE PRODUTOS ORTOPEDICOS LTDA,8,PRIME CIRURGICA IMPORTAC [M0896]
10483434000143,CASA DAS FORMULAS FARMACIA E MANIPULACAO LTDA,11,CASA DAS FORMULAS FARMAC [M0897]
10493969000103,TC ATUAL COMERCIO DE MEDICAMENTOS LTDA,2,TC ATUAL COMERCIO DE MED [M0898]
10495738000120,GOIAS COMERCIO DE PRODUTOS FARMACEUTICOS LTDA,2,GOIAS COMERCIO DE PRODUT [M0899]
10512195000102,JP PHARMA IMPORTACAO E DISTRIBUICAO LTDA,103,JP PHARMA IMPORTACAO E D [M0900]
10545970000126,VITA MEDICAL MATERIAL HOSPITALAR LTDA,111,VITA MEDICAL MATERIAL HO [M0901]
10554289000144,BRASFARMA COMERCIAL LTDA,17,BRASFARMA COMERCIAL LTDA [M0902]
10555143000113,GRUNENTHAL DO BRASIL FARMACEUTICA LTDA.,74,GRUNENTHAL DO BRASIL FAR [M0903]
10555312000115,DENTAL PARTNER COMERCIO DE PRODUTOS E EQUIPAMENTOS ODONTOLOGICOS LTDA.,2,DENTAL PARTNER COMERCIO  [M0904]
10568345000108,AURANTIS INDUSTRIA FARMACEUTICA LTDA,2,AURANTIS INDUSTRIA FARMA [M0905]
10585311000113,ORBISPHARMA DISTRIBUIDORA E LOGISTICA LTDA,3,ORBISPHARMA DISTRIBUIDOR [M0906]
10588595000363,SANOFI MEDLEY FARMACEUTICA LTDA,521,SANOFI MEDLEY FARMACEUTI [M0907]
10588595000797,SANOFI MEDLEY FARMACEUTICA LTDA,444,SANOFI MEDLEY FARMACEUTI [M0908]
10588595001092,SANOFI MEDLEY FARMACEUTICA LTDA,3052,SANOFI MEDLEY FARMACEUTI [M0909]
10589833000193,COOPERATIVA AGROINDUSTRIAL DOS PRODUTORES RURAIS DA COLONIA PINDORAMA LTDA.,4,COOPERATIVA AGROINDUSTRI [M0910]
10592570000171,JUED COMERCIO E ASSISTENCIA DE EQUIPAMENTOS ODONTOLOGICOS LTDA,1,JUED COMERCIO E ASSISTEN [M0911]
10600372000102,DENTAL SUL PRODUTOS ODONTOLOGICOS LTDA,1,DENTAL SUL PRODUTOS ODON [M0912]
10607423000128,HARBO MEDICAL LTDA,70,HARBO MEDICAL LTDA [M0913]
10619983000100,GODOY & BAPTISTELLA INDUSTRIA E COMERCIO DE PRODUTOS DE HIGIENE LTDA,7,GODOY & BAPTISTELLA INDU [M0914]
10631897000105,BALME EMPREENDIMENTOS LTDA,1,BALME EMPREENDIMENTOS LT [M0915]
10645075000183,USINA PETRIBU SA,1,USINA PETRIBU SA [M0916]
10645510000170,DISTRIBUIDORA DE MEDICAMENTOS SAUDE & VIDA LTDA,126,DISTRIBUIDORA DE MEDICAM [M0917]
10686941000184,MASTER MEDIKAL INDUSTRIA E COMERCIO DE EQUIPAMENTOS MEDICOS LTDA,12,MASTER MEDIKAL INDUSTRIA [M0918]
10692852000140,DESCARBOX DISTRIBUIDORA HOSPITALAR LTDA,263,DESCARBOX DISTRIBUIDORA  [M0919]
10695892000146,MED COMPANY MEDICINA ESPECIALIZADA LTDA,8,MED COMPANY MEDICINA ESP [M0920]
10696932000174,T.D. & V. COMERCIO DE PRODUTOS ODONTOLOGICOS E HOSPITALARES LTDA,13,T.D. & V. COMERCIO DE PR [M0921]
10702092000610,"VCH - IMPORTADORA, EXPORTADORA E DISTRIBUICAO DE PRODUTOS LTDA",9,"VCH - IMPORTADORA, EXPOR [M0922]"
10708841000101,FRANTINS INDUSTRIA E COMERCIO DE PRODUTOS ODONTOLOGICOS LTDA,6,FRANTINS INDUSTRIA E COM [M0923]
10715223000199,M. E. DOS SANTOS CARVALHO,1,M. E. DOS SANTOS CARVALH [M0924]
10729492000104,QUIMICENTER PRODUTOS PARA LABORATORIOS LTDA,7,QUIMICENTER PRODUTOS PAR [M0925]
10733878000190,FLEX INDUSTRIA E COMERCIO DE PAPEIS LTDA,96,FLEX INDUSTRIA E COMERCI [M0926]
10734126000224,PRODUTOS QUIMICOS ORION S/A,4,PRODUTOS QUIMICOS ORION  [M0927]
10742412000401,BRACCO IMAGING DO BRASIL IMPORTACAO E DISTRIBUICAO DE MEDICAMENTOS LTDA,18,BRACCO IMAGING DO BRASIL [M0928]
10757876000130,SR PRODUTOS MEDICOS LTDA,41,SR PRODUTOS MEDICOS LTDA [M0929]
10772529000187,T. D. WILL,1,T. D. WILL [M0930]
10778913000197,"METAL SOLUTION DO BRASIL MOVEIS, EQUIPAMENTOS E PRODUTOS PARA SAUDE LTDA",6,METAL SOLUTION DO BRASIL [M0931]
10788872000209,FORTUNE SERVICOS LTDA,4,FORTUNE SERVICOS LTDA [M0932]
10812219000149,PRODUTOS HOSPITALARES MEDBLANC LTDA,9,PRODUTOS HOSPITALARES ME [M0933]
10812314000142,"NUTRISENIOR INDUSTRIA, COMERCIO, IMPORTACAO E EXPORTACAO DE PRODUTOS NUTRICIONAIS LTDA",4,"NUTRISENIOR INDUSTRIA, C [M0934]"
10838899000170,ELAINE DOS SANTOS PREVIATO,1,ELAINE DOS SANTOS PREVIA [M0935]
10840020000124,VYGON EQUIPAMENTOS MEDICOS LTDA.,9,VYGON EQUIPAMENTOS MEDIC [M0936]
10842256000108,GROW QUIMICA E FARMACEUTICA LTDA.,16,GROW QUIMICA E FARMACEUT [M0937]
10842393000134,LIVE HEALTHCARE SUPPLIES LTDA,11,LIVE HEALTHCARE SUPPLIES [M0938]
10848178000140,FITOWAY LABORATORIO NUTRICIONAL LTDA,104,FITOWAY LABORATORIO NUTR [M0939]
10850316000126,MONTPELLIER MONDE INDUSTRIA E COMERCIO DE COSMETICOS EIRELI,1,MONTPELLIER MONDE INDUST [M0940]
10853028000125,VIDA RESGATE COMERCIO DE PRODUTOS A.P.H. LTDA,11,VIDA RESGATE COMERCIO DE [M0941]
10877926000113,LABORATORIO FARMACEUTICO DO ESTADO DE PERNAMBUCO GOVERNADOR MIGUEL ARRAES S/A - LAFEPE,74,LABORATORIO FARMACEUTICO [M0942]
10889989000190,FLEX MAKER PRODUCAO E COMERCIO LTDA,2,FLEX MAKER PRODUCAO E CO [M0943]
10890352000113,TECNIMED INDUSTRIA E COMERCIO DE EQUIPAMENTOS HOSPITALAR LTDA,4,TECNIMED INDUSTRIA E COM [M0944]
10896647000105,DUOTEC - EMBALAGENS LTDA,81,DUOTEC - EMBALAGENS LTDA [M0945]
10906080000283,ALVES DE SOUSA & SILVA COM. E SERV. DE LABORATORIO LTDA,1,ALVES DE SOUSA & SILVA C [M0946]
10918419000180,KCI BRASIL IMPORTADORA E DISTRIBUIDORA DE PRODUTOS PARA SAUDE LTDA.,4,KCI BRASIL IMPORTADORA E [M0947]
10921809000100,D3JF EMPREENDIMENTOS COMERCIAIS LTDA,12,D3JF EMPREENDIMENTOS COM [M0948]
10945393000160,DIOXIDE INDUSTRIA QUIMICA LTDA.,2,DIOXIDE INDUSTRIA QUIMIC [M0949]
10948986000180,TOPMEDICAL COMERCIO E REPRESENTACAO DE PRODUTOS MEDICO-HOSPITALARES LTDA,42,TOPMEDICAL COMERCIO E RE [M0950]
10967865000185,FISIOVITAL COMERCIO DE ARTIGOS ORTOPEDICOS LTDA,14,FISIOVITAL COMERCIO DE A [M0951]
10972948000162,BRAZMIX COMERCIO VAREJISTA E ATACADISTA LTDA,3,BRAZMIX COMERCIO VAREJIS [M0952]
11011753000119,VENTCARE INDUSTRIA E COMERCIO LTDA,65,VENTCARE INDUSTRIA E COM [M0953]
11014549000151,BIOFLORENCE IMPLEMENTOS ORTOPEDICOS LTDA,10,BIOFLORENCE IMPLEMENTOS  [M0954]
11018913000151,ORIGINAL TEXTIL INDUSTRIA E COMERCIO LTDA FALIDO,2,ORIGINAL TEXTIL INDUSTRI [M0955]
11026207000151,SP MARCAS - INDUSTRIA E COMERCIO DE PRODUTOS TEXTEIS HOSPITALARES LTDA,19,SP MARCAS - INDUSTRIA E  [M0956]
11027534000128,HIGI-PLUS INDUSTRIA DE PRODUTOS HIGIENICOS LTDA,2,HIGI-PLUS INDUSTRIA DE P [M0957]
11028345000170,BETA SOLUTION COMERCIO ELETRO ELETRONICOS LTDA,1,BETA SOLUTION COMERCIO E [M0958]
11050321000117,GIGANTE PRODUTOS MEDICOS LTDA,1,GIGANTE PRODUTOS MEDICOS [M0959]
11082598000121,BESINS HEALTHCARE BRASIL COMERCIAL E DISTRIBUIDORA DE MEDICAMENTOS LTDA,86,BESINS HEALTHCARE BRASIL [M0960]
11098609000161,ADVA OPTICAL NETWORKING SERVICOS BRASIL LTDA.,41,ADVA OPTICAL NETWORKING  [M0961]
11134261000110,"CIMTECH INDUSTRIA, COMERCIO, IMPORTACAO E EXPORTACAO DE PRODUTOS ORTOPEDICOS LTDA",2,"CIMTECH INDUSTRIA, COMER [M0962]"
11145401000156,L A DALLA PORTA JUNIOR LTDA,23,L A DALLA PORTA JUNIOR L [M0963]
11157931000114,SUPRIMED COMERCIO DE MATERIAIS HOSPITALARES LTDA,2,SUPRIMED COMERCIO DE MAT [M0964]
11157952000130,DELTA MED ESCRITORIO ADMINISTRATIVO LTDA,9,DELTA MED ESCRITORIO ADM [M0965]
11172836000190,TOP MED IMPORTACAO E DISTRIBUICAO LTDA,189,TOP MED IMPORTACAO E DIS [M0966]
11174696000199,DROGARIA BORTOLINI LTDA,1,DROGARIA BORTOLINI LTDA [M0967]
11192559000187,HOSPI BIO INDUSTRIA E COMERCIO DE MOVEIS HOSPITALARES LTDA,4,HOSPI BIO INDUSTRIA E CO [M0968]
11198447000133,KACIL INDUSTRIA E COMERCIO LTDA,54,KACIL INDUSTRIA E COMERC [M0969]
11204121000171,HEALTH - MED INDUSTRIA E COMERCIO DE ARTIGOS HOSPITALARES LTDA,45,HEALTH - MED INDUSTRIA E [M0970]
11204960000190,ASTROMED INDUSTRIA E COMERCIO DE EMBALAGENS FLEXIVEIS LTDA,19,ASTROMED INDUSTRIA E COM [M0971]
11206099000441,SUPERMED COMERCIO E IMPORTACAO DE PRODUTOS MEDICOS E HOSPITALARES LTDA,9,SUPERMED COMERCIO E IMPO [M0972]
11232867000199,FIRST IMPORT COMERCIO INTERNACIONAL LTDA,42,FIRST IMPORT COMERCIO IN [M0973]
11243246000100,BRH SAUDE OCUPACIONAL LTDA,1,BRH SAUDE OCUPACIONAL LT [M0974]
11244404000147,LUDAN INDUSTRIA E COMERCIO LTDA,79,LUDAN INDUSTRIA E COMERC [M0975]
11252642001095,TROMBINI EMBALAGENS S/A,5,TROMBINI EMBALAGENS S/A [M0976]
11279770000131,IA TRADE PRODUTOS ELETRONICOS E HOSPITALARES LTDA,6,IA TRADE PRODUTOS ELETRO [M0977]
11294969000139,DHR PRODUTOS MEDICOS LIMITADA,1,DHR PRODUTOS MEDICOS LIM [M0978]
11308834000185,VIDA BIOTECNOLOGIA LTDA,251,VIDA BIOTECNOLOGIA LTDA [M0979]
11316789000100,PAULO AUGUSTO NEVONI FERREIRA,1,PAULO AUGUSTO NEVONI FER [M0980]
11336271000139,CALURG BOBINAS E BOCAIS LTDA,7,CALURG BOBINAS E BOCAIS  [M0981]
11367066000130,"ALPHARAD INDUSTRIA, COMERCIO, IMPORTACAO E EXPORTACAO DE PRODUTOS HOSPITALARES LTDA",2,"ALPHARAD INDUSTRIA, COME [M0982]"
11388997000115,STRA NEGOCIOS EM SAUDE E BEM ESTAR LTDA,25,STRA NEGOCIOS EM SAUDE E [M0983]
11405384000149,ALFA MED SISTEMAS MEDICOS LTDA,11,ALFA MED SISTEMAS MEDICO [M0984]
11409175000173,PROMEDIX PRODUTOS MEDICOS E HOSPITALARES LTDA,3,PROMEDIX PRODUTOS MEDICO [M0985]
11424477000110,LEO PHARMA LTDA,61,LEO PHARMA LTDA [M0986]
11424477000200,LEO PHARMA LTDA,2,LEO PHARMA LTDA [M0987]
11433344000100,BIONATUS FARMA COMERCIO DE MEDICAMENTOS LTDA,37,BIONATUS FARMA COMERCIO  [M0988]
11440977000146,MED LIGHT EQUIPAMENTOS MEDICOS HOSPITALARES LTDA,12,MED LIGHT EQUIPAMENTOS M [M0989]
11462456000190,DIAGNOSTICA INDUSTRIA E COMERCIO LTDA,48,DIAGNOSTICA INDUSTRIA E  [M0990]
11463608000179,ERIMAR INDUSTRIA E COMERCIO DE PRODUTOS PARA SAUDE LTDA,382,ERIMAR INDUSTRIA E COMER [M0991]
11463608000330,ERIMAR INDUSTRIA E COMERCIO DE PRODUTOS PARA SAUDE LTDA,8,ERIMAR INDUSTRIA E COMER [M0992]
11495858000190,ALG BRASIL COMERCIO E INDUSTRIA DE PRODUTOS LTDA,9,ALG BRASIL COMERCIO E IN [M0993]
11614477000183,ANA PAULA RUMAN PRODUTOS PARA SAUDE LTDA,1,ANA PAULA RUMAN PRODUTOS [M0994]
11614643000141,INDAPHARMA COMERCIO E SERVICOS LTDA,1,INDAPHARMA COMERCIO E SE [M0995]
11643096000122,MYLAN LABORATORIOS LTDA.,652,MYLAN LABORATORIOS LTDA. [M0996]
11643096000394,MYLAN LABORATORIOS LTDA.,38,MYLAN LABORATORIOS LTDA. [M0997]
11666105000109,DELLAMED S.A.,17,DELLAMED S.A. [M0998]
11671812000185,DESCARBOX INDUSTRIA E COMERCIO LTDA,261,DESCARBOX INDUSTRIA E CO [M0999]
11672197000121,G S ROCHA COMERCIO DE ALIMENTOS LTDA,2,G S ROCHA COMERCIO DE AL [M1000]
11681446000145,MERZ FARMACEUTICA COMERCIAL LTDA.,8,MERZ FARMACEUTICA COMERC [M1001]
11697594000310,AGILLE COMERCIO DE MEDICAMENTOS LTDA,8,AGILLE COMERCIO DE MEDIC [M1002]
11781768000166,"CORAX INDUSTRIA, COMERCIO E SERVICOS DE MATERIAIS DE SEGURANCA LTDA",1,"CORAX INDUSTRIA, COMERCI [M1003]"
11830264000199,PROLIFE PRODUTOS ORTOPEDICOS LTDA EM RECUPERACAO JUDICIAL,27,PROLIFE PRODUTOS ORTOPED [M1004]
11875416000170,BIONAL INDUSTRIA BIOMEDICA NACIONAL LTDA,3,BIONAL INDUSTRIA BIOMEDI [M1005]
11896538000142,SOLUMED DISTRIBUIDORA DE MEDICAMENTOS E PRODUTOS PARA SAUDE LTDA,54,SOLUMED DISTRIBUIDORA DE [M1006]
11906456000131,MANU SERVICOS DE APOIO ADMINISTRATIVOS LTDA,10,MANU SERVICOS DE APOIO A [M1007]
11957593000103,CLEAN MEDICAL COMERCIO E LOCACAO DE EQUIPAMENTOS HOSPITALARES S.A.,49,CLEAN MEDICAL COMERCIO E [M1008]
12014370000167,ABC DISTRIBUIDORA DE MEDICAMENTOS LTDA,39,ABC DISTRIBUIDORA DE MED [M1009]
12022755000176,GALLIA INDUSTRIA FARMACEUTICA LTDA,3,GALLIA INDUSTRIA FARMACE [M1010]
12047164000153,GLOBAL HOSPITALAR IMPORTACAO E COMERCIO SA,7,GLOBAL HOSPITALAR IMPORT [M1011]
12082502000198,PRIME MATERIAL MEDICO HOSPITALAR LTDA,14,PRIME MATERIAL MEDICO HO [M1012]
12098843000151,BM3 IMPORTACAO E EXPORTACAO LTDA,2,BM3 IMPORTACAO E EXPORTA [M1013]
12113333000106,HEALTH MED COMERCIO DE MATERIAL HOSPITALAR LTDA.,7,HEALTH MED COMERCIO DE M [M1014]
12150458000106,COMPANHIA DO PAPEL INDUSTRIA E COMERCIO LTDA,2,COMPANHIA DO PAPEL INDUS [M1015]
12185547000198,PHARMA VERDE II FARMACIA DE MANIPULACAO LTDA,3,PHARMA VERDE II FARMACIA [M1016]
12229415000110,S A USINA CORURIPE ACUCAR E ALCOOL,2,S A USINA CORURIPE ACUCA [M1017]
12229753000152,COOPERATIVA DE COLONIZACAO AGROPECUARIA E INDUSTRIAL PINDORAMA LTDA,4,COOPERATIVA DE COLONIZAC [M1018]
12255403000160,IMEX MEDICAL COMERCIO E LOCACAO LTDA,1,IMEX MEDICAL COMERCIO E  [M1019]
12265505000167,DONIZETTI DE SOUSA GUERREIRO-DESCARTAVEIS,9,DONIZETTI DE SOUSA GUERR [M1020]
12283775000109,UNITREO IMPORTADORA LTDA,38,UNITREO IMPORTADORA LTDA [M1021]
12288046000137,CCM INDUSTRIA E COMERCIO DE PRODUTOS DESCARTAVEIS S.A.,38,CCM INDUSTRIA E COMERCIO [M1022]
12340717000161,POINT SUTURE DO BRASIL IND DE FIOS CIRURGICOS LTDA,38,POINT SUTURE DO BRASIL I [M1023]
12342435000101,PHBR MEDICAL COMERCIO E LOCACAO DE PRODUTOS MEDICOS LTDA,1,PHBR MEDICAL COMERCIO E  [M1024]
12343158000143,LABORATORIO INDUSTRIAL FARMACEUTICO DE ALAGOAS SA,4,LABORATORIO INDUSTRIAL F [M1025]
12420164000157,CM HOSPITALAR S.A.,7,CM HOSPITALAR S.A. [M1026]
12420164000238,CM HOSPITALAR S.A.,4,CM HOSPITALAR S.A. [M1027]
12424020000179,NOVAMED FABRICACAO DE PRODUTOS FARMACEUTICOS LTDA.,50,NOVAMED FABRICACAO DE PR [M1028]
12441715000169,NOVA SICILIANO INDUSTRIA E COMERCIO DE PLACAS METALICAS LTDA,1,NOVA SICILIANO INDUSTRIA [M1029]
12456120000187,ALPHALIFE MATERIAIS MEDICO HOSPITALARES LTDA,13,ALPHALIFE MATERIAIS MEDI [M1030]
12472927000103,QUALYBLESS DO BRASIL LTDA,34,QUALYBLESS DO BRASIL LTD [M1031]
12577257000190,ECOMAX INDUSTRIA E COMERCIO DE PRODUTOS PLASTICOS LTDA,34,ECOMAX INDUSTRIA E COMER [M1032]
12600168000117,MOLNLYCKE HEALTH CARE VENDA DE PRODUTOS MEDICOS LTDA,8,MOLNLYCKE HEALTH CARE VE [M1033]
12630261000174,TROL PHARMA MEDICAMENTOS LTDA,59,TROL PHARMA MEDICAMENTOS [M1034]
12666139000158,QUALITY CIENTIFICA LTDA,8,QUALITY CIENTIFICA LTDA [M1035]
12729472000169,TATIANA REGINA FERREIRA LOPES,3,TATIANA REGINA FERREIRA  [M1036]
12765223000129,MSO - MEDICINA E SAUDE OCUPACIONAL LTDA,27,MSO - MEDICINA E SAUDE O [M1037]
12811487000171,MULTISUL COMERCIO E DISTRIBUICAO LTDA,1,MULTISUL COMERCIO E DIST [M1038]
12817515000168,SAUTEC INDUSTRIA DE MAQUINAS LTDA,1,SAUTEC INDUSTRIA DE MAQU [M1039]
12824334000169,C.M. ORATHES CONFECCOES E EQUIPAMENTOS LTDA,1,C.M. ORATHES CONFECCOES  [M1040]
12828039000180,PREMIER COMERCIO DE PRODUTOS HOSPITALARES LTDA,3,PREMIER COMERCIO DE PROD [M1041]
12868340000118,MMX RESERVA PAPEIS LTDA.,2,MMX RESERVA PAPEIS LTDA. [M1042]
12889035000102,INOVAMED HOSPITALAR LTDA,2,INOVAMED HOSPITALAR LTDA [M1043]
12918336000117,BE CARE COMERCIO DE PRODUTOS MEDICO HOSPITALARES LTDA,78,BE CARE COMERCIO DE PROD [M1044]
12927444000156,VL EQUIPAMENTOS DE PROTECAO INDIVIDUAL E ACESSORIOS LTDA,1,VL EQUIPAMENTOS DE PROTE [M1045]
12927876000167,SOMA/MG PRODUTOS HOSPITALARES LTDA,1,SOMA/MG PRODUTOS HOSPITA [M1046]
12936032000182,DENTAL COMERCIO DE PRODUTOS ODONTO-MEDICOS LTDA,24,DENTAL COMERCIO DE PRODU [M1047]
12936659000133,KEVENOLL DO BRASIL PRODUTOS MEDICOS HOSPITALARES LTDA,51,KEVENOLL DO BRASIL PRODU [M1048]
13008903000160,MILLENIUM COMERCIO SERVICO LTDA,16,MILLENIUM COMERCIO SERVI [M1049]
13024103000133,GTECH INDUSTRIA E COMERCIO DE PRODUTOS QUIMICOS LTDA,179,GTECH INDUSTRIA E COMERC [M1050]
13036559000113,AKRON PHARMA S/A,3,AKRON PHARMA S/A [M1051]
13038110000194,INDUFLEX INDUSTRIA E COMERCIO DE ARTEFATOS DE BORRACHA LTDA,11,INDUFLEX INDUSTRIA E COM [M1052]
13038346000120,INDUSMACHE INDUSTRIA E COMERCIO DE MOVEIS LTDA,9,INDUSMACHE INDUSTRIA E C [M1053]
13038445000102,AGE HOSPITALAR LTDA,45,AGE HOSPITALAR LTDA [M1054]
13074743000158,KOEN ODONTOLOGIA LTDA,1,KOEN ODONTOLOGIA LTDA [M1055]
13078518000190,"FUNDACAO BAIANA DE PESQUISA CIENTIFICA E DESENVOLVIMENTO TECNOLOGICO, FORNECIMENTO E DISTRIBUICAO DE MEDICAMENTOS - BAHIAFARMA",75,FUNDACAO BAIANA DE PESQU [M1056]
13109151000124,UNO HEALTHCARE COMERCIO DE MEDICAMENTOS LTDA.,2,UNO HEALTHCARE COMERCIO  [M1057]
13120044000105,WANDERLEY & REGIS COMERCIO E PRODUTOS MEDICO-HOSPITALAR LTDA,6,WANDERLEY & REGIS COMERC [M1058]
13138732000194,GOLFRAN GESTAO DE NEGOCIOS EMPRESARIAIS LTDA,2,GOLFRAN GESTAO DE NEGOCI [M1059]
13156592000187,ANIS INDUSTRIA DE COSMETICOS LTDA,1,ANIS INDUSTRIA DE COSMET [M1060]
13217490000124,MEDK RES IMPORTACAO E COMERCIO DE PRODUTOS MEDICO HOSPITALAR LTDA,3,MEDK RES IMPORTACAO E CO [M1061]
13224500000159,QUIMAFLEX CIENTIFICA LTDA,1,QUIMAFLEX CIENTIFICA LTD [M1062]
13229567000186,VENEZA DISTRIBUIDORA DE PRODUTOS HOSPITALARES LTDA,30,VENEZA DISTRIBUIDORA DE  [M1063]
13236116000176,"MEDK INDUSTRIA, COMERCIO, IMPORTACAO E EXPORTACAO DE PRODUTOS MEDICOS LTDA",17,"MEDK INDUSTRIA, COMERCIO [M1064]"
13247896000150,INDUSTRIA E COMERCIO DE PRODUTOS QUIMICOS LTDA,9,INDUSTRIA E COMERCIO DE  [M1065]
13264949000140,"HL MEDICAL COMERCIO, IMPORTACAO E EXPORTACAO DE PRODUTOS MEDICO-HOSPITALARES LTDA",3,"HL MEDICAL COMERCIO, IMP [M1066]"
13324282000124,KASVI IMPORTACAO E DISTRIBUICAO DE PRODUTOS PARA LABORATORIOS LTDA,19,KASVI IMPORTACAO E DISTR [M1067]
13333090000184,NIPRO MEDICAL CORPORATION PRODUTOS MEDICOS LTDA.,12,NIPRO MEDICAL CORPORATIO [M1068]
13387026000186,PHOENIX QUIMICA DO BRASIL LTDA,2,PHOENIX QUIMICA DO BRASI [M1069]
13470384000158,CMC PRODUTOS HOSPITALARES LTDA,1,CMC PRODUTOS HOSPITALARE [M1070]
13507989000176,ALFAMEC COMERCIO E SERVICOS LTDA,194,ALFAMEC COMERCIO E SERVI [M1071]
13530909000101,BESSERDENTAL PRODUTOS ODONTOLOGICOS LTDA,100,BESSERDENTAL PRODUTOS OD [M1072]
13547970000153,ELISVANDIA MATOS DONINI LTDA,2,ELISVANDIA MATOS DONINI  [M1073]
13549636000139,GELOTECH SOLUCOES TERMICAS LTDA,6,GELOTECH SOLUCOES TERMIC [M1074]
13552913000162,COOPERFLEX LTDA,17,COOPERFLEX LTDA [M1075]
13598814000111,AS2 COMERCIO IMPORTACAO E EXPORTACAO LTDA,4,AS2 COMERCIO IMPORTACAO  [M1076]
13612214000160,QUANTITY SERVICOS E COMERCIO DE PRODUTOS PARA SAUDE S.A.,9,QUANTITY SERVICOS E COME [M1077]
13640053000119,"HALMA SAUDE E OTICA DO BRASIL - IMPORTACAO, EXPORTACAO E DISTRIBUICAO LTDA",7,HALMA SAUDE E OTICA DO B [M1078]
13644713000130,ROMED INDUSTRIA E COMERCIO DE EQUIPAMENTOS MEDICOS LTDA,57,ROMED INDUSTRIA E COMERC [M1079]
13656820000188,SMITH & NEPHEW COMERCIO DE PRODUTOS MEDICOS LTDA.,34,SMITH & NEPHEW COMERCIO  [M1080]
13686584000142,TELEFLEX MEDICAL BRASIL SERVICOS E COMERCIO DE PRODUTOS MEDICOS LTDA,4,TELEFLEX MEDICAL BRASIL  [M1081]
13724320000136,ACON COMERCIO INTERNACIONAL LTDA,20,ACON COMERCIO INTERNACIO [M1082]
13767262000128,ACS CIENTIFICA QUIMICA FINA ESPECIALIZADA LTDA,4,ACS CIENTIFICA QUIMICA F [M1083]
13780330000199,GLOBAL INDUSTRIA E COMERCIO DE SUPRIMENTOS PARA AREA MEDICA LTDA,17,GLOBAL INDUSTRIA E COMER [M1084]
13855096000111,PORTEX COMERCIO & REPRESENTACOES LTDA,14,PORTEX COMERCIO & REPRES [M1085]
13863381000184,MIDFARMA PRODUTOS FARMACEUTICOS LTDA.,105,MIDFARMA PRODUTOS FARMAC [M1086]
13884068000122,"UNICHARM DO BRASIL INDUSTRIA E COMERCIO DE PRODUTOS DE HIGIENE LTDA.,",1,UNICHARM DO BRASIL INDUS [M1087]
13977106000191,EBD BIOTECH IMPORTACAO E COMERCIO DE PRODUTOS MEDICOS HOSPITALARES LTDA,12,EBD BIOTECH IMPORTACAO E [M1088]
14016502000115,PEG BABY LTDA,2,PEG BABY LTDA [M1089]
14112327000160,"BIOFAC INDUSTRIA, COMERCIO E REPRESENTACAO LTDA",2,"BIOFAC INDUSTRIA, COMERC [M1090]"
14117593000185,CAMPER EQUIPAMENTOS DE PROTECAO LTDA,9,CAMPER EQUIPAMENTOS DE P [M1091]
14190675000155,LSI S.A.,11,LSI S.A. [M1092]
14197433000193,SAFE MEDICAL PRODUTOS HOSPITALARES LTDA,14,SAFE MEDICAL PRODUTOS HO [M1093]
14202920000105,PROTMED INDUSTRIA E COMERCIO LTDA,22,PROTMED INDUSTRIA E COME [M1094]
14209847000195,H7 IMPORT LTDA,5,H7 IMPORT LTDA [M1095]
14272952000179,KALARRARI BOLSAS E ACESSORIOS LTDA,2,KALARRARI BOLSAS E ACESS [M1096]
14308899000119,CIRURGICA OURO VERDE - COMERCIO DE MATERIAIS MEDICOS LTDA.,3,CIRURGICA OURO VERDE - C [M1097]
14336329000132,SOL-MILLENNIUM BRASIL IMPORTACAO E EXPORTACAO LTDA,28,SOL-MILLENNIUM BRASIL IM [M1098]
14365637000196,"NIHON KOHDEN BRASIL IMPORTACAO, EXPORTACAO E COMERCIO DE EQUIPAMENTOS MEDICOS LTDA.",3,NIHON KOHDEN BRASIL IMPO [M1099]
14421027000162,DINAMICA MEDICAL LTDA,4,DINAMICA MEDICAL LTDA [M1100]
14441468000126,RR DALEVEDOVE ARTIGOS MEDICOS E LABORATORIAIS,27,RR DALEVEDOVE ARTIGOS ME [M1101]
14459413000143,MW DISTRIBUIDORA DE MEDICAMENTOS LTDA,1,MW DISTRIBUIDORA DE MEDI [M1102]
14469133000116,INDUSTRIA DE ARTEFATOS DE BORRACHA INOVATEX LTDA,59,INDUSTRIA DE ARTEFATOS D [M1103]
14511644000159,D C N UNIFORMES E SERVICOS LTDA,5,D C N UNIFORMES E SERVIC [M1104]
14547993000120,J. MENDES JUNIOR,4,J. MENDES JUNIOR [M1105]
14594331000101,MK LIFE PRODUTOS MEDICAL E DENTAL LTDA,55,MK LIFE PRODUTOS MEDICAL [M1106]
14600578000193,MCG- SUPLEMENTOS ALIMENTARES LTDA,1,MCG- SUPLEMENTOS ALIMENT [M1107]
14633154000125,ECO DIAGNOSTICA LTDA,18,ECO DIAGNOSTICA LTDA [M1108]
14633154000206,ECO DIAGNOSTICA LTDA,16,ECO DIAGNOSTICA LTDA [M1109]
14665928000108,VOLPHARMA DISTRIBUIDORA DE PRODUTOS HOSPITALARES E FARMACEUTICOS LTDA,122,VOLPHARMA DISTRIBUIDORA  [M1110]
14683163000120,JFB DISTRIBUIDORA DE PRODUTOS FARMACEUTICOS E EQUIPAMENTOS HOSPITALARES LTDA,1,JFB DISTRIBUIDORA DE PRO [M1111]
14727893000186,MOBIL SAUDE COMERCIAL LTDA,2,MOBIL SAUDE COMERCIAL LT [M1112]
14766081000140,MEDGRAN INDUSTRIA E COMERCIO DE PRODUTOS HOSPITALARES LTDA,17,MEDGRAN INDUSTRIA E COME [M1113]
14788174000175,AUGURI COMERCIO DE PRODUTOS E EQUIPAMENTOS CIRURGICOS LTDA,1,AUGURI COMERCIO DE PRODU [M1114]
14801315000223,SR ORTOCENTER LTDA,16,SR ORTOCENTER LTDA [M1115]
14806008000154,MOMENTA FARMACEUTICA LTDA.,304,MOMENTA FARMACEUTICA LTD [M1116]
14821008000123,MASTERS SPECIALITY PHARMA LTDA,8,MASTERS SPECIALITY PHARM [M1117]
14829598000130,HERBAMED LABORATORIO NUTRACEUTICO LTDA,7,HERBAMED LABORATORIO NUT [M1118]
14829987000166,OLTRAMED COMERCIO DE PRODUTOS MEDICOS LTDA,2,OLTRAMED COMERCIO DE PRO [M1119]
14980182000119,QUALITY MOVEIS INDUSTRIA E COMERCIO LTDA,1,QUALITY MOVEIS INDUSTRIA [M1120]
15031173000144,MERCANTIL BARRETO COMERCIAL DE PRODUTOS HOSPITALARES E SUPRIMENTOS LTDA,1,MERCANTIL BARRETO COMERC [M1121]
15058160000169,NUTRIEX INDUSTRIA DE COSMETICOS LTDA,309,NUTRIEX INDUSTRIA DE COS [M1122]
15068359000178,CAPSUGEL BRASIL IMPORTACAO E DISTRIBUICAO DE INSUMOS FARMACEUTICOS E ALIMENTOS LTDA,2,CAPSUGEL BRASIL IMPORTAC [M1123]
15077221000135,GENOVA INDUSTRIA E COMERCIO DE EPI LTDA EM RECUPERACAO JUDICIAL,1,GENOVA INDUSTRIA E COMER [M1124]
15107246000134,MUCAMBO S/A,10,MUCAMBO S/A [M1125]
15107246001700,MUCAMBO S/A,3,MUCAMBO S/A [M1126]
15127898000130,MUNDIPHARMA BRASIL PRODUTOS MEDICOS E FARMACEUTICOS LTDA.,97,MUNDIPHARMA BRASIL PRODU [M1127]
15183098000137,INDEBA INDUSTRIA E COMERCIO LTDA,3,INDEBA INDUSTRIA E COMER [M1128]
15229391000198,SAFRA INDUSTRIA E COMERCIO DE ALCOOL PARA USO DOMESTICO LTDA,31,SAFRA INDUSTRIA E COMERC [M1129]
15260152000109,FLOR DI JADE COSMETICOS E PERFUMARIA LTDA,1,FLOR DI JADE COSMETICOS  [M1130]
15331924000148,DESEMATEC MOVEIS HOSPITALARES LTDA,1,DESEMATEC MOVEIS HOSPITA [M1131]
15336405000172,NGM REPRESENTACOES COMERCIAIS LTDA,1,NGM REPRESENTACOES COMER [M1132]
15346274000104,HOSPLAB PRODUTOS HOSPITALARES E LABORATORIAL LTDA,2,HOSPLAB PRODUTOS HOSPITA [M1133]
15361478000114,ALFAMA INDUSTRIA E COMERCIO DE DESCARTAVEIS LTDA,11,ALFAMA INDUSTRIA E COMER [M1134]
15383818000108,LUVIX COMERCIO IMPORTACAO E EXPORTACAO SA,26,LUVIX COMERCIO IMPORTACA [M1135]
15392876000106,SAVOY INDUSTRIA DE COSMETICOS S.A.,1,SAVOY INDUSTRIA DE COSME [M1136]
15456627000129,HIDRATE IND E COM DE PRODUTOS FARMACEUTICOS LTDA,1,HIDRATE IND E COM DE PRO [M1137]
15652520000156,NATUBRAS INDUSTRIA E COMERCIO DE PRODUTOS NATURAIS LTDA,186,NATUBRAS INDUSTRIA E COM [M1138]
15652912000115,INFUSAO HOSPITALAR LTDA,8,INFUSAO HOSPITALAR LTDA [M1139]
15670288000189,GILEAD SCIENCES FARMACEUTICA DO BRASIL LTDA,14,GILEAD SCIENCES FARMACEU [M1140]
15772566000109,L.D. FARMACEUTICA LTDA,2,L.D. FARMACEUTICA LTDA [M1141]
15800545000150,ABBVIE FARMACEUTICA LTDA.,90,ABBVIE FARMACEUTICA LTDA [M1142]
15822337000151,RESGATEX LTDA,197,RESGATEX LTDA [M1143]
16100973000132,NUTIVIT SUPLEMENTOS ALIMENTARES LTDA,50,NUTIVIT SUPLEMENTOS ALIM [M1144]
16100973000213,NUTIVIT SUPLEMENTOS ALIMENTARES LTDA,4,NUTIVIT SUPLEMENTOS ALIM [M1145]
16482201000102,ATOS MEDICAL BRASIL - COMERCIO E DISTRIBUICAO DE PRODUTOS MEDICO-HOSPITALARES LTDA.,10,ATOS MEDICAL BRASIL - CO [M1146]
16516296000138,LABTEST DIAGNOSTICA S/A,98,LABTEST DIAGNOSTICA S/A [M1147]
16629968000111,MAGACHO IMPORTACAO & EXPORTACAO LTDA,1,MAGACHO IMPORTACAO & EXP [M1148]
16647278000195,PARAMED DISTRIBUIDORA DE MEDICAMENTOS LTDA,2,PARAMED DISTRIBUIDORA DE [M1149]
16656144000130,D M IMAGEM - COMERCIO DE PRODUTOS HOSPITALARES E SERVICOS DE EQUIPAMENTOS LTDA,1,D M IMAGEM - COMERCIO DE [M1150]
16686340000158,CRIS BELLA FARMACIA E MANIPULACAO LTDA,13,CRIS BELLA FARMACIA E MA [M1151]
16705291000153,PHITO FORMULAS - NUCLEO DE PESQUISA FARMACEUTICA LTDA,5,PHITO FORMULAS - NUCLEO  [M1152]
16741684000112,UNICENTER PHARMA INDUSTRIA E COMERCIO LTDA.,19,UNICENTER PHARMA INDUSTR [M1153]
16754226000118,HYGIELINE INDUSTRIA E COMERCIO LTDA,4,HYGIELINE INDUSTRIA E CO [M1154]
16800585000164,WAGNER DONALDO LOUZADA,4,WAGNER DONALDO LOUZADA [M1155]
16833189000133,"E.V.A. SOLUCOES - IMPORTACAO, INDUSTRIA E COMERCIO LTDA",3,E.V.A. SOLUCOES - IMPORT [M1156]
16847018000163,THN NUTRICAO E SAUDE LTDA,37,THN NUTRICAO E SAUDE LTD [M1157]
16970346000152,YLLER BIOMATERIAIS S.A.,12,YLLER BIOMATERIAIS S.A. [M1158]
16987597000140,ALLOXY ESPECIALIDADES QUIMICAS LTDA,2,ALLOXY ESPECIALIDADES QU [M1159]
17010735000107,DERMATOFLORA LTDA,4,DERMATOFLORA LTDA [M1160]
17039142000165,OLIMEDIC INDUSTRIA E COMERCIO DE MOVEIS HOSPITALARES LTDA,6,OLIMEDIC INDUSTRIA E COM [M1161]
17099395000124,MAX PRODUTOS HOSPITALARES LTDA,3,MAX PRODUTOS HOSPITALARE [M1162]
17102448000208,SOOLIS NUTRACEUTICA INDUSTRIA E COMERCIO LTDA,52,SOOLIS NUTRACEUTICA INDU [M1163]
17115437000173,LABORATORIO GLOBO SA,1153,LABORATORIO GLOBO SA [M1164]
17152616000180,"BRASIL MED CARE IMPORTACAO, EXPORTACAO, COMERCIO E DISTRIBUICAO LTDA.",37,BRASIL MED CARE IMPORTAC [M1165]
17159229000176,LABORATORIO TEUTO BRASILEIRO S/A,13040,LABORATORIO TEUTO BRASIL [M1166]
17159229000257,LABORATORIO TEUTO BRASILEIRO S/A,286,LABORATORIO TEUTO BRASIL [M1167]
17159229000842,LABORATORIO TEUTO BRASILEIRO S/A,1011,LABORATORIO TEUTO BRASIL [M1168]
17164113000125,PRIME INSTRUMENTOS CIRURGICOS LTDA,37,PRIME INSTRUMENTOS CIRUR [M1169]
17172874000129,PREMIUM COMERCIAL LTDA,12,PREMIUM COMERCIAL LTDA [M1170]
17174657000178,HYPOFARMA INSTITUTO DE HYPODERMIA E FARMACIA LTDA,5937,HYPOFARMA INSTITUTO DE H [M1171]
17174657000844,HYPOFARMA INSTITUTO DE HYPODERMIA E FARMACIA LTDA,123,HYPOFARMA INSTITUTO DE H [M1172]
17252670000106,VITALMEDICA DISTRIBUIDORA DE MOVEIS E EQUIPAMENTOS HOSPITALARES LTDA,116,VITALMEDICA DISTRIBUIDOR [M1173]
17256512000116,DROGARIA ARAUJO S A,13,DROGARIA ARAUJO S A [M1174]
17299140000105,EASELABS LABORATORIO FARMACEUTICO LTDA.,7,EASELABS LABORATORIO FAR [M1175]
17318477000112,FORTCLEAN SERVICOS DE APOIO ADMINISTRATIVO LTDA,10,FORTCLEAN SERVICOS DE AP [M1176]
17382714000104,ARBRA COMERCIO & INDUSTRIA DE PLASTICOS LTDA,1,ARBRA COMERCIO & INDUSTR [M1177]
17405589000100,"W AHMED COMERCIO, IMPORTACAO E EXPORTACAO DE ARTIGOS DE CUTELARIA",23,"W AHMED COMERCIO, IMPORT [M1178]"
17406286000102,MAIS SAUDE MATERIAL HOSPITALAR LTDA,3,MAIS SAUDE MATERIAL HOSP [M1179]
17440261000125,MYRALIS INDUSTRIA FARMACEUTICA LTDA,175,MYRALIS INDUSTRIA FARMAC [M1180]
17470182000167,L'AROMATIC INDUSTRIA COMERCIO EXPORTACAO E IMPORTACAO E SERVICOS LTDA,2,L'AROMATIC INDUSTRIA COM [M1181]
17513528000167,TOCARE INDUSTRIA E COMERCIO DE PRODUTOS MEDICOS S/A,4,TOCARE INDUSTRIA E COMER [M1182]
17540801000223,NATURELLCAPS LTDA,1,NATURELLCAPS LTDA [M1183]
17545961000184,ICARAI DO BRASIL INDUSTRIA QUIMICA LTDA,23,ICARAI DO BRASIL INDUSTR [M1184]
17562075000169,CIFARMA CIENTIFICA FARMACEUTICA LTDA,534,CIFARMA CIENTIFICA FARMA [M1185]
17562075000320,CIFARMA CIENTIFICA FARMACEUTICA LTDA,225,CIFARMA CIENTIFICA FARMA [M1186]
17602864000186,DELTA INDUSTRIA E COMERCIO LTDA,80,DELTA INDUSTRIA E COMERC [M1187]
17602891000159,ALLPLAN PRODUTOS ODONTOLOGICOS LTDA,56,ALLPLAN PRODUTOS ODONTOL [M1188]
17625281000170,CELGENE BRASIL PRODUTOS FARMACEUTICOS LTDA.,19,CELGENE BRASIL PRODUTOS  [M1189]
17631154000184,ORION FARMACEUTICA LTDA,1,ORION FARMACEUTICA LTDA [M1190]
17634786000100,"DR IMPORTACAO, EXPORTACAO E DISTRIBUICAO LTDA",3,"DR IMPORTACAO, EXPORTACA [M1191]"
17723828000170,ANGELO BENEDITO MARINHO EQUIPAMENTOS,1,ANGELO BENEDITO MARINHO  [M1192]
17724560000191,LIANE YUKI KOYAMA MATSUMOTO - FARMACIA,3,LIANE YUKI KOYAMA MATSUM [M1193]
17739128000174,FARMACIA DE MANIPULACAO DE ALAGOAS LTDA,9,FARMACIA DE MANIPULACAO  [M1194]
17757544000103,JOSE LUIZ P. C. SPACCA,29,JOSE LUIZ P. C. SPACCA [M1195]
17845667000198,BR HOMMED COMERCIO DE MATERIAIS MEDICOS LTDA,2,BR HOMMED COMERCIO DE MA [M1196]
17875154000120,MEDQUIMICA INDUSTRIA FARMACEUTICA LTDA.,2086,MEDQUIMICA INDUSTRIA FAR [M1197]
17875154000391,MEDQUIMICA INDUSTRIA FARMACEUTICA LTDA.,1387,MEDQUIMICA INDUSTRIA FAR [M1198]
17892706000108,GLOBAL COMERCIAL LTDA,24,GLOBAL COMERCIAL LTDA [M1199]
17910389000105,PHS DO BRASIL LTDA,1,PHS DO BRASIL LTDA [M1200]
17910635000129,AVENCA INDUSTRIA COSMETICA LTDA,1,AVENCA INDUSTRIA COSMETI [M1201]
17914845000195,ALTEVIR AUGUSTO DEMBINSKI,1,ALTEVIR AUGUSTO DEMBINSK [M1202]
17926587000167,ABA INDUSTRIA E COMERCIO DE DESCARTAVEIS LTDA,4,ABA INDUSTRIA E COMERCIO [M1203]
17935938000104,MAXX INDUSTRIA E COMERCIO DE PAPEL LTDA,6,MAXX INDUSTRIA E COMERCI [M1204]
17958115000196,SOLQUIMICA INDUSTRIA QUIMICA E FARMACEUTICA LTDA,4,SOLQUIMICA INDUSTRIA QUI [M1205]
17979679000105,A L DALCIN PIRES DROGARIA,1,A L DALCIN PIRES DROGARI [M1206]
18031325000105,I. S. COSTA CENTRAL TELEMEDICINA LTDA,50,I. S. COSTA CENTRAL TELE [M1207]
18136904000104,GUILHERME XAVIER PIVA LTDA,1,GUILHERME XAVIER PIVA LT [M1208]
18252904000170,"HEALTH CARE & DUBEBE COMERCIO, IMPORTACAO, EXPORTACAO DE PRODUTOS DE HIGIENE PESSOAL, COSMETICOS E PERFUMARIA LTDA",10,HEALTH CARE & DUBEBE COM [M1209]
18258209000115,CIRURGICA CERON IMPORTADORA E EXPORTADORA DE EQUIPAMENTOS HOSPITALARES E VETERINARIOS LTDA,12,CIRURGICA CERON IMPORTAD [M1210]
18268051000164,CIPLA BRASIL IMPORTADORA E DISTRIBUIDORA DE MEDICAMENTOS LTDA.,21,CIPLA BRASIL IMPORTADORA [M1211]
18269125000187,BIOHOSP PRODUTOS HOSPITALARES SA,3,BIOHOSP PRODUTOS HOSPITA [M1212]
18311257000120,AGIR INDUSTRIA E COMERCIO LTDA,3,AGIR INDUSTRIA E COMERCI [M1213]
18324343000177,BELFAR LTDA,3197,BELFAR LTDA [M1214]
18344665000188,MR SAFETY TECHNOLOGY LTDA,1,MR SAFETY TECHNOLOGY LTD [M1215]
18386337000144,SILVENINA UNIFORMES LTDA,3,SILVENINA UNIFORMES LTDA [M1216]
18406044000181,PRIMUS FULIARO MEDICAMENTOS E PERFUMARIA LTDA,1,PRIMUS FULIARO MEDICAMEN [M1217]
18429007000199,SOLIDSTEEL INDUSTRIA E COMERCIO DE EQUIPAMENTOS LABORATORIAIS LTDA,31,SOLIDSTEEL INDUSTRIA E C [M1218]
18459628000115,BAYER S.A.,1010,BAYER S.A. [M1219]
18459628009767,BAYER S.A.,34,BAYER S.A. [M1220]
18466544000109,PROTECTOR PRODUTOS HOSPITALARES LTDA,38,PROTECTOR PRODUTOS HOSPI [M1221]
18467132000193,"RCS COMERCIO, SERVICOS, REPARACAO DE PRODUTOS HOSPITALARES LTDA",1,"RCS COMERCIO, SERVICOS,  [M1222]"
18520715000130,SCAN DIAGNOSTICA INDUSTRIA E COMERCIO LTDA,33,SCAN DIAGNOSTICA INDUSTR [M1223]
18575413000160,FRANCEFARMA INDUSTRIA DE COSMETICOS LTDA,12,FRANCEFARMA INDUSTRIA DE [M1224]
18625083000170,SUL MINAS INDUSTRIA E COMERCIO DE CONFECCOES LTDA,2,SUL MINAS INDUSTRIA E CO [M1225]
18688481000135,BRAVIR INDUSTRIAL LTDA,5,BRAVIR INDUSTRIAL LTDA [M1226]
18702558000184,A FAVARIN DISTRIBUIDORA LTDA,7,A FAVARIN DISTRIBUIDORA  [M1227]
18712730000180,WILL COMERCIAL LTDA,1,WILL COMERCIAL LTDA [M1228]
18747319000140,TOTAL MEDICAL BRASIL INDUSTRIA E COMERCIO DE PRODUTOS MEDICO-HOSPITALARES LTDA,24,TOTAL MEDICAL BRASIL IND [M1229]
18770390000144,FRALDASUL INDUSTRIA E COMERCIO DE PRODUTOS HIGIENICOS LTDA,55,FRALDASUL INDUSTRIA E CO [M1230]
18774815000193,AMGEN BIOTECNOLOGIA DO BRASIL LTDA.,229,AMGEN BIOTECNOLOGIA DO B [M1231]
18834914000113,NOVA OGP INDUSTRIA E COMERCIO LTDA,10,NOVA OGP INDUSTRIA E COM [M1232]
18842124000180,"MJS INDUSTRIA, COMERCIO, IMPORTACAO E EXPORTACAO LTDA",59,"MJS INDUSTRIA, COMERCIO, [M1233]"
18964366000146,RONDOLAB COMERCIO E SERVICOS LTDA,36,RONDOLAB COMERCIO E SERV [M1234]
18974315000103,DOMAX SERVICOS ADMINISTRATIVOS LTDA,14,DOMAX SERVICOS ADMINISTR [M1235]
19006720000192,KASMED IMPORTACAO E COMERCIO LTDA,54,KASMED IMPORTACAO E COME [M1236]
19031878000112,AUTOMX SOLUCOES LTDA,3,AUTOMX SOLUCOES LTDA [M1237]
19036346000178,LMF COMERCIO LTDA,1,LMF COMERCIO LTDA [M1238]
19086670000109,DICOREL DISTRIBUIDORA DE MEDICAMENTOS LTDA,239,DICOREL DISTRIBUIDORA DE [M1239]
19136432000152,EXELTIS LABORATORIO FARMACEUTICO LTDA,42,EXELTIS LABORATORIO FARM [M1240]
19316473000120,BERNIERI & CIA LTDA,6,BERNIERI & CIA LTDA [M1241]
19338456000194,ALFRS INDUSTRIA DE MOVEIS LTDA,10,ALFRS INDUSTRIA DE MOVEI [M1242]
19349009000130,BD DISTRIBUIDORA DE MEDICAMENTOS E MATERIAIS HOSPITALARES LTDA,19,BD DISTRIBUIDORA DE MEDI [M1243]
19391064000199,LUVERMED DISTRIBUIDORA DE MEDICAMENTOS LTDA,4,LUVERMED DISTRIBUIDORA D [M1244]
19400787000107,QUIBASA QUIMICA BASICA LTDA,17,QUIBASA QUIMICA BASICA L [M1245]
19426695000104,ANOVIS INDUSTRIAL FARMACEUTICA LTDA.,11,ANOVIS INDUSTRIAL FARMAC [M1246]
19444651000107,K.S. ARTIGOS ESPORTIVOS LTDA,2,K.S. ARTIGOS ESPORTIVOS  [M1247]
19498639000177,BERTA INDUSTRIA E COMERCIO DE FRALDAS LTDA,8,BERTA INDUSTRIA E COMERC [M1248]
19501429000190,MAWDSLEYS PHARMACEUTICALS DO BRASIL LTDA,108,MAWDSLEYS PHARMACEUTICAL [M1249]
19525260000109,COMPANHIA MANUFATORA DE TECIDOS DE ALGODAO,1,COMPANHIA MANUFATORA DE  [M1250]
19568801000186,SUGBEM - INDUSTRIA E COMERCIO DE PRODUTOS ODONTOLOGICOS LTDA,2,SUGBEM - INDUSTRIA E COM [M1251]
19570720000110,HIPOLABOR FARMACEUTICA LTDA,11584,HIPOLABOR FARMACEUTICA L [M1252]
19570720000382,HIPOLABOR FARMACEUTICA LTDA,2171,HIPOLABOR FARMACEUTICA L [M1253]
19570720000706,HIPOLABOR FARMACEUTICA LTDA,3844,HIPOLABOR FARMACEUTICA L [M1254]
19585158000107,CARDINAL HEALTH DO BRASIL LTDA.,6,CARDINAL HEALTH DO BRASI [M1255]
19585186000116,BIONORICA DO BRASIL DISTRIBUICAO E IMPORTACAO LTDA,1,BIONORICA DO BRASIL DIST [M1256]
19597091000112,INOVVA PRODUTOS E SERVICOS LTDA,23,INOVVA PRODUTOS E SERVIC [M1257]
19632287000109,NEURO TECNOLOGIA DA AMERICA LATINA IMPORTACAO E EXPORTACAO LTDA.,6,NEURO TECNOLOGIA DA AMER [M1258]
19691725000100,SERRAMED PRODUTOS HOSPITALARES LTDA,1,SERRAMED PRODUTOS HOSPIT [M1259]
19785901000164,J2 TEXTIL INDUSTRIA E COMERCIO DE CONFECCOES LTDA,1,J2 TEXTIL INDUSTRIA E CO [M1260]
19791813000175,LABORATORIOS OSORIO DE MORAES LTDA,302,LABORATORIOS OSORIO DE M [M1261]
19825968000185,PALMARES TRADE IMPORTACAO E EXPORTACAO LTDA,28,PALMARES TRADE IMPORTACA [M1262]
19844928000180,ERIMED INDUSTRIA E COMERCIO DE PRODUTOS PARA SAUDE LTDA,13,ERIMED INDUSTRIA E COMER [M1263]
19848316000166,BIOMEDICAL PRODUTOS CIENTIFICOS MEDICOS E HOSPITALARES S A,16,BIOMEDICAL PRODUTOS CIEN [M1264]
19858683000140,LIMAFARMA DROGARIA LTDA,1,LIMAFARMA DROGARIA LTDA [M1265]
19860927000120,LIBUS DO BRASIL EQUIPAMENTOS LTDA,1,LIBUS DO BRASIL EQUIPAME [M1266]
19880964000108,ALL LAB COMERCIAL LTDA,15,ALL LAB COMERCIAL LTDA [M1267]
19933144000129,"QR CONSULTING, IMPORTACAO E DISTRIBUICAO DE PRODUTOS MEDICOS LTDA",39,"QR CONSULTING, IMPORTACA [M1268]"
19933651000162,CPOH IMPORTADORA ODONTO-HOSPITALAR LTDA,2,CPOH IMPORTADORA ODONTO- [M1269]
19944613000105,FARIA EVANGELISTA HOSPITALAR LTDA,3,FARIA EVANGELISTA HOSPIT [M1270]
19972628000187,FACILIMPE COMERCIO DE PRODUTOS DE LIMPEZA EM GERAL LTDA.,89,FACILIMPE COMERCIO DE PR [M1271]
19973704000179,ORTOFEX INDUSTRIA E COMERCIO DE APARELHOS MEDICOS E ORTOPEDICOS LTDA,253,ORTOFEX INDUSTRIA E COME [M1272]
20140256000101,IMPERIAL COMERCIO DE PRODUTOS HOSPITALARES LTDA,3,IMPERIAL COMERCIO DE PRO [M1273]
20180587000175,2I PRODUTOS ODONTOLOGICOS E MEDICO HOSPITALARES S.A. EM RECUPERACAO JUDICIAL,48,2I PRODUTOS ODONTOLOGICO [M1274]
20227117000110,SP HEALTH INDUSTRIA E COMERCIO LTDA,35,SP HEALTH INDUSTRIA E CO [M1275]
20235404000171,DCB DISTRIBUIDORA CIRURGICA BRASILEIRA LTDA,1,DCB DISTRIBUIDORA CIRURG [M1276]
20258278000170,OURO FINO SAUDE ANIMAL PARTICIPACOES S.A.,1,OURO FINO SAUDE ANIMAL P [M1277]
20259895000190,MEDPRO COMERCIO DE PRODUTOS HOSPITALARES LTDA,1,MEDPRO COMERCIO DE PRODU [M1278]
20264948000161,BIOANALITICA DIAGNOSTICA S/A,83,BIOANALITICA DIAGNOSTICA [M1279]
20273404000166,BIODIAG DIAGNOSTICA E HOSPITALAR LTDA,1,BIODIAG DIAGNOSTICA E HO [M1280]
20371330000109,"MUNDI EQUIPAMENTOS MEDICOS, ODONTOLOGICOS E VETERINARIOS LTDA",1,MUNDI EQUIPAMENTOS MEDIC [M1281]
20399316000105,"TECHPROL SERVICOS, COMERCIO E LOCACOES LTDA",12,"TECHPROL SERVICOS, COMER [M1282]"
20444829000190,CMED DISTRIBUIDORA LTDA,1,CMED DISTRIBUIDORA LTDA [M1283]
20451726000239,SALUTEM COMERCIO DE MOVEIS HOSPITALARES LTDA,15,SALUTEM COMERCIO DE MOVE [M1284]
20453993000326,SANITAS MOVEIS LTDA,1,SANITAS MOVEIS LTDA [M1285]
20480457000158,MAXI CONFORT IMPORTACAO E EXPORTACAO LTDA,92,MAXI CONFORT IMPORTACAO  [M1286]
20512546000139,HEALTH & LIFE MEDICAL DO BRASIL LTDA,7,HEALTH & LIFE MEDICAL DO [M1287]
20541898000112,MEDICAL LOG COMERCIO E INDUSTRIA DE PRODUTOS MEDICOS LTDA,14,MEDICAL LOG COMERCIO E I [M1288]
20599845000152,MARIO MEDICAL COMERCIO DE MATERIAL HOSPITALAR LTDA,4,MARIO MEDICAL COMERCIO D [M1289]
20627681000120,CENTER DENT SERVICO DE PROTESE DENTARIA LTDA,2,CENTER DENT SERVICO DE P [M1290]
20648835000160,AG COMERCIO DE PRODUTOS PARA LABORATORIO LTDA,1,AG COMERCIO DE PRODUTOS  [M1291]
20669174000159,"K2 INDUSTRIA, COMERCIO, IMPORTACAO E EXPORTACAO LTDA",6,"K2 INDUSTRIA, COMERCIO,  [M1292]"
20920517000106,MRM HOSPITALAR LTDA,3,MRM HOSPITALAR LTDA [M1293]
20983334000130,CERA LUMINOSA INDUSTRIA E COMERCIO LTDA,3,CERA LUMINOSA INDUSTRIA  [M1294]
20995679000103,MC MURA PEREIRA COMERCIO DE PRODUTOS FARMACEUTICOS,2,MC MURA PEREIRA COMERCIO [M1295]
21008058000151,FERNANDO UNIFORMES LTDA,12,FERNANDO UNIFORMES LTDA [M1296]
21043162000187,BIOTECHMAX HOSPITALAR LTDA,47,BIOTECHMAX HOSPITALAR LT [M1297]
21129833000127,T M DANTAS LTDA,2,T M DANTAS LTDA [M1298]
21172673000107,ERS INDUSTRIA E COMERCIO DE PRODUTOS DE HIGIENE E LIMPEZA S.A,74,ERS INDUSTRIA E COMERCIO [M1299]
21196966000116,SOLIDA HOSPITALAR - DISTRIBUIDORA DE MATERIAL HOSPITALAR LTDA,164,SOLIDA HOSPITALAR - DIST [M1300]
21284068000110,FARMATEX DO BRASIL S/A,124,FARMATEX DO BRASIL S/A [M1301]
21324430000139,CERQUEIRA COMERCIO LTDA,14,CERQUEIRA COMERCIO LTDA [M1302]
21551379000106,BECTON DICKINSON INDUSTRIAS CIRURGICAS LTDA,83,BECTON DICKINSON INDUSTR [M1303]
21551379000874,BECTON DICKINSON INDUSTRIAS CIRURGICAS LTDA,1,BECTON DICKINSON INDUSTR [M1304]
21551379001331,BECTON DICKINSON INDUSTRIAS CIRURGICAS LTDA,27,BECTON DICKINSON INDUSTR [M1305]
21552695000194,MEDICAL SIL COMERCIO DE EQUIPAMENTOS ODONTO MEDICO HOSPITALAR LTDA,1,MEDICAL SIL COMERCIO DE  [M1306]
21555008000194,S A FABRICA DE TECIDOS SAO JOAO EVANGELISTA,28,S A FABRICA DE TECIDOS S [M1307]
21559832000112,BELLOBELLA INDUSTRIA DE COSMETICOS LTDA,16,BELLOBELLA INDUSTRIA DE  [M1308]
21579468000152,"TEKMARKET INDUSTRIA, COMERCIO E SERVICOS LTDA",3,"TEKMARKET INDUSTRIA, COM [M1309]"
21581445000182,ALTAMED DISTRIBUIDORA DE MEDICAMENTOS LTDA,33,ALTAMED DISTRIBUIDORA DE [M1310]
21589394000135,IMPERIO INDUSTRIA E COMERCIO DE BANDEIRAS LTDA,5,IMPERIO INDUSTRIA E COME [M1311]
21689265000119,INDUSTRIA EVOXX LTDA,1,INDUSTRIA EVOXX LTDA [M1312]
21759758000188,FARMAX S.A.,305,FARMAX S.A. [M1313]
21763327000195,ANGELUS PRIMA DENTAL LTDA,25,ANGELUS PRIMA DENTAL LTD [M1314]
21798065000102,VERTEX FARMACEUTICA DO BRASIL LTDA.,4,VERTEX FARMACEUTICA DO B [M1315]
21810980000168,INNOVATIVE MEDICINES BRASIL SP DISTRIBUICAO DE MEDICAMENTOS LTDA,7,INNOVATIVE MEDICINES BRA [M1316]
21831246000185,TECH-SUL MEDICAL INDUSTRIA E COMERCIO LTDA,36,TECH-SUL MEDICAL INDUSTR [M1317]
21896000000191,PINT PHARMA PRODUTOS MEDICO-HOSPITALARES E FARMACEUTICOS LTDA,24,PINT PHARMA PRODUTOS MED [M1318]
21943845000190,INTERA COMERCIAL LTDA,1,INTERA COMERCIAL LTDA [M1319]
21983850000127,SAM MEDIC INDUSTRIA DE EQUIPAMENTOS HOSPITALARES LTDA,3,SAM MEDIC INDUSTRIA DE E [M1320]
21998885000130,MEDIPHACOS INDUSTRIAS MEDICAS S/A,1,MEDIPHACOS INDUSTRIAS ME [M1321]
22010816000139,ACTIVE INDUSTRIA DE COSMETICOS S.A.,43,ACTIVE INDUSTRIA DE COSM [M1322]
22010816000309,ACTIVE INDUSTRIA DE COSMETICOS S.A.,13,ACTIVE INDUSTRIA DE COSM [M1323]
22094574000109,HB SUL COMERCIO DE ALIMENTOS LTDA,2,HB SUL COMERCIO DE ALIME [M1324]
22094905000100,RF SOPRO E EMBALAGENS LTDA,2,RF SOPRO E EMBALAGENS LT [M1325]
22210354000101,PORTEX COMERCIO INTERNACIONAL LTDA,2,PORTEX COMERCIO INTERNAC [M1326]
22213299000103,BIO BRASIL CIENCIA E TECNOLOGIA S.A.,2,BIO BRASIL CIENCIA E TEC [M1327]
22291182000130,VITAMED COMERCIO E DISTRIBUIDORA DE MEDICAMENTOS LTDA,80,VITAMED COMERCIO E DISTR [M1328]
22315538000128,MLA SUPRIMENTOS MEDICOS SA,17,MLA SUPRIMENTOS MEDICOS  [M1329]
22332686000150,VLM PRODUTOS DESCARTAVEIS LTDA,7,VLM PRODUTOS DESCARTAVEI [M1330]
22391828000150,"INJET MED INDUSTRIA, COMERCIO, IMPORTACAO E EXPORTACAO DE PRODUTOS MEDICOS HOSPITALARES LTDA",27,"INJET MED INDUSTRIA, COM [M1331]"
22565307000172,ADVAGEN BIOTECH LTDA,131,ADVAGEN BIOTECH LTDA [M1332]
22575103000112,"6B INVENT GERMANY INOX CE - BRASIL, IMPORTACAO E EXPORTACAO LTDA",425,6B INVENT GERMANY INOX C [M1333]
22582799000104,MARCELO VIANA DE SOUZA,3,MARCELO VIANA DE SOUZA [M1334]
22635177000105,MEDICOM LTDA,4,MEDICOM LTDA [M1335]
22656836000181,KAIROS COMERCIO DE FRALDAS E CONFECCOES LTDA,15,KAIROS COMERCIO DE FRALD [M1336]
22685341000695,LIMA & PERGHER INDUSTRIA E COMERCIO S/A,27,LIMA & PERGHER INDUSTRIA [M1337]
22706161000138,AVANTE BRASIL COMERCIO LTDA,1,AVANTE BRASIL COMERCIO L [M1338]
22767963000158,DENTAL VALLE COMERCIO DE PRODUTOS ODONTOLOGICOS LTDA,2,DENTAL VALLE COMERCIO DE [M1339]
22910512000128,SUTUMED INDUSTRIA E COMERCIO DE PRODUTOS CIRURGICOS LTDA,21,SUTUMED INDUSTRIA E COME [M1340]
22938449000138,SUTUTECH - MATERIAIS MEDICOS LTDA,6,SUTUTECH - MATERIAIS MED [M1341]
22940751000201,LUMIRADX HEALTHCARE LTDA,1,LUMIRADX HEALTHCARE LTDA [M1342]
22949063000121,MEDIHOSP DISTRIBUIDORA DE MATERIAIS MEDICO-HOSPITALARES LTDA,2,MEDIHOSP DISTRIBUIDORA D [M1343]
22966065000129,NUTRIEX INDUSTRIA DE NUTRACEUTICOS LTDA,81,NUTRIEX INDUSTRIA DE NUT [M1344]
22976138000163,SAMED COMERCIO LTDA,8,SAMED COMERCIO LTDA [M1345]
23093434000189,RIOMAR TRADING LTDA,3,RIOMAR TRADING LTDA [M1346]
23179485000128,PEG LIMP INDUSTRIA E COMERCIO DE PRODUTOS DE LIMPEZA LTDA,1,PEG LIMP INDUSTRIA E COM [M1347]
23191397000141,MED LIFE INDUSTRIA E COMERCIO DE MOVEIS LTDA,4,MED LIFE INDUSTRIA E COM [M1348]
23228076000174,CMH - CENTRAL DE MEDICAMENTOS HOSPITALARES LTDA,5,CMH - CENTRAL DE MEDICAM [M1349]
23232280000169,ZUCK PAPEIS LTDA,1,ZUCK PAPEIS LTDA [M1350]
23236167000151,NORTH MED DISTRIBUIDORA DE PRODUTOS MEDICOS E HOSPITALARES LTDA.,1,NORTH MED DISTRIBUIDORA  [M1351]
23241814000113,ARQUIMED DISTRIBUIDORA E REPRESENTACAO DE PRODUTOS MEDICOS LTDA,2,ARQUIMED DISTRIBUIDORA E [M1352]
23291398000168,HORSE MOVEIS HOSPITALARES LTDA,3,HORSE MOVEIS HOSPITALARE [M1353]
23301951000104,MEDCAL PRODUTOS CIRURGICOS LTDA,18,MEDCAL PRODUTOS CIRURGIC [M1354]
23351545000148,"CONMED DO BRASIL COMERCIO, IMPORTACAO E EXPORTACAO DE PRODUTOS MEDICOS HOSPITALARES LTDA",3,CONMED DO BRASIL COMERCI [M1355]
23359559000108,ABASANTOS DISTRIBUIDORA LTDA,1,ABASANTOS DISTRIBUIDORA  [M1356]
23376715000149,OXIMONT GASES E MONTAGEM INDUSTRIAIS LTDA,3,OXIMONT GASES E MONTAGEM [M1357]
23402794000115,CLEANUP INDUSTRIA E COMERCIO DE CALCADOS LTDA,18,CLEANUP INDUSTRIA E COME [M1358]
23420241000195,ANTONIO JACINTO RODRIGUES BORGES,4,ANTONIO JACINTO RODRIGUE [M1359]
23466209000140,SALUS BIOMEDICAL LTDA,3,SALUS BIOMEDICAL LTDA [M1360]
23478737000110,INALAMED HOSPITALAR LTDA,8,INALAMED HOSPITALAR LTDA [M1361]
23511454000122,J R D BRANDAO LTDA,2,J R D BRANDAO LTDA [M1362]
23524957000132,SAO PAULO ARTIGOS HOSPITALARES LTDA,4,SAO PAULO ARTIGOS HOSPIT [M1363]
23552212000187,ROCHE DIABETES CARE BRASIL LTDA,582,ROCHE DIABETES CARE BRAS [M1364]
23596733000136,SEROPLAST INDUSTRIA E COMERCIO DE PRODUTOS HOSPITALARES LTDA,17,SEROPLAST INDUSTRIA E CO [M1365]
23597822000369,SERRA SAUDE COMERCIO DE EQUIPAMENTOS MEDICOS LTDA,2,SERRA SAUDE COMERCIO DE  [M1366]
23605544000182,ESSENZA INDUSTRIA QUIMICA LTDA,2,ESSENZA INDUSTRIA QUIMIC [M1367]
23643315000152,DANONE LTDA,152,DANONE LTDA [M1368]
23643315011510,DANONE LTDA,231,DANONE LTDA [M1369]
23643315014293,DANONE LTDA,124,DANONE LTDA [M1370]
23643315014455,DANONE LTDA,5,DANONE LTDA [M1371]
23643895000188,SUPERARMED EQUIPAMENTOS MEDICOS HOSPITALARES LTDA,3,SUPERARMED EQUIPAMENTOS  [M1372]
23654188000197,ARAUCCOM INDUSTRIAL LTDA,4,ARAUCCOM INDUSTRIAL LTDA [M1373]
23668196000192,MR PHARMA LTDA,8,MR PHARMA LTDA [M1374]
23720752000122,JARDIM DISTRIBUIDORA DE COSMETICOS LTDA,28,JARDIM DISTRIBUIDORA DE  [M1375]
23829339000109,INFINITI CONFECCAO LTDA,28,INFINITI CONFECCAO LTDA [M1376]
23844135000139,POLLY PLAST LUVAS PLASTICAS LTDA,1,POLLY PLAST LUVAS PLASTI [M1377]
23864942000113,UNIQUE DISTRIBUIDORA DE MEDICAMENTOS LTDA,9,UNIQUE DISTRIBUIDORA DE  [M1378]
23864965000128,"GAMMA CRUCIS COMERCIO ATACADISTA, IMPORTACAO E DISTRIBUICAO LTDA",24,GAMMA CRUCIS COMERCIO AT [M1379]
23866426000128,HOSPBOX DISTRIBUIDORA DE PRODUTOS HOSPITALARES LTDA,5,HOSPBOX DISTRIBUIDORA DE [M1380]
24039450000156,HDX COMERCIAL LTDA,1,HDX COMERCIAL LTDA [M1381]
24039668000100,MEDPACK INDUSTRIA E COMERCIO DE PRODUTOS CIRURGICOS E HOSPITALARES LTDA,4,MEDPACK INDUSTRIA E COME [M1382]
24067457000181,FORCE MEDICAL INDUSTRIA E DISTRIBUIDORA LTDA,1,FORCE MEDICAL INDUSTRIA  [M1383]
24110829000105,COMERCIAL E INDUSTRIAL SAO LOURENCO LTDA,2,COMERCIAL E INDUSTRIAL S [M1384]
24183639000118,DIDATICA ARTIGOS PARA LABORATORIO LTDA,4,DIDATICA ARTIGOS PARA LA [M1385]
24191943000107,GLOBALMED COMERCIO E SERVICOS LTDA,3,GLOBALMED COMERCIO E SER [M1386]
24305952000181,WILLIAM RIBEIRO PRODUTOS MEDICOS,14,WILLIAM RIBEIRO PRODUTOS [M1387]
24325781000152,MD FARMA DISTRIBUIDOR ATACADISTA LTDA,11,MD FARMA DISTRIBUIDOR AT [M1388]
24326304000101,A 2 F INDUSTRIA FARMACEUTICA LTDA,3,A 2 F INDUSTRIA FARMACEU [M1389]
24331585000190,MULTICARE PHARMACEUTICALS LTDA,2,MULTICARE PHARMACEUTICAL [M1390]
24355680000124,FORTCLEAN COMERCIO DE PRODUTOS TEXTEIS LTDA,24,FORTCLEAN COMERCIO DE PR [M1391]
24360910000143,PLENA INDUSTRIA DE FRALDAS LTDA - FALIDO,42,PLENA INDUSTRIA DE FRALD [M1392]
24365710000183,UNIVERSIDADE FEDERAL DO RIO GRANDE DO NORTE,1,UNIVERSIDADE FEDERAL DO  [M1393]
24371769000184,MEKNE PRODUTOS MEDICOS LTDA,3,MEKNE PRODUTOS MEDICOS L [M1394]
24380578005490,WHITE MARTINS GASES INDUSTRIAIS DO NORDESTE LTDA.,1,WHITE MARTINS GASES INDU [M1395]
24450310000176,USA COMERCIO DE PRODUTOS CIRURGICOS LTDA,5,USA COMERCIO DE PRODUTOS [M1396]
24467477000140,SUPREMA PAPEIS INDUSTRIA E COMERCIO DE PRODUTOS DE PAPEL LTDA,30,SUPREMA PAPEIS INDUSTRIA [M1397]
24481773000103,"GEMMINI GESTORA DE EQUIPAMENTOS, MATERIAIS, MEDICAMENTOS E IMPLANTES NACIONAIS E IMPORTADOS LTDA",1,GEMMINI GESTORA DE EQUIP [M1398]
24504841000102,RS TRENTO LTDA,2,RS TRENTO LTDA [M1399]
24562614000125,VIVA CARE MATERIAL MEDICO HOSPITALAR LTDA.,1,VIVA CARE MATERIAL MEDIC [M1400]
24563776000188,SAMSUNG BIOEPIS BR PHARMACEUTICAL LTDA,5,SAMSUNG BIOEPIS BR PHARM [M1401]
24586988000180,CIRURGICA NOSSA SENHORA LTDA,2,CIRURGICA NOSSA SENHORA  [M1402]
24633934000129,CAMBER FARMACEUTICA LTDA.,27,CAMBER FARMACEUTICA LTDA [M1403]
24682887000103,AQUASONUS MEDICAL COMPANY LTDA,9,AQUASONUS MEDICAL COMPAN [M1404]
24922642000106,ECO VIDA COMERCIO E INDUSTRIA DE EMBALAGENS PLASTICA LTDA,1,ECO VIDA COMERCIO E INDU [M1405]
24987897000157,BIOMECK EQUIPAMENTOS MEDICOS LTDA,2,BIOMECK EQUIPAMENTOS MED [M1406]
24994990000199,FOXMED MEDICAMENTOS E PRODUTOS HOSPITALARES LTDA,7,FOXMED MEDICAMENTOS E PR [M1407]
25031668000127,SAMEH SOLUCOES HOSPITALARES LTDA,29,SAMEH SOLUCOES HOSPITALA [M1408]
25034906000158,FLYMED COMERCIO DE PRODUTOS HOSPITALARES LTDA,1,FLYMED COMERCIO DE PRODU [M1409]
25066271000170,ALGSUN INDUSTRIA E COMERCIO DE PRODUTOS LTDA,37,ALGSUN INDUSTRIA E COMER [M1410]
25072559000158,MATHEUS HENRIQUE SILVA PRODUTOS DE LIMPEZA,18,MATHEUS HENRIQUE SILVA P [M1411]
25097077000152,AGA INDUSTRIA E COMERCIO DE COLCHOES LTDA,2,AGA INDUSTRIA E COMERCIO [M1412]
25101992000174,UGHC BRASIL IMPORTADORA LTDA,34,UGHC BRASIL IMPORTADORA  [M1413]
25151542000196,LIFY BRASIL MOVEIS LTDA,3,LIFY BRASIL MOVEIS LTDA [M1414]
25210463000109,PTC FARMACEUTICA DO BRASIL LTDA.,22,PTC FARMACEUTICA DO BRAS [M1415]
25242466000124,SAFRAS INDUSTRIA E COMERCIO DE BIOCOMBUSTIVEIS LTDA EM RECUPERACAO JUDICIAL,1,SAFRAS INDUSTRIA E COMER [M1416]
25280640000123,"AIRMED BRASIL INDUSTRIA, COMERCIO E IMPORTACAO DE EQUIPAMENTOS MEDICOS-ODONTOLOGICOS LTDA",1,"AIRMED BRASIL INDUSTRIA, [M1417]"
25288745000129,NEW MEDIC COMERCIO ATACADISTA DE MEDICAMENTOS E MATERIAL HOSPITALAR LTDA,9,NEW MEDIC COMERCIO ATACA [M1418]
25318297000169,"CITYMEDIC INDUSTRIA, COMERCIO E SERVICOS DE MATERIAIS HOSPITALARES LTDA",3,"CITYMEDIC INDUSTRIA, COM [M1419]"
25329901000152,MGS BRASIL DISTRIBUIDORA LTDA,2,MGS BRASIL DISTRIBUIDORA [M1420]
25398752000183,DJ COMERCIO E SERVICO EM GERAL LTDA,1,DJ COMERCIO E SERVICO EM [M1421]
25407581000101,NANOSENS LTDA.,1,NANOSENS LTDA. [M1422]
25463374000174,MEDEFE PRODUTOS MEDICO- HOSPITALARES LTDA,7,MEDEFE PRODUTOS MEDICO-  [M1423]
25773037000183,PHARMASCIENCE INDUSTRIA FARMACEUTICA S.A,672,PHARMASCIENCE INDUSTRIA  [M1424]
25980095000188,MASSA FALIDA DE CLAIR MONT INDUSTRIA E COMERCIO LTDA,1,MASSA FALIDA DE CLAIR MO [M1425]
26003887000165,DESCARTATA CONFECCOES LTDA,2,DESCARTATA CONFECCOES LT [M1426]
26024381000132,TECSO INDUSTRIA E COMERCIO DE COSMETICOS LTDA,18,TECSO INDUSTRIA E COMERC [M1427]
26034121000148,PRIMO MANHANI NETO,19,PRIMO MANHANI NETO [M1428]
26043097000103,FATO IMPORTADORA E EXPORTADORA DE INSTRUMENTOS CIRURGICOS LTDA,47,FATO IMPORTADORA E EXPOR [M1429]
26052170000103,HR HOSPITALAR LTDA,2,HR HOSPITALAR LTDA [M1430]
26089337000100,BELLPHARMA MEDICAMENTOS LTDA,1,BELLPHARMA MEDICAMENTOS  [M1431]
26117900000107,PREMA INDUSTRIA E COMERCIO DE PRODUTOS MEDICOS HOSPITALARES LTDA,2,PREMA INDUSTRIA E COMERC [M1432]
26145871000197,OPEN MEDICAL COMERCIO IMPORTACAO E EXPORTACAO LTDA,19,OPEN MEDICAL COMERCIO IM [M1433]
26160989000194,DESCTEXTIL INDUSTRIA E COMERCIO DE PRODUTOS PARA SAUDE LTDA,2,DESCTEXTIL INDUSTRIA E C [M1434]
26185222000110,PASSROD IMPORTACAO E EXPORTACAO DE PRODUTOS PARA SAUDE LTDA,17,PASSROD IMPORTACAO E EXP [M1435]
26234900000197,HOSPILAR COMERCIO DE MATERIAL MEDICO HOSPITALAR EIRELI,2,HOSPILAR COMERCIO DE MAT [M1436]
26240632000116,DENTAL HIGIX PRODUTOS ODONTOLOGICOS MEDICOS HOSPITALARES LTDA.,5,DENTAL HIGIX PRODUTOS OD [M1437]
26263959000103,DOMO SALUTE CONSULTORIA REGULATORIA LTDA,4,DOMO SALUTE CONSULTORIA  [M1438]
26318479000100,BEDALM PHARMA DO BRASIL LTDA.,19,BEDALM PHARMA DO BRASIL  [M1439]
26325797000190,EREMIX INDUSTRIA DE ALIMENTOS ESPECIAIS LTDA,29,EREMIX INDUSTRIA DE ALIM [M1440]
26337573000107,NUTRIMAX HOSPITALAR LTDA,1,NUTRIMAX HOSPITALAR LTDA [M1441]
26385056000103,PAULA GONCALVES DA SILVA,13,PAULA GONCALVES DA SILVA [M1442]
26397154000152,3P MEDICAL LTDA,10,3P MEDICAL LTDA [M1443]
26401571000121,TRES PHARMA DISTRIBUIDORA E SERVICOS LTDA,2,TRES PHARMA DISTRIBUIDOR [M1444]
26402053000122,BE LIFE INDUSTRIA COMERCIO IMPORTACAO E EXPORTACAO DE MATERIAIS HOSPITALARES LTDA,16,BE LIFE INDUSTRIA COMERC [M1445]
26439487000105,SANDOM INDUSTRIA E COMERCIO FARMACEUTICO LTDA,8,SANDOM INDUSTRIA E COMER [M1446]
26476191000156,HIROMED PRODUTOS HOSPITALARES LTDA,1,HIROMED PRODUTOS HOSPITA [M1447]
26556283000146,PRIMED COMERCIO DE PRODUTOS HOSPITALARES LTDA,2,PRIMED COMERCIO DE PRODU [M1448]
26570361000167,PORTAL DISTRIBUIDORA HOSPITALAR LTDA,3,PORTAL DISTRIBUIDORA HOS [M1449]
26603680000121,MORAMED MANUTENCAO E VENDA DE ACESSORIOS MEDICO HOSPITALAR LTDA,1,MORAMED MANUTENCAO E VEN [M1450]
26628908000138,URSA COMERCIAL LTDA,30,URSA COMERCIAL LTDA [M1451]
26685436000155,GOLD CARE COMERCIO DE MATERIAIS CIRURGICOS E HOSPITALARES LTDA,1,GOLD CARE COMERCIO DE MA [M1452]
26751186000104,AMERICAN HEALTH PRODUTOS PARA SAUDE LTDA,23,AMERICAN HEALTH PRODUTOS [M1453]
26757894000152,LEMED DISTRIBUIDORA MATERIAIS HOSPITALARES LTDA,1,LEMED DISTRIBUIDORA MATE [M1454]
26898124000120,FARMANORTE COMERCIO E MANIPULACAO DE MEDICAMENTOS LTDA,6,FARMANORTE COMERCIO E MA [M1455]
26965679000147,GG INDUSTRIA DE EQUIPAMENTOS MEDICOS LTDA,11,GG INDUSTRIA DE EQUIPAME [M1456]
27011022000103,BL INDUSTRIA OTICA LTDA,135,BL INDUSTRIA OTICA LTDA [M1457]
27029083000106,ODONTOMASTER COMERCIO DE PRODUTOS PARA SAUDE LTDA,3,ODONTOMASTER COMERCIO DE [M1458]
27075106000100,NOVIDA INDUSTRIA E COMERCIO DE MOVEIS LTDA,1,NOVIDA INDUSTRIA E COMER [M1459]
27080739000107,PRIME SOLUCOES EM SAUDE LTDA,1,PRIME SOLUCOES EM SAUDE  [M1460]
27089709000161,FIRSTLAB INDUSTRIA IMPORTACAO E EXPORTACAO DE PRODUTOS PARA LABORATORIOS LTDA,134,FIRSTLAB INDUSTRIA IMPOR [M1461]
27089709000242,FIRSTLAB INDUSTRIA IMPORTACAO E EXPORTACAO DE PRODUTOS PARA LABORATORIOS LTDA,2,FIRSTLAB INDUSTRIA IMPOR [M1462]
27130979000179,OPEN FARMA COMERCIO DE PRODUTOS HOSPITALARES LTDA,3,OPEN FARMA COMERCIO DE P [M1463]
27156872000108,VILLE COMERCIO E SERVICOS DE MOVEIS LTDA,4,VILLE COMERCIO E SERVICO [M1464]
27311107000107,SC MED DISTRIBUIDORA MEDICO HOSPITALAR LTDA,1,SC MED DISTRIBUIDORA MED [M1465]
27325768000191,PREMIUM HOSPITALAR LTDA,152,PREMIUM HOSPITALAR LTDA [M1466]
27376022000107,PRIME CIRURGICA IMPORTADORA E DISTRIBUIDORA DE MERCADORIAS E EQUIPAMENTOS MEDICOS E HOSPITALARES LTDA,175,PRIME CIRURGICA IMPORTAD [M1467]
27376632000100,EXATA DISTRIBUIDORA DE MEDICAMENTOS - EIRELI,1,EXATA DISTRIBUIDORA DE M [M1468]
27401513000160,DEVANT CARE COMERCIAL LTDA,4,DEVANT CARE COMERCIAL LT [M1469]
27435570000160,NUTRI CENTER PRODUTOS NUTRICIONAIS LTDA,1,NUTRI CENTER PRODUTOS NU [M1470]
27468000000177,MED COMPANY - INDUSTRIA TEXTIL LTDA,5,MED COMPANY - INDUSTRIA  [M1471]
27608037000153,DEJAMARO INDUSTRIA E COMERCIO DE PRODUTOS MEDICOS-HOSPITALARES LTDA,65,DEJAMARO INDUSTRIA E COM [M1472]
27617206000111,HUMANNA MEDICAL LTDA,1,HUMANNA MEDICAL LTDA [M1473]
27656480000108,PROATIVA HOSPITALAR LTDA,1,PROATIVA HOSPITALAR LTDA [M1474]
27672908000106,WIENSKOSKI & FAIOLA LTDA,107,WIENSKOSKI & FAIOLA LTDA [M1475]
27710825000156,MINAS MED BRASIL LTDA,2,MINAS MED BRASIL LTDA [M1476]
27806274000129,PROMEDI DISTRIBUIDORA DE PRODUTOS HOSPITALARES LTDA,3,PROMEDI DISTRIBUIDORA DE [M1477]
27854119000188,BETHA QUIMICA INDUSTRIA E COMERCIO DE PRODUTOS QUIMICOS LTDA,7,BETHA QUIMICA INDUSTRIA  [M1478]
28104240000236,QUALYNUTRI NUTRACEUTICOS LTDA,21,QUALYNUTRI NUTRACEUTICOS [M1479]
28114563000120,BRIT DISTRIBUIDORA DE MATERIAL MEDICO LTDA,2,BRIT DISTRIBUIDORA DE MA [M1480]
28123417000160,PARTNER FARMA DISTRIBUIDORA DE MEDICAMENTOS LTDA,5,PARTNER FARMA DISTRIBUID [M1481]
28145496000100,IGEMEDIC DISTRIBUIDORA HOSPITALAR LTDA,3,IGEMEDIC DISTRIBUIDORA H [M1482]
28184138000107,WF INDUSTRIA E COMERCIO DE FRALDAS LTDA,49,WF INDUSTRIA E COMERCIO  [M1483]
28215470000191,GOLDMED IMPORTACAO DE PRODUTOS HOSPITALARES LTDA.,15,GOLDMED IMPORTACAO DE PR [M1484]
28227946000104,FERREIRA COMERCIO DE ARTIGOS MEDICOS E ORTOPEDICOS LTDA,1,FERREIRA COMERCIO DE ART [M1485]
28273249000190,NEO INDUSTRIA E COMERCIO DE PRODUTOS HOSPITALARES LTDA,36,NEO INDUSTRIA E COMERCIO [M1486]
28289799000105,SOS DISTRIBUIDORA IMPORTADORA E EXPORTADORA DE PRODUTOS PARA SAUDE LTDA,3,SOS DISTRIBUIDORA IMPORT [M1487]
28345933000130,BRAMED COMERCIO HOSPITALAR DO BRASIL LTDA,13,BRAMED COMERCIO HOSPITAL [M1488]
28415097000112,ANAPOLIS INDUSTRIA E COMERCIO DE PRODUTOS HOSPITALARES LTDA,183,ANAPOLIS INDUSTRIA E COM [M1489]
28418133000100,MED VITTA COMERCIO DE PRODUTOS HOSPITALARES LTDA,1,MED VITTA COMERCIO DE PR [M1490]
28421328000109,ALLIANCA EQUIPAMENTOS MEDICOS LTDA,2,ALLIANCA EQUIPAMENTOS ME [M1491]
28531958000128,MRV PRODUTOS MEDICOS E ODONTOLOGICOS LTDA.,41,MRV PRODUTOS MEDICOS E O [M1492]
28535028000142,CAB INDUSTRIA E COMERCIO DE PAPEIS LTDA,1,CAB INDUSTRIA E COMERCIO [M1493]
28547190000180,GRAZIELA VELANI ABUFARES COMERCIO DE MEDICAMENTOS LTDA,10,GRAZIELA VELANI ABUFARES [M1494]
28570692000122,PHARMA STAR COMERCIO DE MEDICAMENTOS LTDA,9,PHARMA STAR COMERCIO DE  [M1495]
28584043000180,TOQUE DAS FEITICEIRAS PRODUTOS NATURAIS LTDA,4,TOQUE DAS FEITICEIRAS PR [M1496]
28614626000107,LABORATORIO DE EXTRATOS ALERGENICOS LTDA,5,LABORATORIO DE EXTRATOS  [M1497]
28634665000176,HEARST LABORATORIOS DO BRASIL LTDA,1,HEARST LABORATORIOS DO B [M1498]
28753796000172,ISOFAR INDUSTRIA E COMERCIO DE PRODUTOS QUIMICOS LTDA,115,ISOFAR INDUSTRIA E COMER [M1499]
28791011000156,FOX INDUSTRIA E COMERCIO DE MATERIAIS MEDICOS E HOSPITALARES LTDA,23,FOX INDUSTRIA E COMERCIO [M1500]
28820255000110,"SUPREMA DENTAL IMPORTACAO, EXPORTACAO E COMERCIO DE PRODUTOS ODONTOLOGICOS LTDA",1,SUPREMA DENTAL IMPORTACA [M1501]
28843702000156,CONECTAMED - COMERCIO E DISTRIBUICAO LTDA,2,CONECTAMED - COMERCIO E  [M1502]
28846752000197,INNOVAPHARMA LABORATORIO E MANIPULACAO LTDA,1,INNOVAPHARMA LABORATORIO [M1503]
28857335000140,"MAXIMA DENTAL IMPORTACAO, EXPORTACAO E COMERCIO DE PRODUTOS ODONTOLOGICOS LTDA",132,MAXIMA DENTAL IMPORTACAO [M1504]
28862209000183,POLIBOR LTDA,10,POLIBOR LTDA [M1505]
28911309000152,ESPIRITO SANTO DISTRIBUIDORA DE PRODUTOS HOSPITALARES LTDA,9,ESPIRITO SANTO DISTRIBUI [M1506]
28924885000134,QUEST INTERNATIONAL LOGISTICS LTDA,1,QUEST INTERNATIONAL LOGI [M1507]
28938645000199,PINUS INDUSTRIA QUIMICA E FARMACEUTICA LTDA,1,PINUS INDUSTRIA QUIMICA  [M1508]
28942435000174,ASP - FARMACEUTICA LTDA,2,ASP - FARMACEUTICA LTDA [M1509]
28954946000106,RAMON LEONCIO BARROS DE VASCONCELOS,1,RAMON LEONCIO BARROS DE  [M1510]
28993612000141,BIOTEK COMERCIO DE MATERIAIS MEDICOS HOSPITALARES LTDA,6,BIOTEK COMERCIO DE MATER [M1511]
29032903000136,PLENA MEDICA HOSPITALAR LTDA,2,PLENA MEDICA HOSPITALAR  [M1512]
29057136000110,SURGICALMEDI - IMPORTADORA E DISTRIBUIDORA DE MATERIAIS CIRURGICOS LTDA,7,SURGICALMEDI - IMPORTADO [M1513]
29084765000139,LAM BRASIL EQUIPAMENTOS MEDICOS LTDA,1,LAM BRASIL EQUIPAMENTOS  [M1514]
29127216000102,AF EMPREENDIMENTOS LTDA,1,AF EMPREENDIMENTOS LTDA [M1515]
29190430000103,GLOBAL REGULATORY PARTNERS BRASIL EIRELI,7,GLOBAL REGULATORY PARTNE [M1516]
29206899000185,FBELLA LTDA,1,FBELLA LTDA [M1517]
29220512000145,MCN COMERCIO E IMPORTACAO DE PRODUTOS CIRURGICOS LTDA,119,MCN COMERCIO E IMPORTACA [M1518]
29223425000141,FORTSEC INDUSTRIA & COMERCIO DE PRODUTOS DE HIGIENE LTDA,1,FORTSEC INDUSTRIA & COME [M1519]
29277167000186,COOPERATIVA REGIONAL AGROPECUARIA DE MACUCO LIMITADA,1,COOPERATIVA REGIONAL AGR [M1520]
29311964000132,MARSEG EQUIPAMENTOS DE PROTECAO LTDA,1,MARSEG EQUIPAMENTOS DE P [M1521]
29346301000153,LABORATORIO FARMACEUTICO VITAMED LTDA,616,LABORATORIO FARMACEUTICO [M1522]
29599516000186,DRYLOCK TECHNOLOGIES PARTICIPACOES LTDA.,50,DRYLOCK TECHNOLOGIES PAR [M1523]
29602808000120,DIAMANTE MATERIAL MEDICO HOSPITALAR LTDA,4,DIAMANTE MATERIAL MEDICO [M1524]
29614830000190,MEDITON FARMACEUTICA LTDA -,1,MEDITON FARMACEUTICA LTD [M1525]
29619751000172,ZAPMEDICA PRODUTOS E EQUIPAMENTOS PARA A SAUDE LTDA,1,ZAPMEDICA PRODUTOS E EQU [M1526]
29689057000121,P S M EQUIPAMENTOS MEDICOS LTDA,1,P S M EQUIPAMENTOS MEDIC [M1527]
29791821000175,MAGNA INDUSTRIA DE MATERIAIS HOSPITALARES LTDA,10,MAGNA INDUSTRIA DE MATER [M1528]
29907666000100,"VYP MATERIAL HOSPITALAR COMERCIO, IMPORTACAO E EXPORTACAO LTDA",1,VYP MATERIAL HOSPITALAR  [M1529]
29928032000133,GLASSLAB ARTIGOS PARA LABORATORIO LTDA,1,GLASSLAB ARTIGOS PARA LA [M1530]
29986299000187,LATIN HEALTH IMPORTADORA E DISTRIBUIDORA LTDA.,1,LATIN HEALTH IMPORTADORA [M1531]
29992682000148,ECOMED COMERCIO DE PRODUTOS MEDICOS LTDA,8,ECOMED COMERCIO DE PRODU [M1532]
30034749000110,MARCELA CAROLINE BASTOS SALDANHA EIRELI,1,MARCELA CAROLINE BASTOS  [M1533]
30036611000150,ECOFARMA COMERCIO DE MEDICAMENTOS LTDA,2,ECOFARMA COMERCIO DE MED [M1534]
30048726000165,BELA MAGAZINE COMERCIO VAREJISTA DE MOVEIS LTDA,2,BELA MAGAZINE COMERCIO V [M1535]
30064034000100,"INSTITUTO VITAL BRAZIL S/A (CENTRO DE PESQUISAS, PRODUTOS QUIMICOS E BIOLOGICOS)",51,INSTITUTO VITAL BRAZIL S [M1536]
30082076000174,ABSOLUTA SAUDE IMP. EXP. E COMERCIO DE PRODUTOS PARA SAUDE LTDA,49,ABSOLUTA SAUDE IMP. EXP. [M1537]
30096901000190,TOSETTI LTDA,8,TOSETTI LTDA [M1538]
30153811000193,GUERBET IMAGEM DO BRASIL LTDA,7,GUERBET IMAGEM DO BRASIL [M1539]
30197366000163,LANZA MEDICAL EQUIPAMENTOS ODONTO MEDICOS LTDA,1,LANZA MEDICAL EQUIPAMENT [M1540]
30203451000197,VILHEMED COM. ATACADISTA E VAREJISTA DE INSTRUMENTOS E MATERIAIS PARA USO MEDICO LTDA,1,VILHEMED COM. ATACADISTA [M1541]
30222814000131,VITAMEDIC INDUSTRIA FARMACEUTICA LTDA,2908,VITAMEDIC INDUSTRIA FARM [M1542]
30278428000161,L'OREAL BRASIL COMERCIAL DE COSMETICOS LTDA,3,L'OREAL BRASIL COMERCIAL [M1543]
30280358000186,ROCHE DIAGNOSTICA BRASIL LTDA.,12,ROCHE DIAGNOSTICA BRASIL [M1544]
30280358000429,ROCHE DIAGNOSTICA BRASIL LTDA.,1,ROCHE DIAGNOSTICA BRASIL [M1545]
30313266000155,RONI ALZI VIDROS CIENTIFICOS LTDA,5,RONI ALZI VIDROS CIENTIF [M1546]
30322475000165,DOCTORMED COMERCIAL LTDA,3,DOCTORMED COMERCIAL LTDA [M1547]
30332829000152,HEMAFARMA COMERCIO E INDUSTRIA FARMACEUTICA LTDA,3,HEMAFARMA COMERCIO E IND [M1548]
30450803000109,ZAMMI INSTRUMENTAL LTDA,79,ZAMMI INSTRUMENTAL LTDA [M1549]
30518247000165,EXCELMED DISTRIBUIDORA DE MATERIAIS MEDICOS E ODONTOLOGICOS LTDA,79,EXCELMED DISTRIBUIDORA D [M1550]
30667695000120,HARTMANN INDUSTRIA E COMERCIO DE PRODUTOS MEDICO-HOSPITALARES LTDA,27,HARTMANN INDUSTRIA E COM [M1551]
30754325000120,MEDSI DISTRIBUIDORA DE MEDICAMENTOS LTDA,3,MEDSI DISTRIBUIDORA DE M [M1552]
30763301000138,BEONE MEDICINES BRASIL LTDA,3,BEONE MEDICINES BRASIL L [M1553]
30768464000103,CONSTRUVIC MATERIAIS PARA CONSTRUCAO LTDA,1,CONSTRUVIC MATERIAIS PAR [M1554]
30820069000122,M2LIFE COMERCIAL IMPORTADORA E EXPORTADORA LTDA,65,M2LIFE COMERCIAL IMPORTA [M1555]
30820069000203,M2LIFE COMERCIAL IMPORTADORA E EXPORTADORA LTDA,7,M2LIFE COMERCIAL IMPORTA [M1556]
30872270000153,PF CONSUMER HEALTHCARE BRAZIL IMPORTADORA E DISTRIBUIDORA DE MEDICAMENTOS LTDA,3,PF CONSUMER HEALTHCARE B [M1557]
30881804000108,MAGNUS MED COMERCIO DE PRODUTOS HOSPITALARES E MEDICAMENTOS LTDA,1,MAGNUS MED COMERCIO DE P [M1558]
30888187000172,PEROLA IMPORTADORA E DISTRIBUIDORA HOSPITALAR LTDA,10,PEROLA IMPORTADORA E DIS [M1559]
30984754000194,DIAGFAST PRODUTOS PARA LABORATORIOS LTDA,15,DIAGFAST PRODUTOS PARA L [M1560]
31111412000122,LABORVIDA LABORATORIOS FARMACEUTICOS LTDA,2,LABORVIDA LABORATORIOS F [M1561]
31116239000155,DENTSPLY INDUSTRIA E COMERCIO LIMITADA,556,DENTSPLY INDUSTRIA E COM [M1562]
31123929000131,RHAUNYR NAPOLEAO ALVES SOBRAL LTDA,3,RHAUNYR NAPOLEAO ALVES S [M1563]
31131938000174,MEDIC PRODUTOS PARA SAUDE LTDA,10,MEDIC PRODUTOS PARA SAUD [M1564]
31144995000198,COMPBRASIL COMERCIO DE MAQUINAS E EQUIPAMENTOS LTDA,1,COMPBRASIL COMERCIO DE M [M1565]
31170914000124,MAYBEN PHARMACEUTICAL LTDA,208,MAYBEN PHARMACEUTICAL LT [M1566]
31228836000171,ORTOBRAS INDUSTRIA E COMERCIO DE ORTOPEDIA LTDA,6,ORTOBRAS INDUSTRIA E COM [M1567]
31258478000140,TECHNEW COMERCIO E INDUSTRIA LTDA. - FALIDO,53,TECHNEW COMERCIO E INDUS [M1568]
31258478000220,TECHNEW COMERCIO E INDUSTRIA LTDA. - FALIDO,76,TECHNEW COMERCIO E INDUS [M1569]
31277525000100,MULTI-MARCAS INDUSTRIA DE PRODUTOS HIGIENICOS LTDA,2,MULTI-MARCAS INDUSTRIA D [M1570]
31327287000192,BIOPAS BRASIL PRODUTOS FARMACEUTICOS LTDA,18,BIOPAS BRASIL PRODUTOS F [M1571]
31372346000144,PORTAL EQUIPAMENTOS HOSPITALARES LTDA,2,PORTAL EQUIPAMENTOS HOSP [M1572]
31374700000170,SOIN VIE FARMACEUTICA E NUTRICAO LTDA,95,SOIN VIE FARMACEUTICA E  [M1573]
31396050000163,DM LOGISTICA HOSPITALAR LTDA.,1,DM LOGISTICA HOSPITALAR  [M1574]
31401798000107,DENTAL BH BRASIL COMERCIO DE PRODUTOS ODONTO-MEDICO-HOSPITALAR LTDA,5,DENTAL BH BRASIL COMERCI [M1575]
31419958000145,MERCADAO DAS MASCARAS EIRELI,1,MERCADAO DAS MASCARAS EI [M1576]
31434320000183,RAVIMED FARMACEUTICA LTDA,2,RAVIMED FARMACEUTICA LTD [M1577]
31531888000112,GVFLEX INDUSTRIA E COMERCIO DE PRODUTOS PARA SAUDE LTDA,22,GVFLEX INDUSTRIA E COMER [M1578]
31673254000102,LABORATORIOS B BRAUN SA,118,LABORATORIOS B BRAUN SA [M1579]
31709675000138,DIGIFLEX GRAFICA E ETIQUETAS LTDA,3,DIGIFLEX GRAFICA E ETIQU [M1580]
31724769000186,KAMED DISTRIBUIDORA DE MEDICAMENTO S/A,2,KAMED DISTRIBUIDORA DE M [M1581]
31731807000128,SPECIALTY PHARMA GOIAS LTDA,1,SPECIALTY PHARMA GOIAS L [M1582]
31863595000132,VESTSEG - SOLUCOES EM VESTIMENTAS PROFISSIONAIS LTDA,3,VESTSEG - SOLUCOES EM VE [M1583]
31864051000195,PLAST LABOR IND.E COM.DE EQUIP.HOSP.E LABORATORIO LTDA,4,PLAST LABOR IND.E COM.DE [M1584]
31875990000135,SANDA PRODUTOS DE LIMPEZA LTDA,1,SANDA PRODUTOS DE LIMPEZ [M1585]
31903131000102,ALCALIMP INDUSTRIA E COMERCIO LTDA,1,ALCALIMP INDUSTRIA E COM [M1586]
32137424000199,ALKO DO BRASIL INDUSTRIA E COMERCIO LTDA,1,ALKO DO BRASIL INDUSTRIA [M1587]
32237610000108,SOMAR INDUSTRIA E COMERCIO LTDA,2,SOMAR INDUSTRIA E COMERC [M1588]
32256235000135,WHITENESS DO BRASIL INDUSTRIA LTDA,76,WHITENESS DO BRASIL INDU [M1589]
32282308000163,J DE BRITO - DISTRIBUIDORA DE MEDICAMENTOS E CORRELATOS LTDA,2,J DE BRITO - DISTRIBUIDO [M1590]
32304095000123,DENTARIA BRASIL INDUSTRIA E COMERCIO DE PRODUTOS ODONTOLOGICOS LTDA,2,DENTARIA BRASIL INDUSTRI [M1591]
32407538000101,INDUSTRIA FRONTINENSE DE LATEX SA,202,INDUSTRIA FRONTINENSE DE [M1592]
32407538000454,INDUSTRIA FRONTINENSE DE LATEX SA,232,INDUSTRIA FRONTINENSE DE [M1593]
32426901000136,MEDCLIN REPRESENTACAO E COMERCIO LTDA,3,MEDCLIN REPRESENTACAO E  [M1594]
32624131000136,COMERCIAL PROMOSTORE CONFECCOES LTDA,6,COMERCIAL PROMOSTORE CON [M1595]
32635445000134,VALE COMERCIO DE PRODUTOS MEDICOS E HOSPITALARES LTDA,7,VALE COMERCIO DE PRODUTO [M1596]
32784492000140,M.R. OEMED INDUSTRIA FARMACEUTICA LTDA,3,M.R. OEMED INDUSTRIA FAR [M1597]
32910616000196,BS DISTRIBUIDORA HOSPITALAR LTDA,1,BS DISTRIBUIDORA HOSPITA [M1598]
32929819000124,ALCON BRASIL CUIDADOS COM A SAUDE LTDA,2,ALCON BRASIL CUIDADOS CO [M1599]
33009945000123,PRODUTOS ROCHE QUIMICOS E FARMACEUTICOS S A,1165,PRODUTOS ROCHE QUIMICOS  [M1600]
33009945000204,PRODUTOS ROCHE QUIMICOS E FARMACEUTICOS S A,16,PRODUTOS ROCHE QUIMICOS  [M1601]
33009945002339,PRODUTOS ROCHE QUIMICOS E FARMACEUTICOS S A,30,PRODUTOS ROCHE QUIMICOS  [M1602]
33019548000132,SILVESTRE LABS QUIMICA & FARMACEUTICA LTDA,47,SILVESTRE LABS QUIMICA & [M1603]
33026055000120,MEGALABS FARMACEUTICA S.A.,18,MEGALABS FARMACEUTICA S. [M1604]
33026055000553,MEGALABS FARMACEUTICA S.A.,1,MEGALABS FARMACEUTICA S. [M1605]
33036815000180,QUIMICA HALLER LTDA,14,QUIMICA HALLER LTDA [M1606]
33040635000171,BIOMERIEUX BRASIL INDUSTRIA E COMERCIO DE PRODUTOS LABORATORIAIS LTDA,10,BIOMERIEUX BRASIL INDUST [M1607]
33051491000159,LABORATORIOS PIERRE FABRE DO BRASIL LTDA,11,LABORATORIOS PIERRE FABR [M1608]
33060302000104,CENTRO AUDITIVO TELEX LTDA,1,CENTRO AUDITIVO TELEX LT [M1609]
33060302009675,CENTRO AUDITIVO TELEX LTDA,1,CENTRO AUDITIVO TELEX LT [M1610]
33068320000132,ASCLEPIOS EQUIPAMENTOS HOSPITALARES LTDA,8,ASCLEPIOS EQUIPAMENTOS H [M1611]
33069212000184,MERCK S/A,2739,MERCK S/A [M1612]
33069212001237,MERCK S/A,3,MERCK S/A [M1613]
33078528000132,TORRENT DO BRASIL LTDA,812,TORRENT DO BRASIL LTDA [M1614]
33078528000485,TORRENT DO BRASIL LTDA,71,TORRENT DO BRASIL LTDA [M1615]
33089180000260,PRLV INDUSTRIA DE SUPLEMENTOS ALIMENTARES LTDA,5,PRLV INDUSTRIA DE SUPLEM [M1616]
33109356000117,CASA GRANADO LABORATORIOS FARMACIAS E DROGARIAS S A,14,CASA GRANADO LABORATORIO [M1617]
33109356000460,CASA GRANADO LABORATORIOS FARMACIAS E DROGARIAS S A,5,CASA GRANADO LABORATORIO [M1618]
33112665000146,DFL INDUSTRIA E COMERCIO S/A,567,DFL INDUSTRIA E COMERCIO [M1619]
33112665000499,DFL INDUSTRIA E COMERCIO S/A,55,DFL INDUSTRIA E COMERCIO [M1620]
33122466000704,CERAS JOHNSON LTDA,2,CERAS JOHNSON LTDA [M1621]
33145194000172,LABORATORIO GROSS S A,110,LABORATORIO GROSS S A [M1622]
33150764000112,BIOLAB FARMA GENERICOS LTDA,914,BIOLAB FARMA GENERICOS L [M1623]
33173097000274,CELLERA FARMACEUTICA S.A.,792,CELLERA FARMACEUTICA S.A [M1624]
33223157000135,MAKROFARMA QUIMICA FARMACEUTICA LTDA,1,MAKROFARMA QUIMICA FARMA [M1625]
33231957000106,BELLAVIA COMERCIO DE EQUIPAMENTOS E MATS. HOSPITALARES LTDA,1,BELLAVIA COMERCIO DE EQU [M1626]
33247743000110,GLAXOSMITHKLINE BRASIL LTDA,1522,GLAXOSMITHKLINE BRASIL L [M1627]
33247743003569,GLAXOSMITHKLINE BRASIL LTDA,17,GLAXOSMITHKLINE BRASIL L [M1628]
33247743004450,GLAXOSMITHKLINE BRASIL LTDA,70,GLAXOSMITHKLINE BRASIL L [M1629]
33255787000191,IBF INDUSTRIA BRASILEIRA DE FILMES S/A.,33,IBF INDUSTRIA BRASILEIRA [M1630]
33255787001163,IBF INDUSTRIA BRASILEIRA DE FILMES S/A.,92,IBF INDUSTRIA BRASILEIRA [M1631]
33258401000103,INSTITUTO BIOCHIMICO INDUSTRIA FARMACEUTICA LTDA,314,INSTITUTO BIOCHIMICO IND [M1632]
33258401000448,INSTITUTO BIOCHIMICO INDUSTRIA FARMACEUTICA LTDA,38,INSTITUTO BIOCHIMICO IND [M1633]
33306929000798,PROCOSA PRODUTOS DE BELEZA LTDA,3,PROCOSA PRODUTOS DE BELE [M1634]
33325917000115,LONDON QUALITY ORAL HEALTH INDUSTRIA E COMERCIO DE PRODUTOS PARA SAUDE LTDA,278,LONDON QUALITY ORAL HEAL [M1635]
33348467000186,SHALON FIOS CIRURGICOS LTDA,505,SHALON FIOS CIRURGICOS L [M1636]
33348467000429,SHALON FIOS CIRURGICOS LTDA,771,SHALON FIOS CIRURGICOS L [M1637]
33348731000181,BIOTEST FARMACEUTICA LTDA,19,BIOTEST FARMACEUTICA LTD [M1638]
33349473000158,FARMOQUIMICA S A,1624,FARMOQUIMICA S A [M1639]
33349473000310,FARMOQUIMICA S A,251,FARMOQUIMICA S A [M1640]
33379884000196,LABORATORIO SIMOES LTDA,1,LABORATORIO SIMOES LTDA [M1641]
33408105000133,GREENPHARMA QUIMICA E FARMACEUTICA EM RECUPERACAO JUDICIAL LTDA,1647,GREENPHARMA QUIMICA E FA [M1642]
33416231000130,MAT EQUIPAMENTOS PARA GASES LTDA.,1,MAT EQUIPAMENTOS PARA GA [M1643]
33425331000122,VIGODENT INDUSTRIA E COMERCIO LTDA.,51,VIGODENT INDUSTRIA E COM [M1644]
33474289000130,FARMABRAZ BETA ATALAIA FARMACEUTICA LTDA,4,FARMABRAZ BETA ATALAIA F [M1645]
33524950000174,LABORATORIO BRASILEIRO DE BIOLOGIA LTDA,4,LABORATORIO BRASILEIRO D [M1646]
33656835000153,INNOVARE INDUSTRIA E COMERCIO DE PECAS PLASTICAS LTDA,6,INNOVARE INDUSTRIA E COM [M1647]
33660094000184,J.N.S. TEXTIL LTDA,23,J.N.S. TEXTIL LTDA [M1648]
33665866000170,BLUE PHARMA FOODS FABRICACAO DE ALIMENTOS DIETETICOS E COMPLEMENTOS ALIMENTARES LTDA,17,BLUE PHARMA FOODS FABRIC [M1649]
33697943000174,INDUSTRIA DE FRALDAS GBI LTDA,13,INDUSTRIA DE FRALDAS GBI [M1650]
33781055000135,FUNDACAO OSWALDO CRUZ,11,FUNDACAO OSWALDO CRUZ [M1651]
33811197000106,MEDFORMA IMPORTADORA E COMERCIO DE PRODUTOS LTDA,3,MEDFORMA IMPORTADORA E C [M1652]
33839828000197,NEVE INDUSTRIA E COMERCIO DE PRODUTOS CIRURGICOS LTDA.,57,NEVE INDUSTRIA E COMERCI [M1653]
33889341000119,"MF TRANSPORTE, INDUSTRIA E COMERCIO DE DESCARTAVEIS 2019 LTDA",2,"MF TRANSPORTE, INDUSTRIA [M1654]"
34061908000127,UDILIFE COM IMPORTACAO E EXPORTACAO LTDA,2,UDILIFE COM IMPORTACAO E [M1655]
34143706000124,MAISMED COMERCIO DE PRODUTOS PARA SAUDE LTDA,37,MAISMED COMERCIO DE PROD [M1656]
34186181000104,DLM HOSPITALAR LTDA,5,DLM HOSPITALAR LTDA [M1657]
34241320000155,AGUAS VITTORIA LTDA,1,AGUAS VITTORIA LTDA [M1658]
34274065000147,BIOFARMACEUTICA PRODUTOS MEDICO HOSPITALARES LTDA,28,BIOFARMACEUTICA PRODUTOS [M1659]
34440014000148,DEFERTEX INDUSTRIA E COMERCIO LTDA,5,DEFERTEX INDUSTRIA E COM [M1660]
34526327000113,RIOQUIMICA INDUSTRIA QUIMICA LTDA,382,RIOQUIMICA INDUSTRIA QUI [M1661]
34533298000117,CRUZ DISTRIBUIDORA DE DESCARTAVEIS LTDA,4,CRUZ DISTRIBUIDORA DE DE [M1662]
34638788000188,ANTONIO CARLOS OLIVEIRA MARTINS,1,ANTONIO CARLOS OLIVEIRA  [M1663]
34680592000151,BRASIL DEVICES EQUIPAMENTOS HOSPITALARES LTDA,2,BRASIL DEVICES EQUIPAMEN [M1664]
34686134000120,SNOP CORRELATOS INDUSTRIA E COMERCIO LTDA,31,SNOP CORRELATOS INDUSTRI [M1665]
34741612000157,"TCL QUIMICA INDUSTRIA DE MATERIAIS ODONTOLOGICOS, COMERCIO, IMPORTACAO E EXPORTACAO LTDA",2,TCL QUIMICA INDUSTRIA DE [M1666]
34743347000146,QUALITY IMPORTACAO E EXPORTACAO DE PRODUTOS PARA SAUDE LTDA.,1,QUALITY IMPORTACAO E EXP [M1667]
34758599000149,MEDICAL DA AMAZONIA LTDA,44,MEDICAL DA AMAZONIA LTDA [M1668]
34883104000103,RAPIDA INDUSTRIA DE PRODUTOS PARA SAUDE LTDA,1,RAPIDA INDUSTRIA DE PROD [M1669]
35042079000106,RF LEITE DISTRIBUIDORA DE MEDICAMENTOS E PRODUTOS PARA SAUDE LTDA,1,RF LEITE DISTRIBUIDORA D [M1670]
35067853000125,"TECHPHARMA HOSPITALAR COMERCIO, IMPORTACAO E EXPORTACAO LTDA",3,TECHPHARMA HOSPITALAR CO [M1671]
35098660000131,JOAO EVANGELISTA DE CAMPOS 03173986954,3,JOAO EVANGELISTA DE CAMP [M1672]
35322725000180,FARMA.GO HOSPITALAR LTDA,4,FARMA.GO HOSPITALAR LTDA [M1673]
35335996000170,C. OLIVEIRA PINTO JUNIOR LTDA,2,C. OLIVEIRA PINTO JUNIOR [M1674]
35356799000138,LAPON INDUSTRIA FARMACEUTICA LTDA,47,LAPON INDUSTRIA FARMACEU [M1675]
35411429000156,AVVIO INDUSTRIA & CIA LTDA,6,AVVIO INDUSTRIA & CIA LT [M1676]
35519951000156,CHARTAM INDUSTRIA E COMERCIO DE PAPEL LTDA,2,CHARTAM INDUSTRIA E COME [M1677]
35601772000163,GALDI HOSPITALAR LTDA,6,GALDI HOSPITALAR LTDA [M1678]
35687208000105,PETBONE COMERCIO E INDUSTRIA DE ARTIGOS PARA ANIMAIS LTDA,1,PETBONE COMERCIO E INDUS [M1679]
35785276000107,LUCIANO SERGIO GUIMARAES DE SA BARRETO,1,LUCIANO SERGIO GUIMARAES [M1680]
35810917000136,EXATA SUPRIMENTOS MEDICOS LTDA,2,EXATA SUPRIMENTOS MEDICO [M1681]
35820448005448,WHITE MARTINS GASES INDUSTRIAIS LTDA,1,WHITE MARTINS GASES INDU [M1682]
35820448009516,WHITE MARTINS GASES INDUSTRIAIS LTDA,3,WHITE MARTINS GASES INDU [M1683]
35820448012657,WHITE MARTINS GASES INDUSTRIAIS LTDA,3,WHITE MARTINS GASES INDU [M1684]
35841830000126,BEATRIZ FLAVIANA DIAS LUCIANELI NUNES,1,BEATRIZ FLAVIANA DIAS LU [M1685]
35927779000170,T A - INDUSTRIA E FACCAO DE ARTIGOS PARA O VESTUARIO LTDA,1,T A - INDUSTRIA E FACCAO [M1686]
35997345000146,HOSPIDROGAS COMERCIO DE PRODUTOS HOSPITALARES LTDA,4,HOSPIDROGAS COMERCIO DE  [M1687]
36008274000174,COMMAR COMERCIO INTERNACIONAL LTDA,1,COMMAR COMERCIO INTERNAC [M1688]
36164893000158,G.G INDUSTRIA E COMERCIO DE PLASTICOS LTDA,17,G.G INDUSTRIA E COMERCIO [M1689]
36194025000110,HIPER QUIM DO BRASIL IND E COM DE PROD DE LIMPEZA LTDA,2,HIPER QUIM DO BRASIL IND [M1690]
36328186000150,MARLEXEXPRESS PRODUTOS MEDICOS HOSPITALARES LTDA,5,MARLEXEXPRESS PRODUTOS M [M1691]
36427615000146,CARBOGRAFITE EQUIPAMENTOS INDUSTRIAIS LTDA,3,CARBOGRAFITE EQUIPAMENTO [M1692]
36452002000169,MASSAR PROTECAO E HIGIENE LTDA,4,MASSAR PROTECAO E HIGIEN [M1693]
36526169000127,BASAL - INDUSTRIA FARMACEUTICA LTDA,12,BASAL - INDUSTRIA FARMAC [M1694]
36674526000102,UPJOHN BRASIL IMPORTADORA E DISTRIBUIDORA DE MEDICAMENTOS LTDA.,40,UPJOHN BRASIL IMPORTADOR [M1695]
36753739000111,DMG COMERCIO E REPRESENTACOES DE MATERIAL MEDICO HOSPITALAR LTDA,4,DMG COMERCIO E REPRESENT [M1696]
36758579000101,HIGIAL INDUSTRIA QUIMICA LTDA,3,HIGIAL INDUSTRIA QUIMICA [M1697]
36940761000170,GREENCARE PHARMA COMERCIO ATACADISTA DE MEDICAMENTOS E COSMETICOS LTDA.,31,GREENCARE PHARMA COMERCI [M1698]
36984046000130,PROMEDIOL DO BRASIL LTDA.,1,PROMEDIOL DO BRASIL LTDA [M1699]
37014740000197,MAPLE HOSPITALAR COMERCIO E SERVICOS LTDA,2,MAPLE HOSPITALAR COMERCI [M1700]
37052128000109,CRIZANI INDUSTRIA E COMERCIO DE PRODUTOS PARA SAUDE LTDA,1,CRIZANI INDUSTRIA E COME [M1701]
37055977000116,BRASVAL COMERCIO E REPRESENTACOES LTDA,4,BRASVAL COMERCIO E REPRE [M1702]
37109539000193,C3 HEALTH SUPRIMENTOS MEDICOS E HOSPITALARES LTDA,1,C3 HEALTH SUPRIMENTOS ME [M1703]
37124240000108,FARMAUSA PHARMACEUTICAL LTDA.,3,FARMAUSA PHARMACEUTICAL  [M1704]
37182605000150,QLS - QUALITY LIFE SCIENCES IMPORTACAO E EXPORTACAO LTDA,2,QLS - QUALITY LIFE SCIEN [M1705]
37189427000190,VELINI & JUSSANI COMERCIO DE PRODUTOS ALIMENTICIOS NUTRACEUTICOS LTDA,2,VELINI & JUSSANI COMERCI [M1706]
37260261000150,MEDICAL SYSTEM BRASIL IMPORTACAO E COMERCIO DE PRODUTOS MEDICOS LTDA,23,MEDICAL SYSTEM BRASIL IM [M1707]
37265248000194,DMD EQUIPAMENTOS LTDA,2,DMD EQUIPAMENTOS LTDA [M1708]
37348946000153,OG MED EQUIPAMENTOS DE PROTECAO LTDA,1,OG MED EQUIPAMENTOS DE P [M1709]
37351602000101,"BELA COMERCIO IMPORTACAO E EXPORTACAO, FABRICACAO DE PRODUTOS E EQUIPAMENTOS LTDA",5,BELA COMERCIO IMPORTACAO [M1710]
37365601000108,OLIVEIRA INDUSTRIA E COMERCIO LTDA,2,OLIVEIRA INDUSTRIA E COM [M1711]
37397169000137,H&E EQUIPAMENTOS DE PROTECAO INDIVIDUAL DO BRASIL LTDA,1,H&E EQUIPAMENTOS DE PROT [M1712]
37529729000160,MR SAFETY COMERCIO DE EQUIPAMENTOS DE PROTECAO INDIVIDUAL LTDA,3,MR SAFETY COMERCIO DE EQ [M1713]
37585703000139,HIGIA FABRICACAO DE ACESSORIOS PARA SEGURANCA LTDA,2,HIGIA FABRICACAO DE ACES [M1714]
37652650000121,TOP HOUSE COMERCIO E FABRICACAO DE COLCHOES LTDA,3,TOP HOUSE COMERCIO E FAB [M1715]
37696646000165,IDEATON INDUSTRIA DE SUPLEMENTOS LTDA,25,IDEATON INDUSTRIA DE SUP [M1716]
37761151000172,HEALTH SAFE INDUSTRIA E COMERCIO DE EQUIPAMENTOS HOSPITALARES LTDA,10,HEALTH SAFE INDUSTRIA E  [M1717]
37787749000130,MEDI COMPANY EQUIPAMENTOS DE PROTECAO LTDA,3,MEDI COMPANY EQUIPAMENTO [M1718]
37820994000100,MEDIX BRASIL INDUSTRIA DE DESCARTAVEIS HOSPITALARES LTDA,596,MEDIX BRASIL INDUSTRIA D [M1719]
37844479000152,BIOLINE FIOS CIRURGICOS LTDA,359,BIOLINE FIOS CIRURGICOS  [M1720]
37859942000130,MAX PAPERS - FABRICACAO DE PRODUTOS DE PAPEL LTDA,2,MAX PAPERS - FABRICACAO  [M1721]
37876642000169,LF INDUSTRIA E COMERCIO LTDA,24,LF INDUSTRIA E COMERCIO  [M1722]
37910277000161,ODONTOMED INDUSTRIA E COMERCIO LTDA,2,ODONTOMED INDUSTRIA E CO [M1723]
38048013000103,MICROMED BIOTECNOLOGIA S.A.,1,MICROMED BIOTECNOLOGIA S [M1724]
38108988000180,BIOCON BIOLOGICS DO BRASIL LTDA.,21,BIOCON BIOLOGICS DO BRAS [M1725]
38184168000177,VALENMED INDUSTRIA E COMERCIO DE PRODUTOS DESCARTAVEIS LTDA,3,VALENMED INDUSTRIA E COM [M1726]
38295394000125,ESTRELA INDUSTRIA E COMERCIO DE PRODUTOS MEDICOS E HOSPITALARES LTDA,6,ESTRELA INDUSTRIA E COME [M1727]
38510020000185,FARMACIA BS LTDA,4,FARMACIA BS LTDA [M1728]
38627224000109,"NUNATURE LABS, LLC",3,"NUNATURE LABS, LLC [M1729]"
38646188000112,ANTARES QUIMICA LTDA,13,ANTARES QUIMICA LTDA [M1730]
38756680000140,DKT DO BRASIL PRODUTOS DE USO PESSOAL LTDA,8,DKT DO BRASIL PRODUTOS D [M1731]
38907770000195,PRISMA INSTRUMENTOS ODONTOLOGICOS LTDA,33,PRISMA INSTRUMENTOS ODON [M1732]
38909503000157,OPEM REPRESENTACAO IMPORTADORA EXPORTADORA E DISTR.LTDA,7,OPEM REPRESENTACAO IMPOR [M1733]
39032974000192,VIC PHARMA INDUSTRIA E COMERCIO LTDA,1071,VIC PHARMA INDUSTRIA E C [M1734]
39323886000140,SOCINTER SUL COMERCIO INTERNACIONAL LTDA,3,SOCINTER SUL COMERCIO IN [M1735]
39367749000107,TEGRA PHARMA DISTRIBUIDORA LTDA,1,TEGRA PHARMA DISTRIBUIDO [M1736]
39490976000125,MDR INDUSTRIA E COMERCIO DE PRODUTOS ODONTOLOGICOS LTDA,3,MDR INDUSTRIA E COMERCIO [M1737]
40175705000164,CEI COMERCIO EXPORTACAO E IMP DE MAT MEDICOS LTDA,38,CEI COMERCIO EXPORTACAO  [M1738]
40192608000180,BELLAFRAL CONFORT INDUSTRIA LTDA,13,BELLAFRAL CONFORT INDUST [M1739]
40197840000100,BRASIL SUL INDUSTRIA E COMERCIO LTDA,13,BRASIL SUL INDUSTRIA E C [M1740]
40208221000174,IDNLABS INDUSTRIA PHARMACEUTICAL & FOOD SUPPLEMENTS LTDA,1,IDNLABS INDUSTRIA PHARMA [M1741]
40357820000150,ULTRA TEXTIL INDUSTRIA E COMERCIO DE PRODUTOS HOSPITALARES LTDA,41,ULTRA TEXTIL INDUSTRIA E [M1742]
40649293000157,ANA JULIA MARTINS FALEIROS DE ANDRADE LTDA,135,ANA JULIA MARTINS FALEIR [M1743]
40764896000108,PROLIMP PRODUTOS E SERVICOS LTDA,3,PROLIMP PRODUTOS E SERVI [M1744]
40809626000168,BIOWELL AMERICA LTDA,18,BIOWELL AMERICA LTDA [M1745]
40989688000107,LETOMED INDUSTRIA E COMERCIO DE PRODUTOS HOSPITALARES LTDA,36,LETOMED INDUSTRIA E COME [M1746]
41041094000124,SOCC COMERCIO E CONFECCAO DE PRODUTOS DESCARTAVEIS LTDA,2,SOCC COMERCIO E CONFECCA [M1747]
41150160000102,RAVA EMBALAGENS INDUSTRIA E COMERCIO LTDA,7,RAVA EMBALAGENS INDUSTRI [M1748]
41397377000103,METALAB COMERCIO E INDUSTRIA FARMACEUTICA LTDA,2,METALAB COMERCIO E INDUS [M1749]
41429048000105,NTS - COMERCIO E INDUSTRIA DE ALIMENTOS LTDA,8,NTS - COMERCIO E INDUSTR [M1750]
41453008000190,AMERICAN FACTORY LTDA,2,AMERICAN FACTORY LTDA [M1751]
41590794000178,HORIZON THERAPEUTICS BRASIL LTDA.,1,HORIZON THERAPEUTICS BRA [M1752]
41621496000106,RIOXI INDUSTRIA COMERCIO IMPORTACAO E EXPORTACAO DE EQUIPAMENTOS HOSPITALARES LTDA,1,RIOXI INDUSTRIA COMERCIO [M1753]
41637990000150,ITAJUBA INDUSTRIA QUIMICA E COMERCIO LTDA,1,ITAJUBA INDUSTRIA QUIMIC [M1754]
41654740000129,QUIMIFORT COMERCIO DE PRODUTOS QUIMICOS E LABORATORIAL LTDA,2,QUIMIFORT COMERCIO DE PR [M1755]
41847658000110,TECELAGEM MINASREY LTDA,21,TECELAGEM MINASREY LTDA [M1756]
41851336000145,BRAVA INDUSTRIA E COMERCIO LTDA,19,BRAVA INDUSTRIA E COMERC [M1757]
41921149000190,LABORATORIO FARMACEUTICO ARBORETO LTDA,7,LABORATORIO FARMACEUTICO [M1758]
42040380000138,BIMEX RS COMERCIO DE MEDICAMENTOS LTDA,18,BIMEX RS COMERCIO DE MED [M1759]
42160812000144,BECKMAN COULTER DO BRASIL COMERCIO E IMPORTACAO DE PRODUTOS DE LABORATORIO LTDA,5,BECKMAN COULTER DO BRASI [M1760]
42180406000143,GUERBET PRODUTOS RADIOLOGICOS LIMITADA,36,GUERBET PRODUTOS RADIOLO [M1761]
42374207000176,LABORATORIOS SERVIER DO BRASIL LTDA,697,LABORATORIOS SERVIER DO  [M1762]
42457796000156,DIFFUCAP-CHEMOBRAS QUIMICA E FARMACEUTICA LTDA,34,DIFFUCAP-CHEMOBRAS QUIMI [M1763]
42486076000119,LABORATORIO BRAVET LTDA,1,LABORATORIO BRAVET LTDA [M1764]
42493502000141,SOCIEDADE FARMACEUTICA HENFER LTDA.,2,SOCIEDADE FARMACEUTICA H [M1765]
42837716000198,IN VITRO DIAGNOSTICA LTDA,58,IN VITRO DIAGNOSTICA LTD [M1766]
42893222000120,DISTRIBUIDORA DE PRODUTOS ODONTENOVENSE LTDA,2,DISTRIBUIDORA DE PRODUTO [M1767]
43062587000176,INDUSTRIA DE JERSEY POM POM LTDA,3,INDUSTRIA DE JERSEY POM  [M1768]
43179225000160,TRANSMAI EQUIPAMENTOS MEDICOS HOSPITALARES LTDA,11,TRANSMAI EQUIPAMENTOS ME [M1769]
43192344000152,LA VITTA PRODUTOS HIGIENICOS LTDA,1,LA VITTA PRODUTOS HIGIEN [M1770]
43301230000101,MAXXIMED COMERCIO DE PRODUTOS MEDICOS HOSPITALARES LTDA,8,MAXXIMED COMERCIO DE PRO [M1771]
43312503000105,SUPERA FARMA LABORATORIOS S.A.,229,SUPERA FARMA LABORATORIO [M1772]
43426626000177,ALLERGAN PRODUTOS FARMACEUTICOS LTDA.,587,ALLERGAN PRODUTOS FARMAC [M1773]
43426626000924,ALLERGAN PRODUTOS FARMACEUTICOS LTDA.,217,ALLERGAN PRODUTOS FARMAC [M1774]
43447044000410,SONY BRASIL LTDA.,2,SONY BRASIL LTDA. [M1775]
43479500000241,ART VIDROS LTDA,1,ART VIDROS LTDA [M1776]
43499904000116,ALTAFLEX INDUSTRIA E COMERCIO DE LATEX LTDA,1,ALTAFLEX INDUSTRIA E COM [M1777]
43512870000152,CPL MEDICAL S PRODUTOS MEDICOS LTDA,99,CPL MEDICAL S PRODUTOS M [M1778]
43566371000148,BADEIA COMERCIO E IMPORTACAO LTDA,35,BADEIA COMERCIO E IMPORT [M1779]
43574433000163,ALPHACOM TEXTIL LTDA,2,ALPHACOM TEXTIL LTDA [M1780]
43576016000150,ICE- INSTRUMENTOS CIRURGICOS ESMERALDA LTDA,19,ICE- INSTRUMENTOS CIRURG [M1781]
43588045000131,ZOETIS INDUSTRIA DE PRODUTOS VETERINARIOS LTDA,3,ZOETIS INDUSTRIA DE PROD [M1782]
43640754000119,FUNDACAO PARA O REMEDIO POPULAR FURP,232,FUNDACAO PARA O REMEDIO  [M1783]
43728100000141,BC MED HOSPITALAR LTDA,10,BC MED HOSPITALAR LTDA [M1784]
43823525000130,HK FERRAMENTAS IMPORTACAO E EXPORTACAO LTDA.,1,HK FERRAMENTAS IMPORTACA [M1785]
43854777000126,BUNZL EQUIPAMENTOS PARA PROTECAO INDIVIDUAL LTDA,4,BUNZL EQUIPAMENTOS PARA  [M1786]
43887033000108,LABORGLAS IND E COM DE MATERIAIS PARA LABORATORIO LTDA,4,LABORGLAS IND E COM DE M [M1787]
43940618000144,ELI LILLY DO BRASIL LTDA,627,ELI LILLY DO BRASIL LTDA [M1788]
43945150000180,"ABL INDUSTRIA, COMERCIO ATACADISTA, IMPORTACAO E EXPORTACAO LTDA",278,"ABL INDUSTRIA, COMERCIO  [M1789]"
44010437000181,CAZI QUIMICA FARMACEUTICA INDUSTRIA E COMERCIO LTDA,100,CAZI QUIMICA FARMACEUTIC [M1790]
44058162000156,PROTHEMO PRODUTOS HEMOTERAPICOS LTDA,17,PROTHEMO PRODUTOS HEMOTE [M1791]
44105018000123,PANDY SEC INDUSTRIA E COMERCIO DE PRODUTOS DE HIGIENE PESSOAL LTDA,8,PANDY SEC INDUSTRIA E CO [M1792]
44156008000117,LORD INDUSTRIA E COMERCIO DE EMBALAGENS PLASTICAS LTDA,2,LORD INDUSTRIA E COMERCI [M1793]
44239382000186,PHOENIX INDUSTRIA E COMERCIO DE EQUIPAMENTOS CIENTIFICOS LTDA,2,PHOENIX INDUSTRIA E COME [M1794]
44328371000172,"VERO MEDICAL IMPORTACAO, EXPORTACAO E COMERCIO DE PRODUTOS MEDICOS LTDA",11,"VERO MEDICAL IMPORTACAO, [M1795]"
44363661000157,GLENMARK FARMACEUTICA LTDA,532,GLENMARK FARMACEUTICA LT [M1796]
44463156000184,SERVIMED COMERCIAL LTDA,23,SERVIMED COMERCIAL LTDA [M1797]
44465029000114,ICEFRESH INDUSTRIA E COMERCIO DO BRASIL LTDA,34,ICEFRESH INDUSTRIA E COM [M1798]
44639493000180,EUGIA PHARMA INDUSTRIA FARMACEUTICA LIMITADA,108,EUGIA PHARMA INDUSTRIA F [M1799]
44734671000151,CRISTALIA PRODUTOS QUIMICOS FARMACEUTICOS LTDA,16916,CRISTALIA PRODUTOS QUIMI [M1800]
44734671000402,CRISTALIA PRODUTOS QUIMICOS FARMACEUTICOS LTDA,473,CRISTALIA PRODUTOS QUIMI [M1801]
44734671000828,CRISTALIA PRODUTOS QUIMICOS FARMACEUTICOS LTDA,4889,CRISTALIA PRODUTOS QUIMI [M1802]
44734671002286,CRISTALIA PRODUTOS QUIMICOS FARMACEUTICOS LTDA,153,CRISTALIA PRODUTOS QUIMI [M1803]
45075197000166,AIR PURE COMERCIO DE GASES LTDA,8,AIR PURE COMERCIO DE GAS [M1804]
45101837000165,RECIFRALDA INDUSTRIA DE FRALDA LTDA,13,RECIFRALDA INDUSTRIA DE  [M1805]
45198496000198,TECNOBRASIL INDUSTRIA E COMERCIO LTDA,1,TECNOBRASIL INDUSTRIA E  [M1806]
45420726000111,TEXTIL ITAJA LTDA,38,TEXTIL ITAJA LTDA [M1807]
45569555000197,CATALENT BRASIL LTDA.,13,CATALENT BRASIL LTDA. [M1808]
45569555000782,CATALENT BRASIL LTDA.,7,CATALENT BRASIL LTDA. [M1809]
45597176000100,PROBAC DO BRASIL PRODUTOS BACTERIOLOGICOS LTDA,1,PROBAC DO BRASIL PRODUTO [M1810]
45841137000107,DLA PHARMACEUTICAL LTDA,207,DLA PHARMACEUTICAL LTDA [M1811]
45985371000108,3M DO BRASIL LTDA,110,3M DO BRASIL LTDA [M1812]
45985371006220,3M DO BRASIL LTDA,38,3M DO BRASIL LTDA [M1813]
45987013000134,ORGANON FARMACEUTICA LTDA.,452,ORGANON FARMACEUTICA LTD [M1814]
45987013000304,ORGANON FARMACEUTICA LTDA.,78,ORGANON FARMACEUTICA LTD [M1815]
45987013002269,ORGANON FARMACEUTICA LTDA.,24,ORGANON FARMACEUTICA LTD [M1816]
45992062000165,GERMED FARMACEUTICA LTDA,1845,GERMED FARMACEUTICA LTDA [M1817]
46054219000174,SOLFARMA COMERCIO DE PRODUTOS FARMACEUTICOS S.A.,8,SOLFARMA COMERCIO DE PRO [M1818]
46055703000118,TEB TECNOLOGIA ELETRONICA BRASILEIRA LTDA,1,TEB TECNOLOGIA ELETRONIC [M1819]
46062030000123,ADERE PRODUTOS AUTO ADESIVOS LTDA,3,ADERE PRODUTOS AUTO ADES [M1820]
46070868000169,LABORATORIOS PFIZER LTDA,171,LABORATORIOS PFIZER LTDA [M1821]
46070868003699,LABORATORIOS PFIZER LTDA,155,LABORATORIOS PFIZER LTDA [M1822]
46144622000194,SIGVARIS DO BRASIL INDUSTRIA E COMERCIO LIMITADA,11,SIGVARIS DO BRASIL INDUS [M1823]
46179008000168,BRASTERAPICA INDUSTRIA FARMACEUTICA LTDA.,658,BRASTERAPICA INDUSTRIA F [M1824]
46179008000320,BRASTERAPICA INDUSTRIA FARMACEUTICA LTDA.,23,BRASTERAPICA INDUSTRIA F [M1825]
46256772000190,SPARTAN DO BRASIL PRODUTOS QUIMICOS LTDA,1,SPARTAN DO BRASIL PRODUT [M1826]
46271011000107,ERVIEGAS QUIMICA FINA E PLASTICOS LTDA,1,ERVIEGAS QUIMICA FINA E  [M1827]
46365045000160,DRYLOCK TECHNOLOGIES BRASIL LTDA,6,DRYLOCK TECHNOLOGIES BRA [M1828]
46658233000187,INDUSTRIA TEXTIL COLINA LTDA,23,INDUSTRIA TEXTIL COLINA  [M1829]
46686119000160,MARCOS RIBEIRO E CIA LTDA,21,MARCOS RIBEIRO E CIA LTD [M1830]
46762527000154,SELENIUM MEDICAL LTDA,3,SELENIUM MEDICAL LTDA [M1831]
47100862000150,LABORATIL FARMACEUTICA LTDA.,13,LABORATIL FARMACEUTICA L [M1832]
47193115000103,CIRURGICA BRASIL COMERCIAL E IMPORTADORA LTDA,304,CIRURGICA BRASIL COMERCI [M1833]
47231121000108,BEKER PRODUTOS FARMACO HOSPITALARES LTDA,52,BEKER PRODUTOS FARMACO H [M1834]
47251710000239,TERA MEDICAL LTDA,4,TERA MEDICAL LTDA [M1835]
47321187000199,FRASCOLEX INDUSTRIA E COMERCIO LTDA,2,FRASCOLEX INDUSTRIA E CO [M1836]
47388533000156,METALURGICA FAVA INDUSTRIA E COMERCIO LTDA EM RECUPERACAO JUDICIAL,78,METALURGICA FAVA INDUSTR [M1837]
47394135000142,BIOMED PRODUTOS MEDICOS LTDA,34,BIOMED PRODUTOS MEDICOS  [M1838]
47411780000126,BACE COMERCIO INTERNACIONAL LTDA,1,BACE COMERCIO INTERNACIO [M1839]
47507520000159,"CONFORTELL INDUSTRIA, COMERCIO, IMPORTACAO E EXPORTACAO DE PRODUTOS MEDICOS, ORTOPEDICOS LTDA",46,"CONFORTELL INDUSTRIA, CO [M1840]"
47567797000177,MIRAGE INDUSTRIA E COMERCIO DE PECAS LTDA,5,MIRAGE INDUSTRIA E COMER [M1841]
47641907000101,SORRI-BAURU,13,SORRI-BAURU [M1842]
47882618000196,PLASCONY INDUSTRIA DE PLASTICOS LTDA,1,PLASCONY INDUSTRIA DE PL [M1843]
47945810000184,BIOHEALTH HOSPITALAR LTDA,13,BIOHEALTH HOSPITALAR LTD [M1844]
47963319000186,ANIDROL INDUSTRIA QUIMICA LTDA,2,ANIDROL INDUSTRIA QUIMIC [M1845]
48015119000164,GNATUS EQUIPAMENTOS MEDICO ODONTOLOGICOS S/A,7,GNATUS EQUIPAMENTOS MEDI [M1846]
48044358000142,ALAMAR TECNO CIENTIFICA LTDA,3,ALAMAR TECNO CIENTIFICA  [M1847]
48113906000149,1FARMA INDUSTRIA FARMACEUTICA LTDA,390,1FARMA INDUSTRIA FARMACE [M1848]
48203210000103,KONEX INDUSTRIA E COMERCIO LTDA,48,KONEX INDUSTRIA E COMERC [M1849]
48212880000196,MEDITRON ELETROMEDICINA LIMITADA,1,MEDITRON ELETROMEDICINA  [M1850]
48240709000190,ORTOSINTESE INDUSTRIA E COMERCIO LTDA,12,ORTOSINTESE INDUSTRIA E  [M1851]
48339848000176,MED EMERGENCIA LTDA,1,MED EMERGENCIA LTDA [M1852]
48344725000123,ALTHAIA S.A. INDUSTRIA FARMACEUTICA,190,ALTHAIA S.A. INDUSTRIA F [M1853]
48344725000719,ALTHAIA S.A. INDUSTRIA FARMACEUTICA,574,ALTHAIA S.A. INDUSTRIA F [M1854]
48396378000182,UCI FARMA INDUSTRIA FARMACEUTICA LTDA,27,UCI FARMA INDUSTRIA FARM [M1855]
48544712000106,ESCOVAS VITORIA INDUSTRIA E COMERCIO LTDA,2,ESCOVAS VITORIA INDUSTRI [M1856]
48580492000168,HAL INDUSTRIA E COMERCIO LTDA,8,HAL INDUSTRIA E COMERCIO [M1857]
48708010000102,KULZER SOUTH AMERICA LTDA.,53,KULZER SOUTH AMERICA LTD [M1858]
48708010000374,KULZER SOUTH AMERICA LTDA.,19,KULZER SOUTH AMERICA LTD [M1859]
48740849000128,CRAL ARTIGOS PARA LABORATORIO LTDA,556,CRAL ARTIGOS PARA LABORA [M1860]
48740849000470,CRAL ARTIGOS PARA LABORATORIO LTDA,164,CRAL ARTIGOS PARA LABORA [M1861]
48740849000713,CRAL ARTIGOS PARA LABORATORIO LTDA,305,CRAL ARTIGOS PARA LABORA [M1862]
48767628000143,RICHARDS DO BRASIL PRODUTOS CIRURGICOS LTDA.,127,RICHARDS DO BRASIL PRODU [M1863]
48767834000153,LABORDENTAL LTDA,8,LABORDENTAL LTDA [M1864]
48791685000168,C.B.S. MEDICO CIENTIFICA S/A,32,C.B.S. MEDICO CIENTIFICA [M1865]
48875447000130,POLIDENTAL INDUSTRIA E COMERCIO LTDA,2,POLIDENTAL INDUSTRIA E C [M1866]
48901490000123,SANTA LUZIA MOVEIS HOSPITALARES LTDA,1,SANTA LUZIA MOVEIS HOSPI [M1867]
48939276000166,MEDI HOUSE INDUSTRIA E COMERCIO DE PRODUTOS CIRURGICOS E HOSPITALARES LTDA,101,MEDI HOUSE INDUSTRIA E C [M1868]
49228695000152,LUMAR COMERCIO DE PRODUTOS FARMACEUTICOS LTDA,4,LUMAR COMERCIO DE PRODUT [M1869]
49324221000104,FRESENIUS KABI BRASIL LTDA.,2063,FRESENIUS KABI BRASIL LT [M1870]
49324221000880,FRESENIUS KABI BRASIL LTDA.,163,FRESENIUS KABI BRASIL LT [M1871]
49324221001500,FRESENIUS KABI BRASIL LTDA.,3,FRESENIUS KABI BRASIL LT [M1872]
49324221001690,FRESENIUS KABI BRASIL LTDA.,306,FRESENIUS KABI BRASIL LT [M1873]
49324221002077,FRESENIUS KABI BRASIL LTDA.,440,FRESENIUS KABI BRASIL LT [M1874]
49345358000145,APIS FLORA INDUSTRIAL E COMERCIAL LTDA,2,APIS FLORA INDUSTRIAL E  [M1875]
49351786000180,BAXTER HOSPITALAR LTDA,64,BAXTER HOSPITALAR LTDA [M1876]
49351786000261,BAXTER HOSPITALAR LTDA,71,BAXTER HOSPITALAR LTDA [M1877]
49351786001071,BAXTER HOSPITALAR LTDA,25,BAXTER HOSPITALAR LTDA [M1878]
49353956000166,OXIGEL MATERIAIS HOSPITALARES INDUSTRIA E COMERCIO LTDA,57,OXIGEL MATERIAIS HOSPITA [M1879]
49383250000147,HISAMITSU FARMACEUTICA DO BRASIL LTDA,1,HISAMITSU FARMACEUTICA D [M1880]
49425259000173,"VIPI INDUSTRIA, COMERCIO, EXPORTACAO E IMPORTACAO DE PRODUTOS ODONTOLOGICOS LTDA.",37,"VIPI INDUSTRIA, COMERCIO [M1881]"
49475833000106,BIOLAB SANUS FARMACEUTICA LTDA,2484,BIOLAB SANUS FARMACEUTIC [M1882]
49475833001412,BIOLAB SANUS FARMACEUTICA LTDA,300,BIOLAB SANUS FARMACEUTIC [M1883]
49475833001501,BIOLAB SANUS FARMACEUTICA LTDA,287,BIOLAB SANUS FARMACEUTIC [M1884]
49475833001765,BIOLAB SANUS FARMACEUTICA LTDA,9,BIOLAB SANUS FARMACEUTIC [M1885]
49520521000169,INTERMED EQUIPAMENTO MEDICO HOSPITALAR LTDA,5,INTERMED EQUIPAMENTO MED [M1886]
49601107000184,FRESENIUS HEMOCARE BRASIL LTDA.,3,FRESENIUS HEMOCARE BRASI [M1887]
49601107000427,FRESENIUS HEMOCARE BRASIL LTDA.,276,FRESENIUS HEMOCARE BRASI [M1888]
49604226000190,"MULTIGEL INDUSTRIA E COMERCIO, IMPORTACAO E EXPORTACAO DE PRODUTOS PARA SAUDE LTDA",111,MULTIGEL INDUSTRIA E COM [M1889]
49710072000111,INDAIA INDUSTRIA DE BENGALAS E MULETAS LTDA,6,INDAIA INDUSTRIA DE BENG [M1890]
49716616000152,RAMUZA INDUSTRIA E COMERCIO DE BALANCAS LTDA,9,RAMUZA INDUSTRIA E COMER [M1891]
49748445000143,SANTRIC INDUSTRIA E COMERCIO LTDA,4,SANTRIC INDUSTRIA E COME [M1892]
49938371000108,DTECH LTDA,1,DTECH LTDA [M1893]
49941768000159,MAICOL DO BRASIL INDUSTRIA E COMERCIO LTDA,6,MAICOL DO BRASIL INDUSTR [M1894]
50208271000105,DORJA INDUSTRIA E COMERCIO DE EQUIPAMENTOS MEDICOS LTDA,14,DORJA INDUSTRIA E COMERC [M1895]
50248780000161,ABBOTT DIAGNOSTICOS RAPIDOS S.A.,42,ABBOTT DIAGNOSTICOS RAPI [M1896]
50328590000154,UNITEC INDUSTRIA E COMERCIO DE APARELHOS HOSPITALARES LTDA,101,UNITEC INDUSTRIA E COMER [M1897]
50371889000191,PRECISION CENTRO DE DIAGNOSTICOS LTDA,19,PRECISION CENTRO DE DIAG [M1898]
50416720000100,MILLENNIUM INDUSTRIA E COMERCIO DE INSTRUMENTAL ODONTOLOGICO LTDA,1,MILLENNIUM INDUSTRIA E C [M1899]
50657402000131,EBRAM PRODUTOS LABORATORIAIS LTDA,139,EBRAM PRODUTOS LABORATOR [M1900]
50770643000192,AUDAX QUIMICA INDUSTRIA E COMERCIO DE PRODUTOS PARA HIGIENE E LIMPEZA LTDA,10,AUDAX QUIMICA INDUSTRIA  [M1901]
50885268000126,"NSR INDUSTRIA , COMERCIO E REPRESENTACOES LTDA",13,"NSR INDUSTRIA , COMERCIO [M1902]"
50889060000185,LF INDUSTRIA E COMERCIO DE PAPEIS LTDA,1,LF INDUSTRIA E COMERCIO  [M1903]
50929710000179,MEDLEY INDUSTRIA FARMACEUTICA LTDA,414,MEDLEY INDUSTRIA FARMACE [M1904]
50938745000174,THEOTO S A INDUSTRIA E COMERCIO,329,THEOTO S A INDUSTRIA E C [M1905]
51285641000170,EMBRAMAC - EMPRESA BRASILEIRA DE MATERIAIS CIRURGICOS INDUSTRIA COMERCIO IMPORTACAO E EXPORTACAO LTDA,42,EMBRAMAC - EMPRESA BRASI [M1906]
51425213000104,WELMY-INDUSTRIA E COMERCIO LTDA,27,WELMY-INDUSTRIA E COMERC [M1907]
51462471000152,LABSYNTH PRODUTOS PARA LABORATORIOS LTDA,4,LABSYNTH PRODUTOS PARA L [M1908]
51533527000112,ATACADISTA DE FRALDAS MUNDIAL LTDA,3,ATACADISTA DE FRALDAS MU [M1909]
51753374000119,GOLGRAN INDUSTRIA E COMERCIO DE INSTRUMENTAL ODONT LTDA,1095,GOLGRAN INDUSTRIA E COME [M1910]
51780468000187,JANSSEN-CILAG FARMACEUTICA LTDA,821,JANSSEN-CILAG FARMACEUTI [M1911]
51780468000268,JANSSEN-CILAG FARMACEUTICA LTDA,45,JANSSEN-CILAG FARMACEUTI [M1912]
51943645000107,BIOMEDICAL EQUIPAMENTOS E PROD MEDICO-CIRURGICOS LTDA,104,BIOMEDICAL EQUIPAMENTOS  [M1913]
52270527000130,AMERICAN ALLOYS ACESSORIOS INDUSTRIAIS LTDA,12,AMERICAN ALLOYS ACESSORI [M1914]
52393246000174,"CALU - INDUSTRIA, EXPORTACAO E IMPORTACAO DE EQUIPAMENTOS ODONTOLOGICOS LTDA",18,"CALU - INDUSTRIA, EXPORT [M1915]"
52455870000159,TRON INDUSTRIAL REFRIGERACAO E ELETRONICA LTDA,2,TRON INDUSTRIAL REFRIGER [M1916]
53056057000179,RECORDATI RARE DISEASES COMERCIO DE MEDICAMENTOS LTDA.,22,RECORDATI RARE DISEASES  [M1917]
53078135000136,EYE PHARMA LTDA,1,EYE PHARMA LTDA [M1918]
53144929000150,XENONIO INDUSTRIA DE EQUIPAMENTOS MEDICOS LTDA,4,XENONIO INDUSTRIA DE EQU [M1919]
53288386000145,EPRON MECANISMOS INDUSTRIA E COMERCIO LTDA,21,EPRON MECANISMOS INDUSTR [M1920]
53359824000119,BLANVER FARMOQUIMICA E FARMACEUTICA S.A.,118,BLANVER FARMOQUIMICA E F [M1921]
53359824000461,BLANVER FARMOQUIMICA E FARMACEUTICA S.A.,13,BLANVER FARMOQUIMICA E F [M1922]
53381135000100,ALL PRIME DISTRIBUIDORA LTDA,10,ALL PRIME DISTRIBUIDORA  [M1923]
53393690000152,QUIMESP QUIMICA LTDA.,7,QUIMESP QUIMICA LTDA. [M1924]
53402541000102,FREEDOM COSMETICOS LTDA,4,FREEDOM COSMETICOS LTDA [M1925]
53452157000114,COLLECT IMPORTACAO E COMERCIO LTDA,3,COLLECT IMPORTACAO E COM [M1926]
53595670000164,GLOBAL SUPLEMENTOS COMERCIO LTDA,1,GLOBAL SUPLEMENTOS COMER [M1927]
53859989000150,FABRICA DE ELASTICOS SAO JOSE LTDA,2,FABRICA DE ELASTICOS SAO [M1928]
53918116000170,DIGUINHO INDUSTRIA E COMERCIO DE FRALDAS LTDA,5,DIGUINHO INDUSTRIA E COM [M1929]
54037700000180,ALEXANDRE A DE SOUZA,1,ALEXANDRE A DE SOUZA [M1930]
54102488000197,CIRCUIT EQUIPAMENTOS ESPORTIVOS LTDA,2,CIRCUIT EQUIPAMENTOS ESP [M1931]
54103981000121,DAKON COMERCIO DE COSMETICOS LTDA,1,DAKON COMERCIO DE COSMET [M1932]
54178983000180,HOSPIMETAL INDUST METALURG DE EQUIP HOSPITALARES LTDA,2,HOSPIMETAL INDUST METALU [M1933]
54375647020071,DROGAL FARMACEUTICA LTDA,1,DROGAL FARMACEUTICA LTDA [M1934]
54421953000152,ORTOCENTER APARELHOS ORTOPEDICOS LTDA,14,ORTOCENTER APARELHOS ORT [M1935]
54433057000103,BIOFARMA FARMACEUTICA LTDA,8,BIOFARMA FARMACEUTICA LT [M1936]
54447453000190,MOPAPE COMERCIO DE ARAMES E PLASTICOS LTDA,3,MOPAPE COMERCIO DE ARAME [M1937]
54516661000101,JOHNSON & JOHNSON DO BRASIL INDUSTRIA E COMERCIO DE PRODUTOS PARA SAUDE LTDA.,27,JOHNSON & JOHNSON DO BRA [M1938]
54516661006215,JOHNSON & JOHNSON DO BRASIL INDUSTRIA E COMERCIO DE PRODUTOS PARA SAUDE LTDA.,32,JOHNSON & JOHNSON DO BRA [M1939]
54516661008005,JOHNSON & JOHNSON DO BRASIL INDUSTRIA E COMERCIO DE PRODUTOS PARA SAUDE LTDA.,13,JOHNSON & JOHNSON DO BRA [M1940]
54565478000198,SISPACK MEDICAL LTDA.,31,SISPACK MEDICAL LTDA. [M1941]
54741095000123,CIRUVET MANUTENCAO EM EQUIPAMENTOS EM GERAL LTDA,17,CIRUVET MANUTENCAO EM EQ [M1942]
54801196000142,HP BIOPROTESES LTDA,3,HP BIOPROTESES LTDA [M1943]
54858014000170,ESSITY SOLUCOES MEDICAS DO BRASIL COMERCIO E DISTRIBUICAO LTDA.,25,ESSITY SOLUCOES MEDICAS  [M1944]
54858014000501,ESSITY SOLUCOES MEDICAS DO BRASIL COMERCIO E DISTRIBUICAO LTDA.,8,ESSITY SOLUCOES MEDICAS  [M1945]
55119259000148,TENA S A,16,TENA S A [M1946]
55126981000100,GFE DO BRASIL LIMITADA,4,GFE DO BRASIL LIMITADA [M1947]
55163042000135,SEMINA INDUSTRIA E COMERCIO LTDA,17,SEMINA INDUSTRIA E COMER [M1948]
55198741000110,NCS INDUSTRIA E COMERCIO DE EQUIPAMENTOS PARA SAUDE LTDA,5,NCS INDUSTRIA E COMERCIO [M1949]
55212955000102,DRAKKAR INDUSTRIA DE DESCARTAVEIS E EPI LTDA,1,DRAKKAR INDUSTRIA DE DES [M1950]
55227789000100,LBS LABORASA INDUSTRIA FARMACEUTICA LTDA,2,LBS LABORASA INDUSTRIA F [M1951]
55238398000190,HELTER IND E COM DE EQUIPAMENTOS HOSPITALARES LTDA,4,HELTER IND E COM DE EQUI [M1952]
55634901000127,"PRODUMED - SERVICOS,INDUSTRIA E COMERCIO LTDA.",1,"PRODUMED - SERVICOS,INDU [M1953]"
55643555000143,RIOQUIMICA S.A.,273,RIOQUIMICA S.A. [M1954]
55643555000305,RIOQUIMICA S.A.,34,RIOQUIMICA S.A. [M1955]
55658736000143,GOLDENPLAST - INDUSTRIA E COMERCIO DE UTILIDADES DOMESTICAS LTDA,1,GOLDENPLAST - INDUSTRIA  [M1956]
55864086000192,AMP PRODUTOS TERAPEUTICOS LTDA,23,AMP PRODUTOS TERAPEUTICO [M1957]
55956510000129,LIO SERUM PRODUTOS LABORATORIAIS E HOSPITALARES LTDA,1,LIO SERUM PRODUTOS LABOR [M1958]
55972087000150,JP INDUSTRIA FARMACEUTICA S/A,1638,JP INDUSTRIA FARMACEUTIC [M1959]
55979736000145,ALLIAGE S/A INDUSTRIAS MEDICO ODONTOLOGICA,26,ALLIAGE S/A INDUSTRIAS M [M1960]
55980684000127,ADIUM S.A.,544,ADIUM S.A. [M1961]
55983274000130,OLIDEF CZ IND E COM DE APARELHOS HOSPITALARES LTDA,19,OLIDEF CZ IND E COM DE A [M1962]
56014475000191,DELTRONIX EQUIPAMENTOS LTDA,12,DELTRONIX EQUIPAMENTOS L [M1963]
56035967000163,FOUR STAR PAPEIS LTDA,7,FOUR STAR PAPEIS LTDA [M1964]
56036718000192,CENTERLAB CENTRAL DE LABORATORIOS LTDA,7,CENTERLAB CENTRAL DE LAB [M1965]
56198807000135,DUAN INTERNACIONAL DO BRASIL INDUSTRIA E COMERCIO EXPORTACAO E IMPORTACAO DE PRODUTOS NA AREA DA SAUDE LTDA,1,DUAN INTERNACIONAL DO BR [M1966]
56207590000182,DRY COLOR ESPECIALIDADES QUIMICAS LTDA.,4,DRY COLOR ESPECIALIDADES [M1967]
56216781000100,PRODUTOS ORTOPEDICOS CHANTAL LTDA,1,PRODUTOS ORTOPEDICOS CHA [M1968]
56323280000123,TRINKS COMERCIO DE PECAS LTDA,32,TRINKS COMERCIO DE PECAS [M1969]
56646953000186,LABORATORIO VITALAB LTDA,14,LABORATORIO VITALAB LTDA [M1970]
56921166000103,VIRBAC DO BRASIL INDUSTRIA E COMERCIO LTDA,3,VIRBAC DO BRASIL INDUSTR [M1971]
56990534000167,UNIAO QUIMICA INTERNACIONAL LTDA,45,UNIAO QUIMICA INTERNACIO [M1972]
56994502000130,NOVARTIS BIOCIENCIAS SA,3665,NOVARTIS BIOCIENCIAS SA [M1973]
56994502000644,NOVARTIS BIOCIENCIAS SA,33,NOVARTIS BIOCIENCIAS SA [M1974]
56994502001535,NOVARTIS BIOCIENCIAS SA,61,NOVARTIS BIOCIENCIAS SA [M1975]
56994502001705,NOVARTIS BIOCIENCIAS SA,23,NOVARTIS BIOCIENCIAS SA [M1976]
56994502002779,NOVARTIS BIOCIENCIAS SA,436,NOVARTIS BIOCIENCIAS SA [M1977]
56994502009862,NOVARTIS BIOCIENCIAS SA,50,NOVARTIS BIOCIENCIAS SA [M1978]
56998701000116,ABBOTT LABORATORIOS DO BRASIL LTDA,2145,ABBOTT LABORATORIOS DO B [M1979]
56998701001279,ABBOTT LABORATORIOS DO BRASIL LTDA,78,ABBOTT LABORATORIOS DO B [M1980]
56998701003212,ABBOTT LABORATORIOS DO BRASIL LTDA,102,ABBOTT LABORATORIOS DO B [M1981]
56998701003301,ABBOTT LABORATORIOS DO BRASIL LTDA,39,ABBOTT LABORATORIOS DO B [M1982]
56998701003484,ABBOTT LABORATORIOS DO BRASIL LTDA,6,ABBOTT LABORATORIOS DO B [M1983]
56998982000107,BRISTOL-MYERS SQUIBB FARMACEUTICA LTDA.,158,BRISTOL-MYERS SQUIBB FAR [M1984]
56998982003122,BRISTOL-MYERS SQUIBB FARMACEUTICA LTDA.,17,BRISTOL-MYERS SQUIBB FAR [M1985]
57212870000141,INCOMEPE COMERCIO DE MATERIAIS CIRURGICOS LTDA,1,INCOMEPE COMERCIO DE MAT [M1986]
57263337000109,IFAB INDUSTRIA E COMERCIO DE MATERIAIS HOSPITALARES LTDA EPP,8,IFAB INDUSTRIA E COMERCI [M1987]
57313165000130,KINNER SILICONE RUBBER INDUSTRIA E COMERCIO LTDA,1,KINNER SILICONE RUBBER I [M1988]
57507378000101,EMS S/A,1614,EMS S/A [M1989]
57507378000365,EMS S/A,10828,EMS S/A [M1990]
57507378000608,EMS S/A,6013,EMS S/A [M1991]
57532343000114,LM FARMA INDUSTRIA E COMERCIO LTDA,136,LM FARMA INDUSTRIA E COM [M1992]
57680605000198,JON INDUSTRIA E COMERCIO DE PRODUTOS ODONTOLOGICOS LTDA,24,JON INDUSTRIA E COMERCIO [M1993]
57688657000100,EVER GREEN INDUSTRIA E COMERCIO LTDA,1,EVER GREEN INDUSTRIA E C [M1994]
57691446000127,WENTILL INDUSTRIA E COMERCIO DE MATERIAL HOSPITALAR LTDA,12,WENTILL INDUSTRIA E COME [M1995]
57893521000132,PERFITECNICA PERFIS TECNICOS DE BORRACHA LTDA,12,PERFITECNICA PERFIS TECN [M1996]
57933350000128,ALIMED TEC TECNOLOGIA INSTRUMENTAL IND E COM LTDA,2,ALIMED TEC TECNOLOGIA IN [M1997]
58061557000112,MICRODENT APARELHOS MEDICOS E ODONTOLOGICOS LTDA,15,MICRODENT APARELHOS MEDI [M1998]
58085796000102,WIRATH INDUSTRIA E COMERCIO LTDA,1,WIRATH INDUSTRIA E COMER [M1999]
58188194000180,"GN INJECTA INDUSTRIA, COMERCIO DE MATERIAIS MEDICOS, CIRURGICOS, ODONTOLOGICOS E DESCARTAVEIS LTDA",72,"GN INJECTA INDUSTRIA, CO [M2000]"
58188194000261,"GN INJECTA INDUSTRIA, COMERCIO DE MATERIAIS MEDICOS, CIRURGICOS, ODONTOLOGICOS E DESCARTAVEIS LTDA",80,"GN INJECTA INDUSTRIA, CO [M2001]"
58193483000178,SCHOBELL INDUSTRIAL LTDA,9,SCHOBELL INDUSTRIAL LTDA [M2002]
58216797000149,KINNER DO BRASIL LTDA,19,KINNER DO BRASIL LTDA [M2003]
58268152000150,ABC INSTRUMENTOS CIRURGICOS LTDA,809,ABC INSTRUMENTOS CIRURGI [M2004]
58295213000178,PHILIPS MEDICAL SYSTEMS LTDA,8,PHILIPS MEDICAL SYSTEMS  [M2005]
58295213002111,PHILIPS MEDICAL SYSTEMS LTDA,2,PHILIPS MEDICAL SYSTEMS  [M2006]
58426628000133,SAMTRONIC INDUSTRIA E COMERCIO LTDA,44,SAMTRONIC INDUSTRIA E CO [M2007]
58430828000160,BLAU FARMACEUTICA S.A.,4115,BLAU FARMACEUTICA S.A. [M2008]
58430828000593,BLAU FARMACEUTICA S.A.,518,BLAU FARMACEUTICA S.A. [M2009]
58430828001301,BLAU FARMACEUTICA S.A.,707,BLAU FARMACEUTICA S.A. [M2010]
58511270000147,SONICLEAR INDUSTRIA COMERCIO IMPORTACAO E EXP LTDA,9,SONICLEAR INDUSTRIA COME [M2011]
58526047000173,BIOMECANICA INDUSTRIA E COMERCIO DE PRODUTOS ORTOPEDICOS LTDA.,2,BIOMECANICA INDUSTRIA E  [M2012]
58635830000175,FARMARIN INDUSTRIA E COMERCIO LTDA,229,FARMARIN INDUSTRIA E COM [M2013]
58822818000170,HITOPLAST INDUSTRIA E COMERCIO DE PLASTICOS LTDA,3,HITOPLAST INDUSTRIA E CO [M2014]
59064766000182,CHIAPERINI INDUSTRIAL LTDA,3,CHIAPERINI INDUSTRIAL LT [M2015]
59088333000167,NEWCOM FARMACEUTICA LTDA.,8,NEWCOM FARMACEUTICA LTDA [M2016]
59225268000174,SOQUIMICA LABORATORIOS LTDA,2,SOQUIMICA LABORATORIOS L [M2017]
59231530000193,KOLPLAST C I S.A.,535,KOLPLAST C I S.A. [M2018]
59233783000104,STERIS SOLUTIONS DO BRASIL IMPORTACAO E COMERCIALIZACAO DE PRODUTOS DA SAUDE LTDA.,14,STERIS SOLUTIONS DO BRAS [M2019]
59293662000140,FABRICA DE ARTEFATOS METALURGICOS ITA LTDA,97,FABRICA DE ARTEFATOS MET [M2020]
59309302000199,INJEX INDUSTRIAS CIRURGICAS LTDA,342,INJEX INDUSTRIAS CIRURGI [M2021]
59403410000126,INTERJET COMERCIAL LTDA,2,INTERJET COMERCIAL LTDA [M2022]
59476770000158,PROCTER & GAMBLE DO BRASIL LTDA.,106,PROCTER & GAMBLE DO BRAS [M2023]
59506071000103,UNIAO TEXTIL COMERCIO E BENEFICIAMENTO DE PRODUTOS DE ALGODAO LTDA,3,UNIAO TEXTIL COMERCIO E  [M2024]
59548214000140,FABRICA DE ARTEFATOS DE LATEX BLOWTEX LTDA,7,FABRICA DE ARTEFATOS DE  [M2025]
59548214000492,FABRICA DE ARTEFATOS DE LATEX BLOWTEX LTDA,6,FABRICA DE ARTEFATOS DE  [M2026]
59556621000107,MARK MED INDUSTRIA E COMERCIO LTDA,835,MARK MED INDUSTRIA E COM [M2027]
59557124000115,RECKITT BENCKISER ( BRASIL ) LTDA.,44,RECKITT BENCKISER ( BRAS [M2028]
59653709000139,VNO ORTOPEDIA INDUSTRIA E COMERCIO IMPORTACAO E EXPORTACAO LTDA,12,VNO ORTOPEDIA INDUSTRIA  [M2029]
59677708000124,LEDAN INDUSTRIA E COMERCIO LTDA,1,LEDAN INDUSTRIA E COMERC [M2030]
59717553000102,MULTILASER INDUSTRIAL S.A.,41,MULTILASER INDUSTRIAL S. [M2031]
59717553000617,MULTILASER INDUSTRIAL S.A.,17,MULTILASER INDUSTRIAL S. [M2032]
59748988000114,JOHNSON & JOHNSON INDUSTRIAL LTDA,10,JOHNSON & JOHNSON INDUST [M2033]
59844662000190,LOKTAL MEDICAL ELECTRONICS INDUSTRIA E COMERCIO LTDA,38,LOKTAL MEDICAL ELECTRONI [M2034]
60318797000100,ASTRAZENECA DO BRASIL LTDA.,1623,ASTRAZENECA DO BRASIL LT [M2035]
60341575000108,BIOSERVICE PRODUTOS MEDICO-HOSPITALARES LTDA,7,BIOSERVICE PRODUTOS MEDI [M2036]
60397775000174,TAKEDA PHARMA LTDA.,1148,TAKEDA PHARMA LTDA. [M2037]
60397775000840,TAKEDA PHARMA LTDA.,161,TAKEDA PHARMA LTDA. [M2038]
60397874000156,FUJIFILM DO BRASIL LTDA.,106,FUJIFILM DO BRASIL LTDA. [M2039]
60397874000407,FUJIFILM DO BRASIL LTDA.,92,FUJIFILM DO BRASIL LTDA. [M2040]
60397965000191,LYSANDA PRODUTOS ODONTOLOGICOS LTDA,99,LYSANDA PRODUTOS ODONTOL [M2041]
60409075000152,NESTLE BRASIL LTDA.,253,NESTLE BRASIL LTDA. [M2042]
60409075000667,NESTLE BRASIL LTDA.,109,NESTLE BRASIL LTDA. [M2043]
60409075002953,NESTLE BRASIL LTDA.,117,NESTLE BRASIL LTDA. [M2044]
60409075010034,NESTLE BRASIL LTDA.,37,NESTLE BRASIL LTDA. [M2045]
60409075041266,NESTLE BRASIL LTDA.,27,NESTLE BRASIL LTDA. [M2046]
60409075044605,NESTLE BRASIL LTDA.,28,NESTLE BRASIL LTDA. [M2047]
60431715000120,MARTE CIENTIFICA & INSTRUMENTACAO INDUSTRIAL LTDA,2,MARTE CIENTIFICA & INSTR [M2048]
60505203000161,ICAL INDUSTRIA E COMERCIO DE ACESSORIOS PARA LABORATORIOS LTDA,1,ICAL INDUSTRIA E COMERCI [M2049]
60619202000148,MESSER GASES LTDA.,3,MESSER GASES LTDA. [M2050]
60619202003406,MESSER GASES LTDA.,2,MESSER GASES LTDA. [M2051]
60659463000191,ACHE LABORATORIOS FARMACEUTICOS SA,832,ACHE LABORATORIOS FARMAC [M2052]
60659463002992,ACHE LABORATORIOS FARMACEUTICOS SA,3449,ACHE LABORATORIOS FARMAC [M2053]
60663705000110,CRISTAL TEXTIL INDUSTRIAL LTDA.,37,CRISTAL TEXTIL INDUSTRIA [M2054]
60665981000118,UNIAO QUIMICA FARMACEUTICA NACIONAL S A,7514,UNIAO QUIMICA FARMACEUTI [M2055]
60665981000207,UNIAO QUIMICA FARMACEUTICA NACIONAL S A,1544,UNIAO QUIMICA FARMACEUTI [M2056]
60665981000541,UNIAO QUIMICA FARMACEUTICA NACIONAL S A,902,UNIAO QUIMICA FARMACEUTI [M2057]
60665981000703,UNIAO QUIMICA FARMACEUTICA NACIONAL S A,779,UNIAO QUIMICA FARMACEUTI [M2058]
60665981000975,UNIAO QUIMICA FARMACEUTICA NACIONAL S A,1543,UNIAO QUIMICA FARMACEUTI [M2059]
60683406000148,KONIG DO BRASIL LTDA,2,KONIG DO BRASIL LTDA [M2060]
60683786000110,MEDICAL CIRURGICA LTDA,5,MEDICAL CIRURGICA LTDA [M2061]
60726692000181,MARJAN INDUSTRIA E COMERCIO LTDA,210,MARJAN INDUSTRIA E COMER [M2062]
60831658000177,BOEHRINGER INGELHEIM DO BRASIL QUIMICA E FARMACEUTICA LTDA.,1585,BOEHRINGER INGELHEIM DO  [M2063]
60831658001220,BOEHRINGER INGELHEIM DO BRASIL QUIMICA E FARMACEUTICA LTDA.,2,BOEHRINGER INGELHEIM DO  [M2064]
60831658002110,BOEHRINGER INGELHEIM DO BRASIL QUIMICA E FARMACEUTICA LTDA.,463,BOEHRINGER INGELHEIM DO  [M2065]
60858552000167,ARTIGOS ODONTOLOGICOS CLASSICO LTDA,11,ARTIGOS ODONTOLOGICOS CL [M2066]
60858552000248,ARTIGOS ODONTOLOGICOS CLASSICO LTDA,51,ARTIGOS ODONTOLOGICOS CL [M2067]
60862208000141,FARMACIA E LABORATORIO HOMEOPATICO ALMEIDA PRADO LTDA,10,FARMACIA E LABORATORIO H [M2068]
60873973000167,HEXAL DO BRASIL INDUSTRIA FARMACEUTICA LTDA.,12,HEXAL DO BRASIL INDUSTRI [M2069]
60874187000184,DAIICHI SANKYO BRASIL FARMACEUTICA LTDA.,347,DAIICHI SANKYO BRASIL FA [M2070]
60874187000265,DAIICHI SANKYO BRASIL FARMACEUTICA LTDA.,91,DAIICHI SANKYO BRASIL FA [M2071]
60879848000164,LABORATORIO TAYUYNA LTDA,45,LABORATORIO TAYUYNA LTDA [M2072]
61068755000112,SANVAL COMERCIO E INDUSTRIA LTDA,2956,SANVAL COMERCIO E INDUST [M2073]
61068755000627,SANVAL COMERCIO E INDUSTRIA LTDA,278,SANVAL COMERCIO E INDUST [M2074]
61072393000133,PFIZER BRASIL LTDA,574,PFIZER BRASIL LTDA [M2075]
61072393003906,PFIZER BRASIL LTDA,67,PFIZER BRASIL LTDA [M2076]
61082426000207,COSMED INDUSTRIA DE COSMETICOS E MEDICAMENTOS S.A.,890,COSMED INDUSTRIA DE COSM [M2077]
61082426001289,COSMED INDUSTRIA DE COSMETICOS E MEDICAMENTOS S.A.,152,COSMED INDUSTRIA DE COSM [M2078]
61100004000136,ZAMBON LABORATORIOS FARMACEUTICOS LTDA,161,ZAMBON LABORATORIOS FARM [M2079]
61100244000130,FANEM LTDA,11,FANEM LTDA [M2080]
61101895000145,SANTHER FABRICA DE PAPEL SANTA THEREZINHA S/A,5,SANTHER FABRICA DE PAPEL [M2081]
61117263000170,VENKURI INDUSTRIA DE PRODUTOS MEDICOS LTDA.,34,VENKURI INDUSTRIA DE PRO [M2082]
61129409000105,OPHTHALMOS LTDA,15,OPHTHALMOS LTDA [M2083]
61148037000156,ORTOPRATIKA INDUSTRIA E COMERCIO LTDA,13,ORTOPRATIKA INDUSTRIA E  [M2084]
61148052000102,COATS CORRENTE LTDA,1,COATS CORRENTE LTDA [M2085]
61150447000131,LABORATORIOS BALDACCI LTDA EM RECUPERACAO JUDICIAL,145,LABORATORIOS BALDACCI LT [M2086]
61153250000156,OLEAK INDUSTRIA E COMERCIO LTDA,6,OLEAK INDUSTRIA E COMERC [M2087]
61186938000132,KODAK BRASILEIRA COMERCIO DE PRODUTOS PARA IMAGEM E SERVICOS LTDA,17,KODAK BRASILEIRA COMERCI [M2088]
61190096000192,EUROFARMA LABORATORIOS S.A.,6843,EUROFARMA LABORATORIOS S [M2089]
61190096000435,EUROFARMA LABORATORIOS S.A.,604,EUROFARMA LABORATORIOS S [M2090]
61190096000869,EUROFARMA LABORATORIOS S.A.,324,EUROFARMA LABORATORIOS S [M2091]
61190096001679,EUROFARMA LABORATORIOS S.A.,83,EUROFARMA LABORATORIOS S [M2092]
61194494000187,IMPACTA S A INDUSTRIA E COMERCIO,11,IMPACTA S A INDUSTRIA E  [M2093]
61230314000175,LIBBS FARMACEUTICA LTDA,1373,LIBBS FARMACEUTICA LTDA [M2094]
61251831000120,EMIFRAN IND DE ARTEFATOS PLASTICOS E METALURGICOS LTDA,3,EMIFRAN IND DE ARTEFATOS [M2095]
61269320000136,ALCOOL SANTA CRUZ LTDA,16,ALCOOL SANTA CRUZ LTDA [M2096]
61282661000141,LABORATORIO QUIMICO FARMACEUTICO BERGAMO LTDA,150,LABORATORIO QUIMICO FARM [M2097]
61286647000116,SANDOZ DO BRASIL INDUSTRIA FARMACEUTICA LTDA.,2714,SANDOZ DO BRASIL INDUSTR [M2098]
61338844000131,HONEYWELL DO BRASIL LTDA.,12,HONEYWELL DO BRASIL LTDA [M2099]
61363032000146,CHIESI FARMACEUTICA LTDA,897,CHIESI FARMACEUTICA LTDA [M2100]
61374161000130,BAUMER S A,7,BAUMER S A [M2101]
61391769000172,ARISTON SERVICOS DE ESCRITORIO E APOIO ADMINISTRATIVO LTDA,11,ARISTON SERVICOS DE ESCR [M2102]
61409843000130,MARCATTO FORTINOX INDUSTRIAL LTDA,5,MARCATTO FORTINOX INDUST [M2103]
61418042000131,CIRURGICA FERNANDES - COMERCIO DE MATERIAIS CIRURGICOS E HOSPITALARES - SOCIEDADE LIMITADA,1707,CIRURGICA FERNANDES - CO [M2104]
61455192000115,TRB PHARMA INDUSTRIA QUIMICA E FARMACEUTICA LTDA,93,TRB PHARMA INDUSTRIA QUI [M2105]
61455192000204,TRB PHARMA INDUSTRIA QUIMICA E FARMACEUTICA LTDA,4,TRB PHARMA INDUSTRIA QUI [M2106]
61461034000178,CARCI INDUSTRIA E COMERCIO DE APARELHOS CIRURGICOS E ORTOPEDICOS LTDA,26,CARCI INDUSTRIA E COMERC [M2107]
61485900000160,SG TECNOLOGIA CLINICA LTDA,56,SG TECNOLOGIA CLINICA LT [M2108]
61489381000109,"KTK INDUSTRIA, IMPORTACAO, EXPORTACAO E COMERCIO DE EQUIPAMENTOS HOSPITALARES LTDA EM RECUPERACAO JUDICIAL",5,"KTK INDUSTRIA, IMPORTACA [M2109]"
61517397000188,THERASKIN FARMACEUTICA LTDA.,15,THERASKIN FARMACEUTICA L [M2110]
61541132000115,NEOLATINA COMERCIO E INDUSTRIA FARMACEUTICA S. A.,2,NEOLATINA COMERCIO E IND [M2111]
61595732000166,INVESTMAR DE INTERCAMBIO COMERCIAL LTDA,20,INVESTMAR DE INTERCAMBIO [M2112]
61747986000152,BARASCH SYLMAR INDUSTRIA METALURGICA LTDA,6,BARASCH SYLMAR INDUSTRIA [M2113]
61755443000187,INDUSTRIA E COM DE PRODUTOS ALIMENTICIOS TIGRINHO LTDA,5,INDUSTRIA E COM DE PRODU [M2114]
61793691000112,CONTROLES GRAFICOS DARU S A - FALIDO,128,CONTROLES GRAFICOS DARU  [M2115]
61817664000132,NEWMED PRODUTOS PARA SAUDE LTDA,21,NEWMED PRODUTOS PARA SAU [M2116]
61821344000156,INSTITUTO BUTANTAN,1,INSTITUTO BUTANTAN [M2117]
62063003000121,SKAY INDUSTRIA E COMERCIO DE INSTRUMENTAL CIRURGICO E ODONTOLOGICO LTDA,23,SKAY INDUSTRIA E COMERCI [M2118]
62373923000146,SILPACHEM INDUSTRIA E COMERCIO DE PRODUTOS QUIMICOS LTDA,4,SILPACHEM INDUSTRIA E CO [M2119]
62413869000115,GIGANTE RECEM NASCIDO LTDA.,8,GIGANTE RECEM NASCIDO LT [M2120]
62462015000129,APSEN FARMACEUTICA S/A,1368,APSEN FARMACEUTICA S/A [M2121]
62488184000138,INPHARMA LABORATORIOS LTDA,2,INPHARMA LABORATORIOS LT [M2122]
62540026000180,ATAMED INDUSTRIA E COMERCIO SOCIEDADE UNIPESSOAL LTDA,1,ATAMED INDUSTRIA E COMER [M2123]
62618483000140,INBORPLAS COMERCIAL LTDA,4,INBORPLAS COMERCIAL LTDA [M2124]
62969589000198,CSL BEHRING COMERCIO DE PRODUTOS FARMACEUTICOS LTDA,171,CSL BEHRING COMERCIO DE  [M2125]
62969589001593,CSL BEHRING COMERCIO DE PRODUTOS FARMACEUTICOS LTDA,37,CSL BEHRING COMERCIO DE  [M2126]
63064653000154,LABORATORIOS STIEFEL LTDA,1,LABORATORIOS STIEFEL LTD [M2127]
63441802000157,INLAB - INVESTIGACAO LABORATORIAL LTDA,1,INLAB - INVESTIGACAO LAB [M2128]
63643571000164,TANARIMAN INDUSTRIAL LTDA,44,TANARIMAN INDUSTRIAL LTD [M2129]
64088172000141,ATIVUS SERVICOS DE ESCRITORIOS ADMINISTRATIVOS LTDA,26,ATIVUS SERVICOS DE ESCRI [M2130]
64171697000146,ACCORD FARMACEUTICA LTDA,946,ACCORD FARMACEUTICA LTDA [M2131]
64178619000173,NALGON EQUIPAMENTOS CIENTIFICOS LTDA,2,NALGON EQUIPAMENTOS CIEN [M2132]
64345010000141,VISIONTECH MEDICAL OPTICS LTDA,2,VISIONTECH MEDICAL OPTIC [M2133]
64687015000152,IPANEMA INDUSTRIA DE PRODUTOS VETERINARIOS LTDA,3,IPANEMA INDUSTRIA DE PRO [M2134]
64711500000114,UCB BIOPHARMA LTDA.,208,UCB BIOPHARMA LTDA. [M2135]
64711500000203,UCB BIOPHARMA LTDA.,4,UCB BIOPHARMA LTDA. [M2136]
64711500000386,UCB BIOPHARMA LTDA.,41,UCB BIOPHARMA LTDA. [M2137]
64760614000154,ABC LAB PRODUTOS PARA LABORATORIOS LTDA,1,ABC LAB PRODUTOS PARA LA [M2138]
64822885000197,QEEL - QUIMICA ESPECIALIZADA ERICH LTDA,26,QEEL - QUIMICA ESPECIALI [M2139]
64834013000149,UNIVERSAL CHEMICAL LTDA,1,UNIVERSAL CHEMICAL LTDA [M2140]
65013120000179,ANTONIO CARLOS DE FENDI LTDA,2,ANTONIO CARLOS DE FENDI  [M2141]
65141046000176,QUALITY COMMERCE DISTRIBUIDORA HOSPITALAR LTDA,1,QUALITY COMMERCE DISTRIB [M2142]
65271900000119,NATIVITA INDUSTRIA E COMERCIO LTDA,1748,NATIVITA INDUSTRIA E COM [M2143]
65308835000159,PROMEDICA MEDSERVICE LTDA,2,PROMEDICA MEDSERVICE LTD [M2144]
65311961000162,BIOMASTER EQUIPAMENTOS HOSPITALARES LTDA,20,BIOMASTER EQUIPAMENTOS H [M2145]
65439382000280,FOLIUM ET VITAE FARMACIA DE MANIPULACAO E HOMEOPATIA LTDA,1,FOLIUM ET VITAE FARMACIA [M2146]
65441255000135,DENTAL MORELLI LTDA,12,DENTAL MORELLI LTDA [M2147]
65651028000134,MADEITEX COMERCIO VAREJISTA DE ARTEFATOS DE LATEX LTDA,125,MADEITEX COMERCIO VAREJI [M2148]
65769739000108,BENFER PRODUTOS PARA LABORATORIOS LTDA,1,BENFER PRODUTOS PARA LAB [M2149]
65802894000189,BIO MN INDUSTRIA E COMERCIO LTDA,5,BIO MN INDUSTRIA E COMER [M2150]
65861056000186,HICSOS LEFORT INTERNACIONAL DO BRASIL INDUSTRIA E COMERCIO LTDA,1,HICSOS LEFORT INTERNACIO [M2151]
65882631000127,SUTURBRAS INDUSTRIA E COMERCIO LTDA,2,SUTURBRAS INDUSTRIA E CO [M2152]
66000787000108,WAMA PRODUTOS PARA LABORATORIO LTDA,114,WAMA PRODUTOS PARA LABOR [M2153]
66155623000141,BIOLUNIS FARMACEUTICA LTDA,2,BIOLUNIS FARMACEUTICA LT [M2154]
66437831000133,HTS - TECNOLOGIA EM SAUDE COMERCIO IMPORTACAO E EXPORTACAO LTDA,17,HTS - TECNOLOGIA EM SAUD [M2155]
66437831000486,HTS - TECNOLOGIA EM SAUDE COMERCIO IMPORTACAO E EXPORTACAO LTDA,8,HTS - TECNOLOGIA EM SAUD [M2156]
66525379000161,KONDENTECH INDUSTRIA E COMERCIO LTDA,20,KONDENTECH INDUSTRIA E C [M2157]
66581935000117,MONTSERRAT COMERCIAL IMPORTADORA E EXPORTADORA LTDA,22,MONTSERRAT COMERCIAL IMP [M2158]
66783630000279,PRO-LIFE EQUIPAMENTOS MEDICOS LTDA,8,PRO-LIFE EQUIPAMENTOS ME [M2159]
66818360000103,DENT-FLEX INDUSTRIA E COMERCIO LTDA,18,DENT-FLEX INDUSTRIA E CO [M2160]
66835281000100,BALMAK INDUSTRIA E COMERCIO LTDA,22,BALMAK INDUSTRIA E COMER [M2161]
66877184000180,DOC MED COMERCIO IMPORTACAO E EXPORTACAO LTDA,14,DOC MED COMERCIO IMPORTA [M2162]
66969262000177,"UNIT - INDUSTRIA, COMERCIO, IMPORTACAO E EXPORTACAO LIMITADA",21,"UNIT - INDUSTRIA, COMERC [M2163]"
67065110000102,C.D.S. ARTEFATOS DE PLASTICOS E METALICOS LTDA,11,C.D.S. ARTEFATOS DE PLAS [M2164]
67172692000126,"ACE FLAIBAM, INDUSTRIA, COMERCIO, IMPORTACAO E EXPORTACAO LTDA",3,"ACE FLAIBAM, INDUSTRIA,  [M2165]"
67423152000178,IBG INDUSTRIA BRASILEIRA DE GASES LTDA,4,IBG INDUSTRIA BRASILEIRA [M2166]
67444422000127,ADDISON INDUSTRIA E COMERCIO LTDA,1,ADDISON INDUSTRIA E COME [M2167]
67566877000115,D.C.M.A. PRODUTOS MEDICOS E ODONTOLOGICOS LTDA,70,D.C.M.A. PRODUTOS MEDICO [M2168]
67577361000257,IMPLANTEC MATERIAIS MEDICOS E HOSPITALARES LTDA,412,IMPLANTEC MATERIAIS MEDI [M2169]
67578617000160,THIMON INSTRUMENTOS CIRURGICOS LTDA,1,THIMON INSTRUMENTOS CIRU [M2170]
67729178000572,COMERCIAL CIRURGICA RIOCLARENSE LTDA,3,COMERCIAL CIRURGICA RIOC [M2171]
67734053000298,B.R.A. INDUSTRIAL LTDA,2,B.R.A. INDUSTRIAL LTDA [M2172]
67882621000117,"J.G. MORIYA REPRESENTACAO, IMPORTADORA E EXPORTADORA COMERCIAL LTDA.",57,J.G. MORIYA REPRESENTACA [M2173]
68032192000151,BIONATUS LABORATORIO BOTANICO LTDA,165,BIONATUS LABORATORIO BOT [M2174]
68072172000104,I.O.L. IMPLANTES LTDA,23,I.O.L. IMPLANTES LTDA [M2175]
68146992000101,POWER SAVE INDUSTRIA E COMERCIO DE PRODUTOS PARA HIGIENE PESSOAL E TEXTIL LTDA,3,POWER SAVE INDUSTRIA E C [M2176]
68176544000142,KSN - PROTECAO RESPIRATORIA LTDA,20,KSN - PROTECAO RESPIRATO [M2177]
68194497000160,MEDICAL TEXTIL HOSPITALAR LTDA,16,MEDICAL TEXTIL HOSPITALA [M2178]
68210657000117,DINAMICA QUIMICA CONTEMPORANEA LTDA,4,DINAMICA QUIMICA CONTEMP [M2179]
68240779000156,JARRELL FARMACEUTICA LTDA,1,JARRELL FARMACEUTICA LTD [M2180]
68567650000157,S S WHITE ARTIGOS DENTARIOS S/A,192,S S WHITE ARTIGOS DENTAR [M2181]
68567650000238,S S WHITE ARTIGOS DENTARIOS S/A,1,S S WHITE ARTIGOS DENTAR [M2182]
68577063000149,ELIAH FARMACIA DE MANIPULACAO LTDA,1,ELIAH FARMACIA DE MANIPU [M2183]
68710557000150,SAUDE RAPIDO PRODUTOS PARA SAUDE LTDA,10,SAUDE RAPIDO PRODUTOS PA [M2184]
68867522000129,GABMED PRODUTOS ESPECIFICOS LTDA,3,GABMED PRODUTOS ESPECIFI [M2185]
68949239000146,UNITED MEDICAL LTDA,102,UNITED MEDICAL LTDA [M2186]
68949239000570,UNITED MEDICAL LTDA,1,UNITED MEDICAL LTDA [M2187]
69163970000104,"EYETEC EQUIPAMENTOS OFTALMICOS,INDUSTRIA, COMERCIO, IMPORTACAO E EXPORTACAO LTDA",2,EYETEC EQUIPAMENTOS OFTA [M2188]
69249803000180,"DYNAMED - INDUSTRIA, COMERCIO E SERVICOS PARA ELETROMEDICINA LTDA",1,"DYNAMED - INDUSTRIA, COM [M2189]"
69342475000162,TECNODENT INDUSTRIA E COMERCIO LTDA,27,TECNODENT INDUSTRIA E CO [M2190]
69348936000104,ANADONA COMERCIO E CONFECCOES LTDA,181,ANADONA COMERCIO E CONFE [M2191]
69363174000115,NUTERAL INDUSTRIA DE FORMULACOES NUTRICIONAIS LTDA,12,NUTERAL INDUSTRIA DE FOR [M2192]
69950913000175,MED FARMACE DISTRIBUIDORA DE MEDICAMENTOS LTDA.,1,MED FARMACE DISTRIBUIDOR [M2193]
70306451000137,NEVOA PRODUTOS HIGIENICOS LTDA,46,NEVOA PRODUTOS HIGIENICO [M2194]
70939574000105,FABRICA DE ARTEFATOS DE LATEX SAO ROQUE LTDA,121,FABRICA DE ARTEFATOS DE  [M2195]
70939574000296,FABRICA DE ARTEFATOS DE LATEX SAO ROQUE LTDA,106,FABRICA DE ARTEFATOS DE  [M2196]
70942586000199,FARMAVIDA MEDICAMENTOS LTDA,2,FARMAVIDA MEDICAMENTOS L [M2197]
71015853000145,DIAMED LATINO AMERICA S.A,32,DIAMED LATINO AMERICA S. [M2198]
71256283000185,KONICA MINOLTA HEALTHCARE DO BRASIL INDUSTRIA DE EQUIPAMENTOS MEDICOS LTDA,10,KONICA MINOLTA HEALTHCAR [M2199]
71437917000104,KATAL BIOTECNOLOGICA INDUSTRIA E COMERCIO LTDA,12,KATAL BIOTECNOLOGICA IND [M2200]
71447486000159,INDUSTRIA E COMERCIO DE MATERIAIS DE ACUPUNTURA LTDA,2,INDUSTRIA E COMERCIO DE  [M2201]
71505564000124,EMIGE MATERIAIS ODONTOLOGICOS LTDA,1,EMIGE MATERIAIS ODONTOLO [M2202]
71675508000138,WL COMERCIO DE IMPORTACAO E EXPORTACAO LTDA,3,WL COMERCIO DE IMPORTACA [M2203]
71769673000159,MENDES & BARBOSA PRODUTOS MEDICOS LTDA,1,MENDES & BARBOSA PRODUTO [M2204]
71846612000148,CEPAV PHARMA LIMITADA,1,CEPAV PHARMA LIMITADA [M2205]
71917181000163,NSK BRASIL LTDA,2,NSK BRASIL LTDA [M2206]
71957310000147,GREINER BIO-ONE BRASIL PRODUTOS MEDICOS HOSPITALARES LTDA,64,GREINER BIO-ONE BRASIL P [M2207]
71982839000110,UNICHEM COMERCIO DE ESPECIALIDADES QUIMICAS LTDA,70,UNICHEM COMERCIO DE ESPE [M2208]
72183387000170,LUPLAST IND E COM DE PLASTICOS LTDA,6,LUPLAST IND E COM DE PLA [M2209]
72320906000102,LABORATORIO MERCOFARMA LTDA,2,LABORATORIO MERCOFARMA L [M2210]
72563158000180,NUTRIMED INDUSTRIAL LTDA,53,NUTRIMED INDUSTRIAL LTDA [M2211]
72568587000140,MEDICOR - PRODUTOS HOSPITALARES LTDA,7,MEDICOR - PRODUTOS HOSPI [M2212]
72704299000176,FIT-PEL INDUSTRIA E COMERCIO LTDA.,2,FIT-PEL INDUSTRIA E COME [M2213]
72719396000132,BALLDARASSI SERVICOS DE APOIO ADMINISTRATIVO LTDA,3,BALLDARASSI SERVICOS DE  [M2214]
72763733000199,TRAUMEDICA INSTRUMENTAIS E IMPLANTES LTDA,9,TRAUMEDICA INSTRUMENTAIS [M2215]
72807043000194,LABORLAB PRODUTOS PARA LABORATORIOS LTDA,5,LABORLAB PRODUTOS PARA L [M2216]
72819980000160,M. SO MATERIAL HOSPITALAR LTDA,165,M. SO MATERIAL HOSPITALA [M2217]
72899016000199,ESSITY DO BRASIL INDUSTRIA E COMERCIO LTDA,27,ESSITY DO BRASIL INDUSTR [M2218]
72899016000512,ESSITY DO BRASIL INDUSTRIA E COMERCIO LTDA,25,ESSITY DO BRASIL INDUSTR [M2219]
72905839000180,A.DE OLIVEIRA FORTUNA,20,A.DE OLIVEIRA FORTUNA [M2220]
72979305000106,ALERGOSHOP PRODUTOS PARA ALERGICOS LTDA,3,ALERGOSHOP PRODUTOS PARA [M2221]
73008682000152,LABINBRAZ COMERCIAL LTDA,115,LABINBRAZ COMERCIAL LTDA [M2222]
73010811000147,MED STEEL PRODUTOS PARA LABORATORIOS LTDA,3,MED STEEL PRODUTOS PARA  [M2223]
73013237000180,LOHCUS COMERCIO E TECNOLOGIA EM SAUDE LTDA,1,LOHCUS COMERCIO E TECNOL [M2224]
73097545000131,L H INDUSTRIA TEXTIL LTDA,20,L H INDUSTRIA TEXTIL LTD [M2225]
73142960000160,DILEPE INDUSTRIA E COMERCIO DE MATERIAIS ORTOPEDICOS LT,12,DILEPE INDUSTRIA E COMER [M2226]
73196438000160,VETNIL INDUSTRIA E COMERCIO DE PRODUTOS VETERIN LTDA,8,VETNIL INDUSTRIA E COMER [M2227]
73222549000102,MAXITEX INDUSTRIA TEXTIL LTDA,83,MAXITEX INDUSTRIA TEXTIL [M2228]
73279044000176,ORTUS IND. E COM. LTDA,8,ORTUS IND. E COM. LTDA [M2229]
73285553000101,SKY DENT INDUSTRIA E COMERCIO LTDA,1,SKY DENT INDUSTRIA E COM [M2230]
73297509000111,BHIO SUPPLY INDUSTRIA E COMERCIO DE EQUIPAMENTOS MEDICOS S/A,5,BHIO SUPPLY INDUSTRIA E  [M2231]
73318693000139,V P - MEDICAMENTOS LTDA,1,V P - MEDICAMENTOS LTDA [M2232]
73636391000109,NEWPROV PRODUTOS PARA LABORATORIO LTDA,110,NEWPROV PRODUTOS PARA LA [M2233]
73663650000190,RANBAXY FARMACEUTICA LTDA,3632,RANBAXY FARMACEUTICA LTD [M2234]
73856593000166,"PRATI, DONADUZZI & CIA LTDA",24109,"PRATI, DONADUZZI & CIA L [M2235]"
73856593001057,"PRATI, DONADUZZI & CIA LTDA",163,"PRATI, DONADUZZI & CIA L [M2236]"
74017708000272,INDUSBELLO IND. E COM. DE PRODUTOS MEDICOS E ODONTOLOGICOS LTDA.,56,INDUSBELLO IND. E COM. D [M2237]
74060179000109,RIO AUREMAR PLASTICOS LTDA,6,RIO AUREMAR PLASTICOS LT [M2238]
74127473000190,DIMERIOS COMERCIO DE MATERIAIS CIRURGICOS LTDA,2,DIMERIOS COMERCIO DE MAT [M2239]
74194747000164,FARMACIA FLORACELL LTDA,2,FARMACIA FLORACELL LTDA [M2240]
74215013000114,OFT-VISION INDUSTRIA E COMERCIO LTDA,4,OFT-VISION INDUSTRIA E C [M2241]
74230236000150,UNIFARMA NATUREZA LTDA,2,UNIFARMA NATUREZA LTDA [M2242]
74232034000148,LABORATORIOS FERRING LTDA,137,LABORATORIOS FERRING LTD [M2243]
74360116000178,BEST FABRIL INDUSTRIA E COMERCIO DE ARTEFATOS DE FALSO TECIDO LTDA.,11,BEST FABRIL INDUSTRIA E  [M2244]
74626557000179,KDL DO BRASIL - COMERCIO DE PRODUTOS MEDICO-HOSPITALAR EIRELI,3,KDL DO BRASIL - COMERCIO [M2245]
75004192000103,QUIBRAS QUIMICA BRASILEIRA LTDA,1,QUIBRAS QUIMICA BRASILEI [M2246]
75014167000100,NUNESFARMA DISTRIBUIDORA DE PRODUTOS FARMACEUTICOS LTDA,342,NUNESFARMA DISTRIBUIDORA [M2247]
75331801000139,DISTRIBUIDORA JANDAIA LTDA,6,DISTRIBUIDORA JANDAIA LT [M2248]
75549436000133,LASA INDUSTRIA FARMACEUTICA LTDA,1,LASA INDUSTRIA FARMACEUT [M2249]
76386283000113,DIMEVA DISTRIBUIDORA E IMPORTADORA LTDA,13,DIMEVA DISTRIBUIDORA E I [M2250]
76487032000125,ELECTROLUX DO BRASIL S/A,1,ELECTROLUX DO BRASIL S/A [M2251]
76591049000128,LIGA PARANAENSE DE COMBATE AO CANCER,1,LIGA PARANAENSE DE COMBA [M2252]
76619113000131,LABORCLIN PROD PARA LABORATORIOS LIMITADA,35,LABORCLIN PROD PARA LABO [M2253]
76635689001407,O. V. D. IMPORTADORA E DISTRIBUIDORA LTDA,1,O. V. D. IMPORTADORA E D [M2254]
76748284000160,INDUSTRIA DE MOVEIS ZILMO LTDA,1,INDUSTRIA DE MOVEIS ZILM [M2255]
76760776000171,TEGAPE TEC LTDA.,1,TEGAPE TEC LTDA. [M2256]
76776582000164,"PANTHER INDUSTRIA, COMERCIO E EXPORTACAO DE FRALDAS E PRODUTOS DE HIGIENE PESSOAL LTDA",1,"PANTHER INDUSTRIA, COMER [M2257]"
77929123000136,CROMOFARMA COMERCIAL FARMACEUTICA LTDA,1,CROMOFARMA COMERCIAL FAR [M2258]
77970945000160,ORTOMETAL METALURGICA E ORTOPEDIA INDUSTRIAL LTDA,1,ORTOMETAL METALURGICA E  [M2259]
78515210000100,CONTROLLER COMERCIO E SERVICOS LTDA,26,CONTROLLER COMERCIO E SE [M2260]
78700929000200,DA ILHA COMERCIO DE ALCOOL LTDA,2,DA ILHA COMERCIO DE ALCO [M2261]
78742491000133,JOAOMED COMERCIO DE MATERIAIS CIRURGICOS S/A,744,JOAOMED COMERCIO DE MATE [M2262]
78746773000109,CASEX IND DE PLASTICOS E PROD MEDICOS HOSPITALARES LTDA,133,CASEX IND DE PLASTICOS E [M2263]
78908266000124,MILI S/A,14,MILI S/A [M2264]
78935400001409,FARMACIA VALE VERDE LTDA,4,FARMACIA VALE VERDE LTDA [M2265]
78950011000120,HERBARIUM LABORATORIO BOTANICO LTDA.,54,HERBARIUM LABORATORIO BO [M2266]
79250676000193,CIRURGICA JAW COMERCIO DE MATERIAL MEDICO HOSP LTDA,1,CIRURGICA JAW COMERCIO D [M2267]
79401303000176,TECENIL TECELAGEM NILO LTDA,4,TECENIL TECELAGEM NILO L [M2268]
79402418000185,ESTILO ARTEFATOS DE MADEIRAS LTDA,72,ESTILO ARTEFATOS DE MADE [M2269]
79402418000266,ESTILO ARTEFATOS DE MADEIRAS LTDA,21,ESTILO ARTEFATOS DE MADE [M2270]
79634572000182,AS ERVAS CURAM INDUSTRIA FARMACEUTICA LTDA,3,AS ERVAS CURAM INDUSTRIA [M2271]
79805263000128,KSS COMERCIO E INDUSTRIA DE EQUIPAMENTOS MEDICO LTDA,6,KSS COMERCIO E INDUSTRIA [M2272]
79846465000118,GOEDERT LTDA,56,GOEDERT LTDA [M2273]
79984027000116,B M M FARMACIA LTDA,1,B M M FARMACIA LTDA [M2274]
80246309000103,CAOBIANCO MATERIAIS MEDICOS E HOSPITALARES LTDA,1,CAOBIANCO MATERIAIS MEDI [M2275]
80330046000108,PROGRAD COMERCIAL MEDICA LTDA,33,PROGRAD COMERCIAL MEDICA [M2276]
80392434000113,J. PROLAB INDUSTRIA E COMERCIO DE PRODUTOS PARA LABORATORIO LTDA,380,J. PROLAB INDUSTRIA E CO [M2277]
80452022000121,DAUFENBACH & DAUFENBACH LTDA,8,DAUFENBACH & DAUFENBACH  [M2278]
81022832000100,ODONTO PROTESE COMERCIAL LTDA,3,ODONTO PROTESE COMERCIAL [M2279]
81196586000103,N MARTINS INDUSTRIA E COMERCIO LTDA,20,N MARTINS INDUSTRIA E CO [M2280]
81591786000160,TDV DENTAL LTDA,66,TDV DENTAL LTDA [M2281]
82195744000173,NJ PLASTICOS IND E COM DE PRODUTOS P LABORATORIOS LTDA,1,NJ PLASTICOS IND E COM D [M2282]
82225947000165,A G KIENEN & CIA LTDA,2,A G KIENEN & CIA LTDA [M2283]
82226754000129,SANTA RITA SERVICOS ADMINISTRATIVOS LTDA,1,SANTA RITA SERVICOS ADMI [M2284]
82277955000155,NOVO NORDISK FARMACEUTICA DO BRASIL LTDA,1065,NOVO NORDISK FARMACEUTIC [M2285]
82277955000740,NOVO NORDISK FARMACEUTICA DO BRASIL LTDA,8,NOVO NORDISK FARMACEUTIC [M2286]
82297680000111,STERICONTROL LTDA,9,STERICONTROL LTDA [M2287]
82387226000151,DUOMED PRODUTOS MEDICOS E HOSPITALARES LTDA,2,DUOMED PRODUTOS MEDICOS  [M2288]
82478140000134,"SALVI, LOPES & CIA. LTDA",1,"SALVI, LOPES & CIA. LTDA [M2289]"
82641325000118,CREMER S.A.,392,CREMER S.A. [M2290]
82641325001866,CREMER S.A.,81,CREMER S.A. [M2291]
82873068000735,GENESIO A MENDES & CIA LTDA,2,GENESIO A MENDES & CIA L [M2292]
82914334000135,DAHUER LABORATORIO LTDA,7,DAHUER LABORATORIO LTDA [M2293]
83062174000106,AZEPLAST INDUSTRIA E COMERCIO LTDA,5,AZEPLAST INDUSTRIA E COM [M2294]
83200105000111,MEDIX DISTRIBUICAO COMERCIO E REPRESENTACAO LTDA,324,MEDIX DISTRIBUICAO COMER [M2295]
83821280000126,MGF COMERCIO DE COSMETICOS LTDA,5,MGF COMERCIO DE COSMETIC [M2296]
83874628000143,LABORATORIO FARMACEUTICO ELOFAR LTDA.,271,LABORATORIO FARMACEUTICO [M2297]
83874628000305,LABORATORIO FARMACEUTICO ELOFAR LTDA.,21,LABORATORIO FARMACEUTICO [M2298]
84551191000170,SILVA & SILVA PRODUTOS FARMACEUTICOS LTDA,33,SILVA & SILVA PRODUTOS F [M2299]
84683382000195,MINANCORA & CIA LTDA,1,MINANCORA & CIA LTDA [M2300]
84683556000110,EH BRASIL INDUSTRIA E COMERCIO LTDA.,419,EH BRASIL INDUSTRIA E CO [M2301]
84683556000381,EH BRASIL INDUSTRIA E COMERCIO LTDA.,2,EH BRASIL INDUSTRIA E CO [M2302]
84684620000187,LABORATORIO CATARINENSE LTDA,42,LABORATORIO CATARINENSE  [M2303]
84704683000158,QUIMIDROL COMERCIO INDUSTRIA IMPORTACAO LTDA,88,QUIMIDROL COMERCIO INDUS [M2304]
84833888000133,BIODINAMICA QUIMICA E FARMACEUTICA LTDA,869,BIODINAMICA QUIMICA E FA [M2305]
84859552000140,STERMAX PRODUTOS MEDICOS LTDA,10,STERMAX PRODUTOS MEDICOS [M2306]
84859552000220,STERMAX PRODUTOS MEDICOS LTDA,2,STERMAX PRODUTOS MEDICOS [M2307]
84932979000630,BONA FARMA LTDA,1,BONA FARMA LTDA [M2308]
84966498000131,MAXICOR PRODUTOS MEDICOS LTDA,111,MAXICOR PRODUTOS MEDICOS [M2309]
85081446000140,JOHNNY FELIPE CONTESINI DE OLIVEIRA LTDA,1,JOHNNY FELIPE CONTESINI  [M2310]
85228880000100,ORLEPLAST INDUSTRIA E COMERCIO DE PLASTICOS LTDA,1,ORLEPLAST INDUSTRIA E CO [M2311]
85247385000149,PROSAUDE DISTRIBUIDORA DE MEDICAMENTOS LTDA,1,PROSAUDE DISTRIBUIDORA D [M2312]
85477586000132,ECO-FARMAS COMERCIO DE MEDICAMENTOS LTDA,1,ECO-FARMAS COMERCIO DE M [M2313]
85511954000111,SUPERVALE VERDE INDUSTRIA DE PRODUTOS QUIMICOS LTDA,9,SUPERVALE VERDE INDUSTRI [M2314]
86046448000161,CONDOR S.A,2,CONDOR S.A [M2315]
86647138000100,SANTALMAS COMERCIO IMPORTACAO EXPORTACAO LTDA,2,SANTALMAS COMERCIO IMPOR [M2316]
87000782000147,NUTRABEM BIO TECNOLOGIA LTDA,2,NUTRABEM BIO TECNOLOGIA  [M2317]
87124384000132,QUIMICA CENIT DO BRASIL LTDA,10,QUIMICA CENIT DO BRASIL  [M2318]
87156352000119,INCOTERM SOLUCOES EM MEDICAO LTDA,72,INCOTERM SOLUCOES EM MED [M2319]
87375952000178,LEBON PRODUTOS QUIMICOS FARMACEUTICOS LTDA,1,LEBON PRODUTOS QUIMICOS  [M2320]
87642666000121,MECSUL MAQUINAS E EQUIPAMENTOS LTDA,7,MECSUL MAQUINAS E EQUIPA [M2321]
87651345000193,G GOTUZZO E CIA LTDA,1,G GOTUZZO E CIA LTDA [M2322]
88303433000167,ITM INDUSTRIA DE TECNOLOGIAS MEDICAS LTDA.,1,ITM INDUSTRIA DE TECNOLO [M2323]
88610555000104,INDUSTRIA FARMACEUTICA BASA LTDA EM RECUPERACAO JUDICIAL,6,INDUSTRIA FARMACEUTICA B [M2324]
88634977000101,SOPRANO INDUSTRIA ELETROMETALURGICA LTDA,2,SOPRANO INDUSTRIA ELETRO [M2325]
88957022000195,MUZYMED INSTRUMENTAL CIRURGICO LTDA,3,MUZYMED INSTRUMENTAL CIR [M2326]
89028575000800,OLVEBRA INDUSTRIAL S/A EM RECUPERACAO JUDICIAL,1,OLVEBRA INDUSTRIAL S/A E [M2327]
89738173000115,SANREMO S/A,32,SANREMO S/A [M2328]
89982037000176,MAX CIRURGICA COMERCIO DE MATERIAIS HOSPITALARES LTDA,13,MAX CIRURGICA COMERCIO D [M2329]
90059171000189,POLI TAPE INDUSTRIA E COMERCIO DE FITAS ADESIVAS LTDA,27,POLI TAPE INDUSTRIA E CO [M2330]
90059171000260,POLI TAPE INDUSTRIA E COMERCIO DE FITAS ADESIVAS LTDA,16,POLI TAPE INDUSTRIA E CO [M2331]
90473216000167,PREVESUL EQUIPAMENTOS E ACESSORIOS PARA SEGURANCA NO TRABALHO LTDA,1,PREVESUL EQUIPAMENTOS E  [M2332]
90607656000160,IODONTEC INDUSTRIA E COMERCIO DE PRODUTOS ODONTOLOGICOS LTDA,14,IODONTEC INDUSTRIA E COM [M2333]
90769407000170,ART INOX INDUSTRIA METALURGICA LTDA,29,ART INOX INDUSTRIA METAL [M2334]
90804550000156,METALURGICA BRIAO LTDA,2,METALURGICA BRIAO LTDA [M2335]
90821554000142,NEOGEN DO BRASIL INDUSTRIA E COMERCIO LTDA,2,NEOGEN DO BRASIL INDUSTR [M2336]
90909631000110,INSTRAMED INDUSTRIA MEDICO HOSPITALAR LTDA,30,INSTRAMED INDUSTRIA MEDI [M2337]
91408732000170,INBRAMED-INDUST. BRASILEIRA DE EQUIPTOS. MEDICOS LTDA,1,INBRAMED-INDUST. BRASILE [M2338]
91671792000181,LABORATORIO SAUDE LTDA,1,LABORATORIO SAUDE LTDA [M2339]
91673251001750,FARMACIAS HAMBURGUESA LTDA.,2,FARMACIAS HAMBURGUESA LT [M2340]
92037480000183,FARMAMED PRODUTOS HOSPITALARES LTDA,22,FARMAMED PRODUTOS HOSPIT [M2341]
92265552000140,MULTILAB INDUSTRIA E COMERCIO DE PRODUTOS FARMAC LTDA,372,MULTILAB INDUSTRIA E COM [M2342]
92265552000905,MULTILAB INDUSTRIA E COMERCIO DE PRODUTOS FARMAC LTDA,259,MULTILAB INDUSTRIA E COM [M2343]
92670801000182,GEYER MEDICAMENTOS SA,16,GEYER MEDICAMENTOS SA [M2344]
92690999000166,LABORATORIO WESP LTDA,1,LABORATORIO WESP LTDA [M2345]
92695691000103,KLEY HERTZ FARMACEUTICA S.A,91,KLEY HERTZ FARMACEUTICA  [M2346]
92762277000170,VIDORA FARMACEUTICA LTDA,17,VIDORA FARMACEUTICA LTDA [M2347]
92791243000103,IRANI PAPEL E EMBALAGEM S.A.,1,IRANI PAPEL E EMBALAGEM  [M2348]
92832195000154,SALBEGO LABORATORIO FARMACEUTICO LTDA,3,SALBEGO LABORATORIO FARM [M2349]
92928951000143,LABORATORIO INDUSTRIAL FARMACEUTICO LIFAR LTDA,12,LABORATORIO INDUSTRIAL F [M2350]
93000917000177,METALURGICA MARINI LTDA,1,METALURGICA MARINI LTDA [M2351]
93185577000104,SCHUSTER COMERCIO DE EQUIPAMENTOS ODONTOLOGICOS LTDA,49,SCHUSTER COMERCIO DE EQU [M2352]
93248979000100,BIO MED PRODUTOS MEDICOS E HOSPITALARES LTDA,2,BIO MED PRODUTOS MEDICOS [M2353]
93410975000179,UTIL QUIMICA INDUSTRIA E COMERCIO LTDA,7,UTIL QUIMICA INDUSTRIA E [M2354]
93480192000161,CIEX DO BRASIL INDUSTRIA E COMERCIO DE PRODUTOS CIRURGICOS LTDA,309,CIEX DO BRASIL INDUSTRIA [M2355]
93896397001447,MERCUR S A,11,MERCUR S A [M2356]
94022654000160,LABORATORIO QUIMICO FARMACEUTICO TIARAJU LTDA,1,LABORATORIO QUIMICO FARM [M2357]
94069580000117,MICMMED LTDA.,8,MICMMED LTDA. [M2358]
94132024000148,FREEDOM VEICULOS ELETRICOS LTDA,1,FREEDOM VEICULOS ELETRIC [M2359]
94304672000134,MEDICONE PROJETOS E SOLUCOES PARA A INDUSTRIA E A SAUDE LTDA.,76,MEDICONE PROJETOS E SOLU [M2360]
94311032000151,INDUSTRIA DE COSMETICOS EVIDENCY LTDA,1,INDUSTRIA DE COSMETICOS  [M2361]
94869054000131,LABORATORIOS LIBRA DO BRASIL LTDA,5,LABORATORIOS LIBRA DO BR [M2362]
94876364000183,VIALI ATACADISTA E DISTRIBUIDORA DE MEDICAMENTOS LTDA,1,VIALI ATACADISTA E DISTR [M2363]
94895232000107,EMBRAMED EQUIPAMENTOS MEDICOS LTDA.,8,EMBRAMED EQUIPAMENTOS ME [M2364]
95422218000140,METALURGICA MOR SA,1,METALURGICA MOR SA [M2365]
95433397000111,COMERCIO DE MATERIAIS MEDICOS HOSPITALARES MACROSUL LTDA,102,COMERCIO DE MATERIAIS ME [M2366]
95799201000107,ADLIN PLASTICOS LTDA,91,ADLIN PLASTICOS LTDA [M2367]
95837316000149,HIGIE PLUS COTTONBABY INDUSTRIA E COMERCIO LTDA,10,HIGIE PLUS COTTONBABY IN [M2368]
96167887000186,PRATA HOSPITALAR LTDA,213,PRATA HOSPITALAR LTDA [M2369]
96260369000102,CELSO LOPES MARTINS PRODUTOS HOSPITALARES LTDA,2,CELSO LOPES MARTINS PROD [M2370]
96261607000102,KIDY BIRIGUI CALCADOS INDUSTRIA E COMERCIO LTDA,6,KIDY BIRIGUI CALCADOS IN [M2371]
96282090000120,DURAMAX INDUSTRIA E COMERCIO LTDA,2,DURAMAX INDUSTRIA E COME [M2372]
97127559000119,MK PRODUTOS PARA SAUDE LTDA,53,MK PRODUTOS PARA SAUDE L [M2373]
97215388000180,LEONARDI COMERCIO DE PRODUTOS PARA SAUDE LTDA,308,LEONARDI COMERCIO DE PRO [M2374]
97520618000114,JG DE MELLO - PINTURAS,3,JG DE MELLO - PINTURAS [M2375]

