fornecedor_id,fornecedor,ocorrencias,rotulo
00028682000140,PROMEDON DO BRASIL PRODUTOS MEDICO HOSPITALARES LTDA,7,PROMEDON DO BRASIL PRODU [F0001]
00029372000140,GE HEALTHCARE DO BRASIL COMERCIO E SERVICOS PARA EQUIPAMENTOS MEDICO-HOSPITALARES LTDA,2,GE HEALTHCARE DO BRASIL  [F0002]
00029372000736,GE HEALTHCARE DO BRASIL COMERCIO E SERVICOS PARA EQUIPAMENTOS MEDICO-HOSPITALARES LTDA,5,GE HEALTHCARE DO BRASIL  [F0003]
00059062000179,CRYSSIL FORNECEDORA DE MATERIAIS E SERVICOS ESPECIALIZADOSLTDA,1,CRYSSIL FORNECEDORA DE M [F0004]
00064780000133,HS MED COMERCIO DE ARTIGOS HOSPITALARES LTDA,317,HS MED COMERCIO DE ARTIG [F0005]
00072182000106,ROSSI PRODUTOS HOSPITALARES LTDA,74,ROSSI PRODUTOS HOSPITALA [F0006]
00085822000112,ESPECIFARMA COM DE MEDICAMENTOS E PRO HOSPITALARES LTDA,176,ESPECIFARMA COM DE MEDIC [F0007]
00088317000121,VICTORIA COMERCIO DE PRODUTOS HOSPITALARES LTDA,294,VICTORIA COMERCIO DE PRO [F0008]
00097489000161,L A VIDAL IMPORTACAO E EXPORTACAO LTDA.,16,L A VIDAL IMPORTACAO E E [F0009]
00098242000160,PRONTOFAR LTDA,4,PRONTOFAR LTDA [F0010]
00150371000150,LODERME FARMACIA DE MANIPULACAO LTDA,8,LODERME FARMACIA DE MANI [F0011]
00156820000177,HOSPMED LTDA,83,HOSPMED LTDA [F0012]
00174282000143,ODONTO TCHE - COMERCIO DE PRODUTOS E EQUIPAMENTOS ODONTOLOGICOS LTDA,1,ODONTO TCHE - COMERCIO D [F0013]
00175233000125,TRES LEOES MATERIAL HOSPITALAR LTDA,90,TRES LEOES MATERIAL HOSP [F0014]
00192190000196,OFTALMOPHARMA INDUSTRIA E COMERCIO DE PRODUTOS FARMACEUTICOS LTDA,12,OFTALMOPHARMA INDUSTRIA  [F0015]
00203590000150,SIDD COMERCIAL DISTRIBUIDORA DE MEDICAMENTOS LTDA,31,SIDD COMERCIAL DISTRIBUI [F0016]
00236193000184,CIRURGICA RECIFE COMERCIO E REPRESENTACOES LTDA,827,CIRURGICA RECIFE COMERCI [F0017]
00331788001271,AIR LIQUIDE BRASIL LTDA,1,AIR LIQUIDE BRASIL LTDA [F0018]
00331788001603,AIR LIQUIDE BRASIL LTDA,4,AIR LIQUIDE BRASIL LTDA [F0019]
00331788002910,AIR LIQUIDE BRASIL LTDA,1,AIR LIQUIDE BRASIL LTDA [F0020]
00339246000192,LONDRICIR COMERCIO DE MATERIAL HOSPITALAR LTDA,100,LONDRICIR COMERCIO DE MA [F0021]
00358519000146,"RCC - DISTRIBUIDORA DE MEDICAMENTOS, CORRELATOS E PRODUTOS MEDICOS E HOSPITALARES LTDA",133,RCC - DISTRIBUIDORA DE M [F0022]
00376959000126,IFAL IND E COM DE PRODUTOS FARMACEUTICOS LTDA,26,IFAL IND E COM DE PRODUT [F0023]
00411441000186,MK PRODUTOS MEDICO HOSPITALARES LTDA,5,MK PRODUTOS MEDICO HOSPI [F0024]
00447821003005,DROGARIA ROSARIO S/A,7,DROGARIA ROSARIO S/A [F0025]
00453515000147,FARMACIA GINAP LTDA,2,FARMACIA GINAP LTDA [F0026]
00463305000130,MARCHET DE SA BARRETO CALLOU,1,MARCHET DE SA BARRETO CA [F0027]
00467916000156,MAJ LAB - COMERCIO E MANUTENCAO DE EQUIPAMENTOS PARA LABORATORIO LTDA,12,MAJ LAB - COMERCIO E MAN [F0028]
00468680000172,LABOTEK COMERCIO E DISTRIBUICAO DE PRODUTOS HOSPITALARES LTDA,25,LABOTEK COMERCIO E DISTR [F0029]
00512932000113,QUALYS DIAGNOSTICOS COMERCIO LTDA.,1,QUALYS DIAGNOSTICOS COME [F0030]
00535560000140,LPK LTDA,2,LPK LTDA [F0031]
00535818000109,M MARCHIORE COMERCIAL FARMACEUTICA LTDA,2,M MARCHIORE COMERCIAL FA [F0032]
00542467000163,A B DESCARTAVEIS INDUSTRIA E COMERCIO LTDA,1,A B DESCARTAVEIS INDUSTR [F0033]
00545222000190,PROFARM COMERCIO DE MEDICAMENTOS E MATERIAL HOSPITALAR LTDA,1327,PROFARM COMERCIO DE MEDI [F0034]
00562583000144,RENYLAB - QUIMICA E FARMACEUTICA LTDA,12,RENYLAB - QUIMICA E FARM [F0035]
00596529000110,GENETICA COMERCIO IMPORTACAO E EXPORTACAO LTDA,4,GENETICA COMERCIO IMPORT [F0036]
00647694000153,R N F DE SOUZA & CIA LTDA,369,R N F DE SOUZA & CIA LTD [F0037]
00656468000139,SOMA/PR COMERCIO DE PRODUTOS HOSPITALARES LTDA,1996,SOMA/PR COMERCIO DE PROD [F0038]
00659050000185,CENTER MED COMERCIAL LTDA,388,CENTER MED COMERCIAL LTD [F0039]
00671994000178,GIROGAZ COMERCIAL DE OXIGENIO LTDA,5,GIROGAZ COMERCIAL DE OXI [F0040]
00683826000100,BIONEFRO COMERCIO DE MATERIAL HOSPITALAR LTDA,11,BIONEFRO COMERCIO DE MAT [F0041]
00691555000127,DECIO CAMARGO - PRODUTOS E EQUIPAMENTOS LABORATORIAIS LTDA.,3,DECIO CAMARGO - PRODUTOS [F0042]
00733472000153,DINAMICA MERCANTIL LTDA,39,DINAMICA MERCANTIL LTDA [F0043]
00735260000105,MED-SURGERY HOSPITALAR LTDA,3,MED-SURGERY HOSPITALAR L [F0044]
00740696000192,PMH PRODUTOS MEDICOS HOSPITALARES LTDA,1,PMH PRODUTOS MEDICOS HOS [F0045]
00744718000192,EDISON LUIZ SCHONHORST,2,EDISON LUIZ SCHONHORST [F0046]
00749145000190,FDA ALLERGENIC FARMACEUTICA LTDA,1,FDA ALLERGENIC FARMACEUT [F0047]
00787540000167,VERBENNA FARMACIA DE MANIPULACAO LTDA,1,VERBENNA FARMACIA DE MAN [F0048]
00795813000115,ALEANDRO GONCALVES PASSARINHO,1,ALEANDRO GONCALVES PASSA [F0049]
00799666000151,BRASFARMA COMERCIO DE MEDICAMENTOS LTDA,34,BRASFARMA COMERCIO DE ME [F0050]
00802002000102,ALTERMED MATERIAL MEDICO HOSPITALAR LTDA,6022,ALTERMED MATERIAL MEDICO [F0051]
00809672000142,FARMALIBRA COMERCIO DE PRODUTOS HOSPITALARES LTDA,105,FARMALIBRA COMERCIO DE P [F0052]
00826788000190,PEDS TREINAMENTOS E ASSESSORIA EMPRESARIAL LTDA,5,PEDS TREINAMENTOS E ASSE [F0053]
00857492000136,SOGAMAX DISTRIBUIDORA DE PRODUTOS FARMACEUTICOS LTDA,12,SOGAMAX DISTRIBUIDORA DE [F0054]
00860254000180,MULTILAB LABORATORIO DE ANALISES CLINICAS LTDA,1,MULTILAB LABORATORIO DE  [F0055]
00874929000140,MED CENTER COMERCIAL LTDA,1482,MED CENTER COMERCIAL LTD [F0056]
00890752000175,BRIUTE COMERCIO DE PRODUTOS E EQUIPAMENTOS HOSPITALARES LTDA,2,BRIUTE COMERCIO DE PRODU [F0057]
00891001000173,ENDO-TEC COM.E REPRESENTACAO DE MAT.CIRURGICOS LTDA,1,ENDO-TEC COM.E REPRESENT [F0058]
00895119000170,SANFARMA COMERCIO DE MEDICAMENTOS LTDA,937,SANFARMA COMERCIO DE MED [F0059]
00906250000195,MARMED COMERCIO DE MEDICAMENTOS LTDA,1,MARMED COMERCIO DE MEDIC [F0060]
00923140000131,EMS SIGMA PHARMA LTDA,2,EMS SIGMA PHARMA LTDA [F0061]
00938703000165,HOLLISTER DO BRASIL LTDA,3,HOLLISTER DO BRASIL LTDA [F0062]
00941837000135,J BASILIO COMERCIO DE GASES LTDA,3,J BASILIO COMERCIO DE GA [F0063]
00949616000103,COLLERE COMERCIO DE MEDICAMENTOS LTDA.,3,COLLERE COMERCIO DE MEDI [F0064]
00956869000104,COM REP MACIEL CAVALCANTI LTDA,66,COM REP MACIEL CAVALCANT [F0065]
00967987000118,MCS ADMINISTRADORA DE BENS LTDA,1,MCS ADMINISTRADORA DE BE [F0066]
00969505000169,OLIVA & OLIVA FARMACIA LTDA,8,OLIVA & OLIVA FARMACIA L [F0067]
00970175000121,M.S DIAGNOSTICA LTDA,107,M.S DIAGNOSTICA LTDA [F0068]
00995371000150,STOCK COMERCIAL HOSPITALAR LTDA - EM RECUPERACAO JUDICIAL,4,STOCK COMERCIAL HOSPITAL [F0069]
01005728000179,LABOR IMPORT COMERCIAL IMPORTADORA EXPORTADORA LTDA,1,LABOR IMPORT COMERCIAL I [F0070]
01009452000105,D C S VASCONCELOS,46,D C S VASCONCELOS [F0071]
01056338000128,ENDOCIRURGICA - COMERCIO DE PRODUTOS MEDICOS LTDA.,2,ENDOCIRURGICA - COMERCIO [F0072]
01057428000214,DESCARPACK DESCARTAVEIS DO BRASIL LTDA,1,DESCARPACK DESCARTAVEIS  [F0073]
01107391001182,SUPPORT PRODUTOS NUTRICIONAIS LTDA,16,SUPPORT PRODUTOS NUTRICI [F0074]
01107391001263,SUPPORT PRODUTOS NUTRICIONAIS LTDA,80,SUPPORT PRODUTOS NUTRICI [F0075]
01114218000130,FARMANIA FARMACIA DE MANIPULACAO LTDA,3,FARMANIA FARMACIA DE MAN [F0076]
01122234000174,IMPORT SERVICE MATERIAL MEDICO HOSPITALAR LTDA,54,IMPORT SERVICE MATERIAL  [F0077]
01130257000120,L D NANDI LTDA,18,L D NANDI LTDA [F0078]
01140868000150,CIRURGICA OLIMPIO LTDA,2177,CIRURGICA OLIMPIO LTDA [F0079]
01154761000160,M. DI BUONO RIATO LTDA,1,M. DI BUONO RIATO LTDA [F0080]
01154827000112,FENIX DISTRIBUIDORA DE MATERIAIS HOSPITALARES LTDA,2,FENIX DISTRIBUIDORA DE M [F0081]
01178574000117,ABC DATASAUDE SERVICOS FARMACEUTICOS LTDA,4,ABC DATASAUDE SERVICOS F [F0082]
01184342000171,A C P CORREA & CIA LTDA,12,A C P CORREA & CIA LTDA [F0083]
01200068000187,ALPHAMED PAULISTA LTDA,3,ALPHAMED PAULISTA LTDA [F0084]
01202521000194,PLASTIC WAY PRODUTOS PARA A SAUDE LTDA,3,PLASTIC WAY PRODUTOS PAR [F0085]
01226416000195,NUTRIMED SERV. MEDICOS EM NUTRICAO PARENT. E ENTERAL LTDA,4,NUTRIMED SERV. MEDICOS E [F0086]
01264836000166,POLIDERM COMERCIAL E DISTRIBUIDORA LTDA,4,POLIDERM COMERCIAL E DIS [F0087]
01294500000146,CENTERMED CIRURGICA LTDA,18,CENTERMED CIRURGICA LTDA [F0088]
01298443000254,MAGNAMED TECNOLOGIA MEDICA S/A,2,MAGNAMED TECNOLOGIA MEDI [F0089]
01310222000173,MAFRA LOCACOES LTDA.,1,MAFRA LOCACOES LTDA. [F0090]
01324654000133,IMPORT HOSPITALAR LTDA,3,IMPORT HOSPITALAR LTDA [F0091]
01326495000106,DISNORMA COMERCIO ATACADISTA DE MEDICAMENTOS E MATERIAL MEDICO HOSPITALAR LTDA,5,DISNORMA COMERCIO ATACAD [F0092]
01326569000104,DENTALSHOP PRODUTOS ODONTOLOGICOS LTDA,1,DENTALSHOP PRODUTOS ODON [F0093]
01328535000159,CLASSMED - PRODUTOS HOSPITALARES LTDA,1269,CLASSMED - PRODUTOS HOSP [F0094]
01371480000160,PREVENCAO COMERCIAL HOSPITALAR LTDA,1,PREVENCAO COMERCIAL HOSP [F0095]
01383490000115,FARMACIA SAKAFARMA DE LONDRINA LTDA,1,FARMACIA SAKAFARMA DE LO [F0096]
01402400000196,CHRISPIM NEDI CARRILHO LTDA,11,CHRISPIM NEDI CARRILHO L [F0097]
01409230000171,WOORD & MAURO LTDA,78,WOORD & MAURO LTDA [F0098]
01417694000120,DISTRIMIX DISTRIBUIDORA DE MEDICAMENTOS LTDA,470,DISTRIMIX DISTRIBUIDORA  [F0099]
01417694000472,DISTRIMIX DISTRIBUIDORA DE MEDICAMENTOS LTDA,135,DISTRIMIX DISTRIBUIDORA  [F0100]
01422569000108,DROGARIA E FARMACIA NUNES PEREIRA LTDA,76,DROGARIA E FARMACIA NUNE [F0101]
01440590000136,FRESENIUS MEDICAL CARE LTDA,3,FRESENIUS MEDICAL CARE L [F0102]
01447737000110,BRW SUPORTE E LOGISTICA PARA SAUDE LTDA,2,BRW SUPORTE E LOGISTICA  [F0103]
01449930000190,SIEMENS HEALTHCARE DIAGNOSTICOS LTDA.,1,SIEMENS HEALTHCARE DIAGN [F0104]
01463618000150,SERGILAB PRODUTOS HOSPITALARES E LABORATORIAIS LTDA,12,SERGILAB PRODUTOS HOSPIT [F0105]
01470743000198,BLUMEDICA PRODUTOS MEDICOS E CIRURGICOS LTDA,55,BLUMEDICA PRODUTOS MEDIC [F0106]
01478274000153,N.F.N.A. FARMACEUTICA LTDA,1,N.F.N.A. FARMACEUTICA LT [F0107]
01513946000114,BOSTON SCIENTIFIC DO BRASIL LTDA,1,BOSTON SCIENTIFIC DO BRA [F0108]
01536135000139,TIRADENTES MEDICO HOSPITALAR LTDA,3,TIRADENTES MEDICO HOSPIT [F0109]
01541283000141,INDUSTRIA QUIMICA DO ESTADO DE GOIAS S A IQUEGO,4,INDUSTRIA QUIMICA DO EST [F0110]
01541283000303,INDUSTRIA QUIMICA DO ESTADO DE GOIAS S A IQUEGO,4,INDUSTRIA QUIMICA DO EST [F0111]
01549986000116,MICRO COMERCIO E SERVICOS LTDA,9,MICRO COMERCIO E SERVICO [F0112]
01571702000198,HALEX ISTAR INDUSTRIA FARMACEUTICA SA,248,HALEX ISTAR INDUSTRIA FA [F0113]
01578276000114,ASLI COMERCIAL LTDA,27,ASLI COMERCIAL LTDA [F0114]
01592547000196,ESSENCIAL COSMETICOS INDUSTRIA LTDA,3,ESSENCIAL COSMETICOS IND [F0115]
01623403000150,BIOTEXTIL INDUSTRIA E COMERCIO LTDA,1,BIOTEXTIL INDUSTRIA E CO [F0116]
01640262000183,CITOPHARMA MANIPULACAO DE MEDICAMENTOS ESPECIAIS LTDA,6,CITOPHARMA MANIPULACAO D [F0117]
01645409000390,AUTO SUTURE DO BRASIL LTDA.,2,AUTO SUTURE DO BRASIL LT [F0118]
01648513000176,PKB PRODUTOS QUIMICOS LTDA,3,PKB PRODUTOS QUIMICOS LT [F0119]
01686305000161,DANIALEX TEC - MATERIAL MEDICO HOSPITALAR LTDA.,1,DANIALEX TEC - MATERIAL  [F0120]
01687725000162,CENTRO ESPECIALIZADO EM NUTRICAO ENTERAL E PARENTERAL - CENEP LTDA,4,CENTRO ESPECIALIZADO EM  [F0121]
01706665000188,MEDPLUS COMERCIO DE ARTIGOS MEDICOS LTDA,1,MEDPLUS COMERCIO DE ARTI [F0122]
01708499000159,DECARES COMERCIO LTDA,2,DECARES COMERCIO LTDA [F0123]
01722296000117,PANORAMA COMERCIO DE PRODUTOS MEDICOS E FARMACEUTICOS LTDA,345,PANORAMA COMERCIO DE PRO [F0124]
01733345000117,NOELI VIEIRA DISTRIBUIDORA DE SOROS E EQUIPAMENTOS MEDICOS LTDA,65,NOELI VIEIRA DISTRIBUIDO [F0125]
01772798000152,MEDTRONIC COMERCIAL LTDA,1,MEDTRONIC COMERCIAL LTDA [F0126]
01772798000233,MEDTRONIC COMERCIAL LTDA,88,MEDTRONIC COMERCIAL LTDA [F0127]
01784792000103,EQUIPLEX INDUSTRIA FARMACEUTICA LTDA -,4,EQUIPLEX INDUSTRIA FARMA [F0128]
01825779000147,MUNICIPIO DE NAZARE DO PIAUI - SECRETARIA DE SAUDE,1,MUNICIPIO DE NAZARE DO P [F0129]
01827550000141,GIRASSOL FARMACEUTICA & YELLOW COSMETIC LTDA,3,GIRASSOL FARMACEUTICA &  [F0130]
01831385000100,BLISFARMA INDUSTRIA ALIMENTICIA LTDA,3,BLISFARMA INDUSTRIA ALIM [F0131]
01854654000145,PONTUAL COMERCIAL LTDA,12,PONTUAL COMERCIAL LTDA [F0132]
01857076000109,VALINPHARMA COMERCIO E REPRESENTACOES LTDA,228,VALINPHARMA COMERCIO E R [F0133]
01858973000129,AIRELA INDUSTRIA FARMACEUTICA LTDA,3,AIRELA INDUSTRIA FARMACE [F0134]
01884446000199,TECNOVIDA COMERCIAL LTDA,3,TECNOVIDA COMERCIAL LTDA [F0135]
01925587000102,NUTRIC - NUTRICIONAL COMERCIO LTDA,12,NUTRIC - NUTRICIONAL COM [F0136]
01987265000198,VALLITECH INDUSTRIA E COMERCIO DE ARTEFATOS METALICOS LTDA,1,VALLITECH INDUSTRIA E CO [F0137]
02005077000180,KORAL PRODUTOS MEDICOS CORRELATOS E DESCARTAVEIS LTDA,4,KORAL PRODUTOS MEDICOS C [F0138]
02078622000168,BIOMEDICAL COMERCIO E DISTRIBUICAO DE PRODUTOS CORRELATOS LTDA,26,BIOMEDICAL COMERCIO E DI [F0139]
02121800000196,ICOFA INDUSTRIA E COMERCIO DE FRALDAS E ABSORVENTES LTDA,12,ICOFA INDUSTRIA E COMERC [F0140]
02136854000125,E.C. DOS SANTOS COMERCIAL LTDA,291,E.C. DOS SANTOS COMERCIA [F0141]
02160869000129,DL NUTRICAO CLINICA LTDA,45,DL NUTRICAO CLINICA LTDA [F0142]
02165865000133,SUPRAMED COMERCIO DE PRODUTOS ODONTO MEDICO-HOSPITALAR LTDA,13,SUPRAMED COMERCIO DE PRO [F0143]
02192606000100,FARMACIA CANABARRENSE LTDA,6,FARMACIA CANABARRENSE LT [F0144]
02193224000192,MEDICAL CENTER IMPORTADORA LTDA,10,MEDICAL CENTER IMPORTADO [F0145]
02209788000176,ESTRELA COMERCIO DE PRODUTOS MEDICOS E HOSPITALARES LTDA,35,ESTRELA COMERCIO DE PROD [F0146]
02223342000104,STARMED ARTIGOS MEDICOS E HOSPITALARES LTDA,157,STARMED ARTIGOS MEDICOS  [F0147]
02228938000199,"D-X INDUSTRIA, COMERCIO, IMPORTACAO E EXPORTACAO LTDA",9,"D-X INDUSTRIA, COMERCIO, [F0148]"
02248312000144,CEPALAB LABORATORIOS S.A,50,CEPALAB LABORATORIOS S.A [F0149]
02281006000100,ISOFARMA INDUSTRIAL FARMACEUTICA LTDA,1,ISOFARMA INDUSTRIAL FARM [F0150]
02282433000102,FRANLAB COMERCIO E REPRESENTACOES DE PRODUTOS MEDICO-HOSPITALARES LTDA,6,FRANLAB COMERCIO E REPRE [F0151]
02298254000163,RIOPASA - DISTRIBUIDORA DE MEDICAMENTOS LTDA,2,RIOPASA - DISTRIBUIDORA  [F0152]
02305767000154,MAT MED HOSPITALAR LTDA,6,MAT MED HOSPITALAR LTDA [F0153]
02313859000186,LUCIO JOAQUIM ELLER,3,LUCIO JOAQUIM ELLER [F0154]
02317318000126,CRIARTFARMA FARMACIA E MANIPULACAO LTDA,2,CRIARTFARMA FARMACIA E M [F0155]
02335871000191,DISPROFARMA COMERCIO LTDA,232,DISPROFARMA COMERCIO LTD [F0156]
02350719000188,EQUIMED - PRODUTOS E EQUIPAMENTOS MEDICOHOSPITALAR E ODONTOLOGICO LTDA,4,EQUIMED - PRODUTOS E EQU [F0157]
02355225000196,MULTI MED HOSPITALAR LTDA,29,MULTI MED HOSPITALAR LTD [F0158]
02356205000130,A.B.S. PRODUTOS HOSPITALARES LTDA,1,A.B.S. PRODUTOS HOSPITAL [F0159]
02357251000153,LIFEMED INDUSTRIAL DE EQUIPAMENTOS E ARTIGOS MEDICOS E HOSPITALARES S.A.,8,LIFEMED INDUSTRIAL DE EQ [F0160]
02365705000138,TECNYMAGEM SUPRIMENTOS HOSPITALARES LTDA,8,TECNYMAGEM SUPRIMENTOS H [F0161]
02375705000119,DENTAL SUL AMERICA COMERCIAL LTDA,26,DENTAL SUL AMERICA COMER [F0162]
02376490000150,MEDICAL SUTURE COMERCIO DE MATERIAL HOSPITALAR LTDA,5,MEDICAL SUTURE COMERCIO  [F0163]
02377937000106,R.C - MOVEIS LTDA,5,R.C - MOVEIS LTDA [F0164]
02400787000104,A C E INDUSTRIA E COMERCIO LTDA,2,A C E INDUSTRIA E COMERC [F0165]
02419460000184,LABTECH PRODUTOS PARA LABORATORIOS E HOSPITAIS LTDA,8,LABTECH PRODUTOS PARA LA [F0166]
02421679000118,DIVIMED COMERCIO DE PRODUTOS HOSPITALARES LTDA,3,DIVIMED COMERCIO DE PROD [F0167]
02424344000153,DISTRIBUICAO DE MEDICAMENTOS PAMED LTDA,78,DISTRIBUICAO DE MEDICAME [F0168]
02433631000120,ASPEN PHARMA INDUSTRIA FARMACEUTICA LTDA,7,ASPEN PHARMA INDUSTRIA F [F0169]
02446667000148,"ODONTOLOGIC INDUSTRIA E COMERCIO, IMPORTACAO EXPORTACAO LTDA",1,ODONTOLOGIC INDUSTRIA E  [F0170]
02456955000183,NATULAB LABORATORIO S.A,21,NATULAB LABORATORIO S.A [F0171]
02457692000127,QUALIQUIMICA ARTIGOS PARA LABORATORIOS LTDA,1,QUALIQUIMICA ARTIGOS PAR [F0172]
02462483000171,HOSP SAUDE COMERCIO VAREJISTA LTDA,5,HOSP SAUDE COMERCIO VARE [F0173]
02472743000190,DIMALAB ELETRONICS DO BRASIL LTDA,44,DIMALAB ELETRONICS DO BR [F0174]
02473977000151,SITMED EQUIPAMENTOS MEDICOS LTDA,1,SITMED EQUIPAMENTOS MEDI [F0175]
02475985000137,COVAN - COMERCIO VAREJISTA E ATACADISTA DO NORTE LTDA,866,COVAN - COMERCIO VAREJIS [F0176]
02476399000107,MGM FARMA LTDA,1,MGM FARMA LTDA [F0177]
02477571000147,DENTAL MED SUL ARTIGOS ODONTOLOGICOS LTDA,30,DENTAL MED SUL ARTIGOS O [F0178]
02482141000113,DENTAL BONSUCESSO PRODUTOS ODONTOLOGICOS LTDA,19,DENTAL BONSUCESSO PRODUT [F0179]
02486788000113,CRISTALMED COMERCIO DE MEDICAMENTOS LTDA,3,CRISTALMED COMERCIO DE M [F0180]
02494715000173,COOPERATIVA UNIMED CENTRAL DE COOPERATIVAS UNIMED DO RIO GRANDE DO SUL LTDA,30,COOPERATIVA UNIMED CENTR [F0181]
02501219000108,RIVIERA VASSOURENSE DROGARIA LTDA,2,RIVIERA VASSOURENSE DROG [F0182]
02501297000102,PHARLAB INDUSTRIA FARMACEUTICA S.A,8,PHARLAB INDUSTRIA FARMAC [F0183]
02501297000528,PHARLAB INDUSTRIA FARMACEUTICA S.A,2,PHARLAB INDUSTRIA FARMAC [F0184]
02507452000190,SC -BRINDES LTDA,11,SC -BRINDES LTDA [F0185]
02512121000148,CENTRO CATARINENSE DE APOIO A AUDICAO LTDA,1,CENTRO CATARINENSE DE AP [F0186]
02513899000171,GRIFOLS BRASIL LTDA,15,GRIFOLS BRASIL LTDA [F0187]
02513899000252,GRIFOLS BRASIL LTDA,12,GRIFOLS BRASIL LTDA [F0188]
02513899000414,GRIFOLS BRASIL LTDA,9,GRIFOLS BRASIL LTDA [F0189]
02520218000100,ANDREONI TEXTIL LTDA,2,ANDREONI TEXTIL LTDA [F0190]
02520829000140,DIMASTER - COMERCIO DE PRODUTOS HOSPITALARES LTDA.,4144,DIMASTER - COMERCIO DE P [F0191]
02520829000302,DIMASTER - COMERCIO DE PRODUTOS HOSPITALARES LTDA.,457,DIMASTER - COMERCIO DE P [F0192]
02520829000493,DIMASTER - COMERCIO DE PRODUTOS HOSPITALARES LTDA.,59,DIMASTER - COMERCIO DE P [F0193]
02527107000118,G V S DO BRASIL LTDA,1,G V S DO BRASIL LTDA [F0194]
02537890000109,COFARMINAS COMERCIO DE PRODUTOS FARMACEUTICOS LTDA,266,COFARMINAS COMERCIO DE P [F0195]
02564852000137,LOBIANCO COMERCIO DE MEDICAMENTOS LTDA,185,LOBIANCO COMERCIO DE MED [F0196]
02582267000160,"NAYR INDUSTRIA, COMERCIO E DISTRIBUICAO DE PRODUTOS LTDA",2,"NAYR INDUSTRIA, COMERCIO [F0197]"
02600770000109,COMERCIAL VALFARMA LTDA,42,COMERCIAL VALFARMA LTDA [F0198]
02605669000132,ROSANGELA SOARES SARDINHA CORNETTA,1,ROSANGELA SOARES SARDINH [F0199]
02607956000181,ANGEOMED COMERCIO DE PRODUTOS MEDICO HOSPITALAR LTDA,71,ANGEOMED COMERCIO DE PRO [F0200]
02608793000151,"EXCELLENCE MEDICAL COMERCIO, IMPORTACAO E EXPORTACAO LTDA",14,EXCELLENCE MEDICAL COMER [F0201]
02626340000158,ART MEDICA COMERCIO E REPRESENTACOES DE PRODUTOS HOSPITALARES LTDA.,1,ART MEDICA COMERCIO E RE [F0202]
02662841000190,MASTERMED COMERCIAL LTDA,6,MASTERMED COMERCIAL LTDA [F0203]
02668300000179,BIOSAUDE PRODUTOS HOSPITALARES LTDA,2,BIOSAUDE PRODUTOS HOSPIT [F0204]
02683235000150,CENTRO OESTE COMERCIO E SERVICOS LTDA,3,CENTRO OESTE COMERCIO E  [F0205]
02684044000103,CEZAR MARIANO,20,CEZAR MARIANO [F0206]
02706629000187,BRIOJARAGUA COM PRODUTOS DE LIMPEZA E HIGIENE LTDA,1,BRIOJARAGUA COM PRODUTOS [F0207]
02715655000171,CIRURCENTER PRODUTOS HOSPITALARES LTDA,5,CIRURCENTER PRODUTOS HOS [F0208]
02771547000116,NATAN COMERCIO LTDA,2,NATAN COMERCIO LTDA [F0209]
02776642000102,PESENTI & PELAIS LTDA,2,PESENTI & PELAIS LTDA [F0210]
02786436000183,HUMANA ALIMENTAR - DISTRIBUIDORA DE MEDICAMENTOS E PRODUTOS NUTRICIONAIS LTDA.,8,HUMANA ALIMENTAR - DISTR [F0211]
02794555000420,COLOPLAST DO BRASIL LTDA,14,COLOPLAST DO BRASIL LTDA [F0212]
02799882000122,LOTUS INDUSTRIA E COMERCIO LTDA.,12,LOTUS INDUSTRIA E COMERC [F0213]
02800122000198,CIRURGICA BEZERRA DISTRIBUIDORA LTDA,2,CIRURGICA BEZERRA DISTRI [F0214]
02814497000107,CIMED INDUSTRIA S.A.,37,CIMED INDUSTRIA S.A. [F0215]
02814497000298,CIMED INDUSTRIA S.A.,19,CIMED INDUSTRIA S.A. [F0216]
02814497000379,CIMED INDUSTRIA S.A.,6,CIMED INDUSTRIA S.A. [F0217]
02814497000700,CIMED INDUSTRIA S.A.,355,CIMED INDUSTRIA S.A. [F0218]
02814497001260,CIMED INDUSTRIA S.A.,49,CIMED INDUSTRIA S.A. [F0219]
02816696000154,PONTAMED FARMACEUTICA LTDA,5535,PONTAMED FARMACEUTICA LT [F0220]
02823683000102,CAPRICORN TECHNOLOGIES DO BRASIL LTDA,1,CAPRICORN TECHNOLOGIES D [F0221]
02835723000136,FSA MEDICAL SOLUCOES EM SAUDE E PRODUTOS HOSPITALARES LTDA,3,FSA MEDICAL SOLUCOES EM  [F0222]
02842909000112,SANEWS DISTRIBUIDORA LTDA,1,SANEWS DISTRIBUIDORA LTD [F0223]
02858842000104,DML DISTRIBUICAO LTDA,1,DML DISTRIBUICAO LTDA [F0224]
02863499000196,I. A. SAVOLDI JUNIOR & CIA. LTDA,1,I. A. SAVOLDI JUNIOR & C [F0225]
02873606000167,ALMINHANA COMERCIO E REPRESENTACAO LTDA,18,ALMINHANA COMERCIO E REP [F0226]
02881877000164,POLAR FIX INDUSTRIA E COMERCIO DE PRODUTOS HOSPITALARES LTDA,12,POLAR FIX INDUSTRIA E CO [F0227]
02881877000407,POLAR FIX INDUSTRIA E COMERCIO DE PRODUTOS HOSPITALARES LTDA,1,POLAR FIX INDUSTRIA E CO [F0228]
02896042000188,REALMED COMERCIO DE PRODUTOS MEDICOS E HOSPITALARES LTDA,3,REALMED COMERCIO DE PROD [F0229]
02911193000168,APOGEU CENTER COMERCIAL DE PRODUTOS HOSPITALARES E MEDICAMEN,116,APOGEU CENTER COMERCIAL  [F0230]
02916028000107,FRADEL-MED INDUSTRIA E COMERCIO DE APARELHOS MEDICOS LTDA,10,FRADEL-MED INDUSTRIA E C [F0231]
02921711000124,MIX COMERCIO LTDA,8,MIX COMERCIO LTDA [F0232]
02923414000118,SYSMEX DO BRASIL INDUSTRIA E COMERCIO LTDA,2,SYSMEX DO BRASIL INDUSTR [F0233]
02946060000127,PROLINE INDUSTRIA E COMERCIO LTDA,21,PROLINE INDUSTRIA E COME [F0234]
02949582000182,MEDICALWAY EQUIPAMENTOS MEDICOS LTDA,1,MEDICALWAY EQUIPAMENTOS  [F0235]
02955937000146,FORMED BR MATERIAIS MEDICOS E HOSPITALARES LTDA,3,FORMED BR MATERIAIS MEDI [F0236]
02956130000128,DIMENSAO DISTRIBUIDORA DE MEDICAMENTOS LTDA,100,DIMENSAO DISTRIBUIDORA D [F0237]
02956455000100,MARTELL COMERCIO DE PRODUTOS HOSPITALARES LTDA,7,MARTELL COMERCIO DE PROD [F0238]
02976237000138,VALENTE & CASARIN LTDA,1,VALENTE & CASARIN LTDA [F0239]
02977362000162,A COSTA COMERCIO ATACADISTA DE PRODUTOS FARMACEUTICOS LTDA,1197,A COSTA COMERCIO ATACADI [F0240]
02985070000171,JOSILMED COMERCIO DE MATERIAL HOSPITALAR LTDA,2,JOSILMED COMERCIO DE MAT [F0241]
03019611000170,MEDICAL FARM NORTE COMERCIO LTDA,710,MEDICAL FARM NORTE COMER [F0242]
03021560000110,PREMIUM INDUSTRIA E COMERCIO LTDA,1,PREMIUM INDUSTRIA E COME [F0243]
03022656000101,PROFILATICA PRODUTOS ODONTO MEDICO HOSPITALARES S.A.,1,PROFILATICA PRODUTOS ODO [F0244]
03033345000130,LABNORTE CIRURGICA E DIAGNOSTICA IMPORTACAO E EXPORTACAO LTDA,9,LABNORTE CIRURGICA E DIA [F0245]
03040543000554,BRUNO M. FAVERO PRODUTOS FARMACEUTICOS LTDA,32,BRUNO M. FAVERO PRODUTOS [F0246]
03062090000133,MED - CARE COMERCIO DE MATERIAIS MEDICOS LTDA,16,MED - CARE COMERCIO DE M [F0247]
03075426000100,"BIODONT INDUSTRIA, COMERCIO, IMPORTACAO E EXPORTACAO LTDA",2,"BIODONT INDUSTRIA, COMER [F0248]"
03119609000172,DISTRIBUIDORA BRASIL DE MEDICAMENTOS LTDA,7,DISTRIBUIDORA BRASIL DE  [F0249]
03132196000166,PLACIDOS COMERCIAL LTDA,4,PLACIDOS COMERCIAL LTDA [F0250]
03134249000188,MULTIFARMA COMERCIO DE PRODUTOS MEDICOS LTDA,10,MULTIFARMA COMERCIO DE P [F0251]
03134944000140,E J DA SILVA PRODUTOS LABORATORIAIS,3,E J DA SILVA PRODUTOS LA [F0252]
03137251000100,JOILDA DE SOUSA CARVALHO,11,JOILDA DE SOUSA CARVALHO [F0253]
03155958000140,MEDPEJ - EQUIPAMENTOS MEDICOS LTDA,5,MEDPEJ - EQUIPAMENTOS ME [F0254]
03161745000120,C. M. CIRURGICA INDUSTRIA E COMERCIO LTDA,1,C. M. CIRURGICA INDUSTRI [F0255]
03188198000177,BIO-RAD LABORATORIOS BRASIL LTDA.,7,BIO-RAD LABORATORIOS BRA [F0256]
03197867000177,NUTRI CARE LTDA,1,NUTRI CARE LTDA [F0257]
03213418000175,BUNKER COMERCIAL LTDA,1,BUNKER COMERCIAL LTDA [F0258]
03225411000173,MISSNER & MISSNER LTDA.,1,MISSNER & MISSNER LTDA. [F0259]
03233805000173,MOCA COMERCIO DE MEDICAMENTOS LTDA,6,MOCA COMERCIO DE MEDICAM [F0260]
03246587000101,SUFRAMED COMERCIO DE MATERIAL MEDICO HOSPITALAR LTDA,491,SUFRAMED COMERCIO DE MAT [F0261]
03250803000192,FAMA DISTRIBUIDORA HOSPITALAR LTDA,24,FAMA DISTRIBUIDORA HOSPI [F0262]
03278118000174,G.J.F. FRANCA,24,G.J.F. FRANCA [F0263]
03302477000110,ROSSANE SERAFIM MATOS,3,ROSSANE SERAFIM MATOS [F0264]
03307478000157,MAX FILMES COMERCIO LTDA,1,MAX FILMES COMERCIO LTDA [F0265]
03315618000139,DISTRIBUIDORA NOGUEIRA DE MEDICAMENTOS LTDA,151,DISTRIBUIDORA NOGUEIRA D [F0266]
03321370000119,BRIATO COMERCIO MEDICO-HOSPITALAR E SERVICOS LTDA,38,BRIATO COMERCIO MEDICO-H [F0267]
03326125000102,DONEGATE DISTRIBUIDORA LTDA,4,DONEGATE DISTRIBUIDORA L [F0268]
03330630000112,WELLINGTON MORALES LAUREANO,337,WELLINGTON MORALES LAURE [F0269]
03359898000268,REDE BRASIL EMPREENDIMENTOS FARMACEUTICOS LTDA,2,REDE BRASIL EMPREENDIMEN [F0270]
03362758000168,APOTEK COMERCIAL LTDA,2,APOTEK COMERCIAL LTDA [F0271]
03394608000136,JOAO BATISTA MARTINS ARRUDA,4,JOAO BATISTA MARTINS ARR [F0272]
03402979000112,M.N.P. CUSTODIO COMERCIO DE PRODUTOS HOSPITALARES LTDA,19,M.N.P. CUSTODIO COMERCIO [F0273]
03402979000384,M.N.P. CUSTODIO COMERCIO DE PRODUTOS HOSPITALARES LTDA,13,M.N.P. CUSTODIO COMERCIO [F0274]
03407436000198,SULMED - ARTIGOS HOSPITALARES LTDA,50,SULMED - ARTIGOS HOSPITA [F0275]
03411908000186,GREEN FARMACEUTICA LTDA,109,GREEN FARMACEUTICA LTDA [F0276]
03426484000123,SALDANHA RODRIGUES LTDA,7,SALDANHA RODRIGUES LTDA [F0277]
03431790000158,RAQUEL NOGUEIRA SOROCABA LTDA,1,RAQUEL NOGUEIRA SOROCABA [F0278]
03434334000161,MEDIMPORT COMERCIO DE PRODUTOS HOSPITALARES LTDA,58,MEDIMPORT COMERCIO DE PR [F0279]
03460198000184,DISTRIBUIDORA VIDA LTDA,327,DISTRIBUIDORA VIDA LTDA [F0280]
03460480000161,A P LIMA PRODUTOS HOSPITALARES,5,A P LIMA PRODUTOS HOSPIT [F0281]
03475822000117,BLUE OCEAN CONFECCOES S.A.,1,BLUE OCEAN CONFECCOES S. [F0282]
03479428000157,ATUANTE COMERCIAL LTDA,1,ATUANTE COMERCIAL LTDA [F0283]
03485572000104,GEOLAB INDUSTRIA FARMACEUTICA S/A,75,GEOLAB INDUSTRIA FARMACE [F0284]
03489343000150,BK COMERCIAL DE EQUIPAMENTOS TECNOLOGICOS LTDA.,4,BK COMERCIAL DE EQUIPAME [F0285]
03492927000184,FARMACIA NOSSA SENHORA DE FATIMA DE LINS LTDA,63,FARMACIA NOSSA SENHORA D [F0286]
03505263000140,PRODUVALE PRODUTOS HOSPITALARES LTDA,94,PRODUVALE PRODUTOS HOSPI [F0287]
03507415000144,ESTADO DE MATO GROSSO,1,ESTADO DE MATO GROSSO [F0288]
03521785000136,MEDMASTER COMERCIAL LTDA,1,MEDMASTER COMERCIAL LTDA [F0289]
03526176000170,DENTMED - MATERIAIS MEDICOS E ODONTOLOGICOS LTDA,47,DENTMED - MATERIAIS MEDI [F0290]
03530984000291,CABORONGA COMERCIAL LTDA,7,CABORONGA COMERCIAL LTDA [F0291]
03545386000105,"ARUNK EPI,MATERIAL DE LIMPEZA E FERRAMENTAL LTDA",2,"ARUNK EPI,MATERIAL DE LI [F0292]"
03555829000149,DROGARIA PIPPER LTDA,5,DROGARIA PIPPER LTDA [F0293]
03560974000118,MERCK SHARP & DOHME FARMACEUTICA LTDA.,2,MERCK SHARP & DOHME FARM [F0294]
03578434000161,CALUX COMERCIAL LTDA,2,CALUX COMERCIAL LTDA [F0295]
03580760000103,PH COMERCIO E IMPORTACAO DE PRODUTOS HOSPITALARES LTDA,5,PH COMERCIO E IMPORTACAO [F0296]
03595984000199,JR LACERDA MATERIAL MEDICO HOSPITALAR LTDA,367,JR LACERDA MATERIAL MEDI [F0297]
03596923000146,MEDIMAC COMERCIO DE ARTIGOS MEDICOS LTDA,36,MEDIMAC COMERCIO DE ARTI [F0298]
03602727000137,D L HOSPITALAR DISTRIBUIDORA DE MEDICAMENTOS LTDA,179,D L HOSPITALAR DISTRIBUI [F0299]
03606635000125,FLEX HOSPITALAR LTDA,47,FLEX HOSPITALAR LTDA [F0300]
03610682001890,DROGARIA LVD LTDA,9,DROGARIA LVD LTDA [F0301]
03612312000144,NUTRIPORT COMERCIAL LTDA.,54,NUTRIPORT COMERCIAL LTDA [F0302]
03612312000306,NUTRIPORT COMERCIAL LTDA.,13,NUTRIPORT COMERCIAL LTDA [F0303]
03612312000497,NUTRIPORT COMERCIAL LTDA.,42,NUTRIPORT COMERCIAL LTDA [F0304]
03620716000180,CMOS DRAKE DO NORDESTE S.A,5,CMOS DRAKE DO NORDESTE S [F0305]
03624188000137,EDIVALDO BATISTA DOS SANTOS EMBALAGENS LTDA,8,EDIVALDO BATISTA DOS SAN [F0306]
03626752000150,DN MEDICAMENTOS E PRODUTOS ODONTOLOGICOS LTDA,3,DN MEDICAMENTOS E PRODUT [F0307]
03634617000157,AZULPHARMA DISTRIBUIDORA DE MEDICAMENTOS LTDA,116,AZULPHARMA DISTRIBUIDORA [F0308]
03648990000167,MC SURGICAL PRODUTOS MEDICO HOSPITALARES LTDA,6,MC SURGICAL PRODUTOS MED [F0309]
03652030000170,CENTERMEDI-COMERCIO DE PRODUTOS HOSPITALARES LTDA,5648,CENTERMEDI-COMERCIO DE P [F0310]
03652030000332,CENTERMEDI-COMERCIO DE PRODUTOS HOSPITALARES LTDA,1832,CENTERMEDI-COMERCIO DE P [F0311]
03652030000685,CENTERMEDI-COMERCIO DE PRODUTOS HOSPITALARES LTDA,55,CENTERMEDI-COMERCIO DE P [F0312]
03656245000160,S T IRAJA AGRICOLA LTDA,1,S T IRAJA AGRICOLA LTDA [F0313]
03661563000119,HOSPIMEDICAL MATERIAIS MEDICOS HOSPITALARES LTDA,20,HOSPIMEDICAL MATERIAIS M [F0314]
03679808000135,BIO INFINITY COMERCIO HOSPITALAR E LOCACAO LTDA,9,BIO INFINITY COMERCIO HO [F0315]
03696880000170,CIRURGICA MOSQUEIRA LTDA,1,CIRURGICA MOSQUEIRA LTDA [F0316]
03716644000179,CASA DO BOI PRODUTOS AGROPECUARIOS LTDA,3,CASA DO BOI PRODUTOS AGR [F0317]
03748673000112,ELLO DISTRIBUIDORA DE MEDICAMENTOS LTDA,447,ELLO DISTRIBUIDORA DE ME [F0318]
03749855000108,R.A.M MARQUES COMERCIO DE PRODUTOS MEDICOS LTDA,10,R.A.M MARQUES COMERCIO D [F0319]
03755215000534,DIVCOM S/A,13,DIVCOM S/A [F0320]
03779851000172,NOVA PREDILETA GESTAO E ADMINISTRACAO LTDA,22,NOVA PREDILETA GESTAO E  [F0321]
03782783000109,DISTRIBUIDORA NOGAMI LTDA,73,DISTRIBUIDORA NOGAMI LTD [F0322]
03812429000171,POLYSUTURE INDUSTRIA E COMERCIO LTDA,10,POLYSUTURE INDUSTRIA E C [F0323]
03816770000103,SUPER DIME LOCACAO E COMERCIO DE EQUIPAMENTOS PARA EVENTOS LTDA,1,SUPER DIME LOCACAO E COM [F0324]
03817043000152,PHARMAPLUS LTDA,653,PHARMAPLUS LTDA [F0325]
03817702000150,VOLUS INSTITUICAO DE PAGAMENTO LTDA,137,VOLUS INSTITUICAO DE PAG [F0326]
03828079000131,SICAFLA COMERCIO DE PRODUTOS FARMACEUTICOS LTDA,147,SICAFLA COMERCIO DE PROD [F0327]
03840189000119,RS MED LTDA,14,RS MED LTDA [F0328]
03869526000281,J.R.D. INDUSTRIA FARMACEUTICA LTDA,7,J.R.D. INDUSTRIA FARMACE [F0329]
03889336000145,PRO-VIDA COMERCIO DE EQUIPAMENTOS LTDA,19,PRO-VIDA COMERCIO DE EQU [F0330]
03894963000174,"SAO MARCOS DISTRIBUIDORA DE MEDICAMENTOS, EQUIPAMENTOS E MATERIAIS HOSPITALARES E ODONTOLOGICOS LTDA",3022,SAO MARCOS DISTRIBUIDORA [F0331]
03919932000120,MUNIZ & ROCHA LTDA,8,MUNIZ & ROCHA LTDA [F0332]
03924435000110,DIMENSAO COMERCIO DE ARTIGOS MEDICOS HOSPITALARES LTDA,495,DIMENSAO COMERCIO DE ART [F0333]
03944035000177,BARBALUI COMERCIAL LTDA,1,BARBALUI COMERCIAL LTDA [F0334]
03945035000191,ACACIA COMERCIO DE MEDICAMENTOS LTDA,3122,ACACIA COMERCIO DE MEDIC [F0335]
03946428000110,DISTRIBUIDORA DE MEDICAMENTOS BRASIL MIRACEMA LTDA,27,DISTRIBUIDORA DE MEDICAM [F0336]
03948933000101,REPRESS DISTRIBUIDORA DE MEDICAMENTOS LTDA,382,REPRESS DISTRIBUIDORA DE [F0337]
03951140000133,DE PAULI COMERCIO REPRESENTACAO IMPORTACAO E EXPORTACAO LTDA,9,DE PAULI COMERCIO REPRES [F0338]
03952368000148,HOSPLIFE COMERCIO DE EQUIPAMENTOS HOSPITALARES LTDA,7,HOSPLIFE COMERCIO DE EQU [F0339]
03955303000156,MHOR ZAGO HOSPITALAR LTDA,7,MHOR ZAGO HOSPITALAR LTD [F0340]
03964598000127,MATERMED COMERCIAL DE ARTIGOS MEDICOS LIMITADA,66,MATERMED COMERCIAL DE AR [F0341]
03965517000103,ORTOSHOP COMERCIO LTDA,71,ORTOSHOP COMERCIO LTDA [F0342]
03968926000163,MASIF ARTIGOS MEDICOS E HOSPITALARES LTDA,118,MASIF ARTIGOS MEDICOS E  [F0343]
03976713000183,GAMA-MED DISRIBUIDORA DE MATERIAL HOSPITALAR LTDA,2,GAMA-MED DISRIBUIDORA DE [F0344]
03978166000175,DR.REDDY'S FARMACEUTICA DO BRASIL LTDA,1,DR.REDDY'S FARMACEUTICA  [F0345]
03996962000130,SOUZA & GOMES FARMACIA LTDA,61,SOUZA & GOMES FARMACIA L [F0346]
04013164000104,ORLA DISTRIBUIDORA DE PRODUTOS LTDA,4,ORLA DISTRIBUIDORA DE PR [F0347]
04027894000164,"DUPATRI HOSPITALAR COMERCIO, IMPORTACAO E EXPORTACAO LTDA.",100,DUPATRI HOSPITALAR COMER [F0348]
04027894000326,"DUPATRI HOSPITALAR COMERCIO, IMPORTACAO E EXPORTACAO LTDA.",10,DUPATRI HOSPITALAR COMER [F0349]
04027894000750,"DUPATRI HOSPITALAR COMERCIO, IMPORTACAO E EXPORTACAO LTDA.",1162,DUPATRI HOSPITALAR COMER [F0350]
04040383000182,INDUSTRIAS H. A. BARONE LTDA,4,INDUSTRIAS H. A. BARONE  [F0351]
04050750000129,RTS RIO S/A,1,RTS RIO S/A [F0352]
04054617000140,REAL DIAGNOSTICA COMERCIO DE PRODUTOS E EQUIPAMENTOS LABORATORIAIS LTDA,2,REAL DIAGNOSTICA COMERCI [F0353]
04063331000121,CIRURGICA UNIAO LTDA,646,CIRURGICA UNIAO LTDA [F0354]
04064641000160,DIMEDONT DISTRIBUIDORA DE MEDICAMENTOS E EQUIPAMENTOS LTDA,55,DIMEDONT DISTRIBUIDORA D [F0355]
04071245000160,"LICIMED DISTRIBUIDORA DE MEDICAMENTOS, CORRELATOS E PRODUTOS MEDICOS E HOSPITALARES LTDA",930,LICIMED DISTRIBUIDORA DE [F0356]
04078043000221,MONTEIRO ANTUNES INSUMOS HOSPITALARES SOCIEDADE ANONIMA,1,MONTEIRO ANTUNES INSUMOS [F0357]
04078043000302,MONTEIRO ANTUNES INSUMOS HOSPITALARES SOCIEDADE ANONIMA,1,MONTEIRO ANTUNES INSUMOS [F0358]
04086552000115,BIOPLASMA PRODUTOS PARA LABORATORIOS E CORRELATOS LTDA,9,BIOPLASMA PRODUTOS PARA  [F0359]
04099395000182,SANTISA LABORATORIO FARMACEUTICO S.A,30,SANTISA LABORATORIO FARM [F0360]
04106730000122,EMPORIO HOSPITALAR COMERCIO DE PRODUTOS CIRURGICOS HOSPITALARES LTDA.,14,EMPORIO HOSPITALAR COMER [F0361]
04124669000146,TECNO4 PRODUTOS HOSPITALARES LTDA.,5,TECNO4 PRODUTOS HOSPITAL [F0362]
04128313000180,CENTRO-OESTE PRODUTOS INDUSTRIAIS LTDA,1,CENTRO-OESTE PRODUTOS IN [F0363]
04159536000105,VUELO PHARMA LTDA,7,VUELO PHARMA LTDA [F0364]
04162170000123,ESTRATTI VEGETALI FARMACIA E MANIPULACAO LTDA,59,ESTRATTI VEGETALI FARMAC [F0365]
04168171000185,BIOLOGICAL LTDA,23,BIOLOGICAL LTDA [F0366]
04182003000144,CIRURGICA NEVES LTDA,1,CIRURGICA NEVES LTDA [F0367]
04183656000148,DISTRICENTER DISTRIBUIDORA DE MEDICAMENTOS LTDA,15,DISTRICENTER DISTRIBUIDO [F0368]
04187384000154,LEISTUNG EQUIPAMENTOS LTDA.,3,LEISTUNG EQUIPAMENTOS LT [F0369]
04192876000138,CRISMED COMERCIAL HOSPITALAR LTDA.,130,CRISMED COMERCIAL HOSPIT [F0370]
04198372000125,RENASCER IND. E COM. DE MOVEIS HOSPITALARES LTDA,1,RENASCER IND. E COM. DE  [F0371]
04210418000184,NOSSA PHARMACIA LTDA,715,NOSSA PHARMACIA LTDA [F0372]
04216957000120,DISK MED PADUA DISTRIBUIDORA DE MEDICAMENTOS LTDA,493,DISK MED PADUA DISTRIBUI [F0373]
04230084000100,DISTRIBUIDORA DE MEDICAMENTOS CEDRO LTDA,46,DISTRIBUIDORA DE MEDICAM [F0374]
04234179000100,DISTRIBEN DISTRIBUIDORA DE PRODUTOS FARMACEUTICOS E HOSPITALARES LTDA,35,DISTRIBEN DISTRIBUIDORA  [F0375]
04237235000152,ENDOCENTER COMERCIAL LTDA,1,ENDOCENTER COMERCIAL LTD [F0376]
04242860000192,MEDI-GLOBE BRASIL LTDA,7,MEDI-GLOBE BRASIL LTDA [F0377]
04245066000100,ALFAMED DISTRIBUIDORA DE MEDICAMENTOS LTDA,5,ALFAMED DISTRIBUIDORA DE [F0378]
04254647000109,LUCIANO JOSE DE MORAIS,167,LUCIANO JOSE DE MORAIS [F0379]
04267668000150,DINAMO EXPRESS INDUSTRIA E COMERCIO LTDA,1,DINAMO EXPRESS INDUSTRIA [F0380]
04274988000138,ATIVA COMERCIAL HOSPITALAR LTDA,443,ATIVA COMERCIAL HOSPITAL [F0381]
04274988000219,ATIVA COMERCIAL HOSPITALAR LTDA,21,ATIVA COMERCIAL HOSPITAL [F0382]
04282320000132,C. A. B NASCIMENTO LTDA,34,C. A. B NASCIMENTO LTDA [F0383]
04286678000133,FARMACIA RSF LTDA,43,FARMACIA RSF LTDA [F0384]
04299175000100,RIMACRI COMERCIAL LTDA,1,RIMACRI COMERCIAL LTDA [F0385]
04301884000175,AUROBINDO PHARMA INDUSTRIA FARMACEUTICA LIMITADA,79,AUROBINDO PHARMA INDUSTR [F0386]
04307650000135,ONCO PROD DISTRIBUIDORA DE PRODUTOS HOSPITALARES E ONCOLOGICOS LTDA.,53,ONCO PROD DISTRIBUIDORA  [F0387]
04307650000305,ONCO PROD DISTRIBUIDORA DE PRODUTOS HOSPITALARES E ONCOLOGICOS LTDA.,46,ONCO PROD DISTRIBUIDORA  [F0388]
04307650000488,ONCO PROD DISTRIBUIDORA DE PRODUTOS HOSPITALARES E ONCOLOGICOS LTDA.,2,ONCO PROD DISTRIBUIDORA  [F0389]
04307650001298,ONCO PROD DISTRIBUIDORA DE PRODUTOS HOSPITALARES E ONCOLOGICOS LTDA.,409,ONCO PROD DISTRIBUIDORA  [F0390]
04307650001530,ONCO PROD DISTRIBUIDORA DE PRODUTOS HOSPITALARES E ONCOLOGICOS LTDA.,145,ONCO PROD DISTRIBUIDORA  [F0391]
04307650002502,ONCO PROD DISTRIBUIDORA DE PRODUTOS HOSPITALARES E ONCOLOGICOS LTDA.,336,ONCO PROD DISTRIBUIDORA  [F0392]
04307650002693,ONCO PROD DISTRIBUIDORA DE PRODUTOS HOSPITALARES E ONCOLOGICOS LTDA.,99,ONCO PROD DISTRIBUIDORA  [F0393]
04307650002855,ONCO PROD DISTRIBUIDORA DE PRODUTOS HOSPITALARES E ONCOLOGICOS LTDA.,65,ONCO PROD DISTRIBUIDORA  [F0394]
04307650003312,ONCO PROD DISTRIBUIDORA DE PRODUTOS HOSPITALARES E ONCOLOGICOS LTDA.,1,ONCO PROD DISTRIBUIDORA  [F0395]
04310364000129,EMBRAST INDUSTRIA E COMERCIO LTDA,5,EMBRAST INDUSTRIA E COME [F0396]
04323299000176,PANERARI FARMA LTDA,4,PANERARI FARMA LTDA [F0397]
04340683000187,J DE R L PARRIAO LTDA,12,J DE R L PARRIAO LTDA [F0398]
04355394000151,PROHOSP DISTRIBUIDORA DE MEDICAMENTOS LTDA.,719,PROHOSP DISTRIBUIDORA DE [F0399]
04355394000232,PROHOSP DISTRIBUIDORA DE MEDICAMENTOS LTDA.,17,PROHOSP DISTRIBUIDORA DE [F0400]
04355394000313,PROHOSP DISTRIBUIDORA DE MEDICAMENTOS LTDA.,21,PROHOSP DISTRIBUIDORA DE [F0401]
04356109000117,J A OLIVEIRA COMERCIO,260,J A OLIVEIRA COMERCIO [F0402]
04356658000191,AAF DO BRASIL PRODUTOS ODONTOLOGICOS LTDA,2,AAF DO BRASIL PRODUTOS O [F0403]
04360651000143,ANA MARIA PIRES BELEM,8,ANA MARIA PIRES BELEM [F0404]
04362282000128,D E A FARMA DISTRIBUIDORA DE PRODUTOS FARMACEUTICOS LTDA,188,D E A FARMA DISTRIBUIDOR [F0405]
04368522000100,PAPEL MASTER SUL LTDA,1,PAPEL MASTER SUL LTDA [F0406]
04369147000104,ABA MED S.A.,19,ABA MED S.A. [F0407]
04372020000144,WERBRAN DISTRIBUIDORA DE MEDICAMENTOS LTDA,569,WERBRAN DISTRIBUIDORA DE [F0408]
04380569000180,J R G DISTRIBUIDORA DE MEDICAMENTOS HOSPITALARES LTDA,110,J R G DISTRIBUIDORA DE M [F0409]
04383642000178,SALUTARY CENTRO-NORTE COMERCIAL LTDA,3,SALUTARY CENTRO-NORTE CO [F0410]
04385090000137,MAURO ROBERTO RODRIGUES DE MOURA,166,MAURO ROBERTO RODRIGUES  [F0411]
04389760000193,PRADO PHARMA LTDA,221,PRADO PHARMA LTDA [F0412]
04394210000162,FARMACIA FARMA FLORIDA LTDA,26,FARMACIA FARMA FLORIDA L [F0413]
04415316000286,GENIAL PRODUTOS PARA LIMPEZA LTDA,4,GENIAL PRODUTOS PARA LIM [F0414]
04419989000123,A. R. VERISSIMO LTDA,539,A. R. VERISSIMO LTDA [F0415]
04437209000178,MULTMED DISTRIBUIDORA DE MEDICAMENTOS LTDA,1,MULTMED DISTRIBUIDORA DE [F0416]
04439126000118,BRASIL MED DISTRIBUIDORA DE MEDICAMENTOS LTDA,209,BRASIL MED DISTRIBUIDORA [F0417]
04440002000152,RHOSSE INSTRUMENTOS E EQUIPAMENTOS CIRURGICOS LTDA,4,RHOSSE INSTRUMENTOS E EQ [F0418]
04447291000111,GIAMEDICAL PRODUTOS CIRURGICOS LTDA,2,GIAMEDICAL PRODUTOS CIRU [F0419]
04451626000175,PHOSPODONT LTDA,272,PHOSPODONT LTDA [F0420]
04459117000199,SAMTEC BIOTECNOLOGIA LTDA,5,SAMTEC BIOTECNOLOGIA LTD [F0421]
04470877000105,MEDIGRAM COMERCIO DE MEDICAMENTOS LTDA,1973,MEDIGRAM COMERCIO DE MED [F0422]
04485540000163,J. C. MASCARENHAS AGUIAR & CIA. LTDA,1,J. C. MASCARENHAS AGUIAR [F0423]
04497941000133,DALMEDSUL MEDICAMENTOS LTDA,1,DALMEDSUL MEDICAMENTOS L [F0424]
04506487000130,HELIANTO FARMACEUTICA LTDA,4,HELIANTO FARMACEUTICA LT [F0425]
04508780000136,A. M. B. FARMACEUTICA COMERCIO E DISTRIBUICAO LTDA,20,A. M. B. FARMACEUTICA CO [F0426]
04516470000163,TECNOPRINT IMPRESSOS TECNICOS LTDA,2,TECNOPRINT IMPRESSOS TEC [F0427]
04521989000130,MUNDIAL EMPREENDIMENTO LTDA,45,MUNDIAL EMPREENDIMENTO L [F0428]
04522343000177,FARMACIA DE MANIPULACAO IDEAL FORMULAS LTDA,16,FARMACIA DE MANIPULACAO  [F0429]
04523992000192,MEDICAL-HOSP ASSESSORIA E SERVICOS LTDA,17,MEDICAL-HOSP ASSESSORIA  [F0430]
04541813000140,"MB MARTINS SERVICOS, PRODUTOS E EQUIPAMENTOS LTDA",2,"MB MARTINS SERVICOS, PRO [F0431]"
04548553000134,PROSSERV - COMERCIO E SERVICOS LTDA,1,PROSSERV - COMERCIO E SE [F0432]
04550922000123,INTERATIVA NUTRICAO CLINICA LTDA,1,INTERATIVA NUTRICAO CLIN [F0433]
04559470000140,GLOBAL ORGANIZACAO FARMACEUTICA LTDA,1,GLOBAL ORGANIZACAO FARMA [F0434]
04598413000170,RECOL DISTRIBUICAO E COMERCIO LTDA,108,RECOL DISTRIBUICAO E COM [F0435]
04598413000332,RECOL DISTRIBUICAO E COMERCIO LTDA,11,RECOL DISTRIBUICAO E COM [F0436]
04603104000141,"ORTOPONTO COMERCIO DE PRODUTOS DE ORTOPEDIA , SAUDE E RECUPERACAO LTDA",1,ORTOPONTO COMERCIO DE PR [F0437]
04610769000182,OFTALMICA PROLENTES COMERCIO DE MATERIAIS PARA USO MEDICO LTDA,1,OFTALMICA PROLENTES COME [F0438]
04614288000145,DISK LIFE COMERCIO DE PRODUTOS CIRURGICOS LTDA,1,DISK LIFE COMERCIO DE PR [F0439]
04624944000190,RICARDO MOTTA DE ANDRADE,32,RICARDO MOTTA DE ANDRADE [F0440]
04638822000153,NATIVA FARMA LTDA,1,NATIVA FARMA LTDA [F0441]
04650643000131,3 MED COMERCIO DE MEDICAMENTOS LTDA,1,3 MED COMERCIO DE MEDICA [F0442]
04654861000144,INDALABOR INDAIA LABORATORIO FARMACEUTICO LTDA,38,INDALABOR INDAIA LABORAT [F0443]
04666364000166,CDH - CENTRO DE DIAGNOSTICO HUMANO LTDA,1,CDH - CENTRO DE DIAGNOST [F0444]
04679119000193,CRM COMERCIAL LTDA,22,CRM COMERCIAL LTDA [F0445]
04707391000130,J E S FONSECA COMERCIO EPP LTDA,21,J E S FONSECA COMERCIO E [F0446]
04709243000154,"BS EQUIPAMENTOS, INDUSTRIA E COMERCIO LTDA",10,"BS EQUIPAMENTOS, INDUSTR [F0447]"
04712762000171,CONSORCIO INTERMUNICIPAL DE DESENVOLVIMENTO SUSTENTAVEL DA REGIAO DOS CAMPOS DE CIMA DA SERRA - CONDESUS,3,CONSORCIO INTERMUNICIPAL [F0448]
04718347000125,LONGEVITA PRODUTOS HIGIENICOS LTDA - EM LIQUIDACAO,7,LONGEVITA PRODUTOS HIGIE [F0449]
04724729000161,MAXLAB PRODUTOS PARA DIAGNOSTICOS E PESQUISAS LTDA,244,MAXLAB PRODUTOS PARA DIA [F0450]
04727762000145,CRISTIANE DE OLIVEIRA TELES,1,CRISTIANE DE OLIVEIRA TE [F0451]
04752991000110,BIOMM S/A,12,BIOMM S/A [F0452]
04755530000109,REDE DE FARMACIAS PRINCESA LTDA,27,REDE DE FARMACIAS PRINCE [F0453]
04759433000186,FERNAMED LTDA,186,FERNAMED LTDA [F0454]
04762934000111,BIOLINE COMERCIAL LTDA.,1,BIOLINE COMERCIAL LTDA. [F0455]
04779188000179,FASTMED COMERCIO LTDA,3,FASTMED COMERCIO LTDA [F0456]
04780117000196,EUTICA ATACADISTA DE MEDICAMENTOS E MATERIAL HOSPITALAR LTDA,160,EUTICA ATACADISTA DE MED [F0457]
04790439000116,BELLE PHARMA FARMACIA DE MANIPULACAO LTDA,1,BELLE PHARMA FARMACIA DE [F0458]
04790724000137,DISTRIBUIDORA DE MEDICAMENTOS PAULO LIMA S/A,2,DISTRIBUIDORA DE MEDICAM [F0459]
04793887000173,CIRURGICA ZANIN LTDA,2,CIRURGICA ZANIN LTDA [F0460]
04797536000130,JOAO CARLOS ANACLETO,7,JOAO CARLOS ANACLETO [F0461]
04802930000110,ALBONETTE & CAMPANA COMERCIO DE MEDICAMENTOS LTDA,5,ALBONETTE & CAMPANA COME [F0462]
04817909000198,D GONCALVES INSTRUMENTOS LTDA,1,D GONCALVES INSTRUMENTOS [F0463]
04818528000123,MEDCARE COMERCIO DE PRODUTOS E EQUIPAMENTOS MEDICO HOSPITALARES LTDA.,1,MEDCARE COMERCIO DE PROD [F0464]
04846613000103,CELER BIOTECNOLOGIA S/A,1,CELER BIOTECNOLOGIA S/A [F0465]
04847959000118,REALMED HOSPITALAR LTDA,140,REALMED HOSPITALAR LTDA [F0466]
04851958000147,R.P.4 DISTRIBUIDORA DE MEDICAMENTOS LTDA,457,R.P.4 DISTRIBUIDORA DE M [F0467]
04860635000110,FLORESTA COMERCIO DE ARTIGOS DE PERFUMARIA LTDA,214,FLORESTA COMERCIO DE ART [F0468]
04860742000148,PARAFARMA MEDICAMENTOS E HOSPITALAR LTDA,901,PARAFARMA MEDICAMENTOS E [F0469]
04880181000149,AWKALAB PRODUTOS PARA LABORATORIO LTDA,2,AWKALAB PRODUTOS PARA LA [F0470]
04880586000187,CIRURGICA REAL - COMERCIAL HOSPITALAR E FARMACEUTICA LTDA,914,CIRURGICA REAL - COMERCI [F0471]
04886103000151,LABINGA COMERCIO DE ARTIGOS PARA LABORATORIOS LTDA,2,LABINGA COMERCIO DE ARTI [F0472]
04889013000114,DISTRILAF DISTRIBUIDORA DE MEDICAMENTOS LTDA,3,DISTRILAF DISTRIBUIDORA  [F0473]
04889315000192,S & R DISTRIBUIDORA LTDA,550,S & R DISTRIBUIDORA LTDA [F0474]
04890798000145,ORTOM INDUSTRIA TEXTIL LTDA,16,ORTOM INDUSTRIA TEXTIL L [F0475]
04901171000142,CASSIFLEX LTDA,10,CASSIFLEX LTDA [F0476]
04910323000173,MOVEIS ANDRADE - INDUSTRIA E COMERCIO DE MOVEIS HOSPITALARES LTDA,2,MOVEIS ANDRADE - INDUSTR [F0477]
04922653000189,NORDESTE HOSPITALAR IMPORTACAO E EXPORTACAO LTDA,328,NORDESTE HOSPITALAR IMPO [F0478]
04932432000191,ELMED DISTRIBUIDORA DE MEDICAMENTOS LTDA,36,ELMED DISTRIBUIDORA DE M [F0479]
04937243000101,OLYMPUS OPTICAL DO BRASIL LTDA.,4,OLYMPUS OPTICAL DO BRASI [F0480]
04948894000105,GPACK ECO EMBALAGENS LTDA,2,GPACK ECO EMBALAGENS LTD [F0481]
04949905000163,F CARDOSO E CIA LTDA,478,F CARDOSO E CIA LTDA [F0482]
04956527000145,ORION COMERCIO DE ARTIGOS MEDICOS LTDA,22,ORION COMERCIO DE ARTIGO [F0483]
04959327000146,PRODUTOS FARMACEUTICOS VIEIRA LTDA,361,PRODUTOS FARMACEUTICOS V [F0484]
04968644000129,J. B. DE OLIVEIRA JUNIOR DISTRIBUIDORA,118,J. B. DE OLIVEIRA JUNIOR [F0485]
04970285000144,GAMACORP HOSPITALAR - COMERCIO DE MEDICAMENTOS LTDA,1,GAMACORP HOSPITALAR - CO [F0486]
04971211000122,ODONTOSUL LTDA,232,ODONTOSUL LTDA [F0487]
04981484000158,GAMA-MED 13 COMERCIO E SERVICOS LTDA,1,GAMA-MED 13 COMERCIO E S [F0488]
05003408000130,CRISTALFARMA COMERCIO REPRESENTACAO IMPORTACAO E EXPORTACAO LTDA,77,CRISTALFARMA COMERCIO RE [F0489]
05003408000483,CRISTALFARMA COMERCIO REPRESENTACAO IMPORTACAO E EXPORTACAO LTDA,7,CRISTALFARMA COMERCIO RE [F0490]
05005873000100,PORTAL LTDA,979,PORTAL LTDA [F0491]
05022486000182,MACRO LIFE IMPORTADORA DE PRODUTOS MEDICOS LTDA,16,MACRO LIFE IMPORTADORA D [F0492]
05028965000106,ALPHAMEDI COMERCIO E REPRESENTACOES LTDA,21,ALPHAMEDI COMERCIO E REP [F0493]
05032608000111,MONTEGGIA PRODUTOS HOSPITALARES LTDA,1,MONTEGGIA PRODUTOS HOSPI [F0494]
05034088000186,AMAZONIA COMERCIO E REPRESENTACAO DE PRODUTOS EM GERAL LTDA,5,AMAZONIA COMERCIO E REPR [F0495]
05035010000186,LAB BRAX DIAGNOSTICA LTDA,6,LAB BRAX DIAGNOSTICA LTD [F0496]
05035244000123,SUN FARMACEUTICA DO BRASIL LTDA,12,SUN FARMACEUTICA DO BRAS [F0497]
05044056000161,DMH - PRODUTOS HOSPITALARES LTDA,1,DMH - PRODUTOS HOSPITALA [F0498]
05044984000126,LEGRAND PHARMA INDUSTRIA FARMACEUTICA LTDA,3,LEGRAND PHARMA INDUSTRIA [F0499]
05048534000101,NORTEMED DISTRIBUIDORA DE PRODUTOS MEDICOS LTDA,22,NORTEMED DISTRIBUIDORA D [F0500]
05049432000100,COMERCIO E REPRESENTACOES PRADO LTDA,3,COMERCIO E REPRESENTACOE [F0501]
05050260000195,PROCARE - COMERCIO DE PRODUTOS HOSPITALARES LTDA.,1,PROCARE - COMERCIO DE PR [F0502]
05059454000585,HAMAMELIS FARMACIA DE MANIPULACAO LTDA,1,HAMAMELIS FARMACIA DE MA [F0503]
05062455000155,"ALPHARAD COMERCIO, IMPORTACAO E EXPORTACAO DE PRODUTOS HOSPITALARES LTDA",1,"ALPHARAD COMERCIO, IMPOR [F0504]"
05075964000112,CINCO - CONFIANCA INDUSTRIA E COMERCIO LTDA.,7,CINCO - CONFIANCA INDUST [F0505]
05106015000152,CALL MED COMERCIO DE MEDICAMENTOS E REPRESENTACAO LTDA,97,CALL MED COMERCIO DE MED [F0506]
05109384000107,M M LOBATO DISTRIBUIDORA DE MEDICAMENTOS LTDA,5,M M LOBATO DISTRIBUIDORA [F0507]
05110475000154,PERLAND PHARMACOS LTDA,1,PERLAND PHARMACOS LTDA [F0508]
05118766000199,FISIOMEDICA PRODUTOS E EQUIPAMENTOS LTDA,1,FISIOMEDICA PRODUTOS E E [F0509]
05119925000170,J.C.M. GUTIERREZ - MEDICAMENTOS,7,J.C.M. GUTIERREZ - MEDIC [F0510]
05134822000189,ROSEMAR EDUVIRGEM MUNIZ,1,ROSEMAR EDUVIRGEM MUNIZ [F0511]
05136679000164,RJD HOSPITALAR LTDA,7,RJD HOSPITALAR LTDA [F0512]
05155405000112,CLINICA NUTRICIONAL LTDA.,2,CLINICA NUTRICIONAL LTDA [F0513]
05155425000193,VASCONCELOS INDUSTRIA FARMACEUTICA E COMERCIO LTDA,16,VASCONCELOS INDUSTRIA FA [F0514]
05159591000168,PRO-REMEDIOS DISTRIBUIDORA DE PRODUTOS FARMACEUTICOS E COSMETICOS LTDA,601,PRO-REMEDIOS DISTRIBUIDO [F0515]
05159591000249,PRO-REMEDIOS DISTRIBUIDORA DE PRODUTOS FARMACEUTICOS E COSMETICOS LTDA,2,PRO-REMEDIOS DISTRIBUIDO [F0516]
05161069000110,BRAINFARMA INDUSTRIA QUIMICA E FARMACEUTICA S.A.,8,BRAINFARMA INDUSTRIA QUI [F0517]
05161069000544,BRAINFARMA INDUSTRIA QUIMICA E FARMACEUTICA S.A.,5,BRAINFARMA INDUSTRIA QUI [F0518]
05194502000114,ALFALAGOS LTDA.,415,ALFALAGOS LTDA. [F0519]
05194502000467,ALFALAGOS LTDA.,96,ALFALAGOS LTDA. [F0520]
05199015000144,DISTRIBUIDORA DE PRODUTOS E EQUIPAMENTOS ODONTOLOGICOS LTDA,99,DISTRIBUIDORA DE PRODUTO [F0521]
05201539000122,DALMED DISTRIBUIDORA DE MEDICAMENTOS LTDA,2,DALMED DISTRIBUIDORA DE  [F0522]
05207574000159,ACUSTICA TECHNOAUDIO COMERCIO E SERVICOS LTDA.,1,ACUSTICA TECHNOAUDIO COM [F0523]
05209279000131,CONFIANCE MEDICAL PRODUTOS MEDICOS S.A.,2,CONFIANCE MEDICAL PRODUT [F0524]
05211777000119,CAPERPASS INDUSTRIA E COMERCIO DE ARTIGOS PLASTICOS LTDA,1,CAPERPASS INDUSTRIA E CO [F0525]
05215423000142,RCM COMERCIO DE MATERIAIS MEDICOS ODONTOLOGICOS LTDA,188,RCM COMERCIO DE MATERIAI [F0526]
05216859000156,BIOBASE INDUSTRIA E COMERCIO LTDA,71,BIOBASE INDUSTRIA E COME [F0527]
05234897000131,"NATEK NATUREZA E TECNOLOGIA, INDUSTRIA E COMERCIO DE PRODUTOS BIOTECNOLOGICOS LTDA",2,NATEK NATUREZA E TECNOLO [F0528]
05247406000197,TORRE FORTE ATACADO E VAREJO LTDA,64,TORRE FORTE ATACADO E VA [F0529]
05254971000181,ZYDUS NIKKHO FARMACEUTICA LTDA,4,ZYDUS NIKKHO FARMACEUTIC [F0530]
05264280000169,MEDICATTO COMERCIO DE PRODUTOS MEDICO HOSPITALARES LTDA,8,MEDICATTO COMERCIO DE PR [F0531]
05283263000179,J&G PHARMA DISTRIBUIDORA DE MEDICAMENTOS LTDA,32,J&G PHARMA DISTRIBUIDORA [F0532]
05286960000183,V. S. COSTA & CIA LTDA,5,V. S. COSTA & CIA LTDA [F0533]
05287113000133,ARTSINTESE COMERCIO DE MATERIAL E EQUIPAMENTOS HOSPITALAR LTDA,3,ARTSINTESE COMERCIO DE M [F0534]
05323167000107,CIRUBEL COMERCIO E REPRESENTACOES DE PRODUTOS MEDICOS E HOSPITALAR LTDA,6,CIRUBEL COMERCIO E REPRE [F0535]
05329222000176,SELLENE COMERCIO E REPRESENTACOES LTDA,11,SELLENE COMERCIO E REPRE [F0536]
05330520000186,UNIBIO DISTRIBUIDORA E SERVICOS LTDA,8,UNIBIO DISTRIBUIDORA E S [F0537]
05333542000108,TEVA FARMACEUTICA LTDA.,7,TEVA FARMACEUTICA LTDA. [F0538]
05333542000957,TEVA FARMACEUTICA LTDA.,3,TEVA FARMACEUTICA LTDA. [F0539]
05340608000189,SIPROLIMP - SIMIONATO PRODUTOS DE LIMPEZA LTDA,2,SIPROLIMP - SIMIONATO PR [F0540]
05343029000190,MEDLEVENSOHN COMERCIO E REPRESENTACOES DE PRODUTOS HOSPITALARES LTDA,38,MEDLEVENSOHN COMERCIO E  [F0541]
05343029000270,MEDLEVENSOHN COMERCIO E REPRESENTACOES DE PRODUTOS HOSPITALARES LTDA,31,MEDLEVENSOHN COMERCIO E  [F0542]
05344894000150,FUTURA COMERCIO DE MOVEIS E ELETRO LTDA,14,FUTURA COMERCIO DE MOVEI [F0543]
05348580000126,DROGA ROCHA DISTRIBUIDORA DE MEDICAMENTOS LTDA,224,DROGA ROCHA DISTRIBUIDOR [F0544]
05356421000173,ALPHA IMPORTADORA E EXPORTADORA LTDA,17,ALPHA IMPORTADORA E EXPO [F0545]
05359481000140,CONEXAO MEDICA COMERCIAL LTDA,91,CONEXAO MEDICA COMERCIAL [F0546]
05372902000172,PVVB MANIPULADOS LTDA,1,PVVB MANIPULADOS LTDA [F0547]
05375249000103,DENTAL ALTA MOGIANA - COMERCIO DE PRODUTOS ODONTOLOGICOS LTDA.,11,DENTAL ALTA MOGIANA - CO [F0548]
05382899000178,DISTRIBUIDORA SENADOR DE MEDICAMENTOS HOSPITALARES LTDA,80,DISTRIBUIDORA SENADOR DE [F0549]
05385964000119,DROGARIA FLORIANA LTDA,2,DROGARIA FLORIANA LTDA [F0550]
05399786000185,UNICHEM FARMACEUTICA DO BRASIL LTDA.,5,UNICHEM FARMACEUTICA DO  [F0551]
05400006000170,FABMED DISTRIBUIDORA HOSPITALAR LTDA,667,FABMED DISTRIBUIDORA HOS [F0552]
05400006000250,FABMED DISTRIBUIDORA HOSPITALAR LTDA,6,FABMED DISTRIBUIDORA HOS [F0553]
05412147000102,DENTAL OESTE LTDA,110,DENTAL OESTE LTDA [F0554]
05416754000140,MAKE LINE COMERCIAL LTDA,3,MAKE LINE COMERCIAL LTDA [F0555]
05431736000138,ASTRA CIENTIFICA LTDA,21,ASTRA CIENTIFICA LTDA [F0556]
05439635000103,ANTIBIOTICOS DO BRASIL LTDA.,35,ANTIBIOTICOS DO BRASIL L [F0557]
05439635000294,ANTIBIOTICOS DO BRASIL LTDA.,11,ANTIBIOTICOS DO BRASIL L [F0558]
05439635000456,ANTIBIOTICOS DO BRASIL LTDA.,269,ANTIBIOTICOS DO BRASIL L [F0559]
05443348000177,CENTERMEDICA PRODUTOS HOSPITALARES LTDA,573,CENTERMEDICA PRODUTOS HO [F0560]
05448630000147,IRMAOS ASSUNCAO VALENTINO LTDA,14,IRMAOS ASSUNCAO VALENTIN [F0561]
05487170000166,PB FARMA DISTRIBUIDORA DE MEDICAMENTOS LTDA,17,PB FARMA DISTRIBUIDORA D [F0562]
05488166000112,H B COMERCIO DE EMBALAGENS LTDA,1,H B COMERCIO DE EMBALAGE [F0563]
05515873000150,CIRUROMA COMERCIAL LTDA,2,CIRUROMA COMERCIAL LTDA [F0564]
05531725000120,SOMA/SC PRODUTOS HOSPITALARES LTDA,941,SOMA/SC PRODUTOS HOSPITA [F0565]
05536092000142,COMPANHIA HOSPITALAR LTDA,1,COMPANHIA HOSPITALAR LTD [F0566]
05553629000182,RAGA PRODUTOS FARMACEUTICOS LTDA,2,RAGA PRODUTOS FARMACEUTI [F0567]
05580502000152,LIFE PRODUTOS E EQUIPAMENTOS DE LIMPEZA E HOSPITALARES LTDA,1,LIFE PRODUTOS E EQUIPAME [F0568]
05581873000159,BEATI COMERCIO E MANUTENCAO EM EQUIPAMENTOS PARA SAUDE LTDA,20,BEATI COMERCIO E MANUTEN [F0569]
05586495000104,5 ELEMENTOS COMERCIO DE PRODUTOS TERAPEUTICOS LTDA,4,5 ELEMENTOS COMERCIO DE  [F0570]
05591199000193,SUPER TOP COMERCIO E REPRESENTACOES LTDA,5,SUPER TOP COMERCIO E REP [F0571]
05593067000109,UBER MEDICA E HOSPITALAR LTDA,3,UBER MEDICA E HOSPITALAR [F0572]
05593405000102,DENTAL MEDICA COMERCIO E REPRESENTACOES LTDA,5,DENTAL MEDICA COMERCIO E [F0573]
05618222000196,EXFARMA LTDA,3,EXFARMA LTDA [F0574]
05637386000160,JM WILLIAM COMERCIO DE MATERIAIS HOSPITALARES LTDA,1,JM WILLIAM COMERCIO DE M [F0575]
05638301000169,TECMEDIC COMERCIO DE PRODUTOS MEDICOS LTDA.,3,TECMEDIC COMERCIO DE PRO [F0576]
05652247000106,LUMIAR HEALTH BUILDERS EQUIPAMENTOS HOSPITALARES LTDA,11,LUMIAR HEALTH BUILDERS E [F0577]
05656062000170,MULTICOM COMERCIO MULTIPLO DE ALIMENTOS LTDA,1,MULTICOM COMERCIO MULTIP [F0578]
05656727000145,MYLAN BRASIL DISTRIBUIDORA DE MEDICAMENTOS LTDA.,9,MYLAN BRASIL DISTRIBUIDO [F0579]
05657559000102,AGLAMED-MATERIAL MEDICO HOSPITALAR LTDA,1,AGLAMED-MATERIAL MEDICO  [F0580]
05667064000164,M E G ALIMENTOS E NUTRICAO LTDA,1,M E G ALIMENTOS E NUTRIC [F0581]
05674440000148,ODONTOPLUS LTDA,14,ODONTOPLUS LTDA [F0582]
05675713000179,SUPERFIO COMERCIO DE PRODUTOS MEDICOS E HOSPITALARES LTDA,93,SUPERFIO COMERCIO DE PRO [F0583]
05689439000197,LUAT COMERCIO DE COMPRESSORES E PECAS LTDA,1,LUAT COMERCIO DE COMPRES [F0584]
05696494000104,HAIAEL COMERCIAL LTDA,2,HAIAEL COMERCIAL LTDA [F0585]
05740310000166,FARMACIA PEREIRA GARCIA LTDA,507,FARMACIA PEREIRA GARCIA  [F0586]
05743125000125,COMERCIO DE MEDICAMENTOS SAO PAULO LTDA,1,COMERCIO DE MEDICAMENTOS [F0587]
05743288000108,HOSPCOM EQUIPAMENTOS HOSPITALARES LTDA,3,HOSPCOM EQUIPAMENTOS HOS [F0588]
05746016000161,QUALITY MED DOCUMENTOS LTDA,2,QUALITY MED DOCUMENTOS L [F0589]
05746252000188,STERI GRAU PRODUTOS HOSPITALARES LTDA,5,STERI GRAU PRODUTOS HOSP [F0590]
05746444000194,"CIRURGICA PARANA - DISTRIBUIDORA, IMPORTADORA E EXPORTADORA DE EQUIPAMENTOS LTDA",263,CIRURGICA PARANA - DISTR [F0591]
05763509000100,ALG RIO COMERCIO DE PRODUTOS LTDA,1,ALG RIO COMERCIO DE PROD [F0592]
05768154000141,CIRURGICA PAULISTA COMERCIO DE MATERIAL MEDICO HOSPITALAR LTDA,4,CIRURGICA PAULISTA COMER [F0593]
05782693000135,FARMACIA E DROGARIA PARANA LTDA,2,FARMACIA E DROGARIA PARA [F0594]
05782733000149,CIAMED - DISTRIBUIDORA DE MEDICAMENTOS LTDA.,1812,CIAMED - DISTRIBUIDORA D [F0595]
05782733000220,CIAMED - DISTRIBUIDORA DE MEDICAMENTOS LTDA.,149,CIAMED - DISTRIBUIDORA D [F0596]
05782733000300,CIAMED - DISTRIBUIDORA DE MEDICAMENTOS LTDA.,674,CIAMED - DISTRIBUIDORA D [F0597]
05782733000491,CIAMED - DISTRIBUIDORA DE MEDICAMENTOS LTDA.,10,CIAMED - DISTRIBUIDORA D [F0598]
05788117000103,METALIC MEDICAL PRODUTOS HOSPITALARES LTDA,4,METALIC MEDICAL PRODUTOS [F0599]
05793185000152,JUPITER DISTRIBUIDORA DE PRODUTOS E EQUIPAMENTOS HOSPITALARES LTDA,2,JUPITER DISTRIBUIDORA DE [F0600]
05795285000118,OPHTALMED DISTRIBUIDORA LTDA,3,OPHTALMED DISTRIBUIDORA  [F0601]
05804216000123,D + DISTRIBUIDORA LTDA,16,D + DISTRIBUIDORA LTDA [F0602]
05810081000109,JET IMPORTS IMPORTACAO E EXPORTACAO LTDA,6,JET IMPORTS IMPORTACAO E [F0603]
05816630000152,FUNDO ESTADUAL DE SAUDE DO ESTADO DA BAHIA,3,FUNDO ESTADUAL DE SAUDE  [F0604]
05818423000137,AMCOR FLEXIBLES BRASIL LTDA,5,AMCOR FLEXIBLES BRASIL L [F0605]
05823205000190,MAQUIRA INDUSTRIA DE PRODUTOS ODONTOLOGICOS S.A.,6,MAQUIRA INDUSTRIA DE PRO [F0606]
05847630000110,SOMA/SP PRODUTOS HOSPITALARES LTDA,2540,SOMA/SP PRODUTOS HOSPITA [F0607]
05855974000170,BASTON INDUSTRIA DE AEROSSOIS LTDA,1,BASTON INDUSTRIA DE AERO [F0608]
05864669000145,DISMAP - PRODUTOS PARA A SAUDE LTDA,5,DISMAP - PRODUTOS PARA A [F0609]
05882795000122,MEGAFRAL INDUSTRIA E COMERCIO LTDA,1,MEGAFRAL INDUSTRIA E COM [F0610]
05885332000114,NRX MEDICAL SYSTEMS COMERCIO ATACADISTA E SERVICOS MANUTENCAO E REPRESENTACAO DE EQUIPAMENTO APARELHOS ODONTO MEDICOS HOSPITALARES LTDA,10,NRX MEDICAL SYSTEMS COME [F0611]
05888612000186,DISACRE COMERCIO E REPRESENTACOES IMPORTACAO E EXPORTACAO LTDA,7,DISACRE COMERCIO E REPRE [F0612]
05893097000122,CENUT - CENTRO ESPECIALIZADO DE NUTRICAO LTDA,23,CENUT - CENTRO ESPECIALI [F0613]
05895525000156,OBJETIVA PRODUTOS E SERVICOS P/ LABORATORIOS LTDA,223,OBJETIVA PRODUTOS E SERV [F0614]
05905525000190,BIOSUL PRODUTOS DIAGNOSTICOS LTDA,6,BIOSUL PRODUTOS DIAGNOST [F0615]
05912018000183,MERCO SOLUCOES EM SAUDE S/A,445,MERCO SOLUCOES EM SAUDE  [F0616]
05922811000163,MAGNA MEDICA COMERCIO DE PRODUTOS MEDICOS HOSPITALARES LTDA.,3,MAGNA MEDICA COMERCIO DE [F0617]
05922826000121,DELF DISTRIBUIDORA DE MEDICAMENTOS LTDA,8,DELF DISTRIBUIDORA DE ME [F0618]
05923871000109,ALPHARAD MATERIAIS PARA DIAGNOSTICOS LTDA,5,ALPHARAD MATERIAIS PARA  [F0619]
05932624000160,MEGAMED COMERCIO LTDA,41,MEGAMED COMERCIO LTDA [F0620]
05944604000100,EDWARDS LIFESCIENCES COMERCIO DE PRODUTOS MEDICO-CIRURGICOS LTDA.,3,EDWARDS LIFESCIENCES COM [F0621]
05953172000101,FAVA INDUSTRIA E COMERCIO DE PRODUTOS HOSPITALARES E ODONTOLOGICOS LTDA.,2,FAVA INDUSTRIA E COMERCI [F0622]
05964983000108,D & V COMERCIO DE MATERIAL HOSPITALAR LTDA,59,D & V COMERCIO DE MATERI [F0623]
05967785000270,POLYMED COMERCIO DE MATERIAL HOSPITALAR LTDA,1,POLYMED COMERCIO DE MATE [F0624]
05971158000122,INDUSTRIA E COMERCIO DE PRODUTOS DE LIMPEZA MACATUBA LTDA,9,INDUSTRIA E COMERCIO DE  [F0625]
05973242000185,OMEGA MED PRODUTOS MEDICO HOSPITALARES LTDA,29,OMEGA MED PRODUTOS MEDIC [F0626]
05980425000128,VAL MED PRODUTOS E EQUIPAMENTOS MEDICOS HOSPITALAR LTDA,840,VAL MED PRODUTOS E EQUIP [F0627]
05993698000107,1000MEDIC DISTRIBUIDORA IMPORTADORA EXPORTADORA DE MEDICAMENTOS LTDA,6,1000MEDIC DISTRIBUIDORA  [F0628]
05993698000379,1000MEDIC DISTRIBUIDORA IMPORTADORA EXPORTADORA DE MEDICAMENTOS LTDA,4,1000MEDIC DISTRIBUIDORA  [F0629]
05997927000161,MEDIC STOCK COMERCIO DE PRODUTOS MEDICOS HOSPITALARES LTDA,11,MEDIC STOCK COMERCIO DE  [F0630]
06023734000172,C R G DE MELO JUNIOR COMERCIO E DISTRIBUIDORA DE MEDICAMENTOS,176,C R G DE MELO JUNIOR COM [F0631]
06029006000178,MDA INDUSTRIA E COMERCIO LTDA,8,MDA INDUSTRIA E COMERCIO [F0632]
06053353000136,SANTA BRANCA DISTRIBUIDORA DE MEDICAMENTOS LTDA,2,SANTA BRANCA DISTRIBUIDO [F0633]
06059923000103,CELIA DA CUNHA FRANCA LTDA,343,CELIA DA CUNHA FRANCA LT [F0634]
06065614000138,SUPERMEDICA DISTRIBUIDORA HOSPITALAR LTDA,225,SUPERMEDICA DISTRIBUIDOR [F0635]
06076833000112,ABL - SAUDE LTDA,4,ABL - SAUDE LTDA [F0636]
06081203000136,HOSP - LOG COMERCIO DE PRODUTOS HOSPITALARES LTDA,81,HOSP - LOG COMERCIO DE P [F0637]
06086578000199,M. G. GIACOMETTI DROGARIA LTDA,182,M. G. GIACOMETTI DROGARI [F0638]
06098484000130,CELESTE DISTRIBUIDORA DE MEDICAMENTOS LTDA,107,CELESTE DISTRIBUIDORA DE [F0639]
06105362000123,ACCUMED PRODUTOS MEDICO HOSPITALARES LTDA,8,ACCUMED PRODUTOS MEDICO  [F0640]
06106005000180,STOCK MED S.A,483,STOCK MED S.A [F0641]
06114172000172,MAX MED - PRODUTOS CIRURGICOS LTDA,125,MAX MED - PRODUTOS CIRUR [F0642]
06127890000183,CONKAST EQUIPAMENTOS TECNOLOGICOS LTDA,4,CONKAST EQUIPAMENTOS TEC [F0643]
06131330000100,VIVAMED EQUIPAMENTOS MEDICO-HOSPITALARES LTDA,5,VIVAMED EQUIPAMENTOS MED [F0644]
06131363000142,WERLANG & BRANDALIZZE MEDICAMENTOS LTDA,11,WERLANG & BRANDALIZZE ME [F0645]
06132785000132,MEDVIDA DISTRIBUIDORA DE MEDICAMENTOS HOSPITALAR LTDA,943,MEDVIDA DISTRIBUIDORA DE [F0646]
06143681000123,BIOSANI INDUSTRIA E COMERCIO DE PRODUTOS MEDICOS E ODONTOLOGICOS LTDA,2,BIOSANI INDUSTRIA E COME [F0647]
06149569000108,MED CARMO HOSPITALAR LTDA,9,MED CARMO HOSPITALAR LTD [F0648]
06150220000188,DENTSUL COMERCIO DE MATERIAIS ODONTOLOGICOS LTDA,30,DENTSUL COMERCIO DE MATE [F0649]
06150919000148,W.L. BOLSAS DORES DE CAMPOS LTDA,2,W.L. BOLSAS DORES DE CAM [F0650]
06157734000165,GLOBAL TEC INDUSTRIA E COMERCIO DE PRODUTOS MEDICOS LTDA,5,GLOBAL TEC INDUSTRIA E C [F0651]
06166072000190,CIRURGICA ESTRELA IPIGUA PRODUTOS HOSPITALAR LTDA,23,CIRURGICA ESTRELA IPIGUA [F0652]
06170280000162,INOVAMEDICA COMERCIO DE PRODUTOS MEDICOS LTDA,41,INOVAMEDICA COMERCIO DE  [F0653]
06170316000108,A. G. INDUSTRIA E COMERCIO DE ARTEFATOS PLASTICOS LTDA,2,A. G. INDUSTRIA E COMERC [F0654]
06170316000531,A. G. INDUSTRIA E COMERCIO DE ARTEFATOS PLASTICOS LTDA,1,A. G. INDUSTRIA E COMERC [F0655]
06175908000112,BIO LOGICA DISTRIBUIDORA LTDA,446,BIO LOGICA DISTRIBUIDORA [F0656]
06194440000103,ODONTOMEDI - PRODUTOS ODONTOLOGICOS E HOSPITALARES LTDA,291,ODONTOMEDI - PRODUTOS OD [F0657]
06204131001653,PEROLA DISTRIBUICAO E LOGISTICA S/A,12,PEROLA DISTRIBUICAO E LO [F0658]
06209557000113,AM MEDICAL COMERCIO DE MEDICAMENTOS E PRODUTOS HOSPITALARES LTDA,16,AM MEDICAL COMERCIO DE M [F0659]
06217117000108,ART MEDICAL PRODUTOS MEDICO-HOSPITALARES LTDA,1,ART MEDICAL PRODUTOS MED [F0660]
06230386000104,SOROMED MARILIA LTDA,78,SOROMED MARILIA LTDA [F0661]
06234797000259,EXPRESSA DISTRIBUIDORA DE MEDICAMENTOS LTDA,1,EXPRESSA DISTRIBUIDORA D [F0662]
06253085000104,NORTEMEDICA COMERCIO E REPRESENTAES LTDA,2,NORTEMEDICA COMERCIO E R [F0663]
06271093009474,DMTOP COMERCIO DE MEDICAMENTOS E COSMETICOS LTDA,8,DMTOP COMERCIO DE MEDICA [F0664]
06276904000120,AD INSTRUMENTOS CIRURGICOS IMPORTACAO E EXPORTACAO LTDA,4,AD INSTRUMENTOS CIRURGIC [F0665]
06282624000125,MEDCEDRAL COMERCIO DE PRODUTOS MEDICOS E HOSPITALARES LTDA,333,MEDCEDRAL COMERCIO DE PR [F0666]
06283056000187,CW ARTIGOS DO VESTUARIO LTDA,3,CW ARTIGOS DO VESTUARIO  [F0667]
06294126000100,RS - PRODUTOS HOSPITALARES LTDA,2001,RS - PRODUTOS HOSPITALAR [F0668]
06294654000151,HOSPITAL MATERNO INFANTIL DE BARRA MANSA,4,HOSPITAL MATERNO INFANTI [F0669]
06300403000132,N S G COMERCIO LTDA,2,N S G COMERCIO LTDA [F0670]
06347171000178,X-TEC COMERCIO E SERVICOS LTDA,8,X-TEC COMERCIO E SERVICO [F0671]
06356085000121,TECSS - TECNOLOGIA A SERVICO DA SAUDE LTDA,2,TECSS - TECNOLOGIA A SER [F0672]
06366038000169,MAXIMA COMERCIO DE PRODUTOS HOSPITALARES LTDA,42,MAXIMA COMERCIO DE PRODU [F0673]
06539992000106,JORJAO COMERCIO E REPRESENTACAO DE GASES LTDA,1,JORJAO COMERCIO E REPRES [F0674]
06555143000146,TRADE MEDICAL COMERCIO DE MATERIAIS HOSPITALARES LTDA,1,TRADE MEDICAL COMERCIO D [F0675]
06626253000151,EMPREENDIMENTOS PAGUE MENOS S/A,1,EMPREENDIMENTOS PAGUE ME [F0676]
06628333000146,FARMACE - INDUSTRIA QUIMICO-FARMACEUTICA CEARENSE LTDA,254,FARMACE - INDUSTRIA QUIM [F0677]
06629745000109,NOVAFARMA INDUSTRIA FARMACEUTICA LTDA,5,NOVAFARMA INDUSTRIA FARM [F0678]
06670152000188,MERCURIO - COMERCIO DE PRODUTOS MEDICOS HOSPITALARES LTDA,4,MERCURIO - COMERCIO DE P [F0679]
06697493000147,REINALDO PERSONA FARMACIA DE MANIPULACAO LTDA,17,REINALDO PERSONA FARMACI [F0680]
06697493000228,REINALDO PERSONA FARMACIA DE MANIPULACAO LTDA,6,REINALDO PERSONA FARMACI [F0681]
06855234000105,KELY DAIANA DE OLIVEIRA GOMES,4,KELY DAIANA DE OLIVEIRA  [F0682]
06867357000158,DISTRIBUIDORA PARANHOS ARTIGOS PARA LABORATORIOS LTDA,3,DISTRIBUIDORA PARANHOS A [F0683]
06879813000180,SNMED - COMERCIO E REPRESENTACOES LTDA,8,SNMED - COMERCIO E REPRE [F0684]
06881482000112,BIOMED PRODUTOS MEDICOS E HOSPITALARES LTDA,44,BIOMED PRODUTOS MEDICOS  [F0685]
06886136000127,MEDCOM COMERCIO REPRESENTACOES E SERVICOS LTDA,153,MEDCOM COMERCIO REPRESEN [F0686]
06889652000105,AURION EQUIPAMENTOS ELETRONICOS LTDA,2,AURION EQUIPAMENTOS ELET [F0687]
06896871000111,FARMACIA HOLANDA LTDA,13,FARMACIA HOLANDA LTDA [F0688]
06907776000176,SAGRES-PRODUTOS FARMACEUTICOS LIMITADA,4,SAGRES-PRODUTOS FARMACEU [F0689]
06942434000197,FRACAROLI FARMACIA DE MANIPULACAO LTDA,1,FRACAROLI FARMACIA DE MA [F0690]
06948769000112,TECNOCENTER MATERIAIS MEDICOS HOSPITALARES LTDA,7,TECNOCENTER MATERIAIS ME [F0691]
06954360000109,MASTER COMERCIAL LTDA,1,MASTER COMERCIAL LTDA [F0692]
06968107000104,R.A.P.-APARECIDA - COMERCIO DE MEDICAMENTOS LTDA,2335,R.A.P.-APARECIDA - COMER [F0693]
06974929000106,NOROESTE MEDICAMENTOS LTDA,342,NOROESTE MEDICAMENTOS LT [F0694]
06983028000172,S CERON DE OLIVEIRA,4,S CERON DE OLIVEIRA [F0695]
06987995000102,BIOLAR IMPORTACAO E EXPORTACAO LTDA,102,BIOLAR IMPORTACAO E EXPO [F0696]
06990955000110,DATHA PRODUTOS ODONTOLOGICOS E NUTRICIONAIS LTDA,2,DATHA PRODUTOS ODONTOLOG [F0697]
07009769000209,WANA INDUSTRIA E COMERCIO DE PRODUTOS QUIMICOS LTDA,1,WANA INDUSTRIA E COMERCI [F0698]
07014318000170,CISCRE IMPORTACAO E DISTRIBUICAO DE PRODUTOS MEDICOS LTDA.,1,CISCRE IMPORTACAO E DIST [F0699]
07032320000172,MEDICAL CENTER COMERCIO DE PRODUTOS HOSPITALARES LTDA,20,MEDICAL CENTER COMERCIO  [F0700]
07047086000157,NEWCHEM INDUSTRIA QUIMICA LTDA,1,NEWCHEM INDUSTRIA QUIMIC [F0701]
07055280000184,F WILTON CAVALCANTE MONTEIRO LTDA,257,F WILTON CAVALCANTE MONT [F0702]
07071740000168,FARMACIA IRMAOS NOGUEIRA LTDA,1,FARMACIA IRMAOS NOGUEIRA [F0703]
07079067000102,KYLIMEDI MATERIAL MEDICO LTDA,3,KYLIMEDI MATERIAL MEDICO [F0704]
07086868000103,GRANDESC MATERIAIS HOSPITALARES LTDA,21,GRANDESC MATERIAIS HOSPI [F0705]
07090403000118,TRIMEDCALL COMERCIO DE MATERIAIS MEDICOS E HOSPITALARES LTDA,14,TRIMEDCALL COMERCIO DE M [F0706]
07094705000164,HOSPSHOP PRODUTOS HOSPITALARES LTDA,378,HOSPSHOP PRODUTOS HOSPIT [F0707]
07118264000193,QUALITY MEDICAL COMERCIO E DISTRIBUIDORA DE MEDICAMENTOS LTDA,369,QUALITY MEDICAL COMERCIO [F0708]
07118503000105,ATHOS COMERCIAL HOSPITALAR LTDA,38,ATHOS COMERCIAL HOSPITAL [F0709]
07120917000179,CIRURGICA CURITIBA COMERCIO DE PRODUTOS MEDICOS LTDA,1,CIRURGICA CURITIBA COMER [F0710]
07127606000131,ELISMED COMERCIAL DE EQUIPAMENTOS E MATERIAIS MEDICOS LTDA,19,ELISMED COMERCIAL DE EQU [F0711]
07150093000180,NEWDIAG PRODUTOS MEDICOS E DIAGNOSTICOS LTDA.,1,NEWDIAG PRODUTOS MEDICOS [F0712]
07160019000144,VITALE COMERCIO S.A.,9,VITALE COMERCIO S.A. [F0713]
07164711000140,FUFA-SC COMERCIO E REPRESENTACAO LTDA,5,FUFA-SC COMERCIO E REPRE [F0714]
07167191000120,SANOVIE INTERNATIONAL TRADE LTDA,3,SANOVIE INTERNATIONAL TR [F0715]
07173013000101,VIVA PRODUTOS HOSPITALARES EM RECUPERACAO JUDICIAL LTDA,1,VIVA PRODUTOS HOSPITALAR [F0716]
07185228000142,MEDICAL FARMA MEDICO HOSPITALAR LTDA,82,MEDICAL FARMA MEDICO HOS [F0717]
07211082000162,FARMACIA ARACA LTDA,1,FARMACIA ARACA LTDA [F0718]
07211319000105,DROGARIA FERREIRA LTDA,10,DROGARIA FERREIRA LTDA [F0719]
07233087000196,RAMO PRODUTOS FARMACEUTICOS LTDA,7,RAMO PRODUTOS FARMACEUTI [F0720]
07237987000101,NOVAFARMA - UCHOA DROGARIA E PERFUMARIA LTDA,1,NOVAFARMA - UCHOA DROGAR [F0721]
07238104000188,IDEAL FARMA COMERCIO DE MEDICAMENTOS LTDA,6,IDEAL FARMA COMERCIO DE  [F0722]
07253536000168,N N DISTRIBUIDORA DE MEDICAMENTOS LTDA,15,N N DISTRIBUIDORA DE MED [F0723]
07254608000191,ROGERIO ZERBINATTI SOROCABA LTDA,3,ROGERIO ZERBINATTI SOROC [F0724]
07262515000109,L. P. STRANIERI & CIA LTDA,4,L. P. STRANIERI & CIA LT [F0725]
07269677000179,RINALDI & COGO LTDA,52,RINALDI & COGO LTDA [F0726]
07277723000181,PH HOSPITALAR LTDA,2,PH HOSPITALAR LTDA [F0727]
07293786000121,L C I PRODUTOS DIAGNOSTICOS LTDA,5,L C I PRODUTOS DIAGNOSTI [F0728]
07294636000132,MD MATERIAL HOSPITALAR LTDA,45,MD MATERIAL HOSPITALAR L [F0729]
07295038000188,MAX MEDICAL COMERCIO DE PRODUTOS MEDICOS E HOSPITALARES LTDA,36,MAX MEDICAL COMERCIO DE  [F0730]
07295190000160,DBI COMERCIO E IMPORTACAO LTDA,1,DBI COMERCIO E IMPORTACA [F0731]
07296219000129,E. R. FELIX - PROD. AGROP,2,E. R. FELIX - PROD. AGRO [F0732]
07308989000144,VIGILANTE DA GLICOSE COMERCIO DE PRODUTOS PARA DIABETICOS LTDA,4,VIGILANTE DA GLICOSE COM [F0733]
07309478000147,GETFARMA DISTRIBUIDORA DE MEDICAMENTOS LTDA,18,GETFARMA DISTRIBUIDORA D [F0734]
07311678000134,DROGARIA RESENDE & RESENDE LTDA,6,DROGARIA RESENDE & RESEN [F0735]
07316691000186,FORMULAS MAGISTRAIS MANIPULACOES ESPECIAIS LTDA,100,FORMULAS MAGISTRAIS MANI [F0736]
07322719000198,R PLUS COMERCIAL VAREJISTA LTDA,3,R PLUS COMERCIAL VAREJIS [F0737]
07336942000194,DIGEMAN - DISTRIBUIDORA GERAL DE MEDICAMENTOS ANANINDEUA LTDA,22,DIGEMAN - DISTRIBUIDORA  [F0738]
07344756000105,PRO-SAUDE COMERCIO DE PRODUTOS HOSPITALARES LTDA,405,PRO-SAUDE COMERCIO DE PR [F0739]
07370983000105,J.R. COMERCIO DE FIOS LTDA,12,J.R. COMERCIO DE FIOS LT [F0740]
07377489000164,FOX BRASIL COMERCIO DE MATERIAL HOSPITALAR LTDA,103,FOX BRASIL COMERCIO DE M [F0741]
07396733000136,MARINGA HOSPITALAR DISTR. DE MEDICAMENTOS E CORRELATOS LTDA,23,MARINGA HOSPITALAR DISTR [F0742]
07404103000166,HUMANAS DISTRIBUIDORA BIOMEDICA LTDA,16,HUMANAS DISTRIBUIDORA BI [F0743]
07404801000161,GUTIERRE CENTRAL DE COMPRAS ODONTOLOGICAS S.A,3,GUTIERRE CENTRAL DE COMP [F0744]
07415503000177,A&A GOLD PHARMA INDUSTRIA LTDA,1,A&A GOLD PHARMA INDUSTRI [F0745]
07415627000152,TKL IMPORTACAO E EXPORTACAO DE PRODUTOS MEDICOS E HOSPITALARES LTDA,1,TKL IMPORTACAO E EXPORTA [F0746]
07415627000403,TKL IMPORTACAO E EXPORTACAO DE PRODUTOS MEDICOS E HOSPITALARES LTDA,1,TKL IMPORTACAO E EXPORTA [F0747]
07415772000133,"MICROSUTURE INDUSTRIA, COMERCIO, IMPORTACAO, EXPORTACAO E REPRESENTACAO DE MATERIAIS CIRURGICOS LTDA",6,"MICROSUTURE INDUSTRIA, C [F0748]"
07422196000151,VITALLI COMERCIO E IMPORTACAO LTDA,2,VITALLI COMERCIO E IMPOR [F0749]
07455576000192,VIDA FORTE NUTRIENTES INDUSTRIA E COMERCIO DE PRODUTOS NATURAIS LTDA,7,VIDA FORTE NUTRIENTES IN [F0750]
07472938000153,ARAUJO COMERCIO DE PRODUTOS FARMACEUTICOS LTDA,71,ARAUJO COMERCIO DE PRODU [F0751]
07484373000124,UNI HOSPITALAR LTDA,410,UNI HOSPITALAR LTDA [F0752]
07490167000127,LOPES E SOUZA SOLUCOES INTEGRADAS LTDA,9,LOPES E SOUZA SOLUCOES I [F0753]
07490775000131,VEBRA SOLUCOES HOSPITALARES LTDA,1,VEBRA SOLUCOES HOSPITALA [F0754]
07499258000123,M P - COMERCIO DE MATERIAIS HOSPITALARES LTDA.,1,M P - COMERCIO DE MATERI [F0755]
07504668000115,DROGARIA PRATA LTDA,11,DROGARIA PRATA LTDA [F0756]
07540203000110,MEDIFARR PRODUTOS PARA A SAUDE LTDA.,1,MEDIFARR PRODUTOS PARA A [F0757]
07555270000108,VEC HOSPITALAR LTDA,21,VEC HOSPITALAR LTDA [F0758]
07563176000109,WEBERTH B. SOUSA,71,WEBERTH B. SOUSA [F0759]
07565780000166,T R S DISTRIBUIDORA DE MATERIAIS HOSPITALARES LTDA,7,T R S DISTRIBUIDORA DE M [F0760]
07569029000138,CHOLMED COMERCIAL HOSPITALAR LTDA,31,CHOLMED COMERCIAL HOSPIT [F0761]
07590023000142,HAND LIFE SUPRIMENTOS MEDICOS E FISIOTERAPICOS LTDA,3,HAND LIFE SUPRIMENTOS ME [F0762]
07626776000160,CIRURGICA SAO FELIPE PRODUTOS PARA SAUDE LTDA,162,CIRURGICA SAO FELIPE PRO [F0763]
07628070000138,INDUSTRIA E COMERCIO COLCHOES ORTHOVIDA LTDA,2,INDUSTRIA E COMERCIO COL [F0764]
07640617000110,DISTRIBUIDORA BRASIL COML DE PRODUTOS MEDICOS HOSPITALARES LTDA,385,DISTRIBUIDORA BRASIL COM [F0765]
07640617000200,DISTRIBUIDORA BRASIL COML DE PRODUTOS MEDICOS HOSPITALARES LTDA,115,DISTRIBUIDORA BRASIL COM [F0766]
07641623000192,KARLA DILLANY GOMES BESSA LTDA,1,KARLA DILLANY GOMES BESS [F0767]
07642426000198,EQUILIBRIUM DISTRIBUIDORA DE MEDICAMENTOS LTDA,1,EQUILIBRIUM DISTRIBUIDOR [F0768]
07654936000185,L A DOS SANTOS DISTRIBUIDORA DE MEDICAMENTOS,252,L A DOS SANTOS DISTRIBUI [F0769]
07672177000183,TRIANGULO COMERCIO DE MEDICAMENTOS LTDA,1,TRIANGULO COMERCIO DE ME [F0770]
07699581000140,POLLITEX EMBALAGENS FLEXIVEIS LTDA,1,POLLITEX EMBALAGENS FLEX [F0771]
07700245000170,CIRURGICA VITORIA COMERCIO DE MEDICAMENTOS LTDA,24,CIRURGICA VITORIA COMERC [F0772]
07707681000171,SOUZA & LEONARDI LTDA,1,SOUZA & LEONARDI LTDA [F0773]
07707978000137,NEWCARE COMERCIO DE MATERIAIS CIRURGICOS E HOSPITALARES LTDA,13,NEWCARE COMERCIO DE MATE [F0774]
07724173000444,PONTUAL FARMACEUTICA NR 2006 LTDA,6,PONTUAL FARMACEUTICA NR  [F0775]
07724523000120,ALVES E SARTOR LTDA,2,ALVES E SARTOR LTDA [F0776]
07726133000199,CICLA DISTRIBUIDORA DE PRODUTOS PARA DIAGNOSTICOS LTDA,1,CICLA DISTRIBUIDORA DE P [F0777]
07729330000161,DROGARIA BIOFARMA JUSSARA LTDA,164,DROGARIA BIOFARMA JUSSAR [F0778]
07729499000111,MEGA COMERCIO DE PRODUTOS HOSPITALARES LTDA,82,MEGA COMERCIO DE PRODUTO [F0779]
07731777000175,COMERCIAL GUARA LTDA,1,COMERCIAL GUARA LTDA [F0780]
07746196000107,BIOPHARMUS MOGI MIRIM LTDA,1,BIOPHARMUS MOGI MIRIM LT [F0781]
07752236000123,MEDILAR IMPORTACAO E DISTRIBUICAO DE PRODUTOS MEDICO HOSPITALARES S/A,2897,MEDILAR IMPORTACAO E DIS [F0782]
07752236000476,MEDILAR IMPORTACAO E DISTRIBUICAO DE PRODUTOS MEDICO HOSPITALARES S/A,70,MEDILAR IMPORTACAO E DIS [F0783]
07752236000808,MEDILAR IMPORTACAO E DISTRIBUICAO DE PRODUTOS MEDICO HOSPITALARES S/A,97,MEDILAR IMPORTACAO E DIS [F0784]
07752236001014,MEDILAR IMPORTACAO E DISTRIBUICAO DE PRODUTOS MEDICO HOSPITALARES S/A,3,MEDILAR IMPORTACAO E DIS [F0785]
07760277000161,MEDMAX - COMERCIO DE EQUIPAMENTOS MEDICOS E SIMILARES LTDA,10,MEDMAX - COMERCIO DE EQU [F0786]
07768887000101,MDF DISTRIBUIDORA DE PRODUTOS FARMACEUTICOS E HOSPITALARES LTDA,25,MDF DISTRIBUIDORA DE PRO [F0787]
07788510000114,"IN-DENTAL PRODUTOS ODONTOLOGICOS, MEDICOS E HOSPITALARES LTDA",255,IN-DENTAL PRODUTOS ODONT [F0788]
07790854000168,GLOBALMIX DISTRIBUIDORA DE MEDICAMENTOS E CORRELATOS LTDA,52,GLOBALMIX DISTRIBUIDORA  [F0789]
07799595000136,CLEBER MICHAEL PAGANELI,4,CLEBER MICHAEL PAGANELI [F0790]
07809370000113,GRACIFARMA FARMACIA LTDA,5,GRACIFARMA FARMACIA LTDA [F0791]
07827565000196,DL DENTAL LTDA,15,DL DENTAL LTDA [F0792]
07832455000112,BRAGANTINA DISTRIBUIDORA DE MEDICAMENTOS LTDA,211,BRAGANTINA DISTRIBUIDORA [F0793]
07847837000110,CIENTIFICA MEDICA HOSPITALAR LTDA,642,CIENTIFICA MEDICA HOSPIT [F0794]
07848730000196,LN DISTRIBUIDORA E COMERCIO LTDA,1,LN DISTRIBUIDORA E COMER [F0795]
07852358000191,ANDRE NERONI,1,ANDRE NERONI [F0796]
07863523000100,LABOFARMA PRODUTOS FARMACEUTICOS LTDA.,3,LABOFARMA PRODUTOS FARMA [F0797]
07865568000114,LUSMED COMERCIO DE PRODUTOS MEDICOS HOSPITALARES LTDA,103,LUSMED COMERCIO DE PRODU [F0798]
07886202000121,MATTOS OLIVEIRA COMERCIO DE MEDICAMENTOS LTDA,8,MATTOS OLIVEIRA COMERCIO [F0799]
07897039000100,DENTEMED EQUIPAMENTOS ODONTOLOGICOS LTDA,25,DENTEMED EQUIPAMENTOS OD [F0800]
07912772000149,CIRURGICA CAPIXABA COMERCIO DE PRODUTOS MEDICOS E ORTOPEDICOS LTDA,4,CIRURGICA CAPIXABA COMER [F0801]
07925705000169,AUROBINDO PHARMA PRODUTOS FARMACEUTICOS LIMITADA,1,AUROBINDO PHARMA PRODUTO [F0802]
07936090000176,BIOMED DISTRIBUIDORA HOSPITALAR E LABORATORIAL NOSSA SENHORA DA CONCEICAO LTDA,62,BIOMED DISTRIBUIDORA HOS [F0803]
07936621000120,DROGA MAIS FARMACEUTICA LTDA,200,DROGA MAIS FARMACEUTICA  [F0804]
07943870000143,MED-SUR COM. DE MATERIAL HOSPITALAR LTDA,14,MED-SUR COM. DE MATERIAL [F0805]
07944100000115,PROC9 INDUSTRIA QUIMICA LTDA,18,PROC9 INDUSTRIA QUIMICA  [F0806]
07946534000154,MT COMERCIAL MEDICA LTDA,41,MT COMERCIAL MEDICA LTDA [F0807]
07947536000168,ODONTOMED CANAA LTDA,198,ODONTOMED CANAA LTDA [F0808]
07955424000159,ASTHAMED COMERCIO DE PRODUTOS E EQUIPAMENTOS HOSPITALARES LTDA,11,ASTHAMED COMERCIO DE PRO [F0809]
07967729000180,HADASSAH - COSMETICOS LTDA,1,HADASSAH - COSMETICOS LT [F0810]
07969641000106,MARQ TECH COMERCIO E SERVICOS LTDA,49,MARQ TECH COMERCIO E SER [F0811]
07976695000190,VIVER EQUIPAMENTOS MEDICOS LTDA,2,VIVER EQUIPAMENTOS MEDIC [F0812]
07978004000198,DENTAL MED EQUIPAMENTOS E MATERIAIS ODONTOLOGICOS E HOSPITALARES LTDA,58,DENTAL MED EQUIPAMENTOS  [F0813]
07978528000189,MEG-LAB MATERIAL HOSPITALAR LTDA,2,MEG-LAB MATERIAL HOSPITA [F0814]
07994516000148,D & D EMPREENDIMENTOS COMERCIAIS LTDA,2,D & D EMPREENDIMENTOS CO [F0815]
07997417000110,ANA FLAVIA DE LIMA MORENO LTDA,9,ANA FLAVIA DE LIMA MOREN [F0816]
08002459000136,MUNDIAL HOSPITALAR PRODUTOS PARA SAUDE LTDA,1,MUNDIAL HOSPITALAR PRODU [F0817]
08036308000107,A. GALDINO DA PAZ LTDA,73,A. GALDINO DA PAZ LTDA [F0818]
08036508000151,CARIOCA COMERCIO DE PRODUTOS DE LIMPEZA LTDA.,4,CARIOCA COMERCIO DE PROD [F0819]
08049349000120,DROGARIA MELO COELHO LTDA,69,DROGARIA MELO COELHO LTD [F0820]
08055634000153,IMEC-INDUSTRIA DE MEDICAMENTOS CUSTODIA LTDA,1,IMEC-INDUSTRIA DE MEDICA [F0821]
08077211000134,T S COMERCIAL DE MEDICAMENTOS E REPRESENTACAO LTDA,28,T S COMERCIAL DE MEDICAM [F0822]
08087373000153,VGMED COMERCIO E DISTRIBUIDORA DE PRODUTOS LTDA,17,VGMED COMERCIO E DISTRIB [F0823]
08088996000140,CIRURGICA ALIANCA PRODUTOS HOSPITALARES LTDA,2,CIRURGICA ALIANCA PRODUT [F0824]
08091417000119,ZAFALON SOLUCOES HOSPITALARES LTDA,1,ZAFALON SOLUCOES HOSPITA [F0825]
08093976000168,HOFFMANN & GOMES LTDA,22,HOFFMANN & GOMES LTDA [F0826]
08108696000186,DISTRIBUIDORA DE PRODUTOS G.C.R. LTDA,1,DISTRIBUIDORA DE PRODUTO [F0827]
08117794000180,COMERCIAL DE EQUIPAMENTOS MEDICO HOSPITALARES SERRA DAS ARARAS LTDA,4,COMERCIAL DE EQUIPAMENTO [F0828]
08145250000121,MEDICALMED COMERCIO DE MATERIAIS MEDICOS LTDA,3,MEDICALMED COMERCIO DE M [F0829]
08145933000189,FAMADER FARMACIA DE MANIPULACAO LTDA,8,FAMADER FARMACIA DE MANI [F0830]
08157293000127,NATCOFARMA DO BRASIL LTDA,109,NATCOFARMA DO BRASIL LTD [F0831]
08158687000108,ISIS GUTERRES MOREIRA RAMOS,10,ISIS GUTERRES MOREIRA RA [F0832]
08160290000142,"FARMAGUEDES COMERCIO DE PRODUTOS FARMACEUTICOS, MEDICOS E HOSPITALARES LTDA",2060,FARMAGUEDES COMERCIO DE  [F0833]
08172474000122,NEUROSOFT - EQUIPAMENTOS E SUPRIMENTOS MEDICOS LIMITADA,3,NEUROSOFT - EQUIPAMENTOS [F0834]
08173123000136,ORGANICA BRASIL COMERCIAL LTDA,3,ORGANICA BRASIL COMERCIA [F0835]
08183359000153,PRODIET NUTRICAO CLINICA LTDA,52,PRODIET NUTRICAO CLINICA [F0836]
08211767000171,P.H.O. PRODUTOS HOSPITALARES E ODONTOLOGICOS LTDA,3,P.H.O. PRODUTOS HOSPITAL [F0837]
08228656000178,BRASILSUPRI LTDA,1,BRASILSUPRI LTDA [F0838]
08231734000193,FUTURA COMERCIO DE PRODUTOS MEDICOS E HOSPITALARES LTDA,1089,FUTURA COMERCIO DE PRODU [F0839]
08234423000188,AGMASHI COMERCIO DE MATERIAL MEDICO E SERVICOS DE COBRANCAS LTDA,1,AGMASHI COMERCIO DE MATE [F0840]
08282077000103,BIOSYSTEMS NE COMERCIO DE PRODUTOS LABORATORIAIS E HOSPITALARES LTDA,1,BIOSYSTEMS NE COMERCIO D [F0841]
08297473000104,CIRURGICA PATROCINIO DISTRIBUIDORA DE PRODUTOS HOSPITALARES LTDA,1,CIRURGICA PATROCINIO DIS [F0842]
08304991000108,P S DISTRIBUIDORA DE PRODUTOS DA SAUDE LTDA.,1,P S DISTRIBUIDORA DE PRO [F0843]
08311856000190,IMPACTO PRODUTOS MEDICOS E HOSPITALARES LTDA,5,IMPACTO PRODUTOS MEDICOS [F0844]
08325711000490,BELEM FARMACIA E MANIPULACAO LTDA,2,BELEM FARMACIA E MANIPUL [F0845]
08328835000187,M.U. BACKES & CIA LTDA,18,M.U. BACKES & CIA LTDA [F0846]
08380296000125,VISAMED COMERCIO DE MATERIAL HOSPITALAR LTDA,1,VISAMED COMERCIO DE MATE [F0847]
08393709000106,SILVA E DELGADO COMERCIO DE PRODUTOS MEDICOS E HOSPITALARES LTDA,9,SILVA E DELGADO COMERCIO [F0848]
08435077000104,DUTRAMED DISTRIBUIDORA LTDA,48,DUTRAMED DISTRIBUIDORA L [F0849]
08446915000137,DAHER DISTRIBUIDORA DE MEDICAMENTOS LTDA,6,DAHER DISTRIBUIDORA DE M [F0850]
08474646000112,FORTECARE INDUSTRIA DE PRODUTOS MEDICOS LTDA,6,FORTECARE INDUSTRIA DE P [F0851]
08516958000141,DISTRIMED COMERCIO E REPRESENTACOES LTDA,1967,DISTRIMED COMERCIO E REP [F0852]
08532602000100,GIBRALTAR COMERCIO DE PRODUTOS DE LIMPEZA LTDA,1,GIBRALTAR COMERCIO DE PR [F0853]
08563277000134,DISTRIBUIDORA DE MEDICAMENTOS MAXIMUS LTDA,141,DISTRIBUIDORA DE MEDICAM [F0854]
08569248000180,A. M. MOTA CUSTODIO,1,A. M. MOTA CUSTODIO [F0855]
08572890000118,ARCMED ANDREOLI COMERCIO DE ARTIGOS HOSPITALARES LTDA,3,ARCMED ANDREOLI COMERCIO [F0856]
08583229000108,CARLA DE OLIVEIRA CORREA,10,CARLA DE OLIVEIRA CORREA [F0857]
08588015000124,JARDIM MEDICA LTDA,345,JARDIM MEDICA LTDA [F0858]
08597121000174,FUNDO ESTADUAL DE SAUDE DO PARANA - FUNSAUDE,3,FUNDO ESTADUAL DE SAUDE  [F0859]
08602104000188,IVANISE ARAUJO MANGUEIRA,1,IVANISE ARAUJO MANGUEIRA [F0860]
08617050000124,CENTER NUTRI COMERCIO DE PRODUTOS PARA NUTRICAO ENTERAL LTDA,4,CENTER NUTRI COMERCIO DE [F0861]
08618163000144,CIRURGICA KLG LTDA,138,CIRURGICA KLG LTDA [F0862]
08651657000120,ALL SOLUTIONS MEDICAL - PRODUTOS MEDICOS HOSPITALARES LTDA,4,ALL SOLUTIONS MEDICAL -  [F0863]
08665289000170,M.M. CAPELLARO INDUSTRIA E DISTRIBUIDORA DE PRODUTOS MEDICOS E ODONTOLOGICOS LTDA,2,M.M. CAPELLARO INDUSTRIA [F0864]
08667233000154,MULTIMED DISTRIBUIDORA DE EQUIPAMENTOS HOSPITALAR LTDA,2,MULTIMED DISTRIBUIDORA D [F0865]
08671559000155,RECIFARMA COMERCIO DE PRODUTOS FARMACEUTICOS LTDA,6,RECIFARMA COMERCIO DE PR [F0866]
08674752000140,CIRURGICA MONTEBELLO LTDA,1383,CIRURGICA MONTEBELLO LTD [F0867]
08675528000172,ARL COMERCIO E SERVICOS DE METAIS LTDA,11,ARL COMERCIO E SERVICOS  [F0868]
08676370000155,DISTRIBUIDORA DE MEDICAMENTOS PRO SAUDE LTDA,150,DISTRIBUIDORA DE MEDICAM [F0869]
08697852000191,ENDOGERAIS EQUIPAMENTOS MEDICOS LTDA,32,ENDOGERAIS EQUIPAMENTOS  [F0870]
08702862000178,MUNICIPIO DE CABACEIRAS,2,MUNICIPIO DE CABACEIRAS [F0871]
08713696000105,LINE BRASIL INDUSTRIA COMERCIO E DISTRIBUICAO DE PRODUTOS PARA SAUDE E AMBIENTES CONTROLADOS LTDA,31,LINE BRASIL INDUSTRIA CO [F0872]
08719794000150,CENTRAL DISTRIBUIDORA DE MEDICAMENTOS LTDA,2,CENTRAL DISTRIBUIDORA DE [F0873]
08726881000134,DECOM - COMERCIO DE EQUIPAMENTOS E PRODUTOS ODONTOLOGICOS MEDICOS E HOSPITALARES LTDA,68,DECOM - COMERCIO DE EQUI [F0874]
08734023000131,E L MACHADO MEDICAMENTOS LTDA.,6,E L MACHADO MEDICAMENTOS [F0875]
08765948000140,GIL FARMA COMERCIAL FARMACEUTICOS LTDA,15,GIL FARMA COMERCIAL FARM [F0876]
08774906000175,HOSPDROGAS COMERCIAL LTDA,151,HOSPDROGAS COMERCIAL LTD [F0877]
08778201000126,DROGAFONTE LTDA,3422,DROGAFONTE LTDA [F0878]
08786974000154,R. B. MONTEIRO LTDA,1,R. B. MONTEIRO LTDA [F0879]
08790172000118,MUNICIPIO DE SERRARIA,2,MUNICIPIO DE SERRARIA [F0880]
08798468000185,"DIEX DISTRIBUIDORA, ATACADISTA, IMPORTADORA, EXPORTADORA DE MEDICAMENTOS E PRODUTOS PARA SAUDE LTDA",3,"DIEX DISTRIBUIDORA, ATAC [F0881]"
08803423000151,KOP DO BRASIL INDUSTRIAS FARMACEUTICAS LTDA,1,KOP DO BRASIL INDUSTRIAS [F0882]
08819724000173,LAGEAN COMERCIO E REPRESENTACAO LTDA,39,LAGEAN COMERCIO E REPRES [F0883]
08822673000139,COMERCIAL 3V - MEDICAMENTOS E PERFUMARIA LTDA,124,COMERCIAL 3V - MEDICAMEN [F0884]
08835955000170,DELTA MED COMERCIO DE PRODUTOS HOSPITALARES - FALIDO LTDA,1,DELTA MED COMERCIO DE PR [F0885]
08836350000102,AWR DISTRIBUIDORA DE PRODUTOS HOSPITALARES LTDA,152,AWR DISTRIBUIDORA DE PRO [F0886]
08846431000185,LUIZ FRANCISCO EMYGDIO,1,LUIZ FRANCISCO EMYGDIO [F0887]
08848018000150,L&M EQUIPAMENTOS HOSPITALARES LTDA,3,L&M EQUIPAMENTOS HOSPITA [F0888]
08849206000100,DENTAL OPEN - COMERCIO DE PRODUTOS ODONTOLOGICOS LTDA.,301,DENTAL OPEN - COMERCIO D [F0889]
08863966000164,ORTOSANI PRODUTOS PARA SAUDE LTDA.,1,ORTOSANI PRODUTOS PARA S [F0890]
08882699000172,"MENER MEDICAMENTOS, PERFUMARIA E ALIMENTOS LTDA",3,"MENER MEDICAMENTOS, PERF [F0891]"
08887732000157,FUNDO MUNICIPAL DE SAUDE DE LAGOA GRANDE,1,FUNDO MUNICIPAL DE SAUDE [F0892]
08905257000102,MARIA CRISTINA PEREIRA ZUMERLI E CIA LTDA,15,MARIA CRISTINA PEREIRA Z [F0893]
08924875000191,BIOVALIC COMERCIO DE EQUIPAMENTOS MEDICOS LTDA.,12,BIOVALIC COMERCIO DE EQU [F0894]
08939548000103,INFAN INDUSTRIA QUIMICA FARMACEUTICA NACIONAL S/A,2,INFAN INDUSTRIA QUIMICA  [F0895]
08958628000106,ONCOEXO DISTRIBUIDORA DE MEDICAMENTOS LTDA,56,ONCOEXO DISTRIBUIDORA DE [F0896]
08958628000297,ONCOEXO DISTRIBUIDORA DE MEDICAMENTOS LTDA,61,ONCOEXO DISTRIBUIDORA DE [F0897]
08958628000459,ONCOEXO DISTRIBUIDORA DE MEDICAMENTOS LTDA,57,ONCOEXO DISTRIBUIDORA DE [F0898]
08967471000185,PELOTAS DISTRIBUIDORA DE MEDICAMENTOS LTDA,11,PELOTAS DISTRIBUIDORA DE [F0899]
08973252000109,LIMP SAFE COMERCIO DE EQUIPAMENTOS LTDA,6,LIMP SAFE COMERCIO DE EQ [F0900]
08978089000177,W M COMERCIO E SERVICOS IMP E EXP LTDA,27,W M COMERCIO E SERVICOS  [F0901]
09007162000126,MAUES LOBATO COMERCIO E REPRESENTACOES LTDA,15,MAUES LOBATO COMERCIO E  [F0902]
09017578000125,MEDCARE DO BRASIL ASSESSORIA LTDA.,2,MEDCARE DO BRASIL ASSESS [F0903]
09020873000130,SCIENTIFIC DENTAL MEDICAL LTDA,1,SCIENTIFIC DENTAL MEDICA [F0904]
09028635000171,SIGNAZ PRODUTOS E NEGOCIOS LTDA,2,SIGNAZ PRODUTOS E NEGOCI [F0905]
09029404000182,COPERMED COMERCIAL IMPORTADORA LTDA,2,COPERMED COMERCIAL IMPOR [F0906]
09032626000154,AGFA DO BRASIL LTDA.,1,AGFA DO BRASIL LTDA. [F0907]
09034672000192,MAEVE PRODUTOS HOSPITALARES LTDA,69,MAEVE PRODUTOS HOSPITALA [F0908]
09034672000354,MAEVE PRODUTOS HOSPITALARES LTDA,6,MAEVE PRODUTOS HOSPITALA [F0909]
09039151000128,CANAA COMERCIO DE MATERIAL HOSPITALAR LTDA,1,CANAA COMERCIO DE MATERI [F0910]
09039574000148,MF - COMERCIO DE PRODUTOS MEDICOS LTDA,1,MF - COMERCIO DE PRODUTO [F0911]
09046469000136,YELO COMERCIO DE MATERIAIS HOSPITALARES LTDA,2,YELO COMERCIO DE MATERIA [F0912]
09053134000145,ELFA MEDICAMENTOS S.A,327,ELFA MEDICAMENTOS S.A [F0913]
09053134000226,ELFA MEDICAMENTOS S.A,42,ELFA MEDICAMENTOS S.A [F0914]
09053134000900,ELFA MEDICAMENTOS S.A,7,ELFA MEDICAMENTOS S.A [F0915]
09058456000187,MINDRAY DO BRASIL - COMERCIO E DISTRIBUICAO DE EQUIPAMENTOS MEDICOS LTDA,1,MINDRAY DO BRASIL - COME [F0916]
09058502000148,FARMA VISION IMPORTACAO E EXPORTACAO DE MEDICAMENTOS LTDA,15,FARMA VISION IMPORTACAO  [F0917]
09070307000133,LICIT RIB COMERCIO ATACADISTA E VAREJISTA LTDA,5,LICIT RIB COMERCIO ATACA [F0918]
09073397000116,ECOGLOBAL COMERCIO ODONTO HOSPITALAR LTDA,1,ECOGLOBAL COMERCIO ODONT [F0919]
09092152000136,EMMARKA DISTRIBUIDORA DE MEDICAMENTOS LTDA,2,EMMARKA DISTRIBUIDORA DE [F0920]
09100467000188,W.N. DIAGNOSTICA LTDA,46,W.N. DIAGNOSTICA LTDA [F0921]
09105835000180,RIO MEDI COMERCIO ASSISTENCIA E REPRESENTACAO HOSPITALAR EXP. & IMP. LTDA,1,RIO MEDI COMERCIO ASSIST [F0922]
09113926000168,ORTOPEDICA DISTRIBUIDORA DE PRODUTOS HOSPITALARES LTDA,10,ORTOPEDICA DISTRIBUIDORA [F0923]
09135378000177,CALLMED DISTRIBUIDORA DE PRODUTOS FARMACEUTICOS LTDA,265,CALLMED DISTRIBUIDORA DE [F0924]
09137934000225,NORDICA DISTRIBUIDORA HOSPITALAR LTDA,38,NORDICA DISTRIBUIDORA HO [F0925]
09144625000100,MAICOM CASA LTDA,3,MAICOM CASA LTDA [F0926]
09174668000120,VITTAFLEX INDUSTRIA E COMERCIO DE MOVEIS E COLCHOES LTDA,1,VITTAFLEX INDUSTRIA E CO [F0927]
09182725000112,ATIVA MEDICO CIRURGICA LTDA,111,ATIVA MEDICO CIRURGICA L [F0928]
09192829000108,ATONS DO BRASIL DISTRIBUIDORA DE PRODUTOS HOSPITALARES LTDA,335,ATONS DO BRASIL DISTRIBU [F0929]
09194169000102,ROSA DOS SANTOS LTDA,1,ROSA DOS SANTOS LTDA [F0930]
09204127000105,POLLO HOSPITALAR LTDA,63,POLLO HOSPITALAR LTDA [F0931]
09204816000101,NOGUEIRA & BUZANELI DROGARIA LTDA,3,NOGUEIRA & BUZANELI DROG [F0932]
09210219000190,PAULO JOSE MAIA ESMERALDO SOBREIRA,181,PAULO JOSE MAIA ESMERALD [F0933]
09213849000118,ELFORT IMPORTACAO E DISTRIBUICAO DE PRODUTOS LTDA,1,ELFORT IMPORTACAO E DIST [F0934]
09222369000113,DENTAL MARIA LTDA,198,DENTAL MARIA LTDA [F0935]
09222411000104,CENTRALMIX COMERCIAL LTDA,71,CENTRALMIX COMERCIAL LTD [F0936]
09222496000112,CIRURGICA OESTE PAULISTA LTDA,11,CIRURGICA OESTE PAULISTA [F0937]
09224765000180,LIFE MED PRODUTOS HOSPITALARES LTDA,10,LIFE MED PRODUTOS HOSPIT [F0938]
09236133000136,S. A. MIAN LTDA,48,S. A. MIAN LTDA [F0939]
09240575000156,MARCA MAIOR DISTRIBUICAO LTDA,1,MARCA MAIOR DISTRIBUICAO [F0940]
09251627000190,K.C.R. INDUSTRIA E COMERCIO DE EQUIPAMENTOS LTDA,10,K.C.R. INDUSTRIA E COMER [F0941]
09254427000190,INFUSOMED LTDA,1,INFUSOMED LTDA [F0942]
09254808000170,MMW PRODUTOS HOSPITALARES LTDA,2,MMW PRODUTOS HOSPITALARE [F0943]
09260071000106,CIRURGICA KD LTDA,7,CIRURGICA KD LTDA [F0944]
09260831000177,ATACAMED COMERCIO DE PRODUTOS FARMACEUTICOS E HOSPITALARES LTDA,92,ATACAMED COMERCIO DE PRO [F0945]
09300300000160,LEMARC PRODUTOS MEDICOS HOSPITALARES LTDA,3,LEMARC PRODUTOS MEDICOS  [F0946]
09313037000144,M. L. DE LUCENA & CIA LTDA,2,M. L. DE LUCENA & CIA LT [F0947]
09315996000107,COMERCIAL MARK ATACADISTA LTDA,444,COMERCIAL MARK ATACADIST [F0948]
09340228000103,ART VITA DISTRIBUIDORA DE MEDICAMENTOS E ALIMENTOS LTDA,13,ART VITA DISTRIBUIDORA D [F0949]
09381459000157,ES INDUSTRIA DE CONFECCOES LTDA,8,ES INDUSTRIA DE CONFECCO [F0950]
09390408000191,DMAX - DISTRIBUIDORA DE MEDICAMENTOS E MATERIAL HOSPITALAR LTDA.,6,DMAX - DISTRIBUIDORA DE  [F0951]
09394821000124,FARMACIAS ASSOCIADAS DE CRISSIUMAL LTDA,4,FARMACIAS ASSOCIADAS DE  [F0952]
09396156000108,POSITIVA - COMERCIO E SERVICOS LICITATORIOS LTDA,2,POSITIVA - COMERCIO E SE [F0953]
09396523000173,PROMISSE COMERCIO DE MATERIAIS MEDICO HOSPITALARES LTDA,23,PROMISSE COMERCIO DE MAT [F0954]
09412526000153,ALESSANDRO REZENDE SANTOS LTDA,288,ALESSANDRO REZENDE SANTO [F0955]
09427563000135,FRACMA COMERCIAL DE PRODUTOS PARA HIGIENE LTDA.,11,FRACMA COMERCIAL DE PROD [F0956]
09433892000199,M. S. DA SILVEIRA COMERCIO DE PRODUTOS FARMACEUTICOS LTDA,4,M. S. DA SILVEIRA COMERC [F0957]
09441460000120,PADRAO DISTRIBUIDORA DE PRODUTOS E EQUIPAMENTOS HOSPITALARES PADRE CALLOU LTDA,462,PADRAO DISTRIBUIDORA DE  [F0958]
09460388000188,GLT DISTRIBUIDORA HOSPITALAR LTDA,4,GLT DISTRIBUIDORA HOSPIT [F0959]
09478023000180,ODONTOMED COMERCIO DE PRODUTOS MEDICO HOSPITALARES LTDA,159,ODONTOMED COMERCIO DE PR [F0960]
09485574000171,PROHOSPITAL COMERCIO HOLANDA LTDA,508,PROHOSPITAL COMERCIO HOL [F0961]
09505300000105,PROTFLEX PRODUTOS INDUSTRIAIS LTDA,2,PROTFLEX PRODUTOS INDUST [F0962]
09523533000122,DENTAL NITEROI LTDA,22,DENTAL NITEROI LTDA [F0963]
09543571000147,LAZZARI MARTINEZ COMERCIO VAREJISTA DE MATERIAIS E EQUIPAMENTOS LTDA,9,LAZZARI MARTINEZ COMERCI [F0964]
09545032000147,J.A. COMERCIO DE PRODUTOS PARA RESGATE LTDA,6,J.A. COMERCIO DE PRODUTO [F0965]
09560267000108,BETANIAMED COMERCIAL LTDA,17,BETANIAMED COMERCIAL LTD [F0966]
09580548001285,SEROMA FARMACIAS E PERFUMARIAS LTDA,17,SEROMA FARMACIAS E PERFU [F0967]
09580548003067,SEROMA FARMACIAS E PERFUMARIAS LTDA,2,SEROMA FARMACIAS E PERFU [F0968]
09601610000115,COSMODERMA INDUSTRIA E COMERCIO LTDA,2,COSMODERMA INDUSTRIA E C [F0969]
09603161000144,CONVATEC BRASIL LTDA,6,CONVATEC BRASIL LTDA [F0970]
09607807000161,INJEFARMA CAVALCANTI E SILVA DISTRIBUIDORA LTDA,5,INJEFARMA CAVALCANTI E S [F0971]
09608095000103,MEDMACH SOLUCOES HOSPITALARES LTDA,11,MEDMACH SOLUCOES HOSPITA [F0972]
09609356000100,GNATUS PRODUTOS MEDICOS E ODONTOLOGICOS LTDA,4,GNATUS PRODUTOS MEDICOS  [F0973]
09610762000184,APROVADAGUA COMERCIO E CONFECCOES LTDA,2,APROVADAGUA COMERCIO E C [F0974]
09615457000185,SODROGAS DISTRIBUIDORA DE MEDICAMENTOS E MATERIAIS MEDICO HOSPITALARES LTDA.,1,SODROGAS DISTRIBUIDORA D [F0975]
09623401000172,MACEDO COMERCIO DE PRODUTOS DE LIMPEZA LTDA,1,MACEDO COMERCIO DE PRODU [F0976]
09660958000183,S3 MED DISTRIBUIDORA DE MEDICAMENTOS LTDA - EM RECUPERACAO JUDICIAL,1,S3 MED DISTRIBUIDORA DE  [F0977]
09660958000345,S3 MED DISTRIBUIDORA DE MEDICAMENTOS LTDA - EM RECUPERACAO JUDICIAL,1,S3 MED DISTRIBUIDORA DE  [F0978]
09676256000198,MEDICAMENTOS DE AZ LTDA,493,MEDICAMENTOS DE AZ LTDA [F0979]
09686716000169,PROCELA PARTICIPACOES LTDA,7,PROCELA PARTICIPACOES LT [F0980]
09721729000121,G D C DA SILVA COSTA LTDA,17,G D C DA SILVA COSTA LTD [F0981]
09944371000104,SULMEDIC COMERCIO DE MEDICAMENTOS LTDA,699,SULMEDIC COMERCIO DE MED [F0982]
09944371000287,SULMEDIC COMERCIO DE MEDICAMENTOS LTDA,1,SULMEDIC COMERCIO DE MED [F0983]
09944371000368,SULMEDIC COMERCIO DE MEDICAMENTOS LTDA,210,SULMEDIC COMERCIO DE MED [F0984]
09944371000520,SULMEDIC COMERCIO DE MEDICAMENTOS LTDA,12,SULMEDIC COMERCIO DE MED [F0985]
10013769000106,PRISMA DISTRIBUIDORA DE MEDICAMENTOS LTDA,84,PRISMA DISTRIBUIDORA DE  [F0986]
10013864000100,4M BR - COMERCIO E REPRESENTACAO DE MATERIAL E MEDICAMENTO HOSPITALAR LTDA,1,4M BR - COMERCIO E REPRE [F0987]
10193608000133,MEDPLUS COMERCIO E REPRESENTACAO LTDA,28,MEDPLUS COMERCIO E REPRE [F0988]
10193608000214,MEDPLUS COMERCIO E REPRESENTACAO LTDA,7,MEDPLUS COMERCIO E REPRE [F0989]
10201443000102,SHELL LIFE MATERIAL HOSPITALAR LTDA,1,SHELL LIFE MATERIAL HOSP [F0990]
10202833000199,LOGMED DISTRIBUIDORA E LOGISTICA HOSPITALAR LTDA,8,LOGMED DISTRIBUIDORA E L [F0991]
10208087000140,CIRURGICA MEDCENTER MARILIA LTDA,24,CIRURGICA MEDCENTER MARI [F0992]
10212250000149,W. S. COMERCIO E SERVICOS LTDA,7,W. S. COMERCIO E SERVICO [F0993]
10242040000101,ANDES COMERCIAL LTDA,2,ANDES COMERCIAL LTDA [F0994]
10267695000126,MEDICALL FARMA DISTRIBUIDORA DE PRODUTOS E SERVICOS PARA SAUDE LTDA,99,MEDICALL FARMA DISTRIBUI [F0995]
10268780000109,MEDIX BRASIL LTDA,1,MEDIX BRASIL LTDA [F0996]
10268780000290,MEDIX BRASIL LTDA,1,MEDIX BRASIL LTDA [F0997]
10269296000102,SEMEAR DISTRIBUIDORA LTDA,149,SEMEAR DISTRIBUIDORA LTD [F0998]
10278031000162,NDS IMPORTADORA & DISTRIBUIDORA DE MATERIAL MEDICO HOSPITALAR LTDA,2,NDS IMPORTADORA & DISTRI [F0999]
10279430000148,ROSILENE VIEIRA LOPES,26,ROSILENE VIEIRA LOPES [F1000]
10286595000147,DISTRIFARMA COELHO LTDA,24,DISTRIFARMA COELHO LTDA [F1001]
10291177000148,MUNICIPIO DE RIO FORMOSO,1,MUNICIPIO DE RIO FORMOSO [F1002]
10293279000100,SUPRIMED COMERCIO MATERIAL HOSPITALAR LTDA,1,SUPRIMED COMERCIO MATERI [F1003]
10301008000141,DAKAR COMERCIO E SERVICO LTDA,2,DAKAR COMERCIO E SERVICO [F1004]
10310873000154,MCMED COMERCIO DE MATERIAL MEDICO HOSPITALAR LTDA,1,MCMED COMERCIO DE MATERI [F1005]
10316418000166,UNO HEALTHCARE ASSESSORIA ADUANEIRA E COMERCIO EXTERIOR LTDA,1,UNO HEALTHCARE ASSESSORI [F1006]
10326124000115,TD COMERCIO DE MEDICAMENTOS LTDA,17,TD COMERCIO DE MEDICAMEN [F1007]
10350473000172,FLEX COMERCIO E REPRESENTACAO LTDA,1,FLEX COMERCIO E REPRESEN [F1008]
10362909000143,QUALITY LIFE COMERCIO HOSPITALAR LTDA,3,QUALITY LIFE COMERCIO HO [F1009]
10368534000129,CIRURGICA PARMA LTDA,6,CIRURGICA PARMA LTDA [F1010]
10377194000100,SAO GERALDO MATERIAL MEDICO E ORTOPEDICO LIMITADA,1,SAO GERALDO MATERIAL MED [F1011]
10377864000180,CARE MED DISTRIBUIDORA DE MEDICAMENTOS E PRODUTOS PARA SAUDE LTDA,5,CARE MED DISTRIBUIDORA D [F1012]
10381442000189,BELLA FARMA MEDICAMENTOS LTDA,122,BELLA FARMA MEDICAMENTOS [F1013]
10396394000100,DIAGNOLAB LABORATORIOS LTDA,98,DIAGNOLAB LABORATORIOS L [F1014]
10398439000178,FUNDO MUNICIPAL DE SAUDE,1,FUNDO MUNICIPAL DE SAUDE [F1015]
10424098000168,INDUSTRIA DE CONFECCOES K-DU LTDA,1,INDUSTRIA DE CONFECCOES  [F1016]
10436813000182,MAIS SAUDE LTDA,1024,MAIS SAUDE LTDA [F1017]
10436883000130,GLORIA FARMA PROMOCAO DE VENDAS LTDA,288,GLORIA FARMA PROMOCAO DE [F1018]
10438280000178,KASA MED DISTRIBUIDORA DE MEDICAMENTOS E MATERIAIS HOSPITALARES LTDA,19,KASA MED DISTRIBUIDORA D [F1019]
10446719000104,BIOTEC BIOLOGICA INDUSTRIA FARMACEUTICA LTDA,8,BIOTEC BIOLOGICA INDUSTR [F1020]
10447355000187,VIVA FARMACEUTICA SA,114,VIVA FARMACEUTICA SA [F1021]
10448145000103,GRAMS & GRAMS LTDA.,1968,GRAMS & GRAMS LTDA. [F1022]
10450805000190,FLUKKA FARMACIA DE MANIPULACAO LTDA,4,FLUKKA FARMACIA DE MANIP [F1023]
10454996000169,"LIFETEC COMERCIO, MANUTENCAO E LOCACAO DE MATERIAL MEDICO LTDA",18,"LIFETEC COMERCIO, MANUTE [F1024]"
10460674000122,MAX-MEDICAL COMERCIO DE PRODUTOS MEDICOS HOSPITALARES LTDA,16,MAX-MEDICAL COMERCIO DE  [F1025]
10461277000175,COMODORO COMERCIAL E NUTRICAO LTDA,2,COMODORO COMERCIAL E NUT [F1026]
10461807000185,PHARMEDICE MANIPULACOES ESPECIALIZADAS LTDA,4,PHARMEDICE MANIPULACOES  [F1027]
10462477000142,ASSUM PRETO PRODUCOES CULTURAIS E COMERCIO DE MATERIAIS PARA USO MEDICO LTDA,20,ASSUM PRETO PRODUCOES CU [F1028]
10468162000102,FARMACEUTICA DISTRIBUIDORA LTDA,11,FARMACEUTICA DISTRIBUIDO [F1029]
10468505000139,LIFE COMERCIO E SERVICOS LTDA,1,LIFE COMERCIO E SERVICOS [F1030]
10474392000184,MARILDA MULLER DA SILVA E CIA LTDA,9,MARILDA MULLER DA SILVA  [F1031]
10483434000143,CASA DAS FORMULAS FARMACIA E MANIPULACAO LTDA,17,CASA DAS FORMULAS FARMAC [F1032]
10493969000103,TC ATUAL COMERCIO DE MEDICAMENTOS LTDA,59,TC ATUAL COMERCIO DE MED [F1033]
10495121000105,VIA MEDICAMENTOS COMERCIO E CONSULTORIA EM SAUDE LTDA,343,VIA MEDICAMENTOS COMERCI [F1034]
10495738000120,GOIAS COMERCIO DE PRODUTOS FARMACEUTICOS LTDA,316,GOIAS COMERCIO DE PRODUT [F1035]
10504370000110,PACTUAL COMERCIAL LTDA,2,PACTUAL COMERCIAL LTDA [F1036]
10516707000109,UNITED MEDICAL PRODUTOS E EQUIPAMENTOS CIENTIFICOS LTDA,1,UNITED MEDICAL PRODUTOS  [F1037]
10541396000138,CYN FARMA DISTRIBUIDORA LTDA,96,CYN FARMA DISTRIBUIDORA  [F1038]
10542138000176,LVR MATERIAIS HOSPITALARES LTDA,33,LVR MATERIAIS HOSPITALAR [F1039]
10542511000199,ONCOTECH HOSPITALAR COMERCIO DE MEDICAMENTOS LTDA EM RECUPERACAO JUDICIAL,4,ONCOTECH HOSPITALAR COME [F1040]
10544006000183,BIO-SAUDE COMERCIO E REPRESENTACOES LTDA,8,BIO-SAUDE COMERCIO E REP [F1041]
10545970000126,VITA MEDICAL MATERIAL HOSPITALAR LTDA,3,VITA MEDICAL MATERIAL HO [F1042]
10566711000181,DIFE DISTRIBUIDORA DE MEDICAMENTOS LTDA,209,DIFE DISTRIBUIDORA DE ME [F1043]
10569258000167,ESPACO SAUDE COMERCIO DE PRODUTOS HOSPITALARES LTDA,34,ESPACO SAUDE COMERCIO DE [F1044]
10571984000114,ASTRA FARMA COMERCIO DE MATERIAL MEDICO HOSPITALAR LTDA,7,ASTRA FARMA COMERCIO DE  [F1045]
10586940000168,ONCOVIT DISTRIBUIDORA DE MEDICAMENTOS LTDA,532,ONCOVIT DISTRIBUIDORA DE [F1046]
10588595000363,SANOFI MEDLEY FARMACEUTICA LTDA,13,SANOFI MEDLEY FARMACEUTI [F1047]
10588595000797,SANOFI MEDLEY FARMACEUTICA LTDA,4,SANOFI MEDLEY FARMACEUTI [F1048]
10588595001092,SANOFI MEDLEY FARMACEUTICA LTDA,210,SANOFI MEDLEY FARMACEUTI [F1049]
10588595001335,SANOFI MEDLEY FARMACEUTICA LTDA,30,SANOFI MEDLEY FARMACEUTI [F1050]
10596721000160,GEORGINI PRODUTOS HOSPITALARES LTDA,345,GEORGINI PRODUTOS HOSPIT [F1051]
10596721000240,GEORGINI PRODUTOS HOSPITALARES LTDA,16,GEORGINI PRODUTOS HOSPIT [F1052]
10600372000102,DENTAL SUL PRODUTOS ODONTOLOGICOS LTDA,2,DENTAL SUL PRODUTOS ODON [F1053]
10625395000171,IMP EQUIPAMENTOS MEDICOS LTDA,3,IMP EQUIPAMENTOS MEDICOS [F1054]
10630293000225,ONCORIO DISTRIBUIDORA DE MEDICAMENTOS LTDA,1,ONCORIO DISTRIBUIDORA DE [F1055]
10633441000184,FUSAO COMERCIO DE PRODUTOS ODONTOLOGICOS LTDA,277,FUSAO COMERCIO DE PRODUT [F1056]
10638214000141,GM FARMA COMERCIAL LTDA,307,GM FARMA COMERCIAL LTDA [F1057]
10641724000178,C. PARRA VIEIRA,43,C. PARRA VIEIRA [F1058]
10642769000167,DEYVIS MASCKIO SERENI DROGARIA,25,DEYVIS MASCKIO SERENI DR [F1059]
10645510000170,DISTRIBUIDORA DE MEDICAMENTOS SAUDE & VIDA LTDA,1903,DISTRIBUIDORA DE MEDICAM [F1060]
10656587000145,CIRURGICA MS LTDA,249,CIRURGICA MS LTDA [F1061]
10675016000158,K MEDICA PRODUTOS MEDICO HOSPITALAR LTDA,62,K MEDICA PRODUTOS MEDICO [F1062]
10692852000140,DESCARBOX DISTRIBUIDORA HOSPITALAR LTDA,1,DESCARBOX DISTRIBUIDORA  [F1063]
10693290000150,TEGRAPHARMA IMPORTADORA E DISTRIBUIDORA LTDA,1,TEGRAPHARMA IMPORTADORA  [F1064]
10693848000105,OPHTMED PRODUTOS MEDICOS LTDA,1,OPHTMED PRODUTOS MEDICOS [F1065]
10696551000195,HOLY MED COMERCIO DE PRODUTOS MEDICOS HOSPITALARES LTDA,102,HOLY MED COMERCIO DE PRO [F1066]
10696932000174,T.D. & V. COMERCIO DE PRODUTOS ODONTOLOGICOS E HOSPITALARES LTDA,13,T.D. & V. COMERCIO DE PR [F1067]
10708841000101,FRANTINS INDUSTRIA E COMERCIO DE PRODUTOS ODONTOLOGICOS LTDA,5,FRANTINS INDUSTRIA E COM [F1068]
10723321000178,SANT ANA & NASCIMENTO LTDA,3,SANT ANA & NASCIMENTO LT [F1069]
10724350000154,JCP COMERCIAL DESKART LTDA,3,JCP COMERCIAL DESKART LT [F1070]
10729492000104,QUIMICENTER PRODUTOS PARA LABORATORIOS LTDA,7,QUIMICENTER PRODUTOS PAR [F1071]
10731996000169,M & A SUPRA COMERCIAL LTDA,26,M & A SUPRA COMERCIAL LT [F1072]
10732241000189,LAMED DISTRIBUIDORA DE MEDICAMENTOS LTDA,39,LAMED DISTRIBUIDORA DE M [F1073]
10733878000190,FLEX INDUSTRIA E COMERCIO DE PAPEIS LTDA,1,FLEX INDUSTRIA E COMERCI [F1074]
10742865000187,ROBERTO CORETTI,7,ROBERTO CORETTI [F1075]
10749758000180,A.D. DAMINELLI LTDA,571,A.D. DAMINELLI LTDA [F1076]
10757876000130,SR PRODUTOS MEDICOS LTDA,6,SR PRODUTOS MEDICOS LTDA [F1077]
10762594000121,HMB LABORVIX PRODUTOS LABORATORIAIS LTDA,22,HMB LABORVIX PRODUTOS LA [F1078]
10769075000195,BOTUMED LTDA,1,BOTUMED LTDA [F1079]
10769989000156,CASA HOSPITALAR IBIPORA LTDA,1,CASA HOSPITALAR IBIPORA  [F1080]
10772529000187,T. D. WILL,1,T. D. WILL [F1081]
10778913000197,"METAL SOLUTION DO BRASIL MOVEIS, EQUIPAMENTOS E PRODUTOS PARA SAUDE LTDA",3,METAL SOLUTION DO BRASIL [F1082]
10779833000156,MEDICAL MERCANTIL DE APARELHAGEM MEDICA LTDA,17,MEDICAL MERCANTIL DE APA [F1083]
10781820000111,ROYALMED HOSPITALAR LTDA,1,ROYALMED HOSPITALAR LTDA [F1084]
10782385000140,GB COMERCIO E DISTRIBUICAO LTDA,68,GB COMERCIO E DISTRIBUIC [F1085]
10782968000170,NUTRI HOSPITALAR LTDA,2,NUTRI HOSPITALAR LTDA [F1086]
10784720000149,LIDERANCA HOSPITALAR LTDA,11,LIDERANCA HOSPITALAR LTD [F1087]
10792345000189,TRIER MED PRODUTOS HOSPITALARES EIRELI,1,TRIER MED PRODUTOS HOSPI [F1088]
10795950000103,LANCELETTE BIOMEDICAL LTDA,2,LANCELETTE BIOMEDICAL LT [F1089]
10801805000198,MEDCOSTA COMERCIO DE PRODUTOS MEDICOS LTDA,2,MEDCOSTA COMERCIO DE PRO [F1090]
10802526000149,GENESIS COMERCIO REPRESENTACAO E SERVICOS LTDA,5,GENESIS COMERCIO REPRESE [F1091]
10807173000170,MEDPOA COMERCIO DE MATERIAL HOSPITALAR LTDA,25,MEDPOA COMERCIO DE MATER [F1092]
10807944000129,CIRUMAX COMERCIO DE MATERIAIS HOSPITALARES LTDA,3,CIRUMAX COMERCIO DE MATE [F1093]
10814203000175,"ADUNA COMERCIO, IMPORTACAO E EXPORTACAO DE PRODUTOS HOSPITALARES LTDA",4,"ADUNA COMERCIO, IMPORTAC [F1094]"
10831701000126,LARMED DISTRIBUIDORA DE MEDICAMENTOS E MATERIAL MEDICO HOSPITALAR LTDA,34,LARMED DISTRIBUIDORA DE  [F1095]
10842256000108,GROW QUIMICA E FARMACEUTICA LTDA.,1,GROW QUIMICA E FARMACEUT [F1096]
10842393000134,LIVE HEALTHCARE SUPPLIES LTDA,3,LIVE HEALTHCARE SUPPLIES [F1097]
10849617000130,LIVRARIA E PAPELARIA RENASCER LTDA,2,LIVRARIA E PAPELARIA REN [F1098]
10850316000126,MONTPELLIER MONDE INDUSTRIA E COMERCIO DE COSMETICOS EIRELI,1,MONTPELLIER MONDE INDUST [F1099]
10851899000371,CPAPS IMPORTACAO E COMERCIO DE EQUIPAMENTOS MEDICOS LTDA,3,CPAPS IMPORTACAO E COMER [F1100]
10853028000125,VIDA RESGATE COMERCIO DE PRODUTOS A.P.H. LTDA,1,VIDA RESGATE COMERCIO DE [F1101]
10854165000184,F & F DISTRIBUIDORA DE PRODUTOS FARMACEUTICOS LTDA,46,F & F DISTRIBUIDORA DE P [F1102]
10854165000508,F & F DISTRIBUIDORA DE PRODUTOS FARMACEUTICOS LTDA,18,F & F DISTRIBUIDORA DE P [F1103]
10855398000100,EXITUSMED COMERCIO DE PRODUTOS MEDICO HOSPITALARES LTDA,4,EXITUSMED COMERCIO DE PR [F1104]
10869890000126,AR FIORENZANO DISTRIBUIDORA DE MEDICAMENTOS LTDA,234,AR FIORENZANO DISTRIBUID [F1105]
10889422000113,FLORESTA COMERCIO E SERVICOS LTDA,1,FLORESTA COMERCIO E SERV [F1106]
10897117000173,J. E. COMERCIO E SERVICOS LTDA,2,J. E. COMERCIO E SERVICO [F1107]
10897919000183,ALFA COMERCIO ATACADISTA LTDA,1,ALFA COMERCIO ATACADISTA [F1108]
10903996000107,N. A. DO NASCIMENTO ALMEIDA,100,N. A. DO NASCIMENTO ALME [F1109]
10910334000156,GUARAILHA DISTRIBUIDORA DE ALIMENTOS LTDA,4,GUARAILHA DISTRIBUIDORA  [F1110]
10918870000106,UNIVERSAL PRODUTOS HOSPITALARES LTDA,13,UNIVERSAL PRODUTOS HOSPI [F1111]
10960950000111,BDP BRASIL DISTRIBUIDORA DE PRODUTOS OPME LTDA,2,BDP BRASIL DISTRIBUIDORA [F1112]
10972948000162,BRAZMIX COMERCIO VAREJISTA E ATACADISTA LTDA,6,BRAZMIX COMERCIO VAREJIS [F1113]
10978106000118,CIRURGICA FAMED DISTRIBUIDORA DE PRODUTOS HOSPITALARES LTDA,299,CIRURGICA FAMED DISTRIBU [F1114]
10980954000161,A L COMERCIO E SERVICOS LTDA,5,A L COMERCIO E SERVICOS  [F1115]
10985550000160,I C L L MENDES EIRELI,734,I C L L MENDES EIRELI [F1116]
11002975000175,TECVIDA COMERCIO E DISTRIBUICAO LTDA,4,TECVIDA COMERCIO E DISTR [F1117]
11004882000180,VIVA FARMA E PRODUTOS HOSPITALARES LTDA,1,VIVA FARMA E PRODUTOS HO [F1118]
11011753000119,VENTCARE INDUSTRIA E COMERCIO LTDA,2,VENTCARE INDUSTRIA E COM [F1119]
11018062000147,ADISUL COMERCIAL LTDA,9,ADISUL COMERCIAL LTDA [F1120]
11034934000160,NDS DISTRIBUIDORA DE MEDICAMENTOS LTDA,457,NDS DISTRIBUIDORA DE MED [F1121]
11044066000108,GOLDEN FARM DISTRIBUIDORA LTDA,85,GOLDEN FARM DISTRIBUIDOR [F1122]
11050321000117,GIGANTE PRODUTOS MEDICOS LTDA,3,GIGANTE PRODUTOS MEDICOS [F1123]
11054242000184,DENTAL COSTA PRODUTOS ODONTOLOGICOS LTDA,96,DENTAL COSTA PRODUTOS OD [F1124]
11059063000130,MK NE LTDA,1,MK NE LTDA [F1125]
11082598000121,BESINS HEALTHCARE BRASIL COMERCIAL E DISTRIBUIDORA DE MEDICAMENTOS LTDA,3,BESINS HEALTHCARE BRASIL [F1126]
11088993000111,"TATA COMERCIO DE EQUIPAMENTOS PARA SAUDE, ODONTO-MEDICO LTDA.",2,TATA COMERCIO DE EQUIPAM [F1127]
11089732000116,STOKMED PRODUTOS HOSPITALARES LTDA,22,STOKMED PRODUTOS HOSPITA [F1128]
11101480000101,EFETIVE PRODUTOS MEDICO- HOSPITALARES LTDA,9,EFETIVE PRODUTOS MEDICO- [F1129]
11101919000198,JC PRODUTOS FARMACEUTICOS E HOSPITALARES LTDA,34,JC PRODUTOS FARMACEUTICO [F1130]
11109936000171,RPA9GASES CONTROLD LTDA,1,RPA9GASES CONTROLD LTDA [F1131]
11128636000130,ELO DISTRIBUIDORA DE MEDICAMENTOS E PRODUTOS PARA SAUDE LTDA,4,ELO DISTRIBUIDORA DE MED [F1132]
11138620000108,A C - MATERIAIS MEDICOS LTDA,13,A C - MATERIAIS MEDICOS  [F1133]
11142575000165,BELINUTRI DISTRIBUIDORA DE MEDICAMENTOS LTDA,3,BELINUTRI DISTRIBUIDORA  [F1134]
11144448000103,CONTROLL PHARMA COMERCIO DE MEDICAMENTOS LTDA,4,CONTROLL PHARMA COMERCIO [F1135]
11145401000156,L A DALLA PORTA JUNIOR LTDA,176,L A DALLA PORTA JUNIOR L [F1136]
11157931000114,SUPRIMED COMERCIO DE MATERIAIS HOSPITALARES LTDA,4,SUPRIMED COMERCIO DE MAT [F1137]
11157952000130,DELTA MED ESCRITORIO ADMINISTRATIVO LTDA,66,DELTA MED ESCRITORIO ADM [F1138]
11174696000199,DROGARIA BORTOLINI LTDA,1,DROGARIA BORTOLINI LTDA [F1139]
11187037000197,DISTRIBUIDORA OMEGA LTDA,496,DISTRIBUIDORA OMEGA LTDA [F1140]
11195057000100,AVAREMED DISTRIBUIDORA DE MEDICAMENTOS LTDA,1541,AVAREMED DISTRIBUIDORA D [F1141]
11195977000128,MEDICAH COMERCIO DE MEDICAMENTOS LTDA,763,MEDICAH COMERCIO DE MEDI [F1142]
11201854000152,J. A. COMERCIO DE MATERIAIS CIRURGICOS LTDA,97,J. A. COMERCIO DE MATERI [F1143]
11204121000171,HEALTH - MED INDUSTRIA E COMERCIO DE ARTIGOS HOSPITALARES LTDA,1,HEALTH - MED INDUSTRIA E [F1144]
11206099000107,SUPERMED COMERCIO E IMPORTACAO DE PRODUTOS MEDICOS E HOSPITALARES LTDA,1,SUPERMED COMERCIO E IMPO [F1145]
11206099000441,SUPERMED COMERCIO E IMPORTACAO DE PRODUTOS MEDICOS E HOSPITALARES LTDA,3,SUPERMED COMERCIO E IMPO [F1146]
11215901000117,CIRURGICA BIOMEDICA LTDA,65,CIRURGICA BIOMEDICA LTDA [F1147]
11224757000185,G2 PRODUTOS MEDICOS HOSPITALARES LTDA,17,G2 PRODUTOS MEDICOS HOSP [F1148]
11226885000168,TORRES VALPORTO COMERCIO E DISTRIBUICAO DE PRODUTOS MEDICOS LTDA,3,TORRES VALPORTO COMERCIO [F1149]
11229270000195,"MEDFARMA COMERCIO DE MEDICAMENTOS, MATERIAIS E EQUIPAMENTOS HOSPITALARES LTDA",9,MEDFARMA COMERCIO DE MED [F1150]
11232365000168,ALAGOAS COMERCIAL MEDICA LTDA,201,ALAGOAS COMERCIAL MEDICA [F1151]
11260846000187,ANBIOTON IMPORTADORA LTDA,154,ANBIOTON IMPORTADORA LTD [F1152]
11262969000157,SUPRAMIL COMERCIAL LTDA,19,SUPRAMIL COMERCIAL LTDA [F1153]
11308834000185,VIDA BIOTECNOLOGIA LTDA,12,VIDA BIOTECNOLOGIA LTDA [F1154]
11311773000105,OKEY-MED DISTRIBUIDORA DE MEDICAMENTOS HOSPITALARES ODONTOLOGICOS IMPORTACOES E EXPORTACOES LTDA,65,OKEY-MED DISTRIBUIDORA D [F1155]
11318264000104,WEL DISTRIBUIDORA DE MEDICAMENTOS E PRODUTOS PARA A SAUDE LTDA,83,WEL DISTRIBUIDORA DE MED [F1156]
11327892000156,CLAUDETE DOS SANTOS POSSAMAI & CIA LTDA,24,CLAUDETE DOS SANTOS POSS [F1157]
11348570000193,MUNICIPIO DE VERDEJANTE,1,MUNICIPIO DE VERDEJANTE [F1158]
11352270000188,RCA SAUDE COMERCIO E REPRESENTACOES LTDA,21,RCA SAUDE COMERCIO E REP [F1159]
11356674000140,FUNDO MUNICIPAL DE SAUDE DO MUNICIPIO DE PRATA,1,FUNDO MUNICIPAL DE SAUDE [F1160]
11367066000130,"ALPHARAD INDUSTRIA, COMERCIO, IMPORTACAO E EXPORTACAO DE PRODUTOS HOSPITALARES LTDA",1,"ALPHARAD INDUSTRIA, COME [F1161]"
11367967000122,CERTA MEDICAMENTOS COMERCIAL LTDA,16,CERTA MEDICAMENTOS COMER [F1162]
11369348000177,FIX COM. ATAC. DE MEDICAMENTOS LTDA,57,FIX COM. ATAC. DE MEDICA [F1163]
11372104000143,D&D PRODUTOS DE HIGIENE E LIMPEZA LTDA,15,D&D PRODUTOS DE HIGIENE  [F1164]
11388997000115,STRA NEGOCIOS EM SAUDE E BEM ESTAR LTDA,7,STRA NEGOCIOS EM SAUDE E [F1165]
11399644000110,MANG FOODS LICITACOES LTDA,3,MANG FOODS LICITACOES LT [F1166]
11401085000136,MEDPLUS LTDA,59,MEDPLUS LTDA [F1167]
11405384000149,ALFA MED SISTEMAS MEDICOS LTDA,6,ALFA MED SISTEMAS MEDICO [F1168]
11406652000147,FUNDO MUNICIPAL DE SAUDE DE CUMARU DO NORTE,1,FUNDO MUNICIPAL DE SAUDE [F1169]
11424477000200,LEO PHARMA LTDA,11,LEO PHARMA LTDA [F1170]
11463608000179,ERIMAR INDUSTRIA E COMERCIO DE PRODUTOS PARA SAUDE LTDA,47,ERIMAR INDUSTRIA E COMER [F1171]
11463608000330,ERIMAR INDUSTRIA E COMERCIO DE PRODUTOS PARA SAUDE LTDA,1,ERIMAR INDUSTRIA E COMER [F1172]
11471826000155,MARCOS SILVA DE BRITO,3,MARCOS SILVA DE BRITO [F1173]
11495858000190,ALG BRASIL COMERCIO E INDUSTRIA DE PRODUTOS LTDA,2,ALG BRASIL COMERCIO E IN [F1174]
11504314000148,JP FARMACEUTICA LTDA,3,JP FARMACEUTICA LTDA [F1175]
11541499000160,ORTONUTRE - COM. DE PRODUTOS HOSPITALARES LTDA,37,ORTONUTRE - COM. DE PROD [F1176]
11563145000117,COMERCIAL MOSTAERT LIMITADA,54,COMERCIAL MOSTAERT LIMIT [F1177]
11606767000185,CROSMEDICA COMERCIO DE PRODUTOS PARA SAUDE LTDA,8,CROSMEDICA COMERCIO DE P [F1178]
11617468000146,DROGARIA MACACU LTDA,2,DROGARIA MACACU LTDA [F1179]
11619992000156,PRIOM TECNOLOGIA EM EQUIPAMENTOS LTDA,58,PRIOM TECNOLOGIA EM EQUI [F1180]
11634742000195,HRX PRODUTOS HOSPITALARES LTDA,465,HRX PRODUTOS HOSPITALARE [F1181]
11643096000394,MYLAN LABORATORIOS LTDA.,8,MYLAN LABORATORIOS LTDA. [F1182]
11657058000129,FARMACIA CHARLES E GUSTAVO LTDA,19,FARMACIA CHARLES E GUSTA [F1183]
11657352000130,J. COUTO PRODUTOS FARMACEUTICOS LTDA,1,J. COUTO PRODUTOS FARMAC [F1184]
11670466000110,DROGARIA POPULAR MELHOR PRECO LTDA,3,DROGARIA POPULAR MELHOR  [F1185]
11670904000140,DENTAL REDENCAO COM. DE PROD. ODONTOLGICOS LTDA,80,DENTAL REDENCAO COM. DE  [F1186]
11674540000177,EQUIPOS COMERCIAL LTDA,38,EQUIPOS COMERCIAL LTDA [F1187]
11681717000162,H. A. MOREIRA FILHO,14,H. A. MOREIRA FILHO [F1188]
11697594000239,AGILLE COMERCIO DE MEDICAMENTOS LTDA,2,AGILLE COMERCIO DE MEDIC [F1189]
11697594000310,AGILLE COMERCIO DE MEDICAMENTOS LTDA,26,AGILLE COMERCIO DE MEDIC [F1190]
11705404000105,CENUTRI - CENTRO ESPECIALIZADO DE NUTRICAO LTDA.,2,CENUTRI - CENTRO ESPECIA [F1191]
11729400000159,PROFILAX COMERCIO DE PRODUTOS MEDICOS E HOSPITALARES LTDA,2,PROFILAX COMERCIO DE PRO [F1192]
11738593000104,MC EQUIPAMENTOS HOSPITALARES E SERVICOS LTDA,48,MC EQUIPAMENTOS HOSPITAL [F1193]
11768299000145,COMEPI PRODUTOS COMERCIAIS LTDA,6,COMEPI PRODUTOS COMERCIA [F1194]
11776334000178,DENTAL SHOW - COMERCIO DE PRODUTOS ODONTOLOGICOS E HOSPITALARES LTDA,123,DENTAL SHOW - COMERCIO D [F1195]
11780793000125,SAMYRAS EQUIPAMENTOS MEDICOS LTDA.,7,SAMYRAS EQUIPAMENTOS MED [F1196]
11836572000121,DUOFARM COMERCIO DE PRODUTOS FARMACEUTICOS LTDA,30,DUOFARM COMERCIO DE PROD [F1197]
11858797000189,BALSAMO DISTRIBUIDORA DE MEDICAMENTOS LTDA,93,BALSAMO DISTRIBUIDORA DE [F1198]
11872436000197,BIO DIAGNOSTICA DISTRIBUIDORA DE PRODUTOS HOSPITALARES E LABORATORIAIS LTDA,1,BIO DIAGNOSTICA DISTRIBU [F1199]
11872656000110,HDL LOGISTICA HOSPITALAR LTDA.,10,HDL LOGISTICA HOSPITALAR [F1200]
11872656000200,HDL LOGISTICA HOSPITALAR LTDA.,2,HDL LOGISTICA HOSPITALAR [F1201]
11877124000176,PREVIX PRODUTOS PARA SAUDE LTDA,22,PREVIX PRODUTOS PARA SAU [F1202]
11888791000154,DISTRIBUIDORA FLAMED HOSPITALAR LTDA,11,DISTRIBUIDORA FLAMED HOS [F1203]
11896538000142,SOLUMED DISTRIBUIDORA DE MEDICAMENTOS E PRODUTOS PARA SAUDE LTDA,83,SOLUMED DISTRIBUIDORA DE [F1204]
11911029000141,FUNDO MUNICIPAL DE SAUDE DE SEN. ELOI DE SOUZA,1,FUNDO MUNICIPAL DE SAUDE [F1205]
11922629000105,FARMATEST MATERIAIS MEDICO E LABORATORIAIS LTDA,1,FARMATEST MATERIAIS MEDI [F1206]
11923577000191,J.B COMERCIO E SERVICOS LTDA,9,J.B COMERCIO E SERVICOS  [F1207]
11943989000193,FUNDO MUNICIPAL DE SAUDE,1,FUNDO MUNICIPAL DE SAUDE [F1208]
11958200000178,MEDYLOG LOGISTICA E DISTRIBUICAO LTDA,2,MEDYLOG LOGISTICA E DIST [F1209]
11994394000167,ORTO MEDICAL MATERIAIS CIRURGICOS LTDA,2,ORTO MEDICAL MATERIAIS C [F1210]
12013255000178,RS DISTRIBUIDORA HOSPITALAR LTDA,2,RS DISTRIBUIDORA HOSPITA [F1211]
12014370000167,ABC DISTRIBUIDORA DE MEDICAMENTOS LTDA,735,ABC DISTRIBUIDORA DE MED [F1212]
12021151000105,DIAG SOLUTION ARTIGOS MEDICOS LTDA,8,DIAG SOLUTION ARTIGOS ME [F1213]
12022755000176,GALLIA INDUSTRIA FARMACEUTICA LTDA,1,GALLIA INDUSTRIA FARMACE [F1214]
12035062000118,MEDICALDECK COMERCIO DE PRODUTOS MEDICOS LTDA,2,MEDICALDECK COMERCIO DE  [F1215]
12040718000190,GRADUAL COMERCIO E SERVICOS LTDA,4,GRADUAL COMERCIO E SERVI [F1216]
12047164000153,GLOBAL HOSPITALAR IMPORTACAO E COMERCIO SA,58,GLOBAL HOSPITALAR IMPORT [F1217]
12057503000182,HOSPVIDA LTDA,39,HOSPVIDA LTDA [F1218]
12065628000154,ILSON JOSE GOULART DROGARIA LTDA,1,ILSON JOSE GOULART DROGA [F1219]
12082502000198,PRIME MATERIAL MEDICO HOSPITALAR LTDA,60,PRIME MATERIAL MEDICO HO [F1220]
12095582000116,NOSSA DENTAL PRODUTOS ODONTOLOGICOS LTDA.,25,NOSSA DENTAL PRODUTOS OD [F1221]
12164483000149,DUPAC COMERCIAL LTDA,25,DUPAC COMERCIAL LTDA [F1222]
12185204000123,VITANET COMERCIO DE EQUIPAMENTOS & TRANSPORTES RODOVIARIOS LTDA,1,VITANET COMERCIO DE EQUI [F1223]
12238948000169,DROGARIA JP DENARDI LTDA,13,DROGARIA JP DENARDI LTDA [F1224]
12240308000193,FUNDO MUNICIPAL DE SAUDE DO MUNICIPIO DE MIGUEL PEREIRA,40,FUNDO MUNICIPAL DE SAUDE [F1225]
12246862000188,SC MEDICAL INDUSTRIA COMERCIO E SERVICOS LTDA,4,SC MEDICAL INDUSTRIA COM [F1226]
12255403000160,IMEX MEDICAL COMERCIO E LOCACAO LTDA,5,IMEX MEDICAL COMERCIO E  [F1227]
12268625000207,E. A. BATISTA DA SILVA,14,E. A. BATISTA DA SILVA [F1228]
12305387000173,RDF - DISTRIBUIDORA DE PRODUTOS PARA SAUDE LTDA,225,RDF - DISTRIBUIDORA DE P [F1229]
12308388000171,REMED COMERCIO DE MEDICAMENTOS E PRODUTOS DE SAUDE LTDA.,1,REMED COMERCIO DE MEDICA [F1230]
12313826000190,RET FARMA DISTRIBUIDORA DE MEDICAMENTOS E PRODUTOS HOSPITALARES LTDA,9,RET FARMA DISTRIBUIDORA  [F1231]
12340717000161,POINT SUTURE DO BRASIL IND DE FIOS CIRURGICOS LTDA,15,POINT SUTURE DO BRASIL I [F1232]
12376395000100,NUTRI ARTHI COMERCIAL LTDA,8,NUTRI ARTHI COMERCIAL LT [F1233]
12391412000189,NOROMED DISTRIBUIDORA DE MEDICAMENTOS E MATERIAIS HOSPITALARES LTDA,36,NOROMED DISTRIBUIDORA DE [F1234]
12395255000180,ODONTOMEDICA COMERCIO ATACADISTA DE MEDICAMENTOS LTDA,235,ODONTOMEDICA COMERCIO AT [F1235]
12400900000105,RIFEV SOLUCOES INTEGRADAS LTDA,2,RIFEV SOLUCOES INTEGRADA [F1236]
12409711000101,NUTRIMIX COMERCIAL LTDA,55,NUTRIMIX COMERCIAL LTDA [F1237]
12416810000102,ROFEMAX IMPORTADORA DE EMBALAGENS LTDA,2,ROFEMAX IMPORTADORA DE E [F1238]
12418191000195,CONQUISTA DISTRIBUIDORA DE MEDICAMENTOS E PRODUTOS HOSPITALARES LTDA,816,CONQUISTA DISTRIBUIDORA  [F1239]
12419620000149,"VIER PHARMA DISTRIBUIDORA HOSPITALAR, REPRESENTACAO E CONSULTORIA LTDA",149,VIER PHARMA DISTRIBUIDOR [F1240]
12420164000157,CM HOSPITALAR S.A.,208,CM HOSPITALAR S.A. [F1241]
12420164000238,CM HOSPITALAR S.A.,22,CM HOSPITALAR S.A. [F1242]
12420164000319,CM HOSPITALAR S.A.,356,CM HOSPITALAR S.A. [F1243]
12420164000580,CM HOSPITALAR S.A.,104,CM HOSPITALAR S.A. [F1244]
12420164000904,CM HOSPITALAR S.A.,570,CM HOSPITALAR S.A. [F1245]
12420164002109,CM HOSPITALAR S.A.,47,CM HOSPITALAR S.A. [F1246]
12420164003687,CM HOSPITALAR S.A.,75,CM HOSPITALAR S.A. [F1247]
12424049000150,LIDER COMERCIO DE MEDICAMENTOS E MATERIAIS HOSPITALARES LTDA,10,LIDER COMERCIO DE MEDICA [F1248]
12441715000169,NOVA SICILIANO INDUSTRIA E COMERCIO DE PLACAS METALICAS LTDA,1,NOVA SICILIANO INDUSTRIA [F1249]
12456120000187,ALPHALIFE MATERIAIS MEDICO HOSPITALARES LTDA,11,ALPHALIFE MATERIAIS MEDI [F1250]
12472927000103,QUALYBLESS DO BRASIL LTDA,1,QUALYBLESS DO BRASIL LTD [F1251]
12499494000180,HOSPINOVA DISTRIBUIDORA DE PRODUTOS HOSPITALARES LTDA.,18,HOSPINOVA DISTRIBUIDORA  [F1252]
12499494000260,HOSPINOVA DISTRIBUIDORA DE PRODUTOS HOSPITALARES LTDA.,100,HOSPINOVA DISTRIBUIDORA  [F1253]
12516438000106,AUDIO POWER COMERCIO E SERVICOS DE EQUIPAMENTOS MEDICOS LTDA,1,AUDIO POWER COMERCIO E S [F1254]
12543141000130,FUNDO MUNICIPAL DE SAUDE DE PASSABEM,1,FUNDO MUNICIPAL DE SAUDE [F1255]
12561565000127,MEGA MEDICAL - COMERCIO DE MATERIAIS CIRURGICOS LTDA,77,MEGA MEDICAL - COMERCIO  [F1256]
12589567000124,DROGA NOVA BARRINHA LTDA,48,DROGA NOVA BARRINHA LTDA [F1257]
12655453000135,FORLAB COMERCIO DE EQUIPAMENTOS E MATERIAIS PARA LABORATORIOS LTDA,1,FORLAB COMERCIO DE EQUIP [F1258]
12664453000100,A7 DISTRIBUIDORA DE MEDICAMENTOS LTDA,2,A7 DISTRIBUIDORA DE MEDI [F1259]
12666139000158,QUALITY CIENTIFICA LTDA,1,QUALITY CIENTIFICA LTDA [F1260]
12694747000176,NUTRICLIN SAUDE COMERCIO DE PRODUTOS NUTRICIONAIS LTDA,8,NUTRICLIN SAUDE COMERCIO [F1261]
12694747000257,NUTRICLIN SAUDE COMERCIO DE PRODUTOS NUTRICIONAIS LTDA,3,NUTRICLIN SAUDE COMERCIO [F1262]
12711015000147,TY CARE INDUSTRIA E COMERCIO LTDA,14,TY CARE INDUSTRIA E COME [F1263]
12729472000169,TATIANA REGINA FERREIRA LOPES,2,TATIANA REGINA FERREIRA  [F1264]
12735479000193,BELMEDICAL COMERCIO DE PRODUTOS HOSPITALARES LTDA,28,BELMEDICAL COMERCIO DE P [F1265]
12811487000171,MULTISUL COMERCIO E DISTRIBUICAO LTDA,4,MULTISUL COMERCIO E DIST [F1266]
12811919000144,FARMACIA FAMILIA LTDA,4,FARMACIA FAMILIA LTDA [F1267]
12812677000103,MC CIRURGICA PRODUTOS HOSPITALARES LTDA,29,MC CIRURGICA PRODUTOS HO [F1268]
12824334000169,C.M. ORATHES CONFECCOES E EQUIPAMENTOS LTDA,2,C.M. ORATHES CONFECCOES  [F1269]
12828039000180,PREMIER COMERCIO DE PRODUTOS HOSPITALARES LTDA,44,PREMIER COMERCIO DE PROD [F1270]
12882932000194,EXOMED COMERCIO ATACADISTA DE MEDICAMENTOS LTDA,47,EXOMED COMERCIO ATACADIS [F1271]
12889035000102,INOVAMED HOSPITALAR LTDA,8589,INOVAMED HOSPITALAR LTDA [F1272]
12889035000293,INOVAMED HOSPITALAR LTDA,448,INOVAMED HOSPITALAR LTDA [F1273]
12891104000112,VIANA FARMA COMERCIO E REPRESENTACOES LTDA,126,VIANA FARMA COMERCIO E R [F1274]
12918336000117,BE CARE COMERCIO DE PRODUTOS MEDICO HOSPITALARES LTDA,1,BE CARE COMERCIO DE PROD [F1275]
12918336000389,BE CARE COMERCIO DE PRODUTOS MEDICO HOSPITALARES LTDA,4,BE CARE COMERCIO DE PROD [F1276]
12927876000167,SOMA/MG PRODUTOS HOSPITALARES LTDA,581,SOMA/MG PRODUTOS HOSPITA [F1277]
12942081000128,FIBRA BOLSAS INDUSTRIA E COMERCIO LTDA,5,FIBRA BOLSAS INDUSTRIA E [F1278]
12951863000123,FAMED FARMACOLOGIA E MEDICINA AVANCADA LTDA,214,FAMED FARMACOLOGIA E MED [F1279]
12967916000102,CIRURGICA IZAMED LTDA,6,CIRURGICA IZAMED LTDA [F1280]
12973088000107,3A DISTRIBUIDORA DE MEDICAMENTOS LTDA,28,3A DISTRIBUIDORA DE MEDI [F1281]
12991532000117,JUARES LIMA DOS SANTOS,31,JUARES LIMA DOS SANTOS [F1282]
13008903000160,MILLENIUM COMERCIO SERVICO LTDA,11,MILLENIUM COMERCIO SERVI [F1283]
13021891000104,CASA DA SOGRA COMERCIO VAREJISTA LTDA,1,CASA DA SOGRA COMERCIO V [F1284]
13042708000157,ZELO COMERCIO E DISTRIBUIDORA DE PRODUTOS HOSPITALARES LTDA,28,ZELO COMERCIO E DISTRIBU [F1285]
13046855000103,MIRASSOL MED COMERCIO DE MEDICAMENTOS LTDA,6,MIRASSOL MED COMERCIO DE [F1286]
13056315000100,CENTRAX COMERCIAL LTDA,84,CENTRAX COMERCIAL LTDA [F1287]
13063042000113,HOSPIDEZ - COMERCIO DE PRODUTOS MEDICO-HOSPITALARES LTDA,10,HOSPIDEZ - COMERCIO DE P [F1288]
13078518000190,"FUNDACAO BAIANA DE PESQUISA CIENTIFICA E DESENVOLVIMENTO TECNOLOGICO, FORNECIMENTO E DISTRIBUICAO DE MEDICAMENTOS - BAHIAFARMA",3,FUNDACAO BAIANA DE PESQU [F1289]
13081833000176,BIOMED DISTRIBUIDORA HOSPITALAR LTDA,29,BIOMED DISTRIBUIDORA HOS [F1290]
13085369000196,CAPROMED FARMACEUTICA LTDA,99,CAPROMED FARMACEUTICA LT [F1291]
13097795000140,FARMACIA SANTA RITA DE CASSIA LTDA,2,FARMACIA SANTA RITA DE C [F1292]
13107128000109,SUPRITECNICA LTDA,1,SUPRITECNICA LTDA [F1293]
13120044000105,WANDERLEY & REGIS COMERCIO E PRODUTOS MEDICO-HOSPITALAR LTDA,26,WANDERLEY & REGIS COMERC [F1294]
13123772000162,VERTICAL RJ SOLUCOES PARA SAUDE LTDA,3,VERTICAL RJ SOLUCOES PAR [F1295]
13123772000243,VERTICAL RJ SOLUCOES PARA SAUDE LTDA,5,VERTICAL RJ SOLUCOES PAR [F1296]
13163794000156,MONTALTEC SERVICOS LTDA,77,MONTALTEC SERVICOS LTDA [F1297]
13169056000116,DOCTORMED EQUIPAMENTOS E PRODUTOS HOSPITALARES LTDA,8,DOCTORMED EQUIPAMENTOS E [F1298]
13193395000138,AB IMPORT IMPORTACAO E EXPORTACAO LTDA,71,AB IMPORT IMPORTACAO E E [F1299]
13224500000159,QUIMAFLEX CIENTIFICA LTDA,1,QUIMAFLEX CIENTIFICA LTD [F1300]
13229567000186,VENEZA DISTRIBUIDORA DE PRODUTOS HOSPITALARES LTDA,42,VENEZA DISTRIBUIDORA DE  [F1301]
13240906000125,AFH EQUIPAMENTOS HOSPITALARES LTDA.,7,AFH EQUIPAMENTOS HOSPITA [F1302]
13287059000154,JAMARI COMERCIO E EMPREENDIMENTOS LTDA,446,JAMARI COMERCIO E EMPREE [F1303]
13324282000124,KASVI IMPORTACAO E DISTRIBUICAO DE PRODUTOS PARA LABORATORIOS LTDA,1,KASVI IMPORTACAO E DISTR [F1304]
13333090000184,NIPRO MEDICAL CORPORATION PRODUTOS MEDICOS LTDA.,1,NIPRO MEDICAL CORPORATIO [F1305]
13333090000931,NIPRO MEDICAL CORPORATION PRODUTOS MEDICOS LTDA.,2,NIPRO MEDICAL CORPORATIO [F1306]
13345594000203,DROGAFORTE MEDICAMENTOS E PERFUMARIA LTDA,5,DROGAFORTE MEDICAMENTOS  [F1307]
13407975000180,ALVES E SILVA COMERCIO E SERVICOS LTDA,2,ALVES E SILVA COMERCIO E [F1308]
13414166000104,CMF DISTRIBUIDORA DE MEDICAMENTOS LTDA,11,CMF DISTRIBUIDORA DE MED [F1309]
13430441000175,GERAES DIAGNOSTICA LTDA,1,GERAES DIAGNOSTICA LTDA [F1310]
13442393000135,G F DOS SANTOS LTDA,32,G F DOS SANTOS LTDA [F1311]
13458946000148,LEVEL FARMACEUTICA LTDA,14,LEVEL FARMACEUTICA LTDA [F1312]
13465838000100,H B S PRODUTOS PARA SAUDE LTDA,4,H B S PRODUTOS PARA SAUD [F1313]
13465838000283,H B S PRODUTOS PARA SAUDE LTDA,1,H B S PRODUTOS PARA SAUD [F1314]
13469442000123,"B. M. - PAPELARIA, ARTIGOS DE INFORMATICA E DESCARTAVEIS LTDA",2,"B. M. - PAPELARIA, ARTIG [F1315]"
13470384000158,CMC PRODUTOS HOSPITALARES LTDA,25,CMC PRODUTOS HOSPITALARE [F1316]
13485130000103,PHARMA LOG PRODUTOS FARMACEUTICOS LTDA,832,PHARMA LOG PRODUTOS FARM [F1317]
13500765000132,DESTAQUE COMERCIAL DE PRODUTOS EM GERAL LTDA,18,DESTAQUE COMERCIAL DE PR [F1318]
13535892000177,PLATINA COMERCIO DE PRODUTOS MEDICOS HOSPITALARES LTDA,3,PLATINA COMERCIO DE PROD [F1319]
13547970000153,ELISVANDIA MATOS DONINI LTDA,130,ELISVANDIA MATOS DONINI  [F1320]
13558306000100,"SEEGER E SAVIAN COMERCIO DE PRODUTOS MEDICOS, HOSPITALARES E FITNESS LTDA",9,SEEGER E SAVIAN COMERCIO [F1321]
13576534000102,MEDMAIA COMERCIO DE PRODUTOS MEDICOS LTDA,126,MEDMAIA COMERCIO DE PROD [F1322]
13630407000144,"ALCANCE NORDESTE, COMERCIO IMPORTACAO & EXPORTACAO DE MEDICAMENTOS LTDA",64,"ALCANCE NORDESTE, COMERC [F1323]"
13644713000130,ROMED INDUSTRIA E COMERCIO DE EQUIPAMENTOS MEDICOS LTDA,3,ROMED INDUSTRIA E COMERC [F1324]
13656820000188,SMITH & NEPHEW COMERCIO DE PRODUTOS MEDICOS LTDA.,3,SMITH & NEPHEW COMERCIO  [F1325]
13656820000420,SMITH & NEPHEW COMERCIO DE PRODUTOS MEDICOS LTDA.,3,SMITH & NEPHEW COMERCIO  [F1326]
13737194000154,X MEDICAL & CLEAN LTDA,9,X MEDICAL & CLEAN LTDA [F1327]
13759813000101,SINGULAR DROGARIA E MEDICAMENTOS ESPECIAIS LTDA,2,SINGULAR DROGARIA E MEDI [F1328]
13759813000292,SINGULAR DROGARIA E MEDICAMENTOS ESPECIAIS LTDA,3,SINGULAR DROGARIA E MEDI [F1329]
13765686000153,AGILE DISTRIBUIDORA DE MATERIAIS DESCARTAVEIS S&M LTDA,2,AGILE DISTRIBUIDORA DE M [F1330]
13778147000159,MEDYCAMENTHA PRODUTOS ONCOLOGICOS E HOSPITALARES LTDA,6,MEDYCAMENTHA PRODUTOS ON [F1331]
13791068000188,ALTERNATIVA COMERCIO E SERVICOS LTDA,5,ALTERNATIVA COMERCIO E S [F1332]
13835264000107,DROGAMED COMERCIO E MANUTENCAO DE APARELHOS ELETRO MEDICOS LTDA,62,DROGAMED COMERCIO E MANU [F1333]
13835671000114,NOVAMED APUCARANA COMERCIO DE PRODUTOS HOSPITALARES LTDA,3,NOVAMED APUCARANA COMERC [F1334]
13861454000107,VILLA MED COMERCIO E IMPORTACAO PRODUTOS HOSPITALARES LTDA.,121,VILLA MED COMERCIO E IMP [F1335]
13863381000184,MIDFARMA PRODUTOS FARMACEUTICOS LTDA.,1,MIDFARMA PRODUTOS FARMAC [F1336]
13889622000164,MOMILLI COMERCIAL LTDA,2,MOMILLI COMERCIAL LTDA [F1337]
13937131002357,BAHIA SECRETARIA DE SAUDE DO ESTADO,1,BAHIA SECRETARIA DE SAUD [F1338]
13971092000107,ALTHIS COMERCIO DE MEDICAMENTOS E MATERIAIS MEDICO HOSPITALARES LTDA,1,ALTHIS COMERCIO DE MEDIC [F1339]
13977106000191,EBD BIOTECH IMPORTACAO E COMERCIO DE PRODUTOS MEDICOS HOSPITALARES LTDA,5,EBD BIOTECH IMPORTACAO E [F1340]
13977860000121,ATECNOMED ASSISTENCIA E COMERCIO DE PRODUTOS HOSPITALARES LTDA,318,ATECNOMED ASSISTENCIA E  [F1341]
13990290000100,STORE DO BRASIL LTDA,1,STORE DO BRASIL LTDA [F1342]
13994852000193,HIPERDENTAL COMERCIO E REPRESENTACAO DE PRODUTOS ODONTOLOGICOS E MEDICO - HOSPITALAR LTDA,151,HIPERDENTAL COMERCIO E R [F1343]
14080070000101,MAC CLEAN COMERCIO E SERVICOS LTDA,2,MAC CLEAN COMERCIO E SER [F1344]
14108524000105,DK DIAGNOSTICA COMERCIO DE PRODUTOS CIENTIFICOS LTDA,1,DK DIAGNOSTICA COMERCIO  [F1345]
14112327000160,"BIOFAC INDUSTRIA, COMERCIO E REPRESENTACAO LTDA",61,"BIOFAC INDUSTRIA, COMERC [F1346]"
14115388000180,ELLO DISTRIBUICAO LTDA,22,ELLO DISTRIBUICAO LTDA [F1347]
14115388000261,ELLO DISTRIBUICAO LTDA,19,ELLO DISTRIBUICAO LTDA [F1348]
14134724000132,RB COMERCIO DE PRODUTOS NUTRICIONAIS E HOSPITALARES LTDA,3,RB COMERCIO DE PRODUTOS  [F1349]
14169319000150,HTEC PRIME SERVICOS DE MANUTENCAO E COMERCIO DE PRODUTOS HOSPITALARES LTDA,147,HTEC PRIME SERVICOS DE M [F1350]
14192434000145,CALANDRIM & CALANDRIM DROGARIA LTDA.,10,CALANDRIM & CALANDRIM DR [F1351]
14200301000173,J C S DE SOUZA COMERCIO LTDA,12,J C S DE SOUZA COMERCIO  [F1352]
14224864000100,HL MED COMERCIAL DE PRODUTOS HOSPITALARES LTDA,3,HL MED COMERCIAL DE PROD [F1353]
14229621000156,ORTOMEDICA DISTIBUIDORA DE PRODUTOS ORTOPEDICOS E HOSPITALARES LTDA,2,ORTOMEDICA DISTIBUIDORA  [F1354]
14234142000128,MD COMERCIO E EMPREENDIMENTOS FARMACEUTICOS LTDA,1,MD COMERCIO E EMPREENDIM [F1355]
14241216000153,BRUMA COMERCIO DE MEDICAMENTOS LTDA,126,BRUMA COMERCIO DE MEDICA [F1356]
14249047000289,ATLANTICO LIFE COMERCIO DE PRODUTOS HOSPITALARES LTDA,76,ATLANTICO LIFE COMERCIO  [F1357]
14261377000109,MAIS SAUDE COMERCIO DE PRODUTOS HOSPITALARES LTDA,108,MAIS SAUDE COMERCIO DE P [F1358]
14271474000182,FRAGNARI DISTRIBUIDORA DE MEDICAMENTOS LTDA.,1817,FRAGNARI DISTRIBUIDORA D [F1359]
14272952000179,KALARRARI BOLSAS E ACESSORIOS LTDA,2,KALARRARI BOLSAS E ACESS [F1360]
14308899000119,CIRURGICA OURO VERDE - COMERCIO DE MATERIAIS MEDICOS LTDA.,1,CIRURGICA OURO VERDE - C [F1361]
14313995000155,POLO REPRESENTACOES LTDA,8,POLO REPRESENTACOES LTDA [F1362]
14322092000130,SUPLEMEDIC COMERCIAL UNIPESSOAL LTDA,7,SUPLEMEDIC COMERCIAL UNI [F1363]
14336329000132,SOL-MILLENNIUM BRASIL IMPORTACAO E EXPORTACAO LTDA,3,SOL-MILLENNIUM BRASIL IM [F1364]
14416886000163,COBERMED COMERCIO DE MATERIAIS MEDICOS LTDA,3,COBERMED COMERCIO DE MAT [F1365]
14420817000123,FACIL MED DISTRIBUIDORA DE MEDICAMENTOS E PRODUTOS HOSPITALARES LTDA,30,FACIL MED DISTRIBUIDORA  [F1366]
14425382000100,MEDICAL LIFE COMERCIO LTDA,12,MEDICAL LIFE COMERCIO LT [F1367]
14433455000105,SOLMEDI COMERCIO DE MATERIAL MEDICO E HOSPITALAR LTDA,6,SOLMEDI COMERCIO DE MATE [F1368]
14461011000183,JVMED COMERCIO DE MEDICAMENTOS LTDA,3,JVMED COMERCIO DE MEDICA [F1369]
14461796000194,MSR MEDICAL LTDA,12,MSR MEDICAL LTDA [F1370]
14504853000175,PASSOS COMERCIAL HOSPITALAR LTDA,29,PASSOS COMERCIAL HOSPITA [F1371]
14511644000159,D C N UNIFORMES E SERVICOS LTDA,2,D C N UNIFORMES E SERVIC [F1372]
14512806000173,NUTRILIFE NUTRICAO ESPORTIVA LTDA,1,NUTRILIFE NUTRICAO ESPOR [F1373]
14533317000106,PRIMUS PHARMA LTDA,6,PRIMUS PHARMA LTDA [F1374]
14575367000148,SUPPORTE COMERCIAL HOSPITALAR LTDA,1,SUPPORTE COMERCIAL HOSPI [F1375]
14585053000126,FARMACIA MARINGA LTDA,51,FARMACIA MARINGA LTDA [F1376]
14595725000184,NOVASUL COMERCIO DE PRODUTOS HOSPITALARES LTDA,375,NOVASUL COMERCIO DE PROD [F1377]
14595915000100,FENIXMED COMERCIAL LTDA,36,FENIXMED COMERCIAL LTDA [F1378]
14596408000182,ITAMOBILE COMERCIO E SERVICOS LTDA,2,ITAMOBILE COMERCIO E SER [F1379]
14622553000352,"HMD BRASIL COMERCIAL, IMPORTADORA, EXPORTADORA E REPRESENTACOES LTDA",3,"HMD BRASIL COMERCIAL, IM [F1380]"
14633154000206,ECO DIAGNOSTICA LTDA,3,ECO DIAGNOSTICA LTDA [F1381]
14646435000112,ULTRA MEDKA PRODUTOS PARA SAUDE LTDA,30,ULTRA MEDKA PRODUTOS PAR [F1382]
14665928000108,VOLPHARMA DISTRIBUIDORA DE PRODUTOS HOSPITALARES E FARMACEUTICOS LTDA,5,VOLPHARMA DISTRIBUIDORA  [F1383]
14676091000194,AGNUS COMERCIO DE MAQUINAS E EQUIPAMENTOS LTDA,4,AGNUS COMERCIO DE MAQUIN [F1384]
14683163000120,JFB DISTRIBUIDORA DE PRODUTOS FARMACEUTICOS E EQUIPAMENTOS HOSPITALARES LTDA,45,JFB DISTRIBUIDORA DE PRO [F1385]
14703910000145,"ENDOSOLUTIONS IMPORTACAO E COMERCIO DE MEDICAMENTOS, INSTRUMENTOS E MATERIAIS CIRURGICOS LTDA.",3,ENDOSOLUTIONS IMPORTACAO [F1386]
14722938000120,PROCIFAR DISTRIBUIDORA DE MATERIAL HOSPITALAR LTDA,1,PROCIFAR DISTRIBUIDORA D [F1387]
14724626000155,NUTRISOLUTION NUTRICAO E COMERCIO DE PRODUTOS HOSPITALARES E ONCOLOGICOS LTDA,1,NUTRISOLUTION NUTRICAO E [F1388]
14766081000140,MEDGRAN INDUSTRIA E COMERCIO DE PRODUTOS HOSPITALARES LTDA,8,MEDGRAN INDUSTRIA E COME [F1389]
14769402000160,AGILE MED IMPORTACAO E EXPORTACAO LTDA,1,AGILE MED IMPORTACAO E E [F1390]
14775446000100,VITORIA DISTRIBUIDORA DE MEDICAMENTOS E MATERIAL HOSPITALAR LTDA,15,VITORIA DISTRIBUIDORA DE [F1391]
14779687000110,JOSE CARLOS DE SOUZA PRODUTOS FARMACEUTICOS LTDA,10,JOSE CARLOS DE SOUZA PRO [F1392]
14792179000171,SUPRA DISTRIBUIDORA LTDA,21,SUPRA DISTRIBUIDORA LTDA [F1393]
14804690000146,GABRIEL LEITZKE GOTUZZO,16,GABRIEL LEITZKE GOTUZZO [F1394]
14842681000140,MSR EXPRESS MEDICAMENTOS ESPECIAIS LTDA,8,MSR EXPRESS MEDICAMENTOS [F1395]
14905502000176,EXCLUSIVA DISTRIBUIDORA DE MEDICAMENTOS LTDA,614,EXCLUSIVA DISTRIBUIDORA  [F1396]
14927939000100,MEDPRO MEDICAMENTOS E MATERIAIS HOSPITALARES LTDA,69,MEDPRO MEDICAMENTOS E MA [F1397]
14966026000101,BARRA COMERCIO DE EQUIPAMENTOS LTDA,9,BARRA COMERCIO DE EQUIPA [F1398]
15031173000144,MERCANTIL BARRETO COMERCIAL DE PRODUTOS HOSPITALARES E SUPRIMENTOS LTDA,507,MERCANTIL BARRETO COMERC [F1399]
15038394000144,CLAUDIA CRISTIANI OLIVEIRA FERREIRA,9,CLAUDIA CRISTIANI OLIVEI [F1400]
15068089000103,KFMED DISTRIBUIDORA DE MEDICAMENTOS LTDA,236,KFMED DISTRIBUIDORA DE M [F1401]
15127898000130,MUNDIPHARMA BRASIL PRODUTOS MEDICOS E FARMACEUTICOS LTDA.,1,MUNDIPHARMA BRASIL PRODU [F1402]
15145035000196,RIOBAHIAFARMA COMERCIO E DISTRIBUICAO DE PRODUTOS MEDICOS E COSMETICOS LTDA,164,RIOBAHIAFARMA COMERCIO E [F1403]
15161670000167,FACIMED COMERCIO LTDA,22,FACIMED COMERCIO LTDA [F1404]
15182741000108,BCR COMERCIO DE PRODUTOS NUTRICIONAIS E HOSPITALARES LTDA,7,BCR COMERCIO DE PRODUTOS [F1405]
15218561000139,"NNMED - DISTRIBUICAO, IMPORTACAO E EXPORTACAO DE MEDICAMENTOS LTDA",1700,"NNMED - DISTRIBUICAO, IM [F1406]"
15227236000132,ATOS MEDICA COMERCIO E REPRESENTACAO DE PRODUTOS MEDICOS HOSPITALARES LTDA,1,ATOS MEDICA COMERCIO E R [F1407]
15229287000101,VIVRE COMERCIO DE PRODUTOS HOSPITALARES LTDA,45,VIVRE COMERCIO DE PRODUT [F1408]
15250965000100,GOLDEN CLEAN PRODUTOS COMERCIAIS LTDA,4,GOLDEN CLEAN PRODUTOS CO [F1409]
15302324000151,AFS COMERCIO DE PRODUTOS FARMACEUTICOS LTDA,268,AFS COMERCIO DE PRODUTOS [F1410]
15321837000100,A & C COMERCIO VAREJISTA DE MEDICAMENTOS LTDA,38,A & C COMERCIO VAREJISTA [F1411]
15329061000174,DANIELA CRISTINA SOUZA SANTOS LTDA,108,DANIELA CRISTINA SOUZA S [F1412]
15344304000143,CONSORCIO INTERMUNICIPAL DA REGIAO NORDESTE,1,CONSORCIO INTERMUNICIPAL [F1413]
15345613000138,HOTTSILVA DISTRIBUIDORA LTDA,30,HOTTSILVA DISTRIBUIDORA  [F1414]
15346274000104,HOSPLAB PRODUTOS HOSPITALARES E LABORATORIAL LTDA,2,HOSPLAB PRODUTOS HOSPITA [F1415]
15361503000160,ALFA & OMEGA MEDICAL LTDA,91,ALFA & OMEGA MEDICAL LTD [F1416]
15396747000188,VL BELTRAME LTDA,2,VL BELTRAME LTDA [F1417]
15414528000184,OLIVEIRA FARMA & CIA LTDA,121,OLIVEIRA FARMA & CIA LTD [F1418]
15434359000144,UNICARE COMERCIO E SERVICOS LTDA,8,UNICARE COMERCIO E SERVI [F1419]
15439366000139,EREFARMA PRODUTOS PARA SAUDE LTDA,187,EREFARMA PRODUTOS PARA S [F1420]
15442606000154,V.R. VALADARES SUPRIMENTOS LTDA,1,V.R. VALADARES SUPRIMENT [F1421]
15479441000195,VITA BAHIA COMERCIAL LTDA,1,VITA BAHIA COMERCIAL LTD [F1422]
15527709000117,PRO-MEDIC-COMERCIO DE PRODUTOS MEDICOS HOSPITALARES LTDA,4,PRO-MEDIC-COMERCIO DE PR [F1423]
15626139000112,EBERSON ANTONIO CHMIEL MEDICAMENTOS,19,EBERSON ANTONIO CHMIEL M [F1424]
15631841000174,CLAUBER HUMBERTO ZANIN LTDA,19,CLAUBER HUMBERTO ZANIN L [F1425]
15631841000336,CLAUBER HUMBERTO ZANIN LTDA,2,CLAUBER HUMBERTO ZANIN L [F1426]
15714275000164,C O M COMERCIO E ASSISTENCIA TECNICA HOSPITALAR LTDA,10,C O M COMERCIO E ASSISTE [F1427]
15725489000136,FABRICIO DE RAMOS & CIA. LTDA,16,FABRICIO DE RAMOS & CIA. [F1428]
15736240000126,HO HOSPITALAR LTDA,3,HO HOSPITALAR LTDA [F1429]
15767687000162,FORMULA ATIVA - FARMACIA DE MANIPULACAO LTDA,2,FORMULA ATIVA - FARMACIA [F1430]
15772566000109,L.D. FARMACEUTICA LTDA,3,L.D. FARMACEUTICA LTDA [F1431]
15786607000116,ARN NOVA ERA COMERCIAL E SERVICOS LTDA,1,ARN NOVA ERA COMERCIAL E [F1432]
15797759000114,META DISTRIBUIDORA DE MEDICAMENTOS LTDA,9,META DISTRIBUIDORA DE ME [F1433]
15797759000203,META DISTRIBUIDORA DE MEDICAMENTOS LTDA,1,META DISTRIBUIDORA DE ME [F1434]
15800545000150,ABBVIE FARMACEUTICA LTDA.,5,ABBVIE FARMACEUTICA LTDA [F1435]
15800545000311,ABBVIE FARMACEUTICA LTDA.,34,ABBVIE FARMACEUTICA LTDA [F1436]
15800545000400,ABBVIE FARMACEUTICA LTDA.,10,ABBVIE FARMACEUTICA LTDA [F1437]
15864150000110,FARMACIA E DROGARIA GUIOMAR LTDA,55,FARMACIA E DROGARIA GUIO [F1438]
16366888000110,DIPROM - DISTRIBUIDORA DE PRODUTOS ODONTOLOGICOS E MATERIAIS LTDA,60,DIPROM - DISTRIBUIDORA D [F1439]
16482201000102,ATOS MEDICAL BRASIL - COMERCIO E DISTRIBUICAO DE PRODUTOS MEDICO-HOSPITALARES LTDA.,9,ATOS MEDICAL BRASIL - CO [F1440]
16553940000148,MEDMAX COMERCIO DE MEDICAMENTOS LTDA,323,MEDMAX COMERCIO DE MEDIC [F1441]
16586871000179,SINERGIA MEDICAMENTOS LTDA,26,SINERGIA MEDICAMENTOS LT [F1442]
16586871000250,SINERGIA MEDICAMENTOS LTDA,27,SINERGIA MEDICAMENTOS LT [F1443]
16611943000190,BOA VISTA HOSPITALAR COMERCIO DE MEDICAMENTOS LTDA,6,BOA VISTA HOSPITALAR COM [F1444]
16619378002747,CIMED & CO. S.A.,3,CIMED & CO. S.A. [F1445]
16622225000110,PAMP&VAMD-COMERCIO VAREJISTA LTDA,9,PAMP&VAMD-COMERCIO VAREJ [F1446]
16624414000121,WESLEY REGO BADARO,2,WESLEY REGO BADARO [F1447]
16632133000110,DROGUISTA CEARENSE LTDA,12,DROGUISTA CEARENSE LTDA [F1448]
16643051000171,MALVAGLIA COMERCIAL LTDA,5,MALVAGLIA COMERCIAL LTDA [F1449]
16647278000195,PARAMED DISTRIBUIDORA DE MEDICAMENTOS LTDA,1060,PARAMED DISTRIBUIDORA DE [F1450]
16665873000153,MARCA DISTRIBUIDORA DE MEDICAMENTOS E MATERIAIS HOSPITALARES LTDA,12,MARCA DISTRIBUIDORA DE M [F1451]
16667433000135,VTA MACHADO DE ARRUDA LTDA,1,VTA MACHADO DE ARRUDA LT [F1452]
16671989000103,EDR COMERCIO DE EQUIPAMENTOS MEDICO-HOSPITALARES LTDA,2,EDR COMERCIO DE EQUIPAME [F1453]
16682179000144,DISMENE DISTRIBUIDORA DE MEDICAMENTOS DO NORDESTE LTDA,781,DISMENE DISTRIBUIDORA DE [F1454]
16686340000158,CRIS BELLA FARMACIA E MANIPULACAO LTDA,15,CRIS BELLA FARMACIA E MA [F1455]
16698619000151,AMP HOSPITALAR LTDA,2,AMP HOSPITALAR LTDA [F1456]
16699864000183,SANTE MEDICA HOSPITALAR LTDA,33,SANTE MEDICA HOSPITALAR  [F1457]
16699864000264,SANTE MEDICA HOSPITALAR LTDA,2,SANTE MEDICA HOSPITALAR  [F1458]
16705291000153,PHITO FORMULAS - NUCLEO DE PESQUISA FARMACEUTICA LTDA,5,PHITO FORMULAS - NUCLEO  [F1459]
16717062000159,B C DISTRIBUIDORA HOSPITALAR LTDA,1,B C DISTRIBUIDORA HOSPIT [F1460]
16720709000100,NORTEPHARMA PRODUTOS FARMACEUTICOS EXPORTACAO E IMPORTACAO LTDA,76,NORTEPHARMA PRODUTOS FAR [F1461]
16740031000119,S2 SAUDE LTDA,1,S2 SAUDE LTDA [F1462]
16743543000139,POSTERARI ASSESSORIA TECNICA LTDA,8,POSTERARI ASSESSORIA TEC [F1463]
16752682000129,LEMOS - DISTRIBUIDORA HOSPITALAR LTDA,102,LEMOS - DISTRIBUIDORA HO [F1464]
16755344000140,ORGANIZACAO EXITO KIFARMA LTDA,5,ORGANIZACAO EXITO KIFARM [F1465]
16776949000118,START MED DISTRIBUIDORA LTDA,18,START MED DISTRIBUIDORA  [F1466]
16805701000138,C L ORTOPEDIA LTDA,1,C L ORTOPEDIA LTDA [F1467]
16809398000141,HOPE COMERCIO E SERVICOS LTDA,3,HOPE COMERCIO E SERVICOS [F1468]
16826043000241,DENTALMED COMERCIO DE PRODUTOS PARA SAUDE LTDA,2,DENTALMED COMERCIO DE PR [F1469]
16826305000197,SOS MEDICAL DISTRIBUIDORA DE MEDICAMENTOS E MATERIAIS HOSPITALARES LTDA,10,SOS MEDICAL DISTRIBUIDOR [F1470]
16826856000150,ACR MEDCAL PRODUTOS PARA SAUDE LTDA,4,ACR MEDCAL PRODUTOS PARA [F1471]
16838363000130,N.M.LEMES RIBAS DE SOUZA,8,N.M.LEMES RIBAS DE SOUZA [F1472]
16845253000104,MBR FERNANDES COMERCIO DE PRODUTOS PARA SAUDE LTDA,131,MBR FERNANDES COMERCIO D [F1473]
16847018000163,THN NUTRICAO E SAUDE LTDA,2,THN NUTRICAO E SAUDE LTD [F1474]
16849094000108,ADAINERS MEDICAL LTDA,59,ADAINERS MEDICAL LTDA [F1475]
16902612000100,DISTRIMEDICA COMERCIO DE PRODUTOS MEDICOS E ODONTOLOGICOS LTDA,129,DISTRIMEDICA COMERCIO DE [F1476]
16917181000155,CCAF COMERCIO DE MEDICAMENTOS E MATERIAL HOSPITALAR LTDA,21,CCAF COMERCIO DE MEDICAM [F1477]
16921603000166,NOVO NORDISK PRODUCAO FARMACEUTICA DO BRASIL LTDA.,3,NOVO NORDISK PRODUCAO FA [F1478]
16926052000123,KILL & OHASHI LTDA,78,KILL & OHASHI LTDA [F1479]
16926786000102,REAG-LAB COMERCIO DE PRODUTOS MEDICOS E HOSPITALARES LTDA,2,REAG-LAB COMERCIO DE PRO [F1480]
16946372000145,MEGMED LTDA,1,MEGMED LTDA [F1481]
16970346000152,YLLER BIOMATERIAIS S.A.,1,YLLER BIOMATERIAIS S.A. [F1482]
16970999000131,"DMC DISTRIBUIDORAS, COMERCIO D MEDICAMENTOS LTDA",467,"DMC DISTRIBUIDORAS, COME [F1483]"
16980808000112,VINAS BUFFET LTDA,3,VINAS BUFFET LTDA [F1484]
17019854000465,DROGARIAS FARMACESA LTDA,21,DROGARIAS FARMACESA LTDA [F1485]
17114621000107,HAJA COMERCIAL FARMA & HOSPITALAR LTDA,1,HAJA COMERCIAL FARMA & H [F1486]
17115437000173,LABORATORIO GLOBO SA,2,LABORATORIO GLOBO SA [F1487]
17159229000176,LABORATORIO TEUTO BRASILEIRO S/A,156,LABORATORIO TEUTO BRASIL [F1488]
17159229000257,LABORATORIO TEUTO BRASILEIRO S/A,16,LABORATORIO TEUTO BRASIL [F1489]
17174657000178,HYPOFARMA INSTITUTO DE HYPODERMIA E FARMACIA LTDA,29,HYPOFARMA INSTITUTO DE H [F1490]
17174657000844,HYPOFARMA INSTITUTO DE HYPODERMIA E FARMACIA LTDA,14,HYPOFARMA INSTITUTO DE H [F1491]
17189700000179,DISTRIBUIDORA DE MOVEIS MH LTDA,8,DISTRIBUIDORA DE MOVEIS  [F1492]
17211630000108,EXCELENCIA DISTRIBUIDORA DE PRODUTOS E SERVICOS LTDA,5,EXCELENCIA DISTRIBUIDORA [F1493]
17227485000153,L G PRODUTOS HOSPITALARES LTDA,30,L G PRODUTOS HOSPITALARE [F1494]
17238455000142,A A Z SAUDE COMERCIO DE PRODUTOS MEDICOS E HOSPITALARES LTDA,11,A A Z SAUDE COMERCIO DE  [F1495]
17252670000106,VITALMEDICA DISTRIBUIDORA DE MOVEIS E EQUIPAMENTOS HOSPITALARES LTDA,11,VITALMEDICA DISTRIBUIDOR [F1496]
17252970000268,SYNTEC LOG LTDA,3,SYNTEC LOG LTDA [F1497]
17263792000190,REALMED DISTRIBUIDORA LTDA,591,REALMED DISTRIBUIDORA LT [F1498]
17288441000133,GOLDEN CARE DISTRIBUIDORA LTDA,1,GOLDEN CARE DISTRIBUIDOR [F1499]
17290835000126,M & R COMERCIO LTDA,147,M & R COMERCIO LTDA [F1500]
17299140000105,EASELABS LABORATORIO FARMACEUTICO LTDA.,1,EASELABS LABORATORIO FAR [F1501]
17357402000140,CONTRATA COMERCIO DE PRODUTOS EM GERAL LTDA,6,CONTRATA COMERCIO DE PRO [F1502]
17365046000107,HAVERIM COMERCIAL LTDA,1,HAVERIM COMERCIAL LTDA [F1503]
17382714000104,ARBRA COMERCIO & INDUSTRIA DE PLASTICOS LTDA,1,ARBRA COMERCIO & INDUSTR [F1504]
17406286000102,MAIS SAUDE MATERIAL HOSPITALAR LTDA,5,MAIS SAUDE MATERIAL HOSP [F1505]
17472278000164,GOLDENPLUS - COMERCIO DE MEDICAMENTOS E PRODUTOS HOSPITALARES LTDA,1526,GOLDENPLUS - COMERCIO DE [F1506]
17499185000123,JC MEDICA COMERCIO DE PRODUTOS MEDICO-HOSPITALARES LTDA,12,JC MEDICA COMERCIO DE PR [F1507]
17507347000128,MARQUI & MOURA LTDA,79,MARQUI & MOURA LTDA [F1508]
17507751000100,O DE SENA LTDA,2,O DE SENA LTDA [F1509]
17523381000196,DROGARIA CRISOSTIMO LTDA,6,DROGARIA CRISOSTIMO LTDA [F1510]
17545961000184,ICARAI DO BRASIL INDUSTRIA QUIMICA LTDA,4,ICARAI DO BRASIL INDUSTR [F1511]
17562075000169,CIFARMA CIENTIFICA FARMACEUTICA LTDA,2,CIFARMA CIENTIFICA FARMA [F1512]
17562075000320,CIFARMA CIENTIFICA FARMACEUTICA LTDA,7,CIFARMA CIENTIFICA FARMA [F1513]
17581504000145,SOMEDICA CIRURGICA RIO PRETO LTDA,2,SOMEDICA CIRURGICA RIO P [F1514]
17599911000180,DROGARIA NOSSA SENHORA APARECIDA DE ITAMOGI LTDA,21,DROGARIA NOSSA SENHORA A [F1515]
17602864000186,DELTA INDUSTRIA E COMERCIO LTDA,8,DELTA INDUSTRIA E COMERC [F1516]
17605216000183,EFICAZ MED COMERCIO DE PRODUTOS HOSPITALARES LTDA,13,EFICAZ MED COMERCIO DE P [F1517]
17624789000154,LINEA-RJ COMERCIO LTDA,4,LINEA-RJ COMERCIO LTDA [F1518]
17631154000184,ORION FARMACEUTICA LTDA,2,ORION FARMACEUTICA LTDA [F1519]
17676642000108,HORTOPLUS PRODUTOS ODONTOLOGICOS E HOSPITALARES LTDA,92,HORTOPLUS PRODUTOS ODONT [F1520]
17700085000113,CCP MED DISTRIBUIDORA LTDA,4,CCP MED DISTRIBUIDORA LT [F1521]
17700763000148,MEDFUTURA DISTRIBUIDORA DE MEDICAMENTOS E PRODUTOS DE SAUDE LTDA,51,MEDFUTURA DISTRIBUIDORA  [F1522]
17700763000300,MEDFUTURA DISTRIBUIDORA DE MEDICAMENTOS E PRODUTOS DE SAUDE LTDA,9,MEDFUTURA DISTRIBUIDORA  [F1523]
17700763000733,MEDFUTURA DISTRIBUIDORA DE MEDICAMENTOS E PRODUTOS DE SAUDE LTDA,15,MEDFUTURA DISTRIBUIDORA  [F1524]
17737428000114,HOSPITRONICA - COMERCIO DE EQUIPAMENTOS MEDICO HOSPITALAR LTDA,9,HOSPITRONICA - COMERCIO  [F1525]
17739128000174,FARMACIA DE MANIPULACAO DE ALAGOAS LTDA,1,FARMACIA DE MANIPULACAO  [F1526]
17756574000197,MANZATOS FARMA LTDA,97,MANZATOS FARMA LTDA [F1527]
17767331000235,LEX MED LTDA,1,LEX MED LTDA [F1528]
17771867000143,DBV COMERCIO IMPORTACAO E EXPORTACAO DO BRASIL LTDA,35,DBV COMERCIO IMPORTACAO  [F1529]
17773825000141,FARMA DUTY LTDA,28,FARMA DUTY LTDA [F1530]
17812790000102,ALIANCA MEDICAL COMERCIO DE MATERIAIS HOSPITALARES LTDA,2,ALIANCA MEDICAL COMERCIO [F1531]
17828413000161,BRASIL MEDICAMENTOS LTDA.,2,BRASIL MEDICAMENTOS LTDA [F1532]
17854549000146,MAIS MED COMERCIO DE PRODUTOS HOSPITALAR LTDA,95,MAIS MED COMERCIO DE PRO [F1533]
17875154000120,MEDQUIMICA INDUSTRIA FARMACEUTICA LTDA.,5,MEDQUIMICA INDUSTRIA FAR [F1534]
17875154000391,MEDQUIMICA INDUSTRIA FARMACEUTICA LTDA.,2,MEDQUIMICA INDUSTRIA FAR [F1535]
17892706000108,GLOBAL COMERCIAL LTDA,53,GLOBAL COMERCIAL LTDA [F1536]
17927869000189,JAMED COMERCIO E SERVICOS LTDA,15,JAMED COMERCIO E SERVICO [F1537]
17979679000105,A L DALCIN PIRES DROGARIA,5,A L DALCIN PIRES DROGARI [F1538]
17992985000181,D M C MESSIAS LTDA,7,D M C MESSIAS LTDA [F1539]
18010556000124,M. DE FREITAS GODINHO LTDA,57,M. DE FREITAS GODINHO LT [F1540]
18018256000191,K J FERNANDES LTDA,10,K J FERNANDES LTDA [F1541]
18031325000105,I. S. COSTA CENTRAL TELEMEDICINA LTDA,95,I. S. COSTA CENTRAL TELE [F1542]
18033901000145,HABITABR DISTRIBUIDORA LTDA,2,HABITABR DISTRIBUIDORA L [F1543]
18096092000110,PILTZ & SANTOS LTDA,38,PILTZ & SANTOS LTDA [F1544]
18110143000111,DENTAL CAMARGO COMERCIO LTDA,103,DENTAL CAMARGO COMERCIO  [F1545]
18123155000180,JUMEL DISTRIBUIDORA LTDA,9,JUMEL DISTRIBUIDORA LTDA [F1546]
18136904000104,GUILHERME XAVIER PIVA LTDA,2,GUILHERME XAVIER PIVA LT [F1547]
18161599000100,UBIMED DISTRIBUIDORA MEDICO HOSPITALAR LTDA,280,UBIMED DISTRIBUIDORA MED [F1548]
18192961000100,ULTRA MEDICAL COMERCIO DE MATERIAIS HOSPITALARES LTDA,12,ULTRA MEDICAL COMERCIO D [F1549]
18213121000187,"NOVA ERA SAUDE , COMERCIO VAREJISTA DE EQUIPAMENTOS DE FISIOTERAPIA LTDA",2,"NOVA ERA SAUDE , COMERCI [F1550]"
18224182000140,HOSPMED COMERCIO LTDA,10,HOSPMED COMERCIO LTDA [F1551]
18252904000170,"HEALTH CARE & DUBEBE COMERCIO, IMPORTACAO, EXPORTACAO DE PRODUTOS DE HIGIENE PESSOAL, COSMETICOS E PERFUMARIA LTDA",34,HEALTH CARE & DUBEBE COM [F1552]
18255796000199,M MAGALHAES PRODUTOS HOSPITALAR LTDA,159,M MAGALHAES PRODUTOS HOS [F1553]
18258209000115,CIRURGICA CERON IMPORTADORA E EXPORTADORA DE EQUIPAMENTOS HOSPITALARES E VETERINARIOS LTDA,26,CIRURGICA CERON IMPORTAD [F1554]
18269125000187,BIOHOSP PRODUTOS HOSPITALARES SA,1303,BIOHOSP PRODUTOS HOSPITA [F1555]
18274923000105,MASTERSUL EQUIPAMENTOS DE SEGURANCA LTDA,2,MASTERSUL EQUIPAMENTOS D [F1556]
18279039000155,JN-MAXIMED COMERCIO DE PRODUTOS HOSPITALARES LTDA.,4,JN-MAXIMED COMERCIO DE P [F1557]
18301957000133,OTICA ATUAL LTDA,1,OTICA ATUAL LTDA [F1558]
18324343000177,BELFAR LTDA,107,BELFAR LTDA [F1559]
18324343000509,BELFAR LTDA,4,BELFAR LTDA [F1560]
18335040000150,COMERCIAL E O S DE PRODUTOS HOSPITALARES LTDA,1,COMERCIAL E O S DE PRODU [F1561]
18337759000120,DISTRIBUIDORA MERISIO LTDA,145,DISTRIBUIDORA MERISIO LT [F1562]
18362195000185,ARLIMED DISTRIBUIDORA HOSPITALAR LTDA,5,ARLIMED DISTRIBUIDORA HO [F1563]
18386337000144,SILVENINA UNIFORMES LTDA,3,SILVENINA UNIFORMES LTDA [F1564]
18429105000126,FRANHAN & ROGANTI LTDA,35,FRANHAN & ROGANTI LTDA [F1565]
18435186000177,DROGARIA COELHO & HIPOLITO LTDA,57,DROGARIA COELHO & HIPOLI [F1566]
18442927000147,CORUMBA HOSPITALAR LTDA,2,CORUMBA HOSPITALAR LTDA [F1567]
18448863000191,V P SILVA BRINQUEDOS LTDA,2,V P SILVA BRINQUEDOS LTD [F1568]
18451530000111,FRANCISCO DAS CHAGAS SANTOS DE MENESES JUNIOR,2,FRANCISCO DAS CHAGAS SAN [F1569]
18459628000115,BAYER S.A.,14,BAYER S.A. [F1570]
18459628009767,BAYER S.A.,134,BAYER S.A. [F1571]
18466544000109,PROTECTOR PRODUTOS HOSPITALARES LTDA,4,PROTECTOR PRODUTOS HOSPI [F1572]
18483775000120,DU BOM DISTRIBUICAO DE PRODUTOS MEDICO-HOSPITALAR LTDA,128,DU BOM DISTRIBUICAO DE P [F1573]
18489967000144,LB COMERCIO E SERVICOS LTDA,28,LB COMERCIO E SERVICOS L [F1574]
18500770000169,NUTRICAO ORIGINAL LTDA,11,NUTRICAO ORIGINAL LTDA [F1575]
18519219000167,POUSO FARMA HOSPITALAR LTDA,81,POUSO FARMA HOSPITALAR L [F1576]
18520715000130,SCAN DIAGNOSTICA INDUSTRIA E COMERCIO LTDA,2,SCAN DIAGNOSTICA INDUSTR [F1577]
18545564000175,GOLD NUTRI COMERCIO DE PRODUTOS NUTRICIONAIS E HOSPITALARES LTDA,6,GOLD NUTRI COMERCIO DE P [F1578]
18574431000127,VACCARIN & ALFF LTDA,17,VACCARIN & ALFF LTDA [F1579]
18588224000121,NACIONAL COMERCIO E REPRESENTACAO LTDA,34,NACIONAL COMERCIO E REPR [F1580]
18606861000183,SALUTE DISTRIBUIDORA DE MEDICAMENTOS E PRODUTOS HOSPITALARES LTDA,83,SALUTE DISTRIBUIDORA DE  [F1581]
18609208000178,MELHOR FARMA DISTRIBUIDORA HOSPITALAR LTDA,67,MELHOR FARMA DISTRIBUIDO [F1582]
18625083000170,SUL MINAS INDUSTRIA E COMERCIO DE CONFECCOES LTDA,2,SUL MINAS INDUSTRIA E CO [F1583]
18656923000323,SERVNUTRI COMERCIO DE PRODUTOS NUTRICIONAIS LTDA,11,SERVNUTRI COMERCIO DE PR [F1584]
18702558000184,A FAVARIN DISTRIBUIDORA LTDA,54,A FAVARIN DISTRIBUIDORA  [F1585]
18712730000180,WILL COMERCIAL LTDA,8,WILL COMERCIAL LTDA [F1586]
18716271000103,REAL NUTRICAO COMERCIO E SERVICOS LTDA,8,REAL NUTRICAO COMERCIO E [F1587]
18774815000193,AMGEN BIOTECNOLOGIA DO BRASIL LTDA.,63,AMGEN BIOTECNOLOGIA DO B [F1588]
18792517000126,TEREZINHA BATISTA FARMACIA LTDA,3,TEREZINHA BATISTA FARMAC [F1589]
18809570000354,SUPPLEX COMERCIO E SERVICOS LTDA,26,SUPPLEX COMERCIO E SERVI [F1590]
18811390000145,LEGI RIO PRETO LTDA,1,LEGI RIO PRETO LTDA [F1591]
18812673000101,UNIMARCAS DISTRIBUICAO E COMERCIO LTDA,69,UNIMARCAS DISTRIBUICAO E [F1592]
18836913000108,CIRURTECH COMERCIO E MANUTENCAO DE MATERIAIS CIRURGICOS LTDA,23,CIRURTECH COMERCIO E MAN [F1593]
18846221000140,BEV SAUDE COMERCIO DE PRODUTOS HOSPITALAR E ODONTOLOGICO LTDA,7,BEV SAUDE COMERCIO DE PR [F1594]
18848403000150,"GOLDEN MATERIAIS, PRODUTOS E SERVICOS LTDA",2,"GOLDEN MATERIAIS, PRODUT [F1595]"
18872656000160,INOVA COMERCIAL HOSPITALAR LTDA,152,INOVA COMERCIAL HOSPITAL [F1596]
18889314000152,SAUDE MED MATERIAL HOSPITALAR IMPORTACAO E EXPORTACAO LTDA,1,SAUDE MED MATERIAL HOSPI [F1597]
18917657000183,MEDH DISTRIBUIDORA DE MEDICAMENTOS LTDA,246,MEDH DISTRIBUIDORA DE ME [F1598]
18930881000105,ZZ MED COMERCIO DE PRODUTOS HOSPITALARES LTDA,1,ZZ MED COMERCIO DE PRODU [F1599]
18951116000171,SECRETARIA MUNICIPAL DE SAUDE DE BELEM DO PIAUI,1,SECRETARIA MUNICIPAL DE  [F1600]
18964366000146,RONDOLAB COMERCIO E SERVICOS LTDA,531,RONDOLAB COMERCIO E SERV [F1601]
19010052000177,FABIO ROBERTO DE MONTI & CIA LTDA,2,FABIO ROBERTO DE MONTI & [F1602]
19031878000112,AUTOMX SOLUCOES LTDA,2,AUTOMX SOLUCOES LTDA [F1603]
19056683000127,BIOFAR HOSPITALAR LTDA,14,BIOFAR HOSPITALAR LTDA [F1604]
19061289000187,MARES SERVICOS E COMERCIO DE EQUIPAMENTOS LTDA,25,MARES SERVICOS E COMERCI [F1605]
19079667000150,"W2 COMERCIO, IMPORTACAO E EXPORTACAO DE MEDICAMENTOS LTDA",88,"W2 COMERCIO, IMPORTACAO  [F1606]"
19086670000109,DICOREL DISTRIBUIDORA DE MEDICAMENTOS LTDA,365,DICOREL DISTRIBUIDORA DE [F1607]
19097931000188,CENTERCOR EQUIPAMENTOS HOSPITALARES E PRODUTOS PARA A SAUDE LTDA,1,CENTERCOR EQUIPAMENTOS H [F1608]
19125796000137,NORDMARKET COMERCIO DE PRODUTOS HOSPITALARES LTDA,4,NORDMARKET COMERCIO DE P [F1609]
19125796000218,NORDMARKET COMERCIO DE PRODUTOS HOSPITALARES LTDA,1,NORDMARKET COMERCIO DE P [F1610]
19142596000192,VITALABE EQUIPAMENTOS LABORATORIAIS LTDA,2,VITALABE EQUIPAMENTOS LA [F1611]
19159159000181,KEYS SOLUCOES EM SAUDE LTDA,1,KEYS SOLUCOES EM SAUDE L [F1612]
19221783000161,C. H. MORETO & CIA LTDA,8,C. H. MORETO & CIA LTDA [F1613]
19231616000100,R. DE F. TORRES MOLITERNO LTDA,13,R. DE F. TORRES MOLITERN [F1614]
19247489000129,MARIA ALICE CASTELAO DIAS MARCHEZEPE,2,MARIA ALICE CASTELAO DIA [F1615]
19281319000160,LMS BIOMEDICAL COMERCIO DE PRODUTOS HOSPITALARES LTDA,2,LMS BIOMEDICAL COMERCIO  [F1616]
19308719000112,S & B DISTRIBUIDORA E IMPORTADORA DE MEDICAMENTOS LTDA,10,S & B DISTRIBUIDORA E IM [F1617]
19312691000197,MP COMERCIO E SERVICO LTDA,3,MP COMERCIO E SERVICO LT [F1618]
19316473000120,BERNIERI & CIA LTDA,1,BERNIERI & CIA LTDA [F1619]
19316524000114,DELTA SHOP - DISTRIBUIDORA DE PRODUTOS HOSPITALARES LTDA,172,DELTA SHOP - DISTRIBUIDO [F1620]
19338456000194,ALFRS INDUSTRIA DE MOVEIS LTDA,2,ALFRS INDUSTRIA DE MOVEI [F1621]
19391064000199,LUVERMED DISTRIBUIDORA DE MEDICAMENTOS LTDA,703,LUVERMED DISTRIBUIDORA D [F1622]
19413639000127,ISAAC CENTER COMERCIO DE VARIEDADES E SERVICOS LTDA,1,ISAAC CENTER COMERCIO DE [F1623]
19416856000170,SMART COMERCIO DE PRODUTOS FARMACEUTICOS LTDA,23,SMART COMERCIO DE PRODUT [F1624]
19423875000124,M D G COMERCIAL LTDA.,175,M D G COMERCIAL LTDA. [F1625]
19427051000203,LABORATORIO DE ANALISE CLINICA VILHENA LTDA,1,LABORATORIO DE ANALISE C [F1626]
19430036000133,PERFIL HOSPITALAR LTDA,228,PERFIL HOSPITALAR LTDA [F1627]
19442190000125,AURAMEDI FARMACEUTICA LTDA,4,AURAMEDI FARMACEUTICA LT [F1628]
19458719000107,FLASH PRESTACAO DE SERVICOS E COMERCIO LTDA,1,FLASH PRESTACAO DE SERVI [F1629]
19458719000280,FLASH PRESTACAO DE SERVICOS E COMERCIO LTDA,6,FLASH PRESTACAO DE SERVI [F1630]
19501429000190,MAWDSLEYS PHARMACEUTICALS DO BRASIL LTDA,1,MAWDSLEYS PHARMACEUTICAL [F1631]
19501429000271,MAWDSLEYS PHARMACEUTICALS DO BRASIL LTDA,3,MAWDSLEYS PHARMACEUTICAL [F1632]
19558081000178,ELEDA LAB INDUSTRIA E COMERCIO DE PRODUTOS NATURAIS E ORGANICOS LTDA,3,ELEDA LAB INDUSTRIA E CO [F1633]
19570720000110,HIPOLABOR FARMACEUTICA LTDA,23,HIPOLABOR FARMACEUTICA L [F1634]
19570720000382,HIPOLABOR FARMACEUTICA LTDA,5,HIPOLABOR FARMACEUTICA L [F1635]
19570720000706,HIPOLABOR FARMACEUTICA LTDA,55,HIPOLABOR FARMACEUTICA L [F1636]
19571361000116,DROGARIA VITA DE UBA LTDA,13,DROGARIA VITA DE UBA LTD [F1637]
19611064000157,PIZANI EQUIPAMENTOS DE SEGURANCA LTDA,10,PIZANI EQUIPAMENTOS DE S [F1638]
19631038000190,SIONE DURANTE BARRETO & CIA LTDA,3,SIONE DURANTE BARRETO &  [F1639]
19691725000100,SERRAMED PRODUTOS HOSPITALARES LTDA,10,SERRAMED PRODUTOS HOSPIT [F1640]
19717412000175,DROGARIA PIUMHI LTDA,79,DROGARIA PIUMHI LTDA [F1641]
19717870000104,KIENTRO BRASIL LTDA,16,KIENTRO BRASIL LTDA [F1642]
19756096000140,PROMERCANTIL LTDA,12,PROMERCANTIL LTDA [F1643]
19769575000100,NOVA MEDICA COMERCIO E SERVICOS DE PRODUTOS HOSPITALARES LTDA.,1,NOVA MEDICA COMERCIO E S [F1644]
19791813000175,LABORATORIOS OSORIO DE MORAES LTDA,2,LABORATORIOS OSORIO DE M [F1645]
19805789000186,PRO HEALTH DISTRIBUIDORA DE MEDICAMENTOS LTDA,2,PRO HEALTH DISTRIBUIDORA [F1646]
19844928000180,ERIMED INDUSTRIA E COMERCIO DE PRODUTOS PARA SAUDE LTDA,15,ERIMED INDUSTRIA E COMER [F1647]
19845390000129,R. A. DA SILVA COMERCIO DE EQUIPAMENTOS,4,R. A. DA SILVA COMERCIO  [F1648]
19848316000166,BIOMEDICAL PRODUTOS CIENTIFICOS MEDICOS E HOSPITALARES S A,27,BIOMEDICAL PRODUTOS CIEN [F1649]
19859630000144,LR DISTRIBUIDORA DE PRODUTOS MEDICOS LTDA,42,LR DISTRIBUIDORA DE PROD [F1650]
19872584000113,JUNIOR ZANQUI DROGARIA LTDA,24,JUNIOR ZANQUI DROGARIA L [F1651]
19877178000143,CRUZEL COMERCIAL LTDA,3,CRUZEL COMERCIAL LTDA [F1652]
19891676000140,APAMED HOSPITALAR LTDA,1,APAMED HOSPITALAR LTDA [F1653]
19907582000112,SERRANA DISTRIBUIDORA DE PRODUTOS PARA SAUDE LTDA,4,SERRANA DISTRIBUIDORA DE [F1654]
19924663000120,RIOS E CAMBRAIA PRODUTOS DE DIETA LTDA,12,RIOS E CAMBRAIA PRODUTOS [F1655]
20001049000176,LICIMASTER DISTRIBUIDORA DE MEDICAMENTOS E PRODUTOS MEDICO HOSPITALAR LTDA,8,LICIMASTER DISTRIBUIDORA [F1656]
20035686000163,ORTOBENS DISTRIBUIDORA DE PRODUTOS HOSPITALARES LTDA,6,ORTOBENS DISTRIBUIDORA D [F1657]
20036341000124,FARMACIA LOVIS LTDA,5,FARMACIA LOVIS LTDA [F1658]
20069935000131,FARMACIA PRECO BAIXO VILHENA LTDA,14,FARMACIA PRECO BAIXO VIL [F1659]
20121311000116,W TEDESCO REFRIGERACAO LTDA,4,W TEDESCO REFRIGERACAO L [F1660]
20138626000176,PHARMED COMERCIO E DISTRIBUICAO DE PRODUTOS HOSPITALARES LTDA,59,PHARMED COMERCIO E DISTR [F1661]
20159008000102,MARMED DISTRIBUIDORA DE MEDICAMENTOS E MATERIAL HOSPITALAR LTDA,21,MARMED DISTRIBUIDORA DE  [F1662]
20182918000106,APG COMERCIAL LTDA,108,APG COMERCIAL LTDA [F1663]
20202872000140,PROVIP DISTRIBUIDORA HOSPITALAR LTDA,133,PROVIP DISTRIBUIDORA HOS [F1664]
20202872000220,PROVIP DISTRIBUIDORA HOSPITALAR LTDA,106,PROVIP DISTRIBUIDORA HOS [F1665]
20220317000140,HD- MIYAHARA COMERCIO E SERVICOS LTDA,1,HD- MIYAHARA COMERCIO E  [F1666]
20226846000151,ALLMED DISTRIBUIDORA E COMERCIO DE PRODUTOS FARMACEUTICOS LTDA,215,ALLMED DISTRIBUIDORA E C [F1667]
20227117000110,SP HEALTH INDUSTRIA E COMERCIO LTDA,6,SP HEALTH INDUSTRIA E CO [F1668]
20227692000112,DISTRIBUIDORA MEDICAL LTDA,84,DISTRIBUIDORA MEDICAL LT [F1669]
20235404000171,DCB DISTRIBUIDORA CIRURGICA BRASILEIRA LTDA,1,DCB DISTRIBUIDORA CIRURG [F1670]
20259895000190,MEDPRO COMERCIO DE PRODUTOS HOSPITALARES LTDA,4,MEDPRO COMERCIO DE PRODU [F1671]
20273404000166,BIODIAG DIAGNOSTICA E HOSPITALAR LTDA,57,BIODIAG DIAGNOSTICA E HO [F1672]
20278166000181,WASHINGTON LUIS DE OLIVEIRA LEITE,2,WASHINGTON LUIS DE OLIVE [F1673]
20301535000100,JB FARMA COMERCIO DE MEDICAMENTOS E REPRESENTACOES LTDA,5,JB FARMA COMERCIO DE MED [F1674]
20317146000172,MB DENTAL COMERCIO LTDA,24,MB DENTAL COMERCIO LTDA [F1675]
20331303000102,NOVA BIO - INDUSTRIA E COMERCIO LTDA,3,NOVA BIO - INDUSTRIA E C [F1676]
20339865000194,MARIMAX COMERCIO E IMPORTACAO DE PRODUTOS PARA SAUDE E VETERINARIOS LTDA,1,MARIMAX COMERCIO E IMPOR [F1677]
20344116000155,NEVALLI ARTIGOS MEDICOS E ORTOPEDICOS LTDA,31,NEVALLI ARTIGOS MEDICOS  [F1678]
20352354000102,GC LAB DIAGNOSTICOS LTDA,141,GC LAB DIAGNOSTICOS LTDA [F1679]
20371330000109,"MUNDI EQUIPAMENTOS MEDICOS, ODONTOLOGICOS E VETERINARIOS LTDA",10,MUNDI EQUIPAMENTOS MEDIC [F1680]
20402099000165,PRESTAMED HOSPITALAR LTDA,3,PRESTAMED HOSPITALAR LTD [F1681]
20419709000133,CIRURGICA ONIX LTDA,1105,CIRURGICA ONIX LTDA [F1682]
20442743000129,REPUBLIC COMERCIO E SERVICOS LTDA,17,REPUBLIC COMERCIO E SERV [F1683]
20444829000190,CMED DISTRIBUIDORA LTDA,2,CMED DISTRIBUIDORA LTDA [F1684]
20450255000163,A. N. GARCIA DA SILVA LTDA,2,A. N. GARCIA DA SILVA LT [F1685]
20480457000158,MAXI CONFORT IMPORTACAO E EXPORTACAO LTDA,4,MAXI CONFORT IMPORTACAO  [F1686]
20489064000105,PROSPER COMERCIO E DISTRIBUICAO LTDA,43,PROSPER COMERCIO E DISTR [F1687]
20512546000139,HEALTH & LIFE MEDICAL DO BRASIL LTDA,1,HEALTH & LIFE MEDICAL DO [F1688]
20513786000158,INNOVARE GESTAO E COMERCIO LTDA,1,INNOVARE GESTAO E COMERC [F1689]
20541898000112,MEDICAL LOG COMERCIO E INDUSTRIA DE PRODUTOS MEDICOS LTDA,1,MEDICAL LOG COMERCIO E I [F1690]
20590555000148,AGIL MEDICAMENTOS LTDA,785,AGIL MEDICAMENTOS LTDA [F1691]
20610628000116,"MEDICAL PRIME COMERCIO, IMPORTACAO E EXPORTACAO DE PRODUTOS PARA SAUDE LTDA",73,"MEDICAL PRIME COMERCIO,  [F1692]"
20618646000144,BOA VISTA COMERCIO E SERVICOS LTDA,6,BOA VISTA COMERCIO E SER [F1693]
20627681000120,CENTER DENT SERVICO DE PROTESE DENTARIA LTDA,3,CENTER DENT SERVICO DE P [F1694]
20637873000117,MEDIC VET DISTRIBUIDORA DE MEDICAMENTOS LTDA,55,MEDIC VET DISTRIBUIDORA  [F1695]
20652929000102,INOVA. DISTRIBUICAO E SERVICOS ELETRO MEDICOS LTDA,4,INOVA. DISTRIBUICAO E SE [F1696]
20653373000179,IASMINE SOARES BEZERRA,238,IASMINE SOARES BEZERRA [F1697]
20656202000101,FUSION MED COMERCIO DE MATERIAL MEDICO HOSPITALAR LTDA,2,FUSION MED COMERCIO DE M [F1698]
20657155000102,ILG COMERCIAL LTDA,3325,ILG COMERCIAL LTDA [F1699]
20669174000159,"K2 INDUSTRIA, COMERCIO, IMPORTACAO E EXPORTACAO LTDA",6,"K2 INDUSTRIA, COMERCIO,  [F1700]"
20676514000179,ACREPRES PRODUTOS HOSPITALARES LTDA,1,ACREPRES PRODUTOS HOSPIT [F1701]
20699933000126,THALMEC - MED COMERCIAL LTDA,35,THALMEC - MED COMERCIAL  [F1702]
20712427000120,I9 SOLUTIONS COMERCIO LTDA,20,I9 SOLUTIONS COMERCIO LT [F1703]
20739844000328,MODENA & SILVA LTDA,5,MODENA & SILVA LTDA [F1704]
20739844002029,MODENA & SILVA LTDA,5,MODENA & SILVA LTDA [F1705]
20740209000107,RCA MATERIAIS MEDICOS LTDA,15,RCA MATERIAIS MEDICOS LT [F1706]
20740314000138,J M M PAULA GARCIA DISTRIBUIDORA,13,J M M PAULA GARCIA DISTR [F1707]
20743363000124,OLIVEIRA E SOUSA DISTRIBUIDORA DE MEDICAMENTOS LTDA,8,OLIVEIRA E SOUSA DISTRIB [F1708]
20758465000113,S. C. COMERCIAL LTDA,1,S. C. COMERCIAL LTDA [F1709]
20782880000102,"NORDESTE MEDICAL, REPRESENTACAO, IMPORTACAO E EXPORTACAO DE PRODUTOS HOSPITALARES LTDA",1,"NORDESTE MEDICAL, REPRES [F1710]"
20787194000124,GTECH COMERCIO VAREJISTA DE PRODUTOS MEDICO HOSPITALARES LTDA,1,GTECH COMERCIO VAREJISTA [F1711]
20853918000271,"M.F. COMERCIO, GERENCIAMENTO E SERVICOS LTDA",1,"M.F. COMERCIO, GERENCIAM [F1712]"
20918668000120,MEDICINALI PRODUTOS PARA SAUDE LTDA,210,MEDICINALI PRODUTOS PARA [F1713]
20978588000160,NUTRIMIL COMERCIO DE PRODUTOS ALIMENTICIOS LTDA,4,NUTRIMIL COMERCIO DE PRO [F1714]
20989401000123,ARAUJO & ALAOR COM. DE PRODUTOS FARMACEUTICOS LTDA,9,ARAUJO & ALAOR COM. DE P [F1715]
20995679000103,MC MURA PEREIRA COMERCIO DE PRODUTOS FARMACEUTICOS,5,MC MURA PEREIRA COMERCIO [F1716]
21008058000151,FERNANDO UNIFORMES LTDA,3,FERNANDO UNIFORMES LTDA [F1717]
21026898000147,LGM COMERCIO E REPRESENTACOES DE PRODUTOS ALIMENTICIOS EM GERAL LTDA,3,LGM COMERCIO E REPRESENT [F1718]
21036417000184,NOVA HOSPITALAR COMERCIAL E IMPORTADORA LTDA,2,NOVA HOSPITALAR COMERCIA [F1719]
21043162000187,BIOTECHMAX HOSPITALAR LTDA,3,BIOTECHMAX HOSPITALAR LT [F1720]
21047693000148,CIRURGICA CRAVINHOS LTDA,1,CIRURGICA CRAVINHOS LTDA [F1721]
21112395000194,CIRURGICA LAJEADENSE LTDA,32,CIRURGICA LAJEADENSE LTD [F1722]
21116490000166,F B COMERCIO DE PRODUTOS E EQUIPAMENTOS LTDA,228,F B COMERCIO DE PRODUTOS [F1723]
21129833000127,T M DANTAS LTDA,79,T M DANTAS LTDA [F1724]
21152532000114,I9 DISTRIBUICAO E COMERCIO LTDA,50,I9 DISTRIBUICAO E COMERC [F1725]
21153043000187,H. F. E. COMERCIO DE MATERIAL MEDICO HOSPITALAR LTDA,150,H. F. E. COMERCIO DE MAT [F1726]
21177990000108,MIRANDI SANTOS REIS,2,MIRANDI SANTOS REIS [F1727]
21189554000159,TS FARMA DISTRIBUIDORA LTDA,611,TS FARMA DISTRIBUIDORA L [F1728]
21227039000116,LIFE CENTER COMERCIO E DISTRIBUIDORA DE MEDICAMENTOS LTDA,267,LIFE CENTER COMERCIO E D [F1729]
21234107000174,B. C. OLIVEIRA COMERCIO E SERVICOS LTDA.,2,B. C. OLIVEIRA COMERCIO  [F1730]
21257684000181,KENAN MEDICAMENTOS LTDA,582,KENAN MEDICAMENTOS LTDA [F1731]
21268634000108,MULTIPLIER DISTRIBUIDORA LTDA,1,MULTIPLIER DISTRIBUIDORA [F1732]
21276825000103,SILVIO VIGIDO,1,SILVIO VIGIDO [F1733]
21284068000110,FARMATEX DO BRASIL S/A,6,FARMATEX DO BRASIL S/A [F1734]
21296343000115,HASSEN RAAD DISTRIBUIDORA DE MEDICAMENTOS E PRODUTOS NUTRICIONAIS LTDA,1,HASSEN RAAD DISTRIBUIDOR [F1735]
21297758000103,PRO SAUDE DISTRIBUIDORA DE MEDICAMENTOS LTDA,141,PRO SAUDE DISTRIBUIDORA  [F1736]
21324430000139,CERQUEIRA COMERCIO LTDA,15,CERQUEIRA COMERCIO LTDA [F1737]
21340481000154,CDR BRASIL COMERCIAL LTDA,35,CDR BRASIL COMERCIAL LTD [F1738]
21368399000138,ALIANCA HOSPITALAR LTDA,95,ALIANCA HOSPITALAR LTDA [F1739]
21393482000167,A B 2 F COMERCIO E SERVICOS LTDA,1,A B 2 F COMERCIO E SERVI [F1740]
21399312000190,JB COMERCIAL DE MEDICAMENTOS LTDA,2,JB COMERCIAL DE MEDICAME [F1741]
21433209000119,DROGARIA BARRA LIMA LTDA,5,DROGARIA BARRA LIMA LTDA [F1742]
21438123000189,BR SUL DISTRIBUIDORA DE MEDICAMENTOS LTDA,123,BR SUL DISTRIBUIDORA DE  [F1743]
21473588000170,MULTMED-EQUIPAMENTOS MEDICAMENTOS E PRODUTOS HOSPITALARES LTDA,111,MULTMED-EQUIPAMENTOS MED [F1744]
21484336000147,MMH MED COMERCIO DE PRODUTOS HOSPITALARES LTDA,427,MMH MED COMERCIO DE PROD [F1745]
21487927000178,NEUPHARMA DISTRIBUICAO DE MATERIAL MEDICO HOSPITALAR LTDA,2,NEUPHARMA DISTRIBUICAO D [F1746]
21504525000134,DENTAL PRIME - PRODUTOS ODONTOLOGICOS MEDICOS HOSPITALARES LTDA,357,DENTAL PRIME - PRODUTOS  [F1747]
21515353000102,BASCEL SOLUCOES LTDA,188,BASCEL SOLUCOES LTDA [F1748]
21544585000180,JM COMERCIO DE PRODUTOS HOSPITALARES E MEDICAMENTOS LTDA,2,JM COMERCIO DE PRODUTOS  [F1749]
21544672000138,W&J DISTRIBUIDORA DE MEDICAMENTOS E MATERIAL HOSPITALAR LTDA,2,W&J DISTRIBUIDORA DE MED [F1750]
21551379000874,BECTON DICKINSON INDUSTRIAS CIRURGICAS LTDA,8,BECTON DICKINSON INDUSTR [F1751]
21551379002141,BECTON DICKINSON INDUSTRIAS CIRURGICAS LTDA,6,BECTON DICKINSON INDUSTR [F1752]
21552695000194,MEDICAL SIL COMERCIO DE EQUIPAMENTOS ODONTO MEDICO HOSPITALAR LTDA,2,MEDICAL SIL COMERCIO DE  [F1753]
21573367000174,E DA PASCOA ASSIS,27,E DA PASCOA ASSIS [F1754]
21579468000152,"TEKMARKET INDUSTRIA, COMERCIO E SERVICOS LTDA",1,"TEKMARKET INDUSTRIA, COM [F1755]"
21581445000182,ALTAMED DISTRIBUIDORA DE MEDICAMENTOS LTDA,566,ALTAMED DISTRIBUIDORA DE [F1756]
21589394000135,IMPERIO INDUSTRIA E COMERCIO DE BANDEIRAS LTDA,9,IMPERIO INDUSTRIA E COME [F1757]
21595464000168,UNI HOSPITALAR CEARA LTDA,131,UNI HOSPITALAR CEARA LTD [F1758]
21596355000165,DENTAX COMERCIO DE PRODUTOS ODONTOLOGICOS LTDA,63,DENTAX COMERCIO DE PRODU [F1759]
21596736000144,ULTRAMEGA DISTRIBUIDORA HOSPITALAR LTDA,519,ULTRAMEGA DISTRIBUIDORA  [F1760]
21608296000106,MAMED COMERCIAL LTDA,360,MAMED COMERCIAL LTDA [F1761]
21610147000173,CDA COMERCIAL DISTRIBUIDORA ARMINI LTDA,1,CDA COMERCIAL DISTRIBUID [F1762]
21632425000193,SALVADOR DISTRIBUIDORA DE MEDICAMENTOS LTDA,90,SALVADOR DISTRIBUIDORA D [F1763]
21670010000104,COMERCIAL CIRURGICA IPERO LTDA,146,COMERCIAL CIRURGICA IPER [F1764]
21681325000157,MULTIFARMA COMERCIO E REPRESENTACOES LTDA.,354,MULTIFARMA COMERCIO E RE [F1765]
21685018000144,MH SUPRIMENTO E COMERCIO DE PRODUTOS MEDICOS LTDA,1,MH SUPRIMENTO E COMERCIO [F1766]
21689389000102,MBN SUPRIMENTOS EM SAUDE LTDA,1,MBN SUPRIMENTOS EM SAUDE [F1767]
21699583000160,KYLIMP HOSPITALAR LTDA,8,KYLIMP HOSPITALAR LTDA [F1768]
21705181000121,DROGARIA MATOS LTDA,3,DROGARIA MATOS LTDA [F1769]
21707794000106,FASTLABOR COMERCIAL LTDA,5,FASTLABOR COMERCIAL LTDA [F1770]
21719710000146,PATOS DISTRIBUIDORA LTDA,28,PATOS DISTRIBUIDORA LTDA [F1771]
21752958000109,SANTOS E GIULIANI LTDA,4,SANTOS E GIULIANI LTDA [F1772]
21763961000128,MAX MED COMERCIO DE MEDICAMENTOS LTDA,8,MAX MED COMERCIO DE MEDI [F1773]
21777287000130,C. G. LIMA DISTRIBUIDORA LTDA,7,C. G. LIMA DISTRIBUIDORA [F1774]
21783698000139,VISAO DISTRIBUIDORA DE MEDICAMENTOS LTDA,95,VISAO DISTRIBUIDORA DE M [F1775]
21794870000150,DROGARIA FIDALGA LTDA,22,DROGARIA FIDALGA LTDA [F1776]
21810980000168,INNOVATIVE MEDICINES BRASIL SP DISTRIBUICAO DE MEDICAMENTOS LTDA,4,INNOVATIVE MEDICINES BRA [F1777]
21830581000169,DISTRIMED COMERCIO DE MEDICAMENTOS E MATERIAL HOSPITALAR LTDA,232,DISTRIMED COMERCIO DE ME [F1778]
21831246000185,TECH-SUL MEDICAL INDUSTRIA E COMERCIO LTDA,41,TECH-SUL MEDICAL INDUSTR [F1779]
21840263000189,P P E COMERCIO DE EQUIPAMENTOS E PROTECAO INDIVIDUAL LTDA,4,P P E COMERCIO DE EQUIPA [F1780]
21870007000134,MC PRODUTOS MEDICO HOSPITALARES LTDA,63,MC PRODUTOS MEDICO HOSPI [F1781]
21879362000174,FARMASHOPPING DISTRIBUIDORA DE COSMETICOS E MEDICAMENTOS LTDA,31,FARMASHOPPING DISTRIBUID [F1782]
21881617000133,AUDAX MED PRODUTOS MEDICOS HOSPITALARES LTDA,51,AUDAX MED PRODUTOS MEDIC [F1783]
21940274000130,JOSIANE CRISTINA FUSCO CARRARO,227,JOSIANE CRISTINA FUSCO C [F1784]
21947632000137,LABMEDIC COMERCIO E MANUTENCAO DE EQUIPAMENTOS MEDICOS LTDA,1,LABMEDIC COMERCIO E MANU [F1785]
21949562000156,YVMED PROMOCAO DE VENDAS LTDA,191,YVMED PROMOCAO DE VENDAS [F1786]
21971041000103,K.C.R.S. COMERCIO DE EQUIPAMENTOS LTDA,5,K.C.R.S. COMERCIO DE EQU [F1787]
21995406000121,SANEVITTA COMERCIO E REPRESENTACOES DE PRODUTOS MEDICOS LTDA,5,SANEVITTA COMERCIO E REP [F1788]
21998885000130,MEDIPHACOS INDUSTRIAS MEDICAS S/A,1,MEDIPHACOS INDUSTRIAS ME [F1789]
22031355000180,CASA DA BORRACHA CARMELITANA LTDA,1,CASA DA BORRACHA CARMELI [F1790]
22056379000194,L S FERREIRA CUIDADO A SAUDE LTDA,4,L S FERREIRA CUIDADO A S [F1791]
22065938000122,CCK COMERCIAL LTDA,1,CCK COMERCIAL LTDA [F1792]
22077847000107,JOSE DANTAS DINIZ FILHO,8,JOSE DANTAS DINIZ FILHO [F1793]
22094574000109,HB SUL COMERCIO DE ALIMENTOS LTDA,1,HB SUL COMERCIO DE ALIME [F1794]
22139078000124,BULA BRASIL DISTRIBUIDORA DE PRODUTOS MEDICO HOSPITALARES LTDA,5,BULA BRASIL DISTRIBUIDOR [F1795]
22218845000190,NUTRIMINAS COMERCIO DE NUTRICOES DIETETICAS E MATERIAIS HOSPITALARES LTDA,16,NUTRIMINAS COMERCIO DE N [F1796]
22228679000103,OP QUIRINO DISTRIBUIDORA DE PRODUTOS HOSPITALARES LTDA,2,OP QUIRINO DISTRIBUIDORA [F1797]
22244564000102,DX COMERCIO E DISTRIBUIDORA LTDA,2,DX COMERCIO E DISTRIBUID [F1798]
22265663000170,N1 DISTRIBUIDORA S/A,9,N1 DISTRIBUIDORA S/A [F1799]
22283196000101,BH LABORATORIOS LTDA,1,BH LABORATORIOS LTDA [F1800]
22291182000130,VITAMED COMERCIO E DISTRIBUIDORA DE MEDICAMENTOS LTDA,69,VITAMED COMERCIO E DISTR [F1801]
22312374000185,S A XINGU LTDA,41,S A XINGU LTDA [F1802]
22315538000128,MLA SUPRIMENTOS MEDICOS SA,2,MLA SUPRIMENTOS MEDICOS  [F1803]
22332686000150,VLM PRODUTOS DESCARTAVEIS LTDA,1,VLM PRODUTOS DESCARTAVEI [F1804]
22341240000192,FBC DE NITEROI COMERCIO E SERVICOS LTDA,9,FBC DE NITEROI COMERCIO  [F1805]
22351840000131,PHARMA BRA COMERCIO DE PRODUTOS FARMACEUTICOS LTDA,199,PHARMA BRA COMERCIO DE P [F1806]
22355622000175,BIOMIG MATERIAIS MEDICO-HOSPITALARES LTDA,8,BIOMIG MATERIAIS MEDICO- [F1807]
22391401000152,MEGA + FARMA COMERCIO DE MEDICAMENTOS LTDA,7,MEGA + FARMA COMERCIO DE [F1808]
22416818000122,DJE DISTRIBUIDORA DE ALIMENTOS LTDA,1,DJE DISTRIBUIDORA DE ALI [F1809]
22437236000122,PRIMAZIA MATERIAIS MEDICO HOSPITALARES LTDA,83,PRIMAZIA MATERIAIS MEDIC [F1810]
22465640000100,MJ COMERCIO DE ARTIGOS MEDICOS E ORTOPEDICOS LTDA,8,MJ COMERCIO DE ARTIGOS M [F1811]
22480778000188,CIRURGICA CALIFORNIA LTDA,15,CIRURGICA CALIFORNIA LTD [F1812]
22525517000137,JF COMERCIO DE MATERIAL E MEDICAMENTOS HOSPITALES LTDA,22,JF COMERCIO DE MATERIAL  [F1813]
22554493000144,ABM HOSPITALAR LTDA,49,ABM HOSPITALAR LTDA [F1814]
22580510000118,UNIFAR DISTRIBUIDORA DE MEDICAMENTOS LTDA,1,UNIFAR DISTRIBUIDORA DE  [F1815]
22627453000185,A C L ASSISTENCIA E COMERCIO DE PRODUTOS PARA LABORATORIOS LTDA,37,A C L ASSISTENCIA E COME [F1816]
22635177000105,MEDICOM LTDA,60,MEDICOM LTDA [F1817]
22646044000126,VIEIRA E ROCHA COMERCIO ATACADISTA DE PRODUTOS QUIMICOS LTDA,1,VIEIRA E ROCHA COMERCIO  [F1818]
22652688000127,J C N COMERCIO E EMPREENDIMENTOS LTDA,1,J C N COMERCIO E EMPREEN [F1819]
22654814000182,RGN INSTRUMENTOS E EQUIPAMENTOS MEDICOS LTDA,26,RGN INSTRUMENTOS E EQUIP [F1820]
22679352000158,J.A. MEDICAMENTOS REGENTE FEIJO LTDA,1,J.A. MEDICAMENTOS REGENT [F1821]
22680187000154,NUTRI CARE PRODUTOS PARA SAUDE LTDA,8,NUTRI CARE PRODUTOS PARA [F1822]
22684331000120,CARMO DISTRIBUIDORA HOSPITALAR LTDA,9,CARMO DISTRIBUIDORA HOSP [F1823]
22706161000138,AVANTE BRASIL COMERCIO LTDA,1,AVANTE BRASIL COMERCIO L [F1824]
22739986000159,BRA MEDICAL SOLUTION COMERCIO DE EQUIPAMENTOS PARA SAUDE LTDA,21,BRA MEDICAL SOLUTION COM [F1825]
22771751000144,VEV COMERCIO DE MEDICAMENTOS LTDA EM RECUPERACAO JUDICIAL,47,VEV COMERCIO DE MEDICAME [F1826]
22803038000135,FEMAP COMERCIO DE PRODUTOS HOSPITALARES LTDA,38,FEMAP COMERCIO DE PRODUT [F1827]
22831615000100,DA CUNHA & BEDINOT COMERCIO DE MEDICAMENTOS LTDA,1,DA CUNHA & BEDINOT COMER [F1828]
22846832000166,ALTS COMERCIO DE MATERIAIS E EQUIPAMENTOS HOSPITALARES LTDA,2,ALTS COMERCIO DE MATERIA [F1829]
22847311000123,MEGA MED PRODUTOS MEDICOS E HOSPITALARES LTDA,3,MEGA MED PRODUTOS MEDICO [F1830]
22862531000126,TOP NORTE COMERCIO DE MATERIAL MEDICO HOSPITALAR LTDA,665,TOP NORTE COMERCIO DE MA [F1831]
22870240000180,LOBIANCO FARMACIA E DROGARIA LTDA,65,LOBIANCO FARMACIA E DROG [F1832]
22888698000166,CV MEDICAL LTDA,2,CV MEDICAL LTDA [F1833]
22889282000162,ALMED ALDENIO DISTRIBUIDORA DE MEDICAMENTOS E MATERIAL MEDICO - HOSPITALAR LTDA,41,ALMED ALDENIO DISTRIBUID [F1834]
22906038000160,COMERCIAL TXV COMERCIO E SERVICO LTDA,1,COMERCIAL TXV COMERCIO E [F1835]
22910512000128,SUTUMED INDUSTRIA E COMERCIO DE PRODUTOS CIRURGICOS LTDA,20,SUTUMED INDUSTRIA E COME [F1836]
22968511000134,MCS ATACADISTA DE MEDICAMENTOS E PRODUTOS FARMACEUTICOS LTDA,39,MCS ATACADISTA DE MEDICA [F1837]
22976138000163,SAMED COMERCIO LTDA,2,SAMED COMERCIO LTDA [F1838]
23009866000169,SUPER CENTER CAMPOS DE PRODUTOS MEDICOS E DE TECNOLOGIA LTDA,9,SUPER CENTER CAMPOS DE P [F1839]
23015239000130,SAO BERNARDO COMERCIO DE PRODUTOS PARA SAUDE LTDA,5,SAO BERNARDO COMERCIO DE [F1840]
23015962000110,LANOFARMA HOSPITALAR LTDA,2,LANOFARMA HOSPITALAR LTD [F1841]
23025775000117,NUTTRE COMERCIO DE ALIMENTOS E MEDICAMENTOS LTDA,7,NUTTRE COMERCIO DE ALIME [F1842]
23036879000127,SUPREME ARTIGOS DE PLASTICO LTDA,3,SUPREME ARTIGOS DE PLAST [F1843]
23121810000100,G A - MEDICAL LTDA,16,G A - MEDICAL LTDA [F1844]
23121920000163,MARYMED DISTRIBUIDORA DE MEDICAMENTOS E CORRELATOS LTDA,1153,MARYMED DISTRIBUIDORA DE [F1845]
23141314000100,CIRURGICA AL-STYN LTDA,213,CIRURGICA AL-STYN LTDA [F1846]
23151775000163,NUTRIRE COMERCIO DE PRODUTOS NUTRICIONAIS E HOSPITALARES LTDA,5,NUTRIRE COMERCIO DE PROD [F1847]
23160692000130,LIFE COMERCIO DE MEDICAMENTOS LTDA,1,LIFE COMERCIO DE MEDICAM [F1848]
23179485000128,PEG LIMP INDUSTRIA E COMERCIO DE PRODUTOS DE LIMPEZA LTDA,1,PEG LIMP INDUSTRIA E COM [F1849]
23182890000103,DROGARIA SAO LUCAS DE LINS LTDA,35,DROGARIA SAO LUCAS DE LI [F1850]
23217514000107,HUBNET E-COMMERCE LTDA,3,HUBNET E-COMMERCE LTDA [F1851]
23228076000174,CMH - CENTRAL DE MEDICAMENTOS HOSPITALARES LTDA,2676,CMH - CENTRAL DE MEDICAM [F1852]
23232280000169,ZUCK PAPEIS LTDA,620,ZUCK PAPEIS LTDA [F1853]
23236167000151,NORTH MED DISTRIBUIDORA DE PRODUTOS MEDICOS E HOSPITALARES LTDA.,16,NORTH MED DISTRIBUIDORA  [F1854]
23276873000127,DHV DISTRIBUIDORA HOSPITALAR DO VALE LTDA,10,DHV DISTRIBUIDORA HOSPIT [F1855]
23302414000170,HIPERDROGAS COMERCIO DE MEDICAMENTOS LTDA,11,HIPERDROGAS COMERCIO DE  [F1856]
23312871000146,EXEMPLARMED COMERCIO DE PRODUTOS HOSPITALARES LTDA,400,EXEMPLARMED COMERCIO DE  [F1857]
23326462000107,JUNIOR COMERCIO E SERVICO LTDA,81,JUNIOR COMERCIO E SERVIC [F1858]
23349869000141,IDEALE TECNOLOGIA EM SAUDE LTDA,20,IDEALE TECNOLOGIA EM SAU [F1859]
23359559000108,ABASANTOS DISTRIBUIDORA LTDA,1,ABASANTOS DISTRIBUIDORA  [F1860]
23376715000149,OXIMONT GASES E MONTAGEM INDUSTRIAIS LTDA,2,OXIMONT GASES E MONTAGEM [F1861]
23400003000207,GMED FARMACEUTICA LTDA,11,GMED FARMACEUTICA LTDA [F1862]
23401205000184,R & C PRODUTOS PARA A SAUDE LTDA.,8,R & C PRODUTOS PARA A SA [F1863]
23411706000141,CENTRALMED COMERCIO E IMPORTACAO DE MATERIAL MEDICO LTDA,1,CENTRALMED COMERCIO E IM [F1864]
23420875000148,G. M. VALENCIA - PRODUTOS HOSPITALARES,106,G. M. VALENCIA - PRODUTO [F1865]
23443459000165,CAROLAYNE CARBONI BERNARDO,1,CAROLAYNE CARBONI BERNAR [F1866]
23460299000162,OK DENTAL COMERCIO DE MATERIAIS ODONTO MEDICO E HOSPITALAR LTDA.,8,OK DENTAL COMERCIO DE MA [F1867]
23472273000134,INNOVAR NEGOCIOS EMPRESARIAIS LTDA,1,INNOVAR NEGOCIOS EMPRESA [F1868]
23493764000161,P G LIMA COM LTDA,69,P G LIMA COM LTDA [F1869]
23504746000138,LJR DISTRIBUIDORA DE MEDICAMENTOS LTDA,40,LJR DISTRIBUIDORA DE MED [F1870]
23510282000172,DISTRIBUIDORA E DENTAL FLORIANO LTDA,230,DISTRIBUIDORA E DENTAL F [F1871]
23523598000107,BB MEDICA HOSPITALAR LTDA,511,BB MEDICA HOSPITALAR LTD [F1872]
23533848000181,R T COSTA FELICIANO,1,R T COSTA FELICIANO [F1873]
23535727000179,SANTA CRUZ DISTRIBUIDORA DE MEDICAMENTOS LTDA,76,SANTA CRUZ DISTRIBUIDORA [F1874]
23552212000187,ROCHE DIABETES CARE BRASIL LTDA,3,ROCHE DIABETES CARE BRAS [F1875]
23552212000268,ROCHE DIABETES CARE BRASIL LTDA,7,ROCHE DIABETES CARE BRAS [F1876]
23605544000182,ESSENZA INDUSTRIA QUIMICA LTDA,1,ESSENZA INDUSTRIA QUIMIC [F1877]
23616917000110,"CRP COMERCIO ATACADISTA DE PRODUTOS NUTRICIONAIS, MEDICAMENTOS E HOSPITALARES LTDA",1,CRP COMERCIO ATACADISTA  [F1878]
23637718000199,AIRMED LTDA,40,AIRMED LTDA [F1879]
23643895000188,SUPERARMED EQUIPAMENTOS MEDICOS HOSPITALARES LTDA,3,SUPERARMED EQUIPAMENTOS  [F1880]
23654188000197,ARAUCCOM INDUSTRIAL LTDA,1,ARAUCCOM INDUSTRIAL LTDA [F1881]
23662749000108,M GREFFE DE OLIVEIRA LIMA,2,M GREFFE DE OLIVEIRA LIM [F1882]
23664355000180,INJEMED MEDICAMENTOS ESPECIAIS LTDA,1,INJEMED MEDICAMENTOS ESP [F1883]
23680034000170,D.ARAUJO COMERCIO ATACADISTA LTDA,818,D.ARAUJO COMERCIO ATACAD [F1884]
23700376000104,CACOAL GASES COMERCIO E DISTRIBUICAO LTDA,1,CACOAL GASES COMERCIO E  [F1885]
23706033000157,MEDICAL CENTER DISTRIBUIDORA DE MEDICAMENTOS LTDA,622,MEDICAL CENTER DISTRIBUI [F1886]
23708186000133,VIVAMED COMERCIO DE MEDICAMENTOS E MATERIAL HOSPITALAR LTDA,34,VIVAMED COMERCIO DE MEDI [F1887]
23720752000122,JARDIM DISTRIBUIDORA DE COSMETICOS LTDA,34,JARDIM DISTRIBUIDORA DE  [F1888]
23829339000109,INFINITI CONFECCAO LTDA,28,INFINITI CONFECCAO LTDA [F1889]
23844833000134,SUSTENTARE LTDA,3,SUSTENTARE LTDA [F1890]
23864942000113,UNIQUE DISTRIBUIDORA DE MEDICAMENTOS LTDA,189,UNIQUE DISTRIBUIDORA DE  [F1891]
23866426000128,HOSPBOX DISTRIBUIDORA DE PRODUTOS HOSPITALARES LTDA,15,HOSPBOX DISTRIBUIDORA DE [F1892]
23889701000129,ECOLOGY PAPER LTDA,2,ECOLOGY PAPER LTDA [F1893]
23906560000105,FARMA LINE SERVICOS ADMINISTRATIVOS LTDA,16,FARMA LINE SERVICOS ADMI [F1894]
23976706000199,UPA FARMA DROGARIA LTDA,1,UPA FARMA DROGARIA LTDA [F1895]
23980789000190,VALE DIAGNOSTICOS LTDA,1,VALE DIAGNOSTICOS LTDA [F1896]
23993232000193,MEDIAL SAUDE DISTRIBUIDORA DE PRODUTOS MEDICOS HOSPITALAR LTDA,312,MEDIAL SAUDE DISTRIBUIDO [F1897]
23993776000155,FARMACIA MAIS POPULAR LTDA,4,FARMACIA MAIS POPULAR LT [F1898]
24009233000113,M.R. HOSPITALAR LTDA,18,M.R. HOSPITALAR LTDA [F1899]
24039450000156,HDX COMERCIAL LTDA,6,HDX COMERCIAL LTDA [F1900]
24045583000135,SAO JOSE ASSISTENCIA SAUDE LTDA,2,SAO JOSE ASSISTENCIA SAU [F1901]
24067457000181,FORCE MEDICAL INDUSTRIA E DISTRIBUIDORA LTDA,23,FORCE MEDICAL INDUSTRIA  [F1902]
24079703000115,J F FARMA DISTRIBUIDORA DE PRODUTOS FARMACEUTICOS LTDA,30,J F FARMA DISTRIBUIDORA  [F1903]
24103721000195,ROYAL ATACADISTA E COMERCIO LTDA,6,ROYAL ATACADISTA E COMER [F1904]
24118004000137,ANGULAR PRODUTOS PARA SAUDE LTDA,81,ANGULAR PRODUTOS PARA SA [F1905]
24175423000100,EXCLUSIVA DISTRIBUIDORA DE MEDICAMENTOS LTDA,786,EXCLUSIVA DISTRIBUIDORA  [F1906]
24206960000170,DROGA SANTOS LTDA,37,DROGA SANTOS LTDA [F1907]
24218223000198,NORTE GREEN COMERCIO DE PRODUTOS FARMACEUTICOS E HOSPITALAR LTDA,17,NORTE GREEN COMERCIO DE  [F1908]
24232886007501,PRO SAUDE - ASSOCIACAO BENEFICENTE DE ASSISTENCIA SOCIAL E HOSPITALAR,1,PRO SAUDE - ASSOCIACAO B [F1909]
24237168000183,"TARCAL COMERCIO DE MAQUINAS, APARELHOS E EQUIPAMENTOS LTDA",2,TARCAL COMERCIO DE MAQUI [F1910]
24259043000154,"MAIORCA SOLUCOES EM SAUDE, SEGURANCA E PADRONIZACAO LTDA",15,MAIORCA SOLUCOES EM SAUD [F1911]
24262316000110,STAFF MEDICAL DISTRIBUIDORA LTDA,12,STAFF MEDICAL DISTRIBUID [F1912]
24325781000152,MD FARMA DISTRIBUIDOR ATACADISTA LTDA,260,MD FARMA DISTRIBUIDOR AT [F1913]
24331585000190,MULTICARE PHARMACEUTICALS LTDA,41,MULTICARE PHARMACEUTICAL [F1914]
24384602000158,MZZ - COMERCIO DE PRODUTOS PARA SAUDE LTDA,50,MZZ - COMERCIO DE PRODUT [F1915]
24399184000172,CIRURGICA PLENA PRODUTOS HOSPITALARES LTDA,122,CIRURGICA PLENA PRODUTOS [F1916]
24402903000167,NACIONAL SAFETY EQUIPAMENTOS DE SEGURANCA LTDA,3,NACIONAL SAFETY EQUIPAME [F1917]
24412128000120,FARMA MATOS COSTA FARMACIA LTDA,7,FARMA MATOS COSTA FARMAC [F1918]
24479444000110,ARAMED COMERCIAL HOSPITALAR LTDA,5,ARAMED COMERCIAL HOSPITA [F1919]
24480341000170,SAUDMED DISTRIBUIDORA DE PRODUTOS HOSPITALARES LTDA,7,SAUDMED DISTRIBUIDORA DE [F1920]
24481773000103,"GEMMINI GESTORA DE EQUIPAMENTOS, MATERIAIS, MEDICAMENTOS E IMPLANTES NACIONAIS E IMPORTADOS LTDA",1,GEMMINI GESTORA DE EQUIP [F1921]
24484451000100,RIO FARMA DISTRIBUIDORA DE MEDICAMENTOS LTDA,115,RIO FARMA DISTRIBUIDORA  [F1922]
24562614000125,VIVA CARE MATERIAL MEDICO HOSPITALAR LTDA.,23,VIVA CARE MATERIAL MEDIC [F1923]
24564626000199,TEMPO COMERCIAL DISTRIBUIDORA DE MEDICAMENTOS LTDA,266,TEMPO COMERCIAL DISTRIBU [F1924]
24568268000192,ROBERTA MARTINS DA SILVA,3,ROBERTA MARTINS DA SILVA [F1925]
24586988000180,CIRURGICA NOSSA SENHORA LTDA,3391,CIRURGICA NOSSA SENHORA  [F1926]
24595488000105,MS SAUDE DISTRIBUIDORA DE MATERIAL HOSPITALAR LTDA,77,MS SAUDE DISTRIBUIDORA D [F1927]
24595557000180,AGIL PRODUTOS PARA SAUDE LTDA,293,AGIL PRODUTOS PARA SAUDE [F1928]
24602657000197,RALIC COMERCIO E DISTRIBUICAO LTDA,249,RALIC COMERCIO E DISTRIB [F1929]
24603766000129,MANANCIAL MEDICAL LTDA,2,MANANCIAL MEDICAL LTDA [F1930]
24614797000185,INDMED HOSPITALAR LTDA,350,INDMED HOSPITALAR LTDA [F1931]
24622755000196,YARA KEIKO NAGAO LEAL,52,YARA KEIKO NAGAO LEAL [F1932]
24626549000154,INSTRUMED INSTRUMENTOS MEDICOS HOSPITALARES LTDA,114,INSTRUMED INSTRUMENTOS M [F1933]
24633934000129,CAMBER FARMACEUTICA LTDA.,5,CAMBER FARMACEUTICA LTDA [F1934]
24652465000195,ALIVIO DISTRIBUIDORA HOSPITALAR LTDA,26,ALIVIO DISTRIBUIDORA HOS [F1935]
24658613000189,INTEGRA SOLUCOES MEDICAS LTDA,34,INTEGRA SOLUCOES MEDICAS [F1936]
24702356000135,CAPITAL MEDH IMPORTACAO DISTRIBUICAO E REPRESENTACAO COMERCIAL LTDA,6,CAPITAL MEDH IMPORTACAO  [F1937]
24711499000294,FOUR MED DISTRIBUIDORA HOSPITALAR IMPORTADORA LTDA,2,FOUR MED DISTRIBUIDORA H [F1938]
24728467000110,NS KARYDI INDUSTRIA E COMERCIO LTDA.,5,NS KARYDI INDUSTRIA E CO [F1939]
24768176000156,STRAFER PRODUTOS MEDICO HOSPITALARES LTDA,9,STRAFER PRODUTOS MEDICO  [F1940]
24774241000156,MEDEVICES PRODUTOS MEDICOS E HOSPITALARES LTDA,31,MEDEVICES PRODUTOS MEDIC [F1941]
24794078000193,ECEGH SERVICOS DE GESTAO HOSPITALAR LTDA,12,ECEGH SERVICOS DE GESTAO [F1942]
24826631000122,FARMA 2 PRODUTOS PARA SAUDE LTDA,130,FARMA 2 PRODUTOS PARA SA [F1943]
24826631000203,FARMA 2 PRODUTOS PARA SAUDE LTDA,43,FARMA 2 PRODUTOS PARA SA [F1944]
24857483000103,INVICTA PHARMA DROGARIA LTDA,2,INVICTA PHARMA DROGARIA  [F1945]
24864422000173,C E C IMPORTACAO E COMERCIO DE PRODUTOS MEDICOS LTDA,39,C E C IMPORTACAO E COMER [F1946]
24868172000140,CASTROMED MEDICAMENTOS E MATERIAIS MEDICOS E HOSPITALARES LTDA,284,CASTROMED MEDICAMENTOS E [F1947]
24871206000155,ODONTO AT COMERCIO E MANUTENCAO DE EQUIPAMENTOS LTDA,1,ODONTO AT COMERCIO E MAN [F1948]
24875483000136,ESSENCIAL RIO DISTRIBUIDORA DE PRODUTOS MEDICOS E HOSPITALARES LTDA,202,ESSENCIAL RIO DISTRIBUID [F1949]
24905567000175,AXIS TECNOLOGIA MEDICA LTDA,3,AXIS TECNOLOGIA MEDICA L [F1950]
24922642000106,ECO VIDA COMERCIO E INDUSTRIA DE EMBALAGENS PLASTICA LTDA,1,ECO VIDA COMERCIO E INDU [F1951]
24926663000108,L. P. SANTOS ATACADISTA,2,L. P. SANTOS ATACADISTA [F1952]
24931613000100,MORAES COMERCIO DE ARTIGOS PARA SAUDE LTDA,1,MORAES COMERCIO DE ARTIG [F1953]
24980102000189,LOGGEN PRODUTOS PARA SAUDE LTDA,5,LOGGEN PRODUTOS PARA SAU [F1954]
24994990000199,FOXMED MEDICAMENTOS E PRODUTOS HOSPITALARES LTDA,89,FOXMED MEDICAMENTOS E PR [F1955]
25031668000127,SAMEH SOLUCOES HOSPITALARES LTDA,91,SAMEH SOLUCOES HOSPITALA [F1956]
25034906000158,FLYMED COMERCIO DE PRODUTOS HOSPITALARES LTDA,297,FLYMED COMERCIO DE PRODU [F1957]
25066271000170,ALGSUN INDUSTRIA E COMERCIO DE PRODUTOS LTDA,1,ALGSUN INDUSTRIA E COMER [F1958]
25067657000105,MEDICAL CHIZZOLINI LTDA,31,MEDICAL CHIZZOLINI LTDA [F1959]
25067657000288,MEDICAL CHIZZOLINI LTDA,2,MEDICAL CHIZZOLINI LTDA [F1960]
25072030000134,SUL CIRURGICA MATERIAL HOSPITALAR LTDA,2,SUL CIRURGICA MATERIAL H [F1961]
25101524000108,R&C DISTRIBUIDORA DE PRODUTOS FARMACEUTICOS LTDA,167,R&C DISTRIBUIDORA DE PRO [F1962]
25101992000174,UGHC BRASIL IMPORTADORA LTDA,1,UGHC BRASIL IMPORTADORA  [F1963]
25106470000165,ROYAL MED HOSPITALAR LTDA,226,ROYAL MED HOSPITALAR LTD [F1964]
25123729000186,PLACIDO- COMERCIO DE MATERIAIS CIRURGICOS E HOSPITALAR LTDA,41,PLACIDO- COMERCIO DE MAT [F1965]
25153414000181,Z3 HOSPITALAR LTDA,1,Z3 HOSPITALAR LTDA [F1966]
25161681000109,PRATICA MEDICA COMERCIO E SERVICOS LTDA,4,PRATICA MEDICA COMERCIO  [F1967]
25165389000156,PHARMTECH DISTRIBUIDORA DE MEDICAMENTOS E MATERIAL HOSPITALAR LTDA,48,PHARMTECH DISTRIBUIDORA  [F1968]
25210463000109,PTC FARMACEUTICA DO BRASIL LTDA.,1,PTC FARMACEUTICA DO BRAS [F1969]
25210463000370,PTC FARMACEUTICA DO BRASIL LTDA.,20,PTC FARMACEUTICA DO BRAS [F1970]
25211499000107,MEDCOM COMERCIO DE MEDICAMENTOS HOSPITALARES LTDA,71,MEDCOM COMERCIO DE MEDIC [F1971]
25211499000379,MEDCOM COMERCIO DE MEDICAMENTOS HOSPITALARES LTDA,36,MEDCOM COMERCIO DE MEDIC [F1972]
25245772000114,L C MED MATERIAIS MEDICOS E HOSPITALARES LTDA,23,L C MED MATERIAIS MEDICO [F1973]
25249213000182,VIVA MED DISTRIBUIDORA E IMPORTADORA DE PRODUTOS MEDICOS LTDA.,2,VIVA MED DISTRIBUIDORA E [F1974]
25261528000145,PRO J VENDAS LTDA,1,PRO J VENDAS LTDA [F1975]
25279552000101,DISTRIBUIDORA DE MEDICAMENTOS BACKES LTDA,2418,DISTRIBUIDORA DE MEDICAM [F1976]
25287284000170,ZHC PHARMA LTDA,9,ZHC PHARMA LTDA [F1977]
25288745000129,NEW MEDIC COMERCIO ATACADISTA DE MEDICAMENTOS E MATERIAL HOSPITALAR LTDA,3,NEW MEDIC COMERCIO ATACA [F1978]
25290718000190,AVTMEDICAL COMERCIO E REPRESENTACOES LTDA,2,AVTMEDICAL COMERCIO E RE [F1979]
25296849000185,TIDIMAR COMERCIO DE PRODUTOS MEDICOS HOSPITALARES LTDA,354,TIDIMAR COMERCIO DE PROD [F1980]
25321906000139,BROILO DISTRIBUIDORA DE PRODUTOS FARMACEUTICOS LTDA,35,BROILO DISTRIBUIDORA DE  [F1981]
25325301000116,PAPIROS - MOVEIS E ELETRO LTDA,1,PAPIROS - MOVEIS E ELETR [F1982]
25341162000114,"MEGA DENTAL IMPORTACAO, EXPORTACAO E COMERCIO DE PRODUTOS ODONTOLOGICOS LTDA",667,"MEGA DENTAL IMPORTACAO,  [F1983]"
25386019000149,FARMODONTO PRODUTOS HOSPITALARES LTDA,14,FARMODONTO PRODUTOS HOSP [F1984]
25386146000148,LOTUS MEDICAL LTDA,17,LOTUS MEDICAL LTDA [F1985]
25398752000183,DJ COMERCIO E SERVICO EM GERAL LTDA,3,DJ COMERCIO E SERVICO EM [F1986]
25402188000125,JA MEDICAMENTOS & HOSPITALARES LTDA,1,JA MEDICAMENTOS & HOSPIT [F1987]
25407581000101,NANOSENS LTDA.,1,NANOSENS LTDA. [F1988]
25463374000174,MEDEFE PRODUTOS MEDICO- HOSPITALARES LTDA,456,MEDEFE PRODUTOS MEDICO-  [F1989]
25528763000130,ENIFAR COMERCIO ATACADISTA DE INSTRUMENTOS E MATERIAIS MEDICOS HOSPITALARES LTDA,5,ENIFAR COMERCIO ATACADIS [F1990]
25555046000106,DISTRIBUIDORA DOM CABRAL LTDA,1,DISTRIBUIDORA DOM CABRAL [F1991]
25631623000193,DENTAL GONTIJO LTDA,17,DENTAL GONTIJO LTDA [F1992]
25725813000170,EQUIPAR MEDICO E HOSPITALAR LIMITADA,110,EQUIPAR MEDICO E HOSPITA [F1993]
25773037000183,PHARMASCIENCE INDUSTRIA FARMACEUTICA S.A,3,PHARMASCIENCE INDUSTRIA  [F1994]
26043097000103,FATO IMPORTADORA E EXPORTADORA DE INSTRUMENTOS CIRURGICOS LTDA,44,FATO IMPORTADORA E EXPOR [F1995]
26083328000102,ALP PHARMA PRODUTOS HOSPITALARES LTDA,1,ALP PHARMA PRODUTOS HOSP [F1996]
26089337000100,BELLPHARMA MEDICAMENTOS LTDA,301,BELLPHARMA MEDICAMENTOS  [F1997]
26093205000152,CYN SERVICE DIAGNOSTICA LTDA,42,CYN SERVICE DIAGNOSTICA  [F1998]
26107229000113,LIZ HOSPITALAR COMERCIO ATACADISTA LTDA,75,LIZ HOSPITALAR COMERCIO  [F1999]
26113505000156,REMAC MAIS DISTRIBUIDORA LTDA,4,REMAC MAIS DISTRIBUIDORA [F2000]
26125547000107,V & A DESCARTAVEIS LTDA,15,V & A DESCARTAVEIS LTDA [F2001]
26129177000186,AS3 HOSPITALAR LTDA,202,AS3 HOSPITALAR LTDA [F2002]
26145871000197,OPEN MEDICAL COMERCIO IMPORTACAO E EXPORTACAO LTDA,7,OPEN MEDICAL COMERCIO IM [F2003]
26156923000120,EXPRESS DISTRIBUIDORA DE MEDICAMENTOS LTDA,1504,EXPRESS DISTRIBUIDORA DE [F2004]
26168820000180,MEGA CARE COMERCIO DE EQUIPAMENTOS E MATERIAIS MEDICOS LTDA,1,MEGA CARE COMERCIO DE EQ [F2005]
26189890000115,HORIZON MEDICAL COMERCIO DE PRODUTOS HOSPITALARES LTDA,2,HORIZON MEDICAL COMERCIO [F2006]
26231202000138,BRAVONUTRI COMERCIO DE PRODUTOS NUTRICIONAIS LTDA,17,BRAVONUTRI COMERCIO DE P [F2007]
26234900000197,HOSPILAR COMERCIO DE MATERIAL MEDICO HOSPITALAR EIRELI,16,HOSPILAR COMERCIO DE MAT [F2008]
26240632000116,DENTAL HIGIX PRODUTOS ODONTOLOGICOS MEDICOS HOSPITALARES LTDA.,277,DENTAL HIGIX PRODUTOS OD [F2009]
26291613000119,PHARMAVIT DISTRIBUIDORA LTDA,7,PHARMAVIT DISTRIBUIDORA  [F2010]
26294192000180,F V P COELHO,3,F V P COELHO [F2011]
26304688000197,LAGOLD COMERCIO HOSPITALAR LTDA,1,LAGOLD COMERCIO HOSPITAL [F2012]
26318479000100,BEDALM PHARMA DO BRASIL LTDA.,1,BEDALM PHARMA DO BRASIL  [F2013]
26325797000190,EREMIX INDUSTRIA DE ALIMENTOS ESPECIAIS LTDA,22,EREMIX INDUSTRIA DE ALIM [F2014]
26332803000137,AUMED HOSPITALARES LTDA,23,AUMED HOSPITALARES LTDA [F2015]
26364969000135,HOSPITALARES - DISTRIBUIDORA DE MEDICAMENTOS E CORRELATOS LTDA,182,HOSPITALARES - DISTRIBUI [F2016]
26383079000170,NUTRIENTES MED DISTRIBUIDORA DE MEDICAMENTOS LTDA,23,NUTRIENTES MED DISTRIBUI [F2017]
26383168000117,PROSAUDE MATERIAL MEDICO HOSPITALAR LTDA,14,PROSAUDE MATERIAL MEDICO [F2018]
26385056000103,PAULA GONCALVES DA SILVA,10,PAULA GONCALVES DA SILVA [F2019]
26393102000108,E P BARBOSA COMERCIO DE MAQUINAS E FERRAMENTAS LTDA,1,E P BARBOSA COMERCIO DE  [F2020]
26395502000152,DENTAL UNIVERSO EIRELI,300,DENTAL UNIVERSO EIRELI [F2021]
26396672000151,BRASMED DISTRIBUIDORA DE PRODUTOS HOSPITALARES LTDA,121,BRASMED DISTRIBUIDORA DE [F2022]
26397154000152,3P MEDICAL LTDA,1,3P MEDICAL LTDA [F2023]
26401571000121,TRES PHARMA DISTRIBUIDORA E SERVICOS LTDA,85,TRES PHARMA DISTRIBUIDOR [F2024]
26402220000135,CRISTIANE M. OST,1,CRISTIANE M. OST [F2025]
26419311000183,LUMANN DISTRIBUIDORA DE MEDICAMENTOS LTDA,992,LUMANN DISTRIBUIDORA DE  [F2026]
26436406000105,CENTRAL DAS FRALDAS DISTRIBUIDORA LTDA,12,CENTRAL DAS FRALDAS DIST [F2027]
26436496000134,CEARENSE COMERCIO DE PRODUTOS HOSPITALARES EIRELI,215,CEARENSE COMERCIO DE PRO [F2028]
26437725000135,BIS COMERCIO & SERVICOS LTDA,216,BIS COMERCIO & SERVICOS  [F2029]
26446086000174,MARIELLE CRISTINA SCHMIDT PORRECA,1,MARIELLE CRISTINA SCHMID [F2030]
26457348000104,C.A. HOSPITALAR LTDA,148,C.A. HOSPITALAR LTDA [F2031]
26476191000156,HIROMED PRODUTOS HOSPITALARES LTDA,3,HIROMED PRODUTOS HOSPITA [F2032]
26499522000173,MORIMED COMERCIAL LTDA,5,MORIMED COMERCIAL LTDA [F2033]
26518793000129,RESENDE DIAGNOSTICOS LTDA,2,RESENDE DIAGNOSTICOS LTD [F2034]
26526668000160,R A DOS SANTOS DISTRIBUIDORA DE PRODUTOS HOSPITALARES LTDA,6,R A DOS SANTOS DISTRIBUI [F2035]
26527362000129,ESFERA MASTER COMERCIAL LTDA,14,ESFERA MASTER COMERCIAL  [F2036]
26542337000114,VIP EMPREENDIMENTOS FARMACEUTICOS LTDA,34,VIP EMPREENDIMENTOS FARM [F2037]
26543386000171,RCA DIST. DE PRODUTOS HOSPITARES E COM. DE EQUIPAMENTOS DE INFORMATICA LTDA,120,RCA DIST. DE PRODUTOS HO [F2038]
26547099000130,M. CALGAROTO LTDA,1,M. CALGAROTO LTDA [F2039]
26551165000145,GUSTAVO NICOLINO,188,GUSTAVO NICOLINO [F2040]
26554718000113,LFP COMERCIO DE PRODUTOS PARA SAUDE LTDA,9,LFP COMERCIO DE PRODUTOS [F2041]
26556283000146,PRIMED COMERCIO DE PRODUTOS HOSPITALARES LTDA,1,PRIMED COMERCIO DE PRODU [F2042]
26570361000167,PORTAL DISTRIBUIDORA HOSPITALAR LTDA,10,PORTAL DISTRIBUIDORA HOS [F2043]
26574646000176,MARIA FLAVIA K DOS SANTOS GARCIA LTDA,1,MARIA FLAVIA K DOS SANTO [F2044]
26581761000178,HIGIBEST COMERCIO E SERVICOS LTDA,11,HIGIBEST COMERCIO E SERV [F2045]
26583983000120,HENRIQUE DE OLIVEIRA PRADO,9,HENRIQUE DE OLIVEIRA PRA [F2046]
26603680000121,MORAMED MANUTENCAO E VENDA DE ACESSORIOS MEDICO HOSPITALAR LTDA,1,MORAMED MANUTENCAO E VEN [F2047]
26605573000132,CENUTRI COMERCIO E SERVICOS LTDA,66,CENUTRI COMERCIO E SERVI [F2048]
26628908000138,URSA COMERCIAL LTDA,54,URSA COMERCIAL LTDA [F2049]
26640161000133,SAVIMED COMERCIO DE PRODUTOS MEDICOS LTDA,14,SAVIMED COMERCIO DE PROD [F2050]
26651036000129,JAC MED DIST DE MEDIC LTDA,150,JAC MED DIST DE MEDIC LT [F2051]
26657071000155,NSB DISTRIBUIDORA E SERVICOS LTDA,73,NSB DISTRIBUIDORA E SERV [F2052]
26657981000138,VISAO MATERIAL MEDICO HOSPITALAR LTDA,81,VISAO MATERIAL MEDICO HO [F2053]
26685436000155,GOLD CARE COMERCIO DE MATERIAIS CIRURGICOS E HOSPITALARES LTDA,2,GOLD CARE COMERCIO DE MA [F2054]
26697721000196,LUCINEIDE DE SOUSA CARVALHO LTDA,478,LUCINEIDE DE SOUSA CARVA [F2055]
26715034000156,PROMED COMERCIO DE SUPRIMENTOS HOSPITALARES LTDA,3,PROMED COMERCIO DE SUPRI [F2056]
26725081000180,"C M DISTRIBUIDORA, SERVICOS E LOCACOES LTDA",12,"C M DISTRIBUIDORA, SERVI [F2057]"
26732994000124,MED COMPANY COMERCIO DE PRODUTOS HOSPITALARES LTDA,4,MED COMPANY COMERCIO DE  [F2058]
26735921000196,NEW RIBE COMERCIAL LTDA,1,NEW RIBE COMERCIAL LTDA [F2059]
26754510000148,HORUS FARMA DISTRIBUIDORA DE MEDICAMENTOS LTDA,105,HORUS FARMA DISTRIBUIDOR [F2060]
26756192000154,CIRURGICA SOUZA RIO PRETO LTDA,102,CIRURGICA SOUZA RIO PRET [F2061]
26757894000152,LEMED DISTRIBUIDORA MATERIAIS HOSPITALARES LTDA,4,LEMED DISTRIBUIDORA MATE [F2062]
26760171000102,DRM - DISTRIBUIDORA REGIONAL DE MEDICAMENTOS LTDA,84,DRM - DISTRIBUIDORA REGI [F2063]
26794414000123,HELIOMED DISTRIBUIDORA HOSPITALAR LTDA,131,HELIOMED DISTRIBUIDORA H [F2064]
26847096000111,CIRURGICA ITAMBE LTDA,671,CIRURGICA ITAMBE LTDA [F2065]
26853028000165,CIRUMED COMERCIO LTDA,45,CIRUMED COMERCIO LTDA [F2066]
26892450000120,JPH BARROS COMERCIAL LTDA,1,JPH BARROS COMERCIAL LTD [F2067]
26898124000120,FARMANORTE COMERCIO E MANIPULACAO DE MEDICAMENTOS LTDA,6,FARMANORTE COMERCIO E MA [F2068]
26898423000164,SILITEC PRODUTOS HOSPITALARES LTDA,11,SILITEC PRODUTOS HOSPITA [F2069]
26918586000161,DROGARIA DUARTE LTDA,9,DROGARIA DUARTE LTDA [F2070]
26921908000121,HOSPFAR INDUSTRIA E COMERCIO DE PRODUTOS HOSPITALARES S.A.,34,HOSPFAR INDUSTRIA E COME [F2071]
26921908000202,HOSPFAR INDUSTRIA E COMERCIO DE PRODUTOS HOSPITALARES S.A.,66,HOSPFAR INDUSTRIA E COME [F2072]
26921908000555,HOSPFAR INDUSTRIA E COMERCIO DE PRODUTOS HOSPITALARES S.A.,8,HOSPFAR INDUSTRIA E COME [F2073]
26942958000195,NSC COMERCIO DE PRODUTOS MEDICOS HOSPITALARES LTDA,3,NSC COMERCIO DE PRODUTOS [F2074]
26965609000199,CECHETTI & KEDIZ - COMERCIO E DISTRIBUIDORA DE MEDICAMENTOS LTDA,44,CECHETTI & KEDIZ - COMER [F2075]
26965679000147,GG INDUSTRIA DE EQUIPAMENTOS MEDICOS LTDA,1,GG INDUSTRIA DE EQUIPAME [F2076]
26984213000199,R.A. MARTINS - DISTRIBUIDORA LTDA,74,R.A. MARTINS - DISTRIBUI [F2077]
27011022000103,BL INDUSTRIA OTICA LTDA,2,BL INDUSTRIA OTICA LTDA [F2078]
27011022002076,BL INDUSTRIA OTICA LTDA,2,BL INDUSTRIA OTICA LTDA [F2079]
27029083000106,ODONTOMASTER COMERCIO DE PRODUTOS PARA SAUDE LTDA,64,ODONTOMASTER COMERCIO DE [F2080]
27029310000195,OLINDA MATERIAIS HOSPITALARES LTDA,103,OLINDA MATERIAIS HOSPITA [F2081]
27066602000106,TS MEDICAL COMERCIO E SERVICO DE MATERIAL MEDICO HOSPITALAR E IMPORTACAO LTDA,32,TS MEDICAL COMERCIO E SE [F2082]
27080739000107,PRIME SOLUCOES EM SAUDE LTDA,119,PRIME SOLUCOES EM SAUDE  [F2083]
27081107000168,FERNANDO FATTORI DE OLIVEIRA LTDA,2,FERNANDO FATTORI DE OLIV [F2084]
27089709000161,FIRSTLAB INDUSTRIA IMPORTACAO E EXPORTACAO DE PRODUTOS PARA LABORATORIOS LTDA,1,FIRSTLAB INDUSTRIA IMPOR [F2085]
27105456000172,MEDICENTRO COMERCIO DE MEDICAMENTOS LTDA,34,MEDICENTRO COMERCIO DE M [F2086]
27114845000164,PREGWEB LTDA,2,PREGWEB LTDA [F2087]
27117540000106,DISTRIBUIDORA HOSPITALAR RAMOS E MENDONCA LTDA,9,DISTRIBUIDORA HOSPITALAR [F2088]
27130979000179,OPEN FARMA COMERCIO DE PRODUTOS HOSPITALARES LTDA,125,OPEN FARMA COMERCIO DE P [F2089]
27156872000108,VILLE COMERCIO E SERVICOS DE MOVEIS LTDA,2,VILLE COMERCIO E SERVICO [F2090]
27161574000106,OSVALDO CARNEO FILHO,3,OSVALDO CARNEO FILHO [F2091]
27162761000104,S2 DOCTOR DISTRIBUIDORA LTDA,5,S2 DOCTOR DISTRIBUIDORA  [F2092]
27168027000144,J B T INDUSTRIA E COMERCIO DE IMPORTACAO EXPORTACAO LTDA,54,J B T INDUSTRIA E COMERC [F2093]
27187758000137,BML HOSPITALAR LTDA,7,BML HOSPITALAR LTDA [F2094]
27191294000132,SIGEL DISTRIBUIDORA DE MEDICAMENTOS LTDA,12,SIGEL DISTRIBUIDORA DE M [F2095]
27205945000104,ODONTOMED T/A LTDA,7,ODONTOMED T/A LTDA [F2096]
27230285000103,HEMI SOLUCOES E SERVICOS LTDA,2,HEMI SOLUCOES E SERVICOS [F2097]
27250886000188,DAMIL COMERCIO DE PRODUTOS HOSPITALARES LTDA,35,DAMIL COMERCIO DE PRODUT [F2098]
27252621000119,KL COMERCIO E SERVICOS LTDA,2,KL COMERCIO E SERVICOS L [F2099]
27256185000156,MEDBRANDS COMERCIO E DISTRIBUIDORA LTDA,6,MEDBRANDS COMERCIO E DIS [F2100]
27265958000160,DENTAL Z. ROCHA LTDA,1,DENTAL Z. ROCHA LTDA [F2101]
27270402000162,CRISANTO ABILIO DE SOUSA NETTO,73,CRISANTO ABILIO DE SOUSA [F2102]
27292082000141,MEDINOVE COMERCIO DE PRODUTOS HOSPITALARES LTDA,7,MEDINOVE COMERCIO DE PRO [F2103]
27300682000104,BMH PRODUTOS MEDICOS HOSPITALARES LTDA,2,BMH PRODUTOS MEDICOS HOS [F2104]
27311107000107,SC MED DISTRIBUIDORA MEDICO HOSPITALAR LTDA,10,SC MED DISTRIBUIDORA MED [F2105]
27313181000162,NEO HOSPITALAR LTDA,2,NEO HOSPITALAR LTDA [F2106]
27325768000191,PREMIUM HOSPITALAR LTDA,98,PREMIUM HOSPITALAR LTDA [F2107]
27330244000199,MC MEDICALL PRODUTOS MEDICO HOSPITALARES LTDA,141,MC MEDICALL PRODUTOS MED [F2108]
27342692000102,VILEM FARMACIA DE MANIPULACAO LTDA,16,VILEM FARMACIA DE MANIPU [F2109]
27347244000100,REDALMUS COMERCIAL LTDA,28,REDALMUS COMERCIAL LTDA [F2110]
27358419000176,L.E. ALMEIDA COMERCIO DE PRODUTOS MEDICOS HOSPITALARES LTDA,37,L.E. ALMEIDA COMERCIO DE [F2111]
27360084000120,BH MED DISTRIBUIDORA HOSPITALAR LTDA,2,BH MED DISTRIBUIDORA HOS [F2112]
27376022000107,PRIME CIRURGICA IMPORTADORA E DISTRIBUIDORA DE MERCADORIAS E EQUIPAMENTOS MEDICOS E HOSPITALARES LTDA,2,PRIME CIRURGICA IMPORTAD [F2113]
27376632000100,EXATA DISTRIBUIDORA DE MEDICAMENTOS - EIRELI,42,EXATA DISTRIBUIDORA DE M [F2114]
27401513000160,DEVANT CARE COMERCIAL LTDA,9,DEVANT CARE COMERCIAL LT [F2115]
27435570000160,NUTRI CENTER PRODUTOS NUTRICIONAIS LTDA,2,NUTRI CENTER PRODUTOS NU [F2116]
27437056000164,SUPER DIAGNOSTICA PRODUTOS HOSPITALARES LTDA,1,SUPER DIAGNOSTICA PRODUT [F2117]
27455068000111,ESFIGMED COMERCIAL HOSPITALAR LTDA,133,ESFIGMED COMERCIAL HOSPI [F2118]
27457005000102,BIOTECNOPLUS ASSISTENCIA TECNICA EM EQUIPAMENTOS HOSPITALARES LTDA,3,BIOTECNOPLUS ASSISTENCIA [F2119]
27463638000115,DANIEL DA SILVA DISTRIBUIDORA,62,DANIEL DA SILVA DISTRIBU [F2120]
27468000000177,MED COMPANY - INDUSTRIA TEXTIL LTDA,3,MED COMPANY - INDUSTRIA  [F2121]
27477776000153,BRASIL CENTRAL COMERCIO DE PRODUTOS E SERVICOS LTDA,1,BRASIL CENTRAL COMERCIO  [F2122]
27479311000131,OXIGENIO MODELO INDUSTRIA E COMERCIO DE GASES LTDA,2,OXIGENIO MODELO INDUSTRI [F2123]
27545656000146,FORAL FORNECEDORA ALIANCA COMERCIAL LTDA,1,FORAL FORNECEDORA ALIANC [F2124]
27580236000109,VERSATILLY ORTOPEDICOS LTDA,35,VERSATILLY ORTOPEDICOS L [F2125]
27600270000190,LOGER DISTRIBUIDORA DE MEDICAMENTOS E MATERIAIS HOSPITALARES LTDA,574,LOGER DISTRIBUIDORA DE M [F2126]
27602029000108,JLM DISTRIBUIDORA COMERCIO E SERVICOS LTDA,13,JLM DISTRIBUIDORA COMERC [F2127]
27602134000139,HEALTH SANTA LUZIA LTDA,1,HEALTH SANTA LUZIA LTDA [F2128]
27616822000158,ERICK LUIZ MACIEL CAVALCANTI LTDA,2,ERICK LUIZ MACIEL CAVALC [F2129]
27634076000125,REMORA PRODUTOS PARA SAUDE LTDA,81,REMORA PRODUTOS PARA SAU [F2130]
27656480000108,PROATIVA HOSPITALAR LTDA,142,PROATIVA HOSPITALAR LTDA [F2131]
27657308000160,M B DE CARVALHO DROGARIA,3,M B DE CARVALHO DROGARIA [F2132]
27664639000128,D F C HOSPITALAR COMERCIO E SERVICOS LTDA,1,D F C HOSPITALAR COMERCI [F2133]
27672644000182,PROMEDI DISTRIBUIDORA LTDA,140,PROMEDI DISTRIBUIDORA LT [F2134]
27672908000106,WIENSKOSKI & FAIOLA LTDA,107,WIENSKOSKI & FAIOLA LTDA [F2135]
27710825000156,MINAS MED BRASIL LTDA,4,MINAS MED BRASIL LTDA [F2136]
27711259000105,"CENTRAL CIRURGICA COMERCIO, IMPORTACAO E EXPORTACAO LTDA",9,CENTRAL CIRURGICA COMERC [F2137]
27718661000103,ARMAZEM DOS MEDICAMENTOS LTDA,1451,ARMAZEM DOS MEDICAMENTOS [F2138]
27723136000186,DROGARIA PB LTDA,2,DROGARIA PB LTDA [F2139]
27764200000177,C B DISTRIBUIDORA DE PRODUTOS FARMACEUTICOS LTDA,77,C B DISTRIBUIDORA DE PRO [F2140]
27789446000101,AGUIA DISTRIBUIDORA DE MEDICAMENTOS E SUPRIMENTOS LTDA,345,AGUIA DISTRIBUIDORA DE M [F2141]
27806274000129,PROMEDI DISTRIBUIDORA DE PRODUTOS HOSPITALARES LTDA,37,PROMEDI DISTRIBUIDORA DE [F2142]
27817504000155,SP HOSPITALAR LTDA,198,SP HOSPITALAR LTDA [F2143]
27839404000120,AJS COMERCIAL LTDA,8,AJS COMERCIAL LTDA [F2144]
27840072000101,FARMACIA SANTA MARIA LTDA,322,FARMACIA SANTA MARIA LTD [F2145]
27844493000100,MEDSAUDE DISTRIBUIDORA DE MEDICAMENTOS LTDA,61,MEDSAUDE DISTRIBUIDORA D [F2146]
27855189000150,M. A. GIACOMETTI DROGARIA LTDA,47,M. A. GIACOMETTI DROGARI [F2147]
27860256000125,VITALSUL DISTRIBUIDORA DE MEDICAMENTOS LTDA,4,VITALSUL DISTRIBUIDORA D [F2148]
27904458000121,ESSENCIAL CIRURGICA ARTIGOS MEDICOS E ORTOPEDICOS LTDA,11,ESSENCIAL CIRURGICA ARTI [F2149]
27908285000110,XISMED DISTRIBUIDORA LTDA,11,XISMED DISTRIBUIDORA LTD [F2150]
27937238000102,A & S COMERCIO DE PRODUTOS E MATERIAIS HOSPITALARES LTDA,5,A & S COMERCIO DE PRODUT [F2151]
27943693000102,FACIL PRODUTOS HOSPITALARES LTDA,19,FACIL PRODUTOS HOSPITALA [F2152]
27951336000196,J.M.F COMERCIAL LTDA,1,J.M.F COMERCIAL LTDA [F2153]
27971020000166,VWPHARMA COMERCIO DE MEDICAMENTOS E MATERIAIS HOSPITALARES LTDA,2,VWPHARMA COMERCIO DE MED [F2154]
27985664000103,EUROMED COMERCIO DE MEDICAMENTOS LTDA,64,EUROMED COMERCIO DE MEDI [F2155]
28004857000107,DANIEL FERRARI ABRANTES - DISTRIBUIDORA DE MEDICAMENTOS,91,DANIEL FERRARI ABRANTES  [F2156]
28013023000150,W D DISTRIBUIDORA E COMERCIO ATACADISTA DE MEDICAMENTOS LTDA,19,W D DISTRIBUIDORA E COME [F2157]
28038227000145,LINHARES INFORMATICA E SUPRIMENTOS LTDA,3,LINHARES INFORMATICA E S [F2158]
28039635000111,GYROMED COM. E DISTRIB. DE MEDICAMENTOS E PROD. HOSPITALARES LTDA,118,GYROMED COM. E DISTRIB.  [F2159]
28069066000157,OESTE MED COMERCIO E IMPORTACAO DE PRODUTOS HOSPITALARES LTDA,39,OESTE MED COMERCIO E IMP [F2160]
28093678000185,F&F DISTRIBUIDORA DE MEDICAMENTOS LTDA,1107,F&F DISTRIBUIDORA DE MED [F2161]
28123417000160,PARTNER FARMA DISTRIBUIDORA DE MEDICAMENTOS LTDA,1151,PARTNER FARMA DISTRIBUID [F2162]
28145496000100,IGEMEDIC DISTRIBUIDORA HOSPITALAR LTDA,52,IGEMEDIC DISTRIBUIDORA H [F2163]
28167665000103,SOS COMERCIO DE MATERIAIS MEDICOS HOSPITALARES LTDA,4,SOS COMERCIO DE MATERIAI [F2164]
28199997000170,MOGI MEDICAL EQUIPAMENTOS LTDA,36,MOGI MEDICAL EQUIPAMENTO [F2165]
28215470000191,GOLDMED IMPORTACAO DE PRODUTOS HOSPITALARES LTDA.,1,GOLDMED IMPORTACAO DE PR [F2166]
28273249000190,NEO INDUSTRIA E COMERCIO DE PRODUTOS HOSPITALARES LTDA,1,NEO INDUSTRIA E COMERCIO [F2167]
28289799000105,SOS DISTRIBUIDORA IMPORTADORA E EXPORTADORA DE PRODUTOS PARA SAUDE LTDA,442,SOS DISTRIBUIDORA IMPORT [F2168]
28345933000130,BRAMED COMERCIO HOSPITALAR DO BRASIL LTDA,23,BRAMED COMERCIO HOSPITAL [F2169]
28387424000170,M MED COMERCIAL DE MEDICAMENTOS E PRODUTOS HOSPITALARES LTDA,151,M MED COMERCIAL DE MEDIC [F2170]
28389922000151,DROGARIA ROSINHA LTDA,1,DROGARIA ROSINHA LTDA [F2171]
28418133000100,MED VITTA COMERCIO DE PRODUTOS HOSPITALARES LTDA,370,MED VITTA COMERCIO DE PR [F2172]
28421328000109,ALLIANCA EQUIPAMENTOS MEDICOS LTDA,5,ALLIANCA EQUIPAMENTOS ME [F2173]
28431575000188,HOSPITEC COMERCIO REPRESENTACOES LTDA,1,HOSPITEC COMERCIO REPRES [F2174]
28449930000146,MARCELLE HORTER,38,MARCELLE HORTER [F2175]
28467781000148,VEM EMPREENDIMENTOS COMERCIAIS LTDA,212,VEM EMPREENDIMENTOS COME [F2176]
28470340000103,METROSAUDE COMERCIO DE MATERIAIS MEDICOS E HOSPITALARES LTDA,3,METROSAUDE COMERCIO DE M [F2177]
28492207000140,C DE CARVALHO COMERCIAL LTDA,8,C DE CARVALHO COMERCIAL  [F2178]
28530912000194,HOSPMEDICA DISTRIBUIDORA DE MEDICAMENTOS LTDA,30,HOSPMEDICA DISTRIBUIDORA [F2179]
28537922000151,RBR COMERCIO DE PRODUTOS MEDICO HOSPITALARES LTDA,17,RBR COMERCIO DE PRODUTOS [F2180]
28546470000174,SOUZA MED COMERCIO DE MATERIAIS MEDICO-HOSPITALAR LTDA,102,SOUZA MED COMERCIO DE MA [F2181]
28547190000180,GRAZIELA VELANI ABUFARES COMERCIO DE MEDICAMENTOS LTDA,13,GRAZIELA VELANI ABUFARES [F2182]
28590769000126,SERVBOX SERVICOS ADMINISTRATIVOS LTDA,12,SERVBOX SERVICOS ADMINIS [F2183]
28591670000149,VETSUL COMERCIO DE MEDICAMENTOS LTDA,12,VETSUL COMERCIO DE MEDIC [F2184]
28643008000195,SANTO REMEDIO -COMERCIO DE PRODUTOS MEDICO-HOSPITALAR LTDA,794,SANTO REMEDIO -COMERCIO  [F2185]
28651151000129,LIDYFARMA COMERCIO DE PRODUTOS FARMACEUTICOS LTDA,3,LIDYFARMA COMERCIO DE PR [F2186]
28675331000140,DIABETICOS EIRELI,63,DIABETICOS EIRELI [F2187]
28725094000185,DANUTRE PRODUTOS ESTETICOS LTDA,1,DANUTRE PRODUTOS ESTETIC [F2188]
28729142000103,NORTELAB COMERCIO ATACADISTA DE PRODUTOS LABORATORIAIS LTDA,13,NORTELAB COMERCIO ATACAD [F2189]
28766510000193,DESAFIO FARMA DISTRIBUIDORA DE MEDICAMENTOS LTDA,85,DESAFIO FARMA DISTRIBUID [F2190]
28767124000116,HABX COMERCIO & PRESTACAO DE SERVICOS EM EQUIPAMENTOS DE HOSPITAIS E LABORATORIOS LTDA,2,HABX COMERCIO & PRESTACA [F2191]
28787127000111,SHIGEMOTO COMERCIAL LTDA,5,SHIGEMOTO COMERCIAL LTDA [F2192]
28788905000197,DUMALE PRODUTOS PARA SAUDE LTDA,6,DUMALE PRODUTOS PARA SAU [F2193]
28791011000156,FOX INDUSTRIA E COMERCIO DE MATERIAIS MEDICOS E HOSPITALARES LTDA,22,FOX INDUSTRIA E COMERCIO [F2194]
28801626000116,GALILEO TECNOLOGIA EM SAUDE LTDA,1,GALILEO TECNOLOGIA EM SA [F2195]
28820255000110,"SUPREMA DENTAL IMPORTACAO, EXPORTACAO E COMERCIO DE PRODUTOS ODONTOLOGICOS LTDA",513,SUPREMA DENTAL IMPORTACA [F2196]
28834487000127,GMB COMERCIO E SERVICOS LTDA,2,GMB COMERCIO E SERVICOS  [F2197]
28834716000103,CARMED DISTRIBUIDORA DE MEDICAMENTOS LTDA,21,CARMED DISTRIBUIDORA DE  [F2198]
28843779000126,DROGARIA SANTA ALICE DE VASSOURAS LTDA,47,DROGARIA SANTA ALICE DE  [F2199]
28846752000197,INNOVAPHARMA LABORATORIO E MANIPULACAO LTDA,1,INNOVAPHARMA LABORATORIO [F2200]
28857335000140,"MAXIMA DENTAL IMPORTACAO, EXPORTACAO E COMERCIO DE PRODUTOS ODONTOLOGICOS LTDA",745,MAXIMA DENTAL IMPORTACAO [F2201]
28876663000193,FARMACIA VICENTINA LTDA,2,FARMACIA VICENTINA LTDA [F2202]
28877319000119,PIETRA ODONTO IMPORTACAO E DISTRIBUIDORA LTDA,2,PIETRA ODONTO IMPORTACAO [F2203]
28911309000152,ESPIRITO SANTO DISTRIBUIDORA DE PRODUTOS HOSPITALARES LTDA,165,ESPIRITO SANTO DISTRIBUI [F2204]
28921456000103,ALM COMERCIO DE PRODUTOS PARA SAUDE LTDA,5,ALM COMERCIO DE PRODUTOS [F2205]
28924885000134,QUEST INTERNATIONAL LOGISTICS LTDA,2,QUEST INTERNATIONAL LOGI [F2206]
28933805000107,INSPIRE DISTRIBUICAO E REPRESENTACAO LTDA.,3,INSPIRE DISTRIBUICAO E R [F2207]
28942742000155,MEDICAL VITORIA COMERCIO E SERVICOS LTDA,4,MEDICAL VITORIA COMERCIO [F2208]
29004099000181,BONIN & BONIN LTDA,29,BONIN & BONIN LTDA [F2209]
29010039000171,MONACO DISTRIBUIDORA DE MEDICAMENTOS LTDA,67,MONACO DISTRIBUIDORA DE  [F2210]
29022681000170,BKP COMERCIO E SERVICOS MEDICOS E HOSPITALARES LTDA,6,BKP COMERCIO E SERVICOS  [F2211]
29025383000134,4FR ASSESSORIA E SERVICOS LTDA.,10,4FR ASSESSORIA E SERVICO [F2212]
29032826000114,DATA - MEDICAL PRODUTOS MEDICOS HOSPITALARES LTDA,57,DATA - MEDICAL PRODUTOS  [F2213]
29032903000136,PLENA MEDICA HOSPITALAR LTDA,971,PLENA MEDICA HOSPITALAR  [F2214]
29036138000122,SMC FARMACEUTICA LTDA,2,SMC FARMACEUTICA LTDA [F2215]
29043834000166,3MED DISTRIBUIDORA DE MEDICAMENTOS LTDA.,165,3MED DISTRIBUIDORA DE ME [F2216]
29057136000110,SURGICALMEDI - IMPORTADORA E DISTRIBUIDORA DE MATERIAIS CIRURGICOS LTDA,1,SURGICALMEDI - IMPORTADO [F2217]
29081186000132,JULIO CESAR SANTOS DA CUNHA,2,JULIO CESAR SANTOS DA CU [F2218]
29081842000105,ELITEMED DIST. LTDA,11,ELITEMED DIST. LTDA [F2219]
29084363000134,DENTAL CONCEITO COMERCIO DE PRODUTOS ODONTOLOGICOS MEDICOS E HOSPITALARES LTDA,34,DENTAL CONCEITO COMERCIO [F2220]
29101445000140,JORGE EDUARDO RIBEIRO SOARES LTDA,992,JORGE EDUARDO RIBEIRO SO [F2221]
29107879000157,EC VARGAS COMERCIO E SERVICOS LTDA,4,EC VARGAS COMERCIO E SER [F2222]
29127216000102,AF EMPREENDIMENTOS LTDA,2,AF EMPREENDIMENTOS LTDA [F2223]
29129366000147,A&P FORMULACOES LTDA,1,A&P FORMULACOES LTDA [F2224]
29130664000157,FIVE MEDICAL COMERCIO DE MATERIAL MEDICO HOSPITALAR LTDA,1,FIVE MEDICAL COMERCIO DE [F2225]
29178366000137,VITAL PRODUTOS PARA SAUDE LTDA,7,VITAL PRODUTOS PARA SAUD [F2226]
29186223000177,FIELDS-MED COMERCIO LTDA,35,FIELDS-MED COMERCIO LTDA [F2227]
29196670000107,RHODES DISTRIBUIDORA DE MATERIAIS HOSPITALARES LTDA,9,RHODES DISTRIBUIDORA DE  [F2228]
29196977000108,SORAGGE E SOSSAI MANUTENCAO E MATERIAL HOSPITALAR LTDA,29,SORAGGE E SOSSAI MANUTEN [F2229]
29220512000145,MCN COMERCIO E IMPORTACAO DE PRODUTOS CIRURGICOS LTDA,76,MCN COMERCIO E IMPORTACA [F2230]
29228030000131,GALEGOS IMPORTADORA LTDA,1,GALEGOS IMPORTADORA LTDA [F2231]
29228930000189,LIGIA MARIA CARNEIRO,600,LIGIA MARIA CARNEIRO [F2232]
29230226000160,SALLUS COMERCIAL LTDA,1,SALLUS COMERCIAL LTDA [F2233]
29230269000146,R F BARILE LTDA,131,R F BARILE LTDA [F2234]
29245929000162,GC BRASIL SERVICOS DE COBRANCA LTDA,2,GC BRASIL SERVICOS DE CO [F2235]
29312896000126,BHDENTAL COMERCIAL LTDA,56,BHDENTAL COMERCIAL LTDA [F2236]
29321734000154,CR MED SERVICOS E COMERCIO DE MATERIAIS DE USO MEDICO E HOSPITALAR LTDA,1,CR MED SERVICOS E COMERC [F2237]
29346301000153,LABORATORIO FARMACEUTICO VITAMED LTDA,26,LABORATORIO FARMACEUTICO [F2238]
29349061000140,QUIRON PHARMA LTDA,9,QUIRON PHARMA LTDA [F2239]
29404097000180,OCTO FARMACO LTDA,67,OCTO FARMACO LTDA [F2240]
29412918000120,MALTACARE DISTRIBUIDORA LTDA,1,MALTACARE DISTRIBUIDORA  [F2241]
29426310000154,CIRURGICA ITAMARATY COMERCIAL LTDA,191,CIRURGICA ITAMARATY COME [F2242]
29468746000106,WWT COMERCIAL IMPORTADORA E EXPORTADORA DE PRODUTOS PERSONALIZADOS LTDA,1,WWT COMERCIAL IMPORTADOR [F2243]
29492182000147,FTTO COMERCIO DE PRODUTOS FARMACEUTICOS E HOSPITALARES LTDA,4,FTTO COMERCIO DE PRODUTO [F2244]
29494115000161,MEDICAM DISTRIBUIDORA DE MEDICAMENTOS E NUTRICAO LTDA,23,MEDICAM DISTRIBUIDORA DE [F2245]
29496518000140,MN NUTRICAO LTDA,21,MN NUTRICAO LTDA [F2246]
29515361000152,NORTE NUTRI PRODUTOS MEDICOS E NUTRICAO LTDA,13,NORTE NUTRI PRODUTOS MED [F2247]
29544048000142,MSI COMERCIO DE MATERIAIS E EQUIPAMENTOS HOSPITALARES LTDA,1,MSI COMERCIO DE MATERIAI [F2248]
29552649000105,ILCARA MARIA DE CASTRO BAILLY LTDA,6,ILCARA MARIA DE CASTRO B [F2249]
29565364000109,C G FARMA DISTRIBUIDORA LTDA,1103,C G FARMA DISTRIBUIDORA  [F2250]
29568915000180,SPECIALTY PHARMA BRASIL INTERMEDIACAO DE NEGOCIOS E CONSULTORIA LTDA,1,SPECIALTY PHARMA BRASIL  [F2251]
29587965000104,GS HOSPITALAR LTDA,49,GS HOSPITALAR LTDA [F2252]
29602808000120,DIAMANTE MATERIAL MEDICO HOSPITALAR LTDA,36,DIAMANTE MATERIAL MEDICO [F2253]
29614830000190,MEDITON FARMACEUTICA LTDA -,210,MEDITON FARMACEUTICA LTD [F2254]
29684349000171,LIBMED DISTRIBUIDORA DE MEDICAMENTOS E PRODUTOS HOSPITALARES LTDA,2,LIBMED DISTRIBUIDORA DE  [F2255]
29686370000106,JJ MED PRODUTOS HOSPITALARES LTDA,1,JJ MED PRODUTOS HOSPITAL [F2256]
29689057000121,P S M EQUIPAMENTOS MEDICOS LTDA,2,P S M EQUIPAMENTOS MEDIC [F2257]
29700587000123,PRIORITTA PRODUTOS HOSPITALARES LTDA,217,PRIORITTA PRODUTOS HOSPI [F2258]
29715704000122,MAIS SAUDE MARINGA PRODUTOS MEDICOS E NUTRICIONAIS LTDA,51,MAIS SAUDE MARINGA PRODU [F2259]
29740150000113,TECH MED DISTRIBUIDORA DE MEDICAMENTOS E MATERIAIS HOSPITALARES LTDA,3,TECH MED DISTRIBUIDORA D [F2260]
29754676000152,P&C MATERIAL MEDICO HOSPITALAR LTDA,4,P&C MATERIAL MEDICO HOSP [F2261]
29775313000101,SO SAUDE PRODUTOS HOSPITALAR LTDA,911,SO SAUDE PRODUTOS HOSPIT [F2262]
29791821000175,MAGNA INDUSTRIA DE MATERIAIS HOSPITALARES LTDA,7,MAGNA INDUSTRIA DE MATER [F2263]
29829415000154,LIGTH DISTRIBUIDORA LTDA,6,LIGTH DISTRIBUIDORA LTDA [F2264]
29843853000177,R2 S ABRAHAO COMERCIO E SERVICOS LTDA,10,R2 S ABRAHAO COMERCIO E  [F2265]
29866886000132,GREEN DISTRIBUIDORA DE MEDICAMENTOS LTDA,28,GREEN DISTRIBUIDORA DE M [F2266]
29868059000188,HOSPITALMED LTDA,423,HOSPITALMED LTDA [F2267]
29884628000189,ESTILO MEDICAL COMERCIO DE PRODUTOS HOSPITALARES LTDA,1,ESTILO MEDICAL COMERCIO  [F2268]
29907666000100,"VYP MATERIAL HOSPITALAR COMERCIO, IMPORTACAO E EXPORTACAO LTDA",517,VYP MATERIAL HOSPITALAR  [F2269]
29910022000170,UNIAO FARMA COMERCIAL LTDA,36,UNIAO FARMA COMERCIAL LT [F2270]
29931772000129,"JF COMERCIO DE PRODUTOS VETERINARIOS, EQUIPAMENTOS DE PROTECAO E LIMPEZA LTDA",2,JF COMERCIO DE PRODUTOS  [F2271]
29958463000142,ODONTO ARIQUEMES COMERCIO DE PRODUTOS HOSPITALAR ODONTOLOGICOS E ORTOPEDICOS LTDA,5,ODONTO ARIQUEMES COMERCI [F2272]
30008165000170,BIOLIFE BRASIL LTDA,3,BIOLIFE BRASIL LTDA [F2273]
30008649000110,LIZ COMERCIO ATACADISTA DE PRODUTOS HOSPITALARES LTDA,16,LIZ COMERCIO ATACADISTA  [F2274]
30016004000129,ALINE DE FRANCA MANGUEIRA LTDA,7,ALINE DE FRANCA MANGUEIR [F2275]
30029272000185,G.O.S SOLUCOES INTELIGENTES LTDA,1,G.O.S SOLUCOES INTELIGEN [F2276]
30034749000110,MARCELA CAROLINE BASTOS SALDANHA EIRELI,840,MARCELA CAROLINE BASTOS  [F2277]
30036611000150,ECOFARMA COMERCIO DE MEDICAMENTOS LTDA,45,ECOFARMA COMERCIO DE MED [F2278]
30037851000170,SQUADRA DO BRASIL DISTRIBUIDORA DE EQUIPAMENTOS LTDA,1,SQUADRA DO BRASIL DISTRI [F2279]
30082076000174,ABSOLUTA SAUDE IMP. EXP. E COMERCIO DE PRODUTOS PARA SAUDE LTDA,655,ABSOLUTA SAUDE IMP. EXP. [F2280]
30109731000130,IMPACTO MED EIRELI,35,IMPACTO MED EIRELI [F2281]
30140796000149,SAM FARMA COMERCIO VAREJISTA DE PRODUTOS FARMACEUTICOS LTDA,10,SAM FARMA COMERCIO VAREJ [F2282]
30153811000193,GUERBET IMAGEM DO BRASIL LTDA,1,GUERBET IMAGEM DO BRASIL [F2283]
30153811000436,GUERBET IMAGEM DO BRASIL LTDA,3,GUERBET IMAGEM DO BRASIL [F2284]
30203451000197,VILHEMED COM. ATACADISTA E VAREJISTA DE INSTRUMENTOS E MATERIAIS PARA USO MEDICO LTDA,95,VILHEMED COM. ATACADISTA [F2285]
30217256000116,EMANUEL DE A PEREIRA LTDA,1,EMANUEL DE A PEREIRA LTD [F2286]
30222814000131,VITAMEDIC INDUSTRIA FARMACEUTICA LTDA,10,VITAMEDIC INDUSTRIA FARM [F2287]
30223022000181,MULTI CLINICA CATARINA LTDA.,1,MULTI CLINICA CATARINA L [F2288]
30226102000190,SAO LUCAS DISTRIBUIDORA DE PRODUTOS FARMACEUTICOS E HOSPITALARES LTDA,29,SAO LUCAS DISTRIBUIDORA  [F2289]
30245939000187,SOLMED HOSPITALAR LTDA,1,SOLMED HOSPITALAR LTDA [F2290]
30249069000114,BRASIL DISTRIBUIDORA DE MEDICAMENTOS E EQUIPAMENTOS HOSPITALARES LTDA,249,BRASIL DISTRIBUIDORA DE  [F2291]
30284338000183,BMA-BRASIL MARCAS ATACADISTA LTDA,1,BMA-BRASIL MARCAS ATACAD [F2292]
30289820000106,R4 COMERCIO DE MEDICAMENTOS LTDA,11,R4 COMERCIO DE MEDICAMEN [F2293]
30313649000123,SERRANA DISTRIBUIDORA LTDA,2,SERRANA DISTRIBUIDORA LT [F2294]
30322475000165,DOCTORMED COMERCIAL LTDA,3,DOCTORMED COMERCIAL LTDA [F2295]
30323616000164,QUICKBUM E-COMMERCE LTDA,11,QUICKBUM E-COMMERCE LTDA [F2296]
30337889000168,ALFA COMERCIO DE PRODUTOS HOSPITALARES LTDA,8,ALFA COMERCIO DE PRODUTO [F2297]
30450392000151,KAIROS HOSPITALAR DISTRIBUIDORA DE MEDICAMENTOS LTDA,1,KAIROS HOSPITALAR DISTRI [F2298]
30461442000104,PRECISION COMERCIAL DISTRIBUIDORA DE PRODUTOS MEDICO HOSPITALARES LTDA,13,PRECISION COMERCIAL DIST [F2299]
30471311000108,ALFA CURATIVOS LTDA,3,ALFA CURATIVOS LTDA [F2300]
30490772000110,LIFECENTER COMERCIO DE PRODUTOS PARA SAUDE LTDA,5,LIFECENTER COMERCIO DE P [F2301]
30511964000165,"MEDICAL COMERCIO, IMPORTACAO E EXPORTACAO LTDA",1043,"MEDICAL COMERCIO, IMPORT [F2302]"
30518247000165,EXCELMED DISTRIBUIDORA DE MATERIAIS MEDICOS E ODONTOLOGICOS LTDA,2,EXCELMED DISTRIBUIDORA D [F2303]
30518878000184,MEDIC & NUTRE COMERCIO LTDA,28,MEDIC & NUTRE COMERCIO L [F2304]
30526342000100,MKM DISTRIBUIDORA DE MEDICAMENTOS LTDA,25,MKM DISTRIBUIDORA DE MED [F2305]
30535468000141,FIVE MED DISTRIBUIDORA DE MEDICAMENTOS LTDA,187,FIVE MED DISTRIBUIDORA D [F2306]
30540358000178,BIOGRAM COMERCIO DE INSUMOS FARMACEUTICOS LTDA,10,BIOGRAM COMERCIO DE INSU [F2307]
30547487000198,DISTRIBUIDORA DE MEDICAMENTOS BOEING LTDA,526,DISTRIBUIDORA DE MEDICAM [F2308]
30553090000109,E.M. SERVICOS EM SAUDE E DIAGNOSTICO CLINICOS LABORATORIAIS LTDA,9,E.M. SERVICOS EM SAUDE E [F2309]
30553793000137,JASMED DISTRIBUIDORA DE MEDICAMENTOS LTDA,63,JASMED DISTRIBUIDORA DE  [F2310]
30554501000180,RIO AMAZONAS COMERCIO E DISTRIBUICAO DE MEDICAMENTOS LTDA,6,RIO AMAZONAS COMERCIO E  [F2311]
30557974000131,C&W COMERCIO EM GERAL LTDA,11,C&W COMERCIO EM GERAL LT [F2312]
30571825000127,PDL NETO COMERCIO ATACADISTA DE MEDICAMENTOS LTDA,182,PDL NETO COMERCIO ATACAD [F2313]
30572915000132,BCPHARMA COMERCIO DE MEDICAMENTOS LTDA,22,BCPHARMA COMERCIO DE MED [F2314]
30584194000180,CROMO COMERCIO E DISTRIBUICAO DE MATERIAIS ODONTO-MEDICO HOSPITALARES LTDA.,12,CROMO COMERCIO E DISTRIB [F2315]
30584194000261,CROMO COMERCIO E DISTRIBUICAO DE MATERIAIS ODONTO-MEDICO HOSPITALARES LTDA.,2,CROMO COMERCIO E DISTRIB [F2316]
30597921000144,IS 8 INTERNATIONAL SUPPLIES IMPORTACAO E COMERCIO DE PRODUTOS HOSPITALARES LTDA,12,IS 8 INTERNATIONAL SUPPL [F2317]
30641249000147,FABIO LUIZ BORGES - MEDICAMENTOS,129,FABIO LUIZ BORGES - MEDI [F2318]
30644818000108,CALMED DISTRIBUIDORA E SERVICOS TECNICOS LTDA,11,CALMED DISTRIBUIDORA E S [F2319]
30667695000120,HARTMANN INDUSTRIA E COMERCIO DE PRODUTOS MEDICO-HOSPITALARES LTDA,5,HARTMANN INDUSTRIA E COM [F2320]
30679381000148,DISTRIBUIDORA LIMPOLI LTDA,3,DISTRIBUIDORA LIMPOLI LT [F2321]
30680100000177,JTH COMERCIO LTDA,2,JTH COMERCIO LTDA [F2322]
30684458000178,M. DOS S. VICENTE,2,M. DOS S. VICENTE [F2323]
30698093000130,GOLD DISTRIBUIDORA LTDA,6,GOLD DISTRIBUIDORA LTDA [F2324]
30713471000108,FARMACIA MOURA LTDA,127,FARMACIA MOURA LTDA [F2325]
30728087000189,MBT COMERCIO HOSPITALAR LTDA,4,MBT COMERCIO HOSPITALAR  [F2326]
30737387000124,ONCOSUL DISTRIBUIDORA DE MEDICAMENTO LTDA,2,ONCOSUL DISTRIBUIDORA DE [F2327]
30754325000120,MEDSI DISTRIBUIDORA DE MEDICAMENTOS LTDA,125,MEDSI DISTRIBUIDORA DE M [F2328]
30766874000115,CIRURGICA PARANAVAI LTDA,432,CIRURGICA PARANAVAI LTDA [F2329]
30778749000125,G.P. VEZONO LTDA,3,G.P. VEZONO LTDA [F2330]
30788967000140,C. O DE SOUZA,24,C. O DE SOUZA [F2331]
30815452000192,ANKER DISTRIBUIDORA LTDA,2,ANKER DISTRIBUIDORA LTDA [F2332]
30831921000167,ARAMIS GORZIZA SILVA,22,ARAMIS GORZIZA SILVA [F2333]
30859081000140,EIDIANE ALVES SANTANA,17,EIDIANE ALVES SANTANA [F2334]
30860667000125,ANA P. BRITO DE ALMEIDA LTDA,6,ANA P. BRITO DE ALMEIDA  [F2335]
30881804000108,MAGNUS MED COMERCIO DE PRODUTOS HOSPITALARES E MEDICAMENTOS LTDA,161,MAGNUS MED COMERCIO DE P [F2336]
30888187000172,PEROLA IMPORTADORA E DISTRIBUIDORA HOSPITALAR LTDA,198,PEROLA IMPORTADORA E DIS [F2337]
30899292000107,PROTMAIS EQUIPAMENTOS DE SAUDE E PROTECAO LTDA,1,PROTMAIS EQUIPAMENTOS DE [F2338]
30936479000133,DORA MEDICAMENTOS LTDA,509,DORA MEDICAMENTOS LTDA [F2339]
30949099000133,VFB BRASIL LTDA,178,VFB BRASIL LTDA [F2340]
30974186000140,ONCO LOG MEDICAMENTOS ESPECIAIS LTDA,2,ONCO LOG MEDICAMENTOS ES [F2341]
30976726000125,SOARES & MARINS.PAES LTDA,3,SOARES & MARINS.PAES LTD [F2342]
30981531000173,HM CIRURGICA LTDA,333,HM CIRURGICA LTDA [F2343]
30984346000132,DISTRIBUIDORA KLEAN LTDA,2,DISTRIBUIDORA KLEAN LTDA [F2344]
31009591000191,GLOBOMED DISTRIBUIDORA DE MEDICAMENTOS LTDA,57,GLOBOMED DISTRIBUIDORA D [F2345]
31030858000122,MEDIC LIFE DISTRIBUIDORA DE MEDICAMENTOS LTDA,47,MEDIC LIFE DISTRIBUIDORA [F2346]
31085156000146,MACMED SOLUCOES EM SAUDE LTDA.,48,MACMED SOLUCOES EM SAUDE [F2347]
31097402000180,ADL MED COMERCIO DE MEDICAMENTOS LTDA,137,ADL MED COMERCIO DE MEDI [F2348]
31097573000109,SHOPMED BRASIL COMERCIO DE MEDICAMENTOS LTDA,7,SHOPMED BRASIL COMERCIO  [F2349]
31107292000190,MARCIA VEIGA NEVES - SERVICOS DE ODONTOLOGIA LTDA,1,MARCIA VEIGA NEVES - SER [F2350]
31111756000131,ALEXANDRE SOUSA DA SILVA DROGARIA,28,ALEXANDRE SOUSA DA SILVA [F2351]
31116239000155,DENTSPLY INDUSTRIA E COMERCIO LIMITADA,2,DENTSPLY INDUSTRIA E COM [F2352]
31123992000178,MR MED COMERCIO DE PRODUTOS HOSPITALARES LTDA,17,MR MED COMERCIO DE PRODU [F2353]
31131938000174,MEDIC PRODUTOS PARA SAUDE LTDA,2,MEDIC PRODUTOS PARA SAUD [F2354]
31133295000106,FACIOLI & FACIOLI COMERCIO DE PRODUTOS HOSPITALARES LTDA,12,FACIOLI & FACIOLI COMERC [F2355]
31146994000182,ASIA INDUSTRIA E IMPORTACAO DE EQUIPAMENTOS E MAQUINAS LTDA,9,ASIA INDUSTRIA E IMPORTA [F2356]
31151224000128,ANJOMEDI DISTRIBUIDORA DE MEDICAMENTOS LTDA,184,ANJOMEDI DISTRIBUIDORA D [F2357]
31187918000115,ALLFAMED COMERCIO ATACADISTA DE MEDICAMENTOS LTDA,2738,ALLFAMED COMERCIO ATACAD [F2358]
31219338000162,JLF DISTRIBUIDORA DE MEDICAMENTOS LTDA,7,JLF DISTRIBUIDORA DE MED [F2359]
31230522000103,ANA CAROLINA A DE A RUELLA,3,ANA CAROLINA A DE A RUEL [F2360]
31246364000180,MED RIOS COMERCIO DE MEDICAMENTOS E MATERIAIS HOSPITALARES LTDA,3,MED RIOS COMERCIO DE MED [F2361]
31282018000157,BRASIL MED IMPORTACAO E EXPORTACAO LTDA,4,BRASIL MED IMPORTACAO E  [F2362]
31301174000118,WESLEY DIONE GRANJA,5,WESLEY DIONE GRANJA [F2363]
31317338000103,PAC SAUDE DISTRIBUIDORA LTDA,179,PAC SAUDE DISTRIBUIDORA  [F2364]
31321329000188,CHM COMERCIO DE MEDICAMENTOS LTDA,53,CHM COMERCIO DE MEDICAME [F2365]
31327287000192,BIOPAS BRASIL PRODUTOS FARMACEUTICOS LTDA,1,BIOPAS BRASIL PRODUTOS F [F2366]
31342367000117,RM DISTRIBUIDORA DE MEDICAMENTOS LTDA,96,RM DISTRIBUIDORA DE MEDI [F2367]
31345856000122,PRIME COMERCIO ATACADISTA DE EQUIPAMENTOS DE INFORMATICA LTDA,1,PRIME COMERCIO ATACADIST [F2368]
31368706000134,DROGAMIX DISTRIBUIDORA DE MEDICAMENTOS LTDA,524,DROGAMIX DISTRIBUIDORA D [F2369]
31374700000170,SOIN VIE FARMACEUTICA E NUTRICAO LTDA,14,SOIN VIE FARMACEUTICA E  [F2370]
31375959000135,INFRAMED SOLUCOES TECNOLOGICAS LTDA,1,INFRAMED SOLUCOES TECNOL [F2371]
31378288000166,MEDICAMENTAL HOSPITALAR LTDA,41,MEDICAMENTAL HOSPITALAR  [F2372]
31396050000163,DM LOGISTICA HOSPITALAR LTDA.,383,DM LOGISTICA HOSPITALAR  [F2373]
31401798000107,DENTAL BH BRASIL COMERCIO DE PRODUTOS ODONTO-MEDICO-HOSPITALAR LTDA,579,DENTAL BH BRASIL COMERCI [F2374]
31419958000145,MERCADAO DAS MASCARAS EIRELI,2,MERCADAO DAS MASCARAS EI [F2375]
31434320000183,RAVIMED FARMACEUTICA LTDA,15,RAVIMED FARMACEUTICA LTD [F2376]
31442383000181,A. C. DE MORAES LTDA,1,A. C. DE MORAES LTDA [F2377]
31455241000159,M. PICIANI PAZINATO COMERCIO DE MATERIAIS ELETRONICOS EIRELI,5,M. PICIANI PAZINATO COME [F2378]
31474414000186,BUTERI COMERCIO E REPRESENTACOES LTDA,127,BUTERI COMERCIO E REPRES [F2379]
31495759000116,SIRIO PHARMA LTDA,27,SIRIO PHARMA LTDA [F2380]
31498120000194,BELLAMED PRODUTOS HOSPITALARES LTDA,10,BELLAMED PRODUTOS HOSPIT [F2381]
31499939000176,M.K.R. COMERCIO DE EQUIPAMENTOS LTDA,5,M.K.R. COMERCIO DE EQUIP [F2382]
31504080000146,ESTEVIA DISTRIBUIDORA DE MEDICAMENTOS LTDA,85,ESTEVIA DISTRIBUIDORA DE [F2383]
31504150000166,POSITIVA COMERCIAL LTDA,200,POSITIVA COMERCIAL LTDA [F2384]
31509020000116,NUTRIVITTA HOSPITALAR LTDA,2,NUTRIVITTA HOSPITALAR LT [F2385]
31509165000117,ULTRAMED DISTRIBUIDORA DE MEDICAMENTOS LTDA,20,ULTRAMED DISTRIBUIDORA D [F2386]
31531888000112,GVFLEX INDUSTRIA E COMERCIO DE PRODUTOS PARA SAUDE LTDA,6,GVFLEX INDUSTRIA E COMER [F2387]
31538876000110,DROGARIA POPULAR MELHOR PRECO RGS LTDA,7,DROGARIA POPULAR MELHOR  [F2388]
31556536000111,DL DISTRIBUIDORA DE MEDICAMENTOS LTDA,54,DL DISTRIBUIDORA DE MEDI [F2389]
31558431000100,SALUD COMERCIO VAREJISTA DE PRODUTOS ALIMENTICIOS E DESCARTAVEIS LTDA,3,SALUD COMERCIO VAREJISTA [F2390]
31580603000133,GLO COMERCIO DE PRODUTOS MEDICOS E HOSPITALARES LTDA,18,GLO COMERCIO DE PRODUTOS [F2391]
31585556000110,PROMOMED LOGISTICA E DISTRIBUICAO LTDA,11,PROMOMED LOGISTICA E DIS [F2392]
31600475000142,JM DE PAULA PRODUTOS FARMACEUTICOS LTDA,13,JM DE PAULA PRODUTOS FAR [F2393]
31614778000114,EQAT SOLUCOES HOSPITALARES LTDA,1,EQAT SOLUCOES HOSPITALAR [F2394]
31636399000125,JBL SERVICOS E DISTRIBUIDORA DE MATERIAL MEDICO HOSPITALAR LTDA,2,JBL SERVICOS E DISTRIBUI [F2395]
31651640000195,FAITHCARE MEDICAL LTDA,2,FAITHCARE MEDICAL LTDA [F2396]
31662268000112,MEDPRIME MEDICAMENTOS LTDA,10,MEDPRIME MEDICAMENTOS LT [F2397]
31673254000102,LABORATORIOS B BRAUN SA,4,LABORATORIOS B BRAUN SA [F2398]
31673254000285,LABORATORIOS B BRAUN SA,5,LABORATORIOS B BRAUN SA [F2399]
31673254000951,LABORATORIOS B BRAUN SA,8,LABORATORIOS B BRAUN SA [F2400]
31673254001095,LABORATORIOS B BRAUN SA,53,LABORATORIOS B BRAUN SA [F2401]
31673254001680,LABORATORIOS B BRAUN SA,5,LABORATORIOS B BRAUN SA [F2402]
31709675000138,DIGIFLEX GRAFICA E ETIQUETAS LTDA,1,DIGIFLEX GRAFICA E ETIQU [F2403]
31770650000140,BRUMED COMERCIO ATACADISTA E MANUTENCAO DE EQUIPAMENTOS HOSPITALARES LTDA,9,BRUMED COMERCIO ATACADIS [F2404]
31794085000150,A. C. F. FERNAINE COMERCIO & SERVICO LTDA,4,A. C. F. FERNAINE COMERC [F2405]
31804909000126,VIMALAB COMERCIO DE EQUIPAMENTOS PARA LABORATORIOS LTDA,9,VIMALAB COMERCIO DE EQUI [F2406]
31807361000178,G.A. MED. DISTRIBUIDORA LTDA,113,G.A. MED. DISTRIBUIDORA  [F2407]
31863595000132,VESTSEG - SOLUCOES EM VESTIMENTAS PROFISSIONAIS LTDA,1,VESTSEG - SOLUCOES EM VE [F2408]
31890783000150,RIO MEIER COMERCIO DE MATERIAIS ODONTO-HOSPITALARES LTDA.,2,RIO MEIER COMERCIO DE MA [F2409]
31905076000190,RG2S DISTRIBUIDORA DE MEDICAMENTOS LTDA,550,RG2S DISTRIBUIDORA DE ME [F2410]
31908034000102,CIRURGICA SERRA MAR LTDA,453,CIRURGICA SERRA MAR LTDA [F2411]
31912939000156,ATHOS RIO PRODUTOS MEDICOS HOSPITALARES LTDA,363,ATHOS RIO PRODUTOS MEDIC [F2412]
31940808000182,DELCA ARTIGOS MEDICOS LTDA,2,DELCA ARTIGOS MEDICOS LT [F2413]
31950325000169,QUALIMAGE COMERCIO SERVICOS E REPRESENTACOES LTDA,13,QUALIMAGE COMERCIO SERVI [F2414]
31958700000117,H C IMPORTACOES EXPORTACOES LTDA,4,H C IMPORTACOES EXPORTAC [F2415]
31997707000148,CUIDA PRODUTOS PARA A SAUDE LTDA,15,CUIDA PRODUTOS PARA A SA [F2416]
32053182000155,DENTAL RONDONIA COMERCIO DE PRODUTOS PARA SAUDE LTDA,229,DENTAL RONDONIA COMERCIO [F2417]
32075199000103,CUBOMED - COMERCIO ATACADISTA DE PRODUTOS PARA SAUDE LTDA,1,CUBOMED - COMERCIO ATACA [F2418]
32079203000101,SERTVAREJO LICITACOES LTDA,1,SERTVAREJO LICITACOES LT [F2419]
32085624000145,REDE HEALTHY CENTER DISTRIBUIDORA E IMPORTADORA HOSPITALAR - LTDA,1,REDE HEALTHY CENTER DIST [F2420]
32116161000131,KADFAR MEDICAMENTOS LTDA,33,KADFAR MEDICAMENTOS LTDA [F2421]
32137731000170,A J COMERCIO ATACADISTA DE MEDICAMENTOS E PRODUTOS HOSPITALAR LTDA,69,A J COMERCIO ATACADISTA  [F2422]
32138304000106,INOVACOES COMERCIO DE MEDICAMENTOS E PRODUTOS PARA SAUDE LTDA,82,INOVACOES COMERCIO DE ME [F2423]
32149914000105,MEDGLOBAL DISTRIBUIDORA DE MATERIAL MEDICO HOSPITALAR LTDA,1,MEDGLOBAL DISTRIBUIDORA  [F2424]
32170135000191,PRIMUS MEDICAL DISTRIBUIDORA LTDA,1,PRIMUS MEDICAL DISTRIBUI [F2425]
32181809000153,GUARIA COMERCIO E REPRESENTACAO DE PRODUTOS HOSPITALARES LTDA,97,GUARIA COMERCIO E REPRES [F2426]
32198434000134,SULLAB COMERCIO DE PRODUTOS HOSPITALARES LTDA,22,SULLAB COMERCIO DE PRODU [F2427]
32218962000108,FORMA MEDICAL COMERCIO DE PRODUTOS HOSPITALARES LTDA,1,FORMA MEDICAL COMERCIO D [F2428]
32237610000108,SOMAR INDUSTRIA E COMERCIO LTDA,1,SOMAR INDUSTRIA E COMERC [F2429]
32258056000137,"LICITATRADE SERVICO, COMERCIO E IMPORTACAO LTDA",4,"LICITATRADE SERVICO, COM [F2430]"
32278119000117,32.278.119 FLAVIA MARIA TOREJANI OLIVEIRA,1,32.278.119 FLAVIA MARIA  [F2431]
32282308000163,J DE BRITO - DISTRIBUIDORA DE MEDICAMENTOS E CORRELATOS LTDA,195,J DE BRITO - DISTRIBUIDO [F2432]
32283972000127,GOLD HOSPITALAR COMERCIO E REPRESENTACOES LTDA.,4,GOLD HOSPITALAR COMERCIO [F2433]
32321488000145,PLAY PHARMA COMERCIO DE PRODUTOS HOSPITALARES LTDA,20,PLAY PHARMA COMERCIO DE  [F2434]
32350180000128,NOVA LINEA COMERCIO DE PRODUTOS FARMACEUTICOS LTDA,161,NOVA LINEA COMERCIO DE P [F2435]
32364822000148,TERRA SUL COMERCIO DE MEDICAMENTOS LTDA,503,TERRA SUL COMERCIO DE ME [F2436]
32380176000102,T.F. ALEXANDRE DISTRIBUIDORA DE MEDICAMENTOS,361,T.F. ALEXANDRE DISTRIBUI [F2437]
32386986000176,SERTAO MEDICAMENTOS & HOSPITALARES & ODONTOLOGICOS LTDA,35,SERTAO MEDICAMENTOS & HO [F2438]
32407715000150,CUSTOMED PRODUTOS HOSPITALARES E MEDICAMENTOS LTDA,10,CUSTOMED PRODUTOS HOSPIT [F2439]
32421421000182,MULTIHOSP COMERCIAL DE PRODUTOS HOSPITALARES LTDA,490,MULTIHOSP COMERCIAL DE P [F2440]
32441650000169,C.H.L. PRODUTOS MEDICOS HOSPITALARES LTDA,44,C.H.L. PRODUTOS MEDICOS  [F2441]
32465155000190,LABORATORIOS DUPRAT LTDA,2,LABORATORIOS DUPRAT LTDA [F2442]
32477466000179,MEDICARE DISTRIBUIDORA DE PRODUTOS FARMACEUTICOS E PERFUMARIA LTDA,1,MEDICARE DISTRIBUIDORA D [F2443]
32493837000106,FIRST LINE COMERCIO DE MATERIAL HOSPITALAR LTDA,5,FIRST LINE COMERCIO DE M [F2444]
32522252000177,BRAGA E NETO COMERCIO E REPRESENTACAO LTDA,3,BRAGA E NETO COMERCIO E  [F2445]
32534670000184,URBANOMED COMERCIO DE PRODUTOS HOSPITALARES LTDA,15,URBANOMED COMERCIO DE PR [F2446]
32534969000139,CK COMERCIO DE PRODUTOS E MEDICAMENTOS HOSPITALARES LTDA,507,CK COMERCIO DE PRODUTOS  [F2447]
32545533000145,FELIPE DANTAS ROMACHELLI,2,FELIPE DANTAS ROMACHELLI [F2448]
32573503000142,HERLAU ATACADISTA DE PRODUTOS HOSPITALARES LTDA,1,HERLAU ATACADISTA DE PRO [F2449]
32593430000150,M. CARREGA COMERCIO DE PRODUTOS HOSPITALARES LTDA,47,M. CARREGA COMERCIO DE P [F2450]
32624131000136,COMERCIAL PROMOSTORE CONFECCOES LTDA,4,COMERCIAL PROMOSTORE CON [F2451]
32630250000100,SAUDE BRASIL ODONTO HOSPITALAR LTDA,1,SAUDE BRASIL ODONTO HOSP [F2452]
32634420000116,TRIBUNAL DE CONTAS DOS MUNICIPIOS,1,TRIBUNAL DE CONTAS DOS M [F2453]
32635445000134,VALE COMERCIO DE PRODUTOS MEDICOS E HOSPITALARES LTDA,1763,VALE COMERCIO DE PRODUTO [F2454]
32644237000100,COSTA DISTRIBUIDORA HOSPITALAR LTDA,10,COSTA DISTRIBUIDORA HOSP [F2455]
32649525000149,TOPAZIO SERVICOS DE COMUNICACAO MULTIMIDIA LTDA,1,TOPAZIO SERVICOS DE COMU [F2456]
32654902000138,PLENA DISTRIBUIDORA DE MATERIAIS ELETRICOS E HIDRAULICOS LTDA,4,PLENA DISTRIBUIDORA DE M [F2457]
32669289000122,SUPPLYMED DISTRIBUIDORA DE MEDICAMENTOS LTDA,6,SUPPLYMED DISTRIBUIDORA  [F2458]
32680580000100,HEALTHS GARDENS DISTRIBUIDORA DE MEDICAMENTOS E PRODUTOS PARA A SAUDE SOCIEDADE LTDA,2,HEALTHS GARDENS DISTRIBU [F2459]
32694553000188,NUTRIPLAN COMERCIAL LTDA,14,NUTRIPLAN COMERCIAL LTDA [F2460]
32695863000117,BIOMED MATERIAIS MEDICOS HOSPITALARES LTDA,92,BIOMED MATERIAIS MEDICOS [F2461]
32708161000120,PROLINE MATERIAL HOSPITALAR LTDA,87,PROLINE MATERIAL HOSPITA [F2462]
32713461000106,ULTRAMED DISTRIBUIDORA LTDA,12,ULTRAMED DISTRIBUIDORA L [F2463]
32737279000187,NOEM MEDICAL IMPORTACAO E EXPORTACAO DE PRODUTOS MEDICOS-HOSPITALARES LTDA,6,NOEM MEDICAL IMPORTACAO  [F2464]
32743242000161,CAVALLI COMERCIO DE PRODUTOS MEDICOS E HOSPITALARES LTDA,596,CAVALLI COMERCIO DE PROD [F2465]
32743252000105,MEDICAL CL 23 COMERCIO DE PRODUTOS MEDICOS LTDA,14,MEDICAL CL 23 COMERCIO D [F2466]
32786481000107,BELOFARMA LTDA,81,BELOFARMA LTDA [F2467]
32838716000159,FARMAC PRODUTOS HOSPITALARES E LABORATORIAIS LTDA,6,FARMAC PRODUTOS HOSPITAL [F2468]
32859779000191,FARMACIA JR SOUZA LTDA,3,FARMACIA JR SOUZA LTDA [F2469]
32861890000112,LIDER DISTIBUIDORA DE PRODUTOS FARMACEUTICOS LTDA,103,LIDER DISTIBUIDORA DE PR [F2470]
32867087000195,A & J COMERCIO LTDA,37,A & J COMERCIO LTDA [F2471]
32875635000129,W.M.W COMERCIAL E MATERIAIS DE LIMPEZA LTDA.,2,W.M.W COMERCIAL E MATERI [F2472]
32889057000180,DOUGLAS MEDICO CIENTIFICA LTDA,1,DOUGLAS MEDICO CIENTIFIC [F2473]
32910616000196,BS DISTRIBUIDORA HOSPITALAR LTDA,934,BS DISTRIBUIDORA HOSPITA [F2474]
32929561000166,R. DISTRIBUIDORA DE MEDICAMENTOS E LOGISTICA LTDA,1,R. DISTRIBUIDORA DE MEDI [F2475]
32952698000131,BERIZA COMERCIO DE LIMPEZA LTDA,2,BERIZA COMERCIO DE LIMPE [F2476]
32981106000100,E. R DOS SANTOS FARMACIA,3,E. R DOS SANTOS FARMACIA [F2477]
32981941000140,VIDA FARMA LTDA,32,VIDA FARMA LTDA [F2478]
32998325000100,F.G.I. COMERCIO DE PRODUTOS HOSPITALARES LTDA,25,F.G.I. COMERCIO DE PRODU [F2479]
33009945000123,PRODUTOS ROCHE QUIMICOS E FARMACEUTICOS S A,16,PRODUTOS ROCHE QUIMICOS  [F2480]
33009945000204,PRODUTOS ROCHE QUIMICOS E FARMACEUTICOS S A,179,PRODUTOS ROCHE QUIMICOS  [F2481]
33009945002339,PRODUTOS ROCHE QUIMICOS E FARMACEUTICOS S A,1,PRODUTOS ROCHE QUIMICOS  [F2482]
33013528000154,SNC DISTRIBUIDORA LTDA,40,SNC DISTRIBUIDORA LTDA [F2483]
33020512000179,OSCAR ISKIN E CIA LTDA,1,OSCAR ISKIN E CIA LTDA [F2484]
33068320000132,ASCLEPIOS EQUIPAMENTOS HOSPITALARES LTDA,61,ASCLEPIOS EQUIPAMENTOS H [F2485]
33069212000184,MERCK S/A,19,MERCK S/A [F2486]
33069212000850,MERCK S/A,3,MERCK S/A [F2487]
33069212001237,MERCK S/A,25,MERCK S/A [F2488]
33078528000132,TORRENT DO BRASIL LTDA,3,TORRENT DO BRASIL LTDA [F2489]
33089180000260,PRLV INDUSTRIA DE SUPLEMENTOS ALIMENTARES LTDA,1,PRLV INDUSTRIA DE SUPLEM [F2490]
33112665000146,DFL INDUSTRIA E COMERCIO S/A,1,DFL INDUSTRIA E COMERCIO [F2491]
33154286000119,SEBMED PRODUTOS PARA A SAUDE LTDA,4,SEBMED PRODUTOS PARA A S [F2492]
33160739000110,HOSP MEDICAL - COMERCIO DE MATERIAL MEDICO E MEDICAMENTOS HOSPITALARES LTDA,580,HOSP MEDICAL - COMERCIO  [F2493]
33164783000106,BCM ATACADISTA LTDA,75,BCM ATACADISTA LTDA [F2494]
33168571000199,PHARMED COMERCIO ONLINE DE PRODUTOS FARMACEUTICOS LTDA,3,PHARMED COMERCIO ONLINE  [F2495]
33171322000152,VENDERMAIS CONSULTORIA LTDA,1,VENDERMAIS CONSULTORIA L [F2496]
33174811000168,CAMPOS E CAMPOS COM. DE MEDICAMENTOS LTDA,8,CAMPOS E CAMPOS COM. DE  [F2497]
33202407000150,RR MEDICAL LTDA,159,RR MEDICAL LTDA [F2498]
33221055000180,RAMOS & PESSOA LTDA,419,RAMOS & PESSOA LTDA [F2499]
33247743000110,GLAXOSMITHKLINE BRASIL LTDA,1,GLAXOSMITHKLINE BRASIL L [F2500]
33247743004450,GLAXOSMITHKLINE BRASIL LTDA,67,GLAXOSMITHKLINE BRASIL L [F2501]
33255787000191,IBF INDUSTRIA BRASILEIRA DE FILMES S/A.,33,IBF INDUSTRIA BRASILEIRA [F2502]
33255787001163,IBF INDUSTRIA BRASILEIRA DE FILMES S/A.,6,IBF INDUSTRIA BRASILEIRA [F2503]
33264154000140,APPARAT BRASIL COMERCIO DE REAGENTES IMPORTADORA LTDA,1,APPARAT BRASIL COMERCIO  [F2504]
33264996000100,ARBA DISTRIBUIDORA DE PRODUTOS HOSPITALARES LTDA,31,ARBA DISTRIBUIDORA DE PR [F2505]
33296918000189,LH COMERCIO DE MEDICAMENTOS LTDA,12,LH COMERCIO DE MEDICAMEN [F2506]
33315644000128,M & D COMERCIAL HOSPITALAR LTDA,223,M & D COMERCIAL HOSPITAL [F2507]
33318076000119,APOIO IDEAL MEDICAMENTOS LTDA,3,APOIO IDEAL MEDICAMENTOS [F2508]
33324795000142,PROLICITA DISTRIBUIDORA DE MEDICAMENTOS LTDA,70,PROLICITA DISTRIBUIDORA  [F2509]
33325917000115,LONDON QUALITY ORAL HEALTH INDUSTRIA E COMERCIO DE PRODUTOS PARA SAUDE LTDA,2,LONDON QUALITY ORAL HEAL [F2510]
33330526000199,BE DISTRIBUIDORA DE PRODUTOS LTDA,3,BE DISTRIBUIDORA DE PROD [F2511]
33347844000162,DIAGVIX EQUIPAMENTOS E SERVICOS LTDA,2,DIAGVIX EQUIPAMENTOS E S [F2512]
33348467000186,SHALON FIOS CIRURGICOS LTDA,5,SHALON FIOS CIRURGICOS L [F2513]
33349473000310,FARMOQUIMICA S A,1,FARMOQUIMICA S A [F2514]
33389910000167,MARLON HENRIQUE BARROS LTDA,4,MARLON HENRIQUE BARROS L [F2515]
33398831000112,FENIX COMERCIO DE PRODUTOS HOSPITALARES LTDA,141,FENIX COMERCIO DE PRODUT [F2516]
33408105000133,GREENPHARMA QUIMICA E FARMACEUTICA EM RECUPERACAO JUDICIAL LTDA,10,GREENPHARMA QUIMICA E FA [F2517]
33441895000159,FARMACIA HOSPITALAR NOROESTE ARACATUBA LTDA,23,FARMACIA HOSPITALAR NORO [F2518]
33472974000127,AMPLA DISTRIBUIDORA DE MEDICAMENTOS E MATERIAIS HOSPITALARES LTDA,2,AMPLA DISTRIBUIDORA DE M [F2519]
33511513000116,DROGA SOL DISTRIBUIDORA DE MEDICAMENTOS LTDA,154,DROGA SOL DISTRIBUIDORA  [F2520]
33511641000160,VIDA NATURALIS COMERCIO ATACADISTA LTDA,57,VIDA NATURALIS COMERCIO  [F2521]
33541640000168,DENTAL OTTONAVES LTDA,48,DENTAL OTTONAVES LTDA [F2522]
33546315000198,K. S. EQUIPAMENTOS HOSPITALARES LTDA,7,K. S. EQUIPAMENTOS HOSPI [F2523]
33551382000109,AMC SAUDE COMERCIAL HOSPITALAR LTDA,16,AMC SAUDE COMERCIAL HOSP [F2524]
33561946000186,LOBOFARMA COMERCIO VAREJISTA DE MEDICAMENTOS LTDA,196,LOBOFARMA COMERCIO VAREJ [F2525]
33583026000169,OLIMPIO EQUIPAMENTOS HOSPITALARES LTDA,10,OLIMPIO EQUIPAMENTOS HOS [F2526]
33586468000169,JNS COMERCIO E SERVICOS LTDA,131,JNS COMERCIO E SERVICOS  [F2527]
33589305000130,ROSANA PEREIRA DISTRIBUIDORA,17,ROSANA PEREIRA DISTRIBUI [F2528]
33598456000154,JMS DISTRIBUIDORA LTDA,19,JMS DISTRIBUIDORA LTDA [F2529]
33608937000101,ONCOSETTE DISTRIBUIDORA DE MEDICAMENTOS LTDA,3,ONCOSETTE DISTRIBUIDORA  [F2530]
33613876000162,SILVANDRO DIEGO DE ALBUQUERQUE FERREIRA E CIA LTDA,8,SILVANDRO DIEGO DE ALBUQ [F2531]
33618090000138,ANCORA DISTRIBUIDORA DE MEDICAMENTOS LTDA,4,ANCORA DISTRIBUIDORA DE  [F2532]
33656835000153,INNOVARE INDUSTRIA E COMERCIO DE PECAS PLASTICAS LTDA,2,INNOVARE INDUSTRIA E COM [F2533]
33659604000101,DROGARIAS ULTRA POPULAR AB LTDA,2,DROGARIAS ULTRA POPULAR  [F2534]
33660094000184,J.N.S. TEXTIL LTDA,20,J.N.S. TEXTIL LTDA [F2535]
33665884000152,MEDMAIS SAUDE DISTRIBUIDORA HOSPITALAR LTDA,41,MEDMAIS SAUDE DISTRIBUID [F2536]
33673687000185,J J SOUZA COMERCIO DE PRODUTOS MEDICOS HOSPITALARES LTDA,231,J J SOUZA COMERCIO DE PR [F2537]
33688692000161,DISMART DISTRIBUIDORA HOSPITALAR LTDA,117,DISMART DISTRIBUIDORA HO [F2538]
33735524000180,M.G. DOMINGUES DISTRIBUIDORA DE MEDICAMENTOS LTDA,60,M.G. DOMINGUES DISTRIBUI [F2539]
33744332000130,ESTRELA COMERCIO ATACADISTA DE PRODUTOS PARA SAUDE LTDA,8,ESTRELA COMERCIO ATACADI [F2540]
33760101000110,DA CRUZ DISTRIBUIDORA LTDA,30,DA CRUZ DISTRIBUIDORA LT [F2541]
33772464000175,ATIVIDADE COMERCIO DE MEDICAMENTOS E PRODUTOS HOSPITALARES LTDA,72,ATIVIDADE COMERCIO DE ME [F2542]
33791137000160,MINAS SOLUCOES EM IMAGENS LTDA,5,MINAS SOLUCOES EM IMAGEN [F2543]
33808504000191,NEOBEL DISTRIBUIDORA DE MEDICAMENTOS LTDA,20,NEOBEL DISTRIBUIDORA DE  [F2544]
33829829000150,VIRTUS COMERCIO DE PRODUTOS MEDICOS LTDA,3,VIRTUS COMERCIO DE PRODU [F2545]
33834782000113,D P AGUIAR LTDA,560,D P AGUIAR LTDA [F2546]
33836848000104,M. A. M COMERCIO E DISTRIBUIDORA DE MEDICAMENTOS LTDA,46,M. A. M COMERCIO E DISTR [F2547]
33846912000138,KYF MED COMERCIO LTDA,34,KYF MED COMERCIO LTDA [F2548]
33851567000120,UNIAO SUL COMERCIAL DE ARTIGOS DA SAUDE LTDA,19,UNIAO SUL COMERCIAL DE A [F2549]
33886742000115,BIOPHAR MEDICAMENTOS LTDA,13,BIOPHAR MEDICAMENTOS LTD [F2550]
33889341000119,"MF TRANSPORTE, INDUSTRIA E COMERCIO DE DESCARTAVEIS 2019 LTDA",4,"MF TRANSPORTE, INDUSTRIA [F2551]"
33891594000127,EXCLUSIVE PRODUTOS HOSPITALARES LTDA,251,EXCLUSIVE PRODUTOS HOSPI [F2552]
33921755000188,"HIT CARE NORDESTE IMPORTACAO, COMERCIO E SERVICOS DE PRODUTOS MEDICOS, ODONTOLOGICOS E HOSPITALARES LTDA",1,HIT CARE NORDESTE IMPORT [F2553]
33927594000130,FARMACIA E DISTRIBUIDORA DE MEDICAMENTOS VARILLI LTDA,49,FARMACIA E DISTRIBUIDORA [F2554]
33932094000196,CH SOUZA PRODUTOS MEDICOS E HOSPITALARES LTDA,133,CH SOUZA PRODUTOS MEDICO [F2555]
33986314000164,33.986.314 MAICON MARTINS LACERDA,7,33.986.314 MAICON MARTIN [F2556]
33992679000100,VITORIA TEIXEIRA DE OLIVEIRA,28,VITORIA TEIXEIRA DE OLIV [F2557]
34016593000104,PENEDO DISTRIBUIDORA & SERVICOS LTDA,47,PENEDO DISTRIBUIDORA & S [F2558]
34027398000171,JETHAMED COMERCIO DE PRODUTOS HOSPITALARES LTDA,457,JETHAMED COMERCIO DE PRO [F2559]
34055837000150,CIRURGICAS MULLET IMPORTADORA E EXPORTADORA DE EQUIPAMENTOS HOSPITALARES E ODONTOLOGICOS LTDA,3,CIRURGICAS MULLET IMPORT [F2560]
34061908000127,UDILIFE COM IMPORTACAO E EXPORTACAO LTDA,3,UDILIFE COM IMPORTACAO E [F2561]
34063076000188,H.H. CAVALARO LTDA,11,H.H. CAVALARO LTDA [F2562]
34064557000108,MEDMED COMERCIO DE MATERIAIS HOSPITALARES LTDA,10,MEDMED COMERCIO DE MATER [F2563]
34093466000109,DMB - DISTRIBUIDORA DE MEDICAMENTOS BELTRAO LTDA,159,DMB - DISTRIBUIDORA DE M [F2564]
34180445000112,DISMATH DISTRIBUIDORA DE MATERIAIS MEDICOS E HOSPITALARES LTDA,19,DISMATH DISTRIBUIDORA DE [F2565]
34182886000153,SEVEN PRODUTOS LABORATORIAIS PARA DIAGNOSTICO LTDA,1,SEVEN PRODUTOS LABORATOR [F2566]
34186181000104,DLM HOSPITALAR LTDA,15,DLM HOSPITALAR LTDA [F2567]
34223536000198,LICITE SAUDE COMERCIO DE PRODUTOS HOSPITALARES LTDA,170,LICITE SAUDE COMERCIO DE [F2568]
34236576000174,SUPREMA DISTRIBUIDORA DE MEDICAMENTOS E MATERIAL MEDICO HOSPITALAR LTDA,102,SUPREMA DISTRIBUIDORA DE [F2569]
34252381000118,MEDCAM DISTRIBUIDORA DE MEDICAMENTOS E PRODUTOS HOSPITALARES LTDA,1,MEDCAM DISTRIBUIDORA DE  [F2570]
34274065000147,BIOFARMACEUTICA PRODUTOS MEDICO HOSPITALARES LTDA,11,BIOFARMACEUTICA PRODUTOS [F2571]
34282929000172,ROMA DISTRIBUIDORA DE MATERIAIS HOSPITALARES LTDA,61,ROMA DISTRIBUIDORA DE MA [F2572]
34298816000165,KM MATERIAIS MEDICOS LTDA,3,KM MATERIAIS MEDICOS LTD [F2573]
34351642000157,ALPHAMED COMERCIO DE PRODUTOS HOSPITALARES LTDA,107,ALPHAMED COMERCIO DE PRO [F2574]
34369780000163,J. RIBEIRO COMERCIO ATACADISTA DE PECAS E ACESSORIOS AUTOMOTIVOS EIRELI,7,J. RIBEIRO COMERCIO ATAC [F2575]
34380863000153,SOU MAIS SAUDE COMERCIO DE EQUIPAMENTOS MEDICOS LTDA,163,SOU MAIS SAUDE COMERCIO  [F2576]
34396122000160,SC COMERCIO DE PRODUTOS HOSPITALARES LTDA,22,SC COMERCIO DE PRODUTOS  [F2577]
34412925000161,ATHENA COMERCIO DE PRODUTOS ODONTOLOGICOS MEDICOS E HOSPITALARES LTDA,93,ATHENA COMERCIO DE PRODU [F2578]
34440014000148,DEFERTEX INDUSTRIA E COMERCIO LTDA,12,DEFERTEX INDUSTRIA E COM [F2579]
34443180000106,FLAVIO QUEIROZ CASSIANO NORTEMED,82,FLAVIO QUEIROZ CASSIANO  [F2580]
34444108000195,PLG DISTRIBUIDORA DE PRODUTOS HOSPITALARES LTDA,3,PLG DISTRIBUIDORA DE PRO [F2581]
34479558000113,CIRURGICA PREMIUM DISTRIBUIDORA DE PRODUTOS HOSPITALARES LTDA,68,CIRURGICA PREMIUM DISTRI [F2582]
34514779000185,INSTRULABOR LICITACAO LTDA,1,INSTRULABOR LICITACAO LT [F2583]
34558660000104,APROMEDICA COMERCIO DE MEDICAMENTOS E PRODUTOS HOSPITALARES LTDA,167,APROMEDICA COMERCIO DE M [F2584]
34620735000130,GHOLDMED DISTRIBUIDORA DE PRODUTOS HOSPITALARES LTDA,283,GHOLDMED DISTRIBUIDORA D [F2585]
34630617000102,FARMACIA IDEAL TURVO LTDA,10,FARMACIA IDEAL TURVO LTD [F2586]
34635183000133,PROMED ASSESSORIA EM SAUDE LTDA,5,PROMED ASSESSORIA EM SAU [F2587]
34637297000112,LIFE CARE DIAGNOSTICOS LTDA,17,LIFE CARE DIAGNOSTICOS L [F2588]
34638788000188,ANTONIO CARLOS OLIVEIRA MARTINS,140,ANTONIO CARLOS OLIVEIRA  [F2589]
34680592000151,BRASIL DEVICES EQUIPAMENTOS HOSPITALARES LTDA,36,BRASIL DEVICES EQUIPAMEN [F2590]
34686134000120,SNOP CORRELATOS INDUSTRIA E COMERCIO LTDA,28,SNOP CORRELATOS INDUSTRI [F2591]
34698454000108,DENTALMED PRODUTOS PARA SAUDE LTDA.,10,DENTALMED PRODUTOS PARA  [F2592]
34707374000163,SPV COMERCIAL LTDA,7,SPV COMERCIAL LTDA [F2593]
34707920000166,ONMED DISTRIBUIDORA DE MEDICAMENTOS LTDA,93,ONMED DISTRIBUIDORA DE M [F2594]
34715539000149,QALYCARE DISTRIBUIDORA E IMPORTADORA LTDA,5,QALYCARE DISTRIBUIDORA E [F2595]
34729047000102,NSA DISTRIBUIDORA DE MEDICAMENTOS LTDA,506,NSA DISTRIBUIDORA DE MED [F2596]
34739557000160,A. P. DA SILVA & SILVA COM. DE MEDICAMENTOS LTDA,19,A. P. DA SILVA & SILVA C [F2597]
34749515000100,A B C COMERCIO E REPRESENTACOES LTDA,1,A B C COMERCIO E REPRESE [F2598]
34758599000149,MEDICAL DA AMAZONIA LTDA,69,MEDICAL DA AMAZONIA LTDA [F2599]
34761779000180,NUCLEO COMERCIO DE PRODUTOS PARA SAUDE LTDA,28,NUCLEO COMERCIO DE PRODU [F2600]
34771531000108,DISTRIBEM MED. E MAT. HOSP. LTDA,3,DISTRIBEM MED. E MAT. HO [F2601]
34772843000128,NOVA OESTE DISTRIBUIDORA DE MEDICAMENTOS LTDA,120,NOVA OESTE DISTRIBUIDORA [F2602]
34788645000152,VIP FARMA COMERCIO DE MEDICAMENTOS LTDA,11,VIP FARMA COMERCIO DE ME [F2603]
34813172000104,A F R DISTRIBUIDORA DE PRODUTOS LTDA,7,A F R DISTRIBUIDORA DE P [F2604]
34875727000134,LOBATO COMERCIO DE PRODUTOS HOSPITALARES LTDA,64,LOBATO COMERCIO DE PRODU [F2605]
34878863000188,J. D. DA S. ABUCATER CONSTRUTORA LTDA,1,J. D. DA S. ABUCATER CON [F2606]
34883104000103,RAPIDA INDUSTRIA DE PRODUTOS PARA SAUDE LTDA,1,RAPIDA INDUSTRIA DE PROD [F2607]
34896253000107,SUPERA COMERCIO E DISTRIBUICAO DE PRODUTOS NUTRICIONAIS LTDA,2,SUPERA COMERCIO E DISTRI [F2608]
34915637000120,E DE A CAVALCANTE E CIA LTDA,18,E DE A CAVALCANTE E CIA  [F2609]
34921773000122,SUPERA MED HOSPITALAR LTDA,41,SUPERA MED HOSPITALAR LT [F2610]
34922825000185,"LABNORTE MATERIAIS MEDICOS, HOSPITALARES E LABORATORIAIS LTDA",2,LABNORTE MATERIAIS MEDIC [F2611]
34999637000155,WL PHARMA COMERCIO DE MATERIAIS MEDICOS HOSPITALARES LTDA,10,WL PHARMA COMERCIO DE MA [F2612]
35015209000103,HYPERMEDICAL PRODUTOS MEDICOS LTDA,17,HYPERMEDICAL PRODUTOS ME [F2613]
35041852000101,BIONUTRI COMERCIO E REPRESENTACOES DE PRODUTOS MEDICO-HOSPITALARES LTDA,71,BIONUTRI COMERCIO E REPR [F2614]
35042079000106,RF LEITE DISTRIBUIDORA DE MEDICAMENTOS E PRODUTOS PARA SAUDE LTDA,239,RF LEITE DISTRIBUIDORA D [F2615]
35067853000125,"TECHPHARMA HOSPITALAR COMERCIO, IMPORTACAO E EXPORTACAO LTDA",122,TECHPHARMA HOSPITALAR CO [F2616]
35098660000131,JOAO EVANGELISTA DE CAMPOS 03173986954,3,JOAO EVANGELISTA DE CAMP [F2617]
35100944000115,IASMINI COMERCIO DE EQUIPAMENTOS MEDICOS LTDA.,5,IASMINI COMERCIO DE EQUI [F2618]
35147358000126,NOROESTE HOSPITALAR COMERCIO DE MATERIAIS HOSPITALARES LTDA,1,NOROESTE HOSPITALAR COME [F2619]
35153207000180,ESSENCIA HOSPITALAR LTDA,331,ESSENCIA HOSPITALAR LTDA [F2620]
35167731000100,TH7 HOSPITALAR PRODUTOS HOSPITALARES LTDA,11,TH7 HOSPITALAR PRODUTOS  [F2621]
35186943000135,SINERGIA FARMACEUTICA LTDA,483,SINERGIA FARMACEUTICA LT [F2622]
35215257000145,DENTAL PREMIUM LTDA,239,DENTAL PREMIUM LTDA [F2623]
35250434000124,GONZALEZ E TELLIS COMERCIO DE MEDICAMENTOS LTDA,15,GONZALEZ E TELLIS COMERC [F2624]
35250918000173,L FERREIRA DA COSTA DISTRIBUIDORA DE MEDICAMENTOS,1413,L FERREIRA DA COSTA DIST [F2625]
35253171000107,AMP COMERCIO DE PRODUTOS HOSPITALARES LTDA,72,AMP COMERCIO DE PRODUTOS [F2626]
35289161000121,WRAD COMERCIO HOSPITALAR LTDA,3,WRAD COMERCIO HOSPITALAR [F2627]
35301424000170,AOL MEDICAL COMERCIO DE MEDICAMENTOS E MATERIAIS MEDICOS E HOSPITALARES LTDA,7,AOL MEDICAL COMERCIO DE  [F2628]
35310181000137,ERFARMA COMERCIO DE MEDICAMENTOS LTDA,13,ERFARMA COMERCIO DE MEDI [F2629]
35310607000152,CLEAN MED DISTRIBUIDORA DE PRODUTOS HOSPITALARES LTDA,11,CLEAN MED DISTRIBUIDORA  [F2630]
35335996000170,C. OLIVEIRA PINTO JUNIOR LTDA,8,C. OLIVEIRA PINTO JUNIOR [F2631]
35369804000147,OMEGA DISTRIBUIDORA DE MEDICAMENTOS LTDA,75,OMEGA DISTRIBUIDORA DE M [F2632]
35370125000198,NPMEDICAL PRODUTOS MEDICOS E HOSPITALARES LTDA,7,NPMEDICAL PRODUTOS MEDIC [F2633]
35379987000181,PEDRO CARLOS MONTAGNANE MARTINI,1,PEDRO CARLOS MONTAGNANE  [F2634]
35381312000177,APARECIDA MORTARI AGUILLAR DE PAIVA,3,APARECIDA MORTARI AGUILL [F2635]
35457889000115,R. BELMIRO LTDA,25,R. BELMIRO LTDA [F2636]
35472743000149,HEALTH DISTRIBUIDORA DE MEDICAMENTOS LTDA,561,HEALTH DISTRIBUIDORA DE  [F2637]
35473398000168,SOUZAMED IMPORTADORA E DISTRIBUIDORA HOSPITALAR LTDA,7,SOUZAMED IMPORTADORA E D [F2638]
35474953000176,LAMED COMERCIO E REPRESENTACAO LTDA.,53,LAMED COMERCIO E REPRESE [F2639]
35496391000161,JOSIANE POCIDONIO PEREIRA LTDA,1,JOSIANE POCIDONIO PEREIR [F2640]
35514416000102,QUALIMMED - COMERCIO ATACADISTA DE MEDICAMENTOS E MATERIAIS HOSPITALARES LTDA,4,QUALIMMED - COMERCIO ATA [F2641]
35517881000105,MEDICAR MED LTDA,95,MEDICAR MED LTDA [F2642]
35626812000121,ATLANTICO BC PRODUTOS PARA SAUDE LTDA,80,ATLANTICO BC PRODUTOS PA [F2643]
35633493000181,MARY LUCIA ANTONELLO LTDA,1,MARY LUCIA ANTONELLO LTD [F2644]
35676420000177,ONIX FARMA PRODUTOS HOSPITALARES LTDA,17,ONIX FARMA PRODUTOS HOSP [F2645]
35687208000105,PETBONE COMERCIO E INDUSTRIA DE ARTIGOS PARA ANIMAIS LTDA,1,PETBONE COMERCIO E INDUS [F2646]
35706397000116,"E.C.S. TECNOLOGIA EM SAUDE, COMERCIO, IMPORTACAO E EXPORTACAO LTDA",1,E.C.S. TECNOLOGIA EM SAU [F2647]
35741003000160,D3 BRAZIL SUPRIMENTOS LTDA,29,D3 BRAZIL SUPRIMENTOS LT [F2648]
35753111000153,NORD PRODUTOS EM SAUDE LTDA,90,NORD PRODUTOS EM SAUDE L [F2649]
35785276000107,LUCIANO SERGIO GUIMARAES DE SA BARRETO,1,LUCIANO SERGIO GUIMARAES [F2650]
35797782000116,TERAMED PRODUTOS PARA SAUDE LTDA,1,TERAMED PRODUTOS PARA SA [F2651]
35810917000136,EXATA SUPRIMENTOS MEDICOS LTDA,1,EXATA SUPRIMENTOS MEDICO [F2652]
35848045000103,PRINCE MED DISTRIBUIDORA DE PRODUTOS HOSPITALARES LTDA,1,PRINCE MED DISTRIBUIDORA [F2653]
35854326000160,MULTIMED COMERCIO DE MATERIAL HOSPITALAR LTDA,1,MULTIMED COMERCIO DE MAT [F2654]
35854418000140,AGRESTEMED COMERCIO DE PRODUTOS MEDICOS HOSPITALARES LTDA,334,AGRESTEMED COMERCIO DE P [F2655]
35880234000155,D M COMERCIAL MEDICA LTDA,434,D M COMERCIAL MEDICA LTD [F2656]
35900411000118,DIGNA COMERCIO DE PRODUTOS MEDICOS HOSPITALARES LTDA,11,DIGNA COMERCIO DE PRODUT [F2657]
35909317000120,IBITURUNA COMERCIO DE PRODUTOS FARMACEUTICOS LTDA,4,IBITURUNA COMERCIO DE PR [F2658]
35927779000170,T A - INDUSTRIA E FACCAO DE ARTIGOS PARA O VESTUARIO LTDA,1,T A - INDUSTRIA E FACCAO [F2659]
35934545000150,MA COMERCIO DE PRODUTOS PARA SAUDE LTDA,8,MA COMERCIO DE PRODUTOS  [F2660]
35937997000195,BIOMULT DISTRIBUIDORA DE MEDICAMENTOS LTDA,45,BIOMULT DISTRIBUIDORA DE [F2661]
35959514000153,TOLESUL DISTRIBUIDORA DE MEDICAMENTOS LTDA,590,TOLESUL DISTRIBUIDORA DE [F2662]
35979061000127,MEDIC LAR COMERCIO DE PRODUTOS FARMACEUTICOS LTDA,17,MEDIC LAR COMERCIO DE PR [F2663]
35997345000146,HOSPIDROGAS COMERCIO DE PRODUTOS HOSPITALARES LTDA,1179,HOSPIDROGAS COMERCIO DE  [F2664]
36028477000122,HIPERFAR MATERIAIS HOSPITALAR E MEDICAMENTOS LTDA,77,HIPERFAR MATERIAIS HOSPI [F2665]
36078616000122,W M COMERCIO E REPRESENTACOES HOSPITALAR LTDA,11,W M COMERCIO E REPRESENT [F2666]
36090736000145,SALVIOLI INDUSTRIA E COMERCIO LTDA,6,SALVIOLI INDUSTRIA E COM [F2667]
36099392000135,APOTEK DISTRIBUIDORA DE MEDICAMENTOS E MATERIAIS HOSPITALARES LTDA,476,APOTEK DISTRIBUIDORA DE  [F2668]
36121635000194,CG HOSPITALAR DISTRIBUIDORA DE PRODUTOS HOSPITALARES LTDA,90,CG HOSPITALAR DISTRIBUID [F2669]
36146166000168,MEDICAL.COM DISTRIBUIDORA DE MEDICAMENTOS LTDA,17,MEDICAL.COM DISTRIBUIDOR [F2670]
36148696000145,CANNABR DISTRIBUIDORA DE MEDICAMENTOS LTDA,10,CANNABR DISTRIBUIDORA DE [F2671]
36169491000146,NOVA CIRURGICA COMERCIO DE PRODUTOS HOSPITALARES LTDA,26,NOVA CIRURGICA COMERCIO  [F2672]
36178933000110,AMAZONIA MEDICAMENTOS E PRODUTOS HOSPITALARES LTDA,183,AMAZONIA MEDICAMENTOS E  [F2673]
36181473000180,BIDDEN COMERCIAL LTDA.,1,BIDDEN COMERCIAL LTDA. [F2674]
36191620000100,MS HOSPITALAR LTDA,429,MS HOSPITALAR LTDA [F2675]
36280113000135,REPROMED COMERCIO E REP DE MATERIAL HOSPITALAR LTDA,1,REPROMED COMERCIO E REP  [F2676]
36325157000134,COSTA CAMARGO COM. DE PRODUTOS HOSPITALARES LTDA,677,COSTA CAMARGO COM. DE PR [F2677]
36325157000215,COSTA CAMARGO COM. DE PRODUTOS HOSPITALARES LTDA,129,COSTA CAMARGO COM. DE PR [F2678]
36327075000129,FORTCLEAN COMERCIO DE EQUIPAMENTOS LTDA,10,FORTCLEAN COMERCIO DE EQ [F2679]
36335560000144,OLIVEIRA E FEITOSA LTDA,4,OLIVEIRA E FEITOSA LTDA [F2680]
36392321000126,"IS7 IMPORTACAO, EXPORTACAO E COMERCIO LTDA",8,"IS7 IMPORTACAO, EXPORTAC [F2681]"
36403055000190,MLJ DISTRIBUIDORA LTDA,2,MLJ DISTRIBUIDORA LTDA [F2682]
36412960000106,M3 CARE SERVICO E COMERCIO DE MATERIAS HOSPITALARES LTDA,1,M3 CARE SERVICO E COMERC [F2683]
36441185000117,OK BIOTECH COMERCIO E DISTRIBUICAO DE MATERIAIS ODONTO-MEDICO HOSPITALARES LTDA.,9,OK BIOTECH COMERCIO E DI [F2684]
36452002000169,MASSAR PROTECAO E HIGIENE LTDA,1,MASSAR PROTECAO E HIGIEN [F2685]
36463309000165,ERGINO FERREIRA CISCATI JUNIOR,2,ERGINO FERREIRA CISCATI  [F2686]
36514912000129,NEILA MEDEIROS SALGADO,7,NEILA MEDEIROS SALGADO [F2687]
36577844000147,MEDICAL TECH COMERCIO E REPRESENTACAO COMERCIAL DE EQUIPAMENTOS E SUPRIMENTOS MEDICOS LTDA,78,MEDICAL TECH COMERCIO E  [F2688]
36602953000177,DIOMA PRODUTOS MEDICOS HOSPITALARES LTDA,1,DIOMA PRODUTOS MEDICOS H [F2689]
36629597000185,SAFRAMED HOSPITALAR LTDA,621,SAFRAMED HOSPITALAR LTDA [F2690]
36657293000121,AGM BIDDING COMERCIAL LTDA,5,AGM BIDDING COMERCIAL LT [F2691]
36685847000102,IREMEDFARMA DISTRIBUIDORA HOSPITALAR LTDA,25,IREMEDFARMA DISTRIBUIDOR [F2692]
36730875000196,ALIANCA DISTRIBUIDORA DE MEDICAMENTOS LTDA,12,ALIANCA DISTRIBUIDORA DE [F2693]
36731457000113,ROTA DISTRIBUIDORA LTDA,6,ROTA DISTRIBUIDORA LTDA [F2694]
36757380000150,MEDSANTA COMERCIO DE MEDICAMENTOS E MATERIAIS MEDICOS LTDA,116,MEDSANTA COMERCIO DE MED [F2695]
36758579000101,HIGIAL INDUSTRIA QUIMICA LTDA,3,HIGIAL INDUSTRIA QUIMICA [F2696]
36770905000198,"DRA. ANGELA DIERK, FARMACEUTICA ESTETA LTDA",2,"DRA. ANGELA DIERK, FARMA [F2697]"
36780625000160,DROGARIA ALEGRIA LTDA,1,DROGARIA ALEGRIA LTDA [F2698]
36830917000160,C&C HOSPITALAR LTDA,37,C&C HOSPITALAR LTDA [F2699]
36846568000175,IMPERIO MEDICAMENTOS E MATERIAL HOSPITALARES LTDA,502,IMPERIO MEDICAMENTOS E M [F2700]
36940761000170,GREENCARE PHARMA COMERCIO ATACADISTA DE MEDICAMENTOS E COSMETICOS LTDA.,7,GREENCARE PHARMA COMERCI [F2701]
36945737000124,AC MED DISTRIBUIDORA SOCIEDADE LTDA,743,AC MED DISTRIBUIDORA SOC [F2702]
36946199000192,ESQUADRIAS DESIGNERINOX LTDA,1,ESQUADRIAS DESIGNERINOX  [F2703]
36958637000132,MEDKA DISTRIBUIDORA HOSPITALAR LTDA,86,MEDKA DISTRIBUIDORA HOSP [F2704]
36979350000199,BF DE ANDRADE HOSPITALAR LTDA,2,BF DE ANDRADE HOSPITALAR [F2705]
36997011000135,TOTAL SERVICOS HOSPITALARES E PRODUTOS LTDA,3,TOTAL SERVICOS HOSPITALA [F2706]
36999842000146,EQUIPSUL COMERCIO E ASSISTENCIA TECNICA DE EQUIPAMENTOS A SAUDE LTDA,2,EQUIPSUL COMERCIO E ASSI [F2707]
37029855000155,REINALDO FARMA LTDA,61,REINALDO FARMA LTDA [F2708]
37052250000185,INVICTO COMERCIO DE PRODUTOS PARA SAUDE LTDA,7,INVICTO COMERCIO DE PROD [F2709]
37053176000111,HGM DISTRIBUICAO DE PRODUTOS MEDICOS HOSPITALARES LTDA,100,HGM DISTRIBUICAO DE PROD [F2710]
37055977000116,BRASVAL COMERCIO E REPRESENTACOES LTDA,3,BRASVAL COMERCIO E REPRE [F2711]
37070092000196,DISTRIBUIMED - DISTRIBUIDORA DE PRODUTOS HOSPITALARES LTDA,1,DISTRIBUIMED - DISTRIBUI [F2712]
37107761000157,PMW COMERCIO DE PRODUTOS HOSPITALARES LTDA,5,PMW COMERCIO DE PRODUTOS [F2713]
37109539000193,C3 HEALTH SUPRIMENTOS MEDICOS E HOSPITALARES LTDA,1,C3 HEALTH SUPRIMENTOS ME [F2714]
37117510000153,IRMAOS LIMA COLE PRODUTOS FARMACEUTICOS LTDA,3,IRMAOS LIMA COLE PRODUTO [F2715]
37121913000176,LEPHARMA COMERCIO DE MATERIAIS E MEDICAMENTOS LTDA,4,LEPHARMA COMERCIO DE MAT [F2716]
37124240000108,FARMAUSA PHARMACEUTICAL LTDA.,2,FARMAUSA PHARMACEUTICAL  [F2717]
37132890000103,ESPACO NUTRICAO COMERCIO DE SUPLEMENTOS LTDA,3,ESPACO NUTRICAO COMERCIO [F2718]
37140339000101,A.L.V. DISTRIBUIDORA DE PRODUTOS HOSPITALARES LTDA,24,A.L.V. DISTRIBUIDORA DE  [F2719]
37141903000100,MEDBOX DISTRIBUIDORA DE MEDICAMENTOS E MATERIAL HOSPITALAR LTDA,20,MEDBOX DISTRIBUIDORA DE  [F2720]
37154876000100,TYTO SAUDE LTDA,1,TYTO SAUDE LTDA [F2721]
37156206000115,DISTRIBUIDORA DE MEDICAMENTOS E DROGARIA 23 LTDA,93,DISTRIBUIDORA DE MEDICAM [F2722]
37164646000114,G2V COMERCIAL LTDA,2,G2V COMERCIAL LTDA [F2723]
37174427000116,AB MED DISTRIBUICAO DE MEDICAMENTOS LTDA,70,AB MED DISTRIBUICAO DE M [F2724]
37174625000260,MODENA PRODUTOS E SOLUCOES PARA SAUDE LTDA,14,MODENA PRODUTOS E SOLUCO [F2725]
37182085000186,NEGI EQUIPAMENTOS HOSPITALARES LTDA,9,NEGI EQUIPAMENTOS HOSPIT [F2726]
37205854000114,M B DE ARAUJO XAVIER - MBX PRODUTOS MEDICOS HOSPITALARES E ODONTOLOGICOS,195,M B DE ARAUJO XAVIER - M [F2727]
37206499000106,QUALITY COMERCIO DE ARTIGOS HOSPITALARES LTDA,11,QUALITY COMERCIO DE ARTI [F2728]
37218409000199,DICOME SOLUCOES HOSPITALARES LTDA,8,DICOME SOLUCOES HOSPITAL [F2729]
37240147000169,MMR COMERCIO E SERVICOS LTDA,7,MMR COMERCIO E SERVICOS  [F2730]
37252719000120,JRA HOSPITALAR LTDA,2,JRA HOSPITALAR LTDA [F2731]
37260261000150,MEDICAL SYSTEM BRASIL IMPORTACAO E COMERCIO DE PRODUTOS MEDICOS LTDA,2,MEDICAL SYSTEM BRASIL IM [F2732]
37262133000146,ELITE SOLUCOES EMPRESARIAIS LTDA,4,ELITE SOLUCOES EMPRESARI [F2733]
37265248000194,DMD EQUIPAMENTOS LTDA,1,DMD EQUIPAMENTOS LTDA [F2734]
37297457000110,NOVA SAUDE COMERCIO LTDA,44,NOVA SAUDE COMERCIO LTDA [F2735]
37333393000165,SEMINA INSUMOS ESTRATEGICOS LTDA,1,SEMINA INSUMOS ESTRATEGI [F2736]
37348946000153,OG MED EQUIPAMENTOS DE PROTECAO LTDA,1,OG MED EQUIPAMENTOS DE P [F2737]
37364487000100,SANPE PCD LTDA,17,SANPE PCD LTDA [F2738]
37365601000108,OLIVEIRA INDUSTRIA E COMERCIO LTDA,1,OLIVEIRA INDUSTRIA E COM [F2739]
37374797000105,PONTOMEDI DISTRIBUIDORA DE MEDICAMENTOS LTDA,113,PONTOMEDI DISTRIBUIDORA  [F2740]
37396017000110,MEDCOMERCE COMERCIAL DE MEDICAMENTOS E PRODUTOS HOSPITALARES LTDA,1,MEDCOMERCE COMERCIAL DE  [F2741]
37397169000137,H&E EQUIPAMENTOS DE PROTECAO INDIVIDUAL DO BRASIL LTDA,1,H&E EQUIPAMENTOS DE PROT [F2742]
37407347000163,NEWARIS LIFESCIENCES LTDA,4,NEWARIS LIFESCIENCES LTD [F2743]
37416741000168,M K P LADISLAU,22,M K P LADISLAU [F2744]
37454703000108,MFMED DISTRIBUIDORA DE MEDICAMENTOS E SERVICOS LTDA,3,MFMED DISTRIBUIDORA DE M [F2745]
37462691000155,NEW MEDIC - COMERCIO REPARACAO E REPRESENTACAO DE EQUIPAMENTOS MEDICOS HOSPITALAR LTDA,1,NEW MEDIC - COMERCIO REP [F2746]
37509082000104,MSO BIOMED PRODUTOS LABORATORIAIS LTDA,2,MSO BIOMED PRODUTOS LABO [F2747]
37556213000104,AHCOR COMERCIO DE PRODUTOS ODONTOLOGICOS LTDA,156,AHCOR COMERCIO DE PRODUT [F2748]
37573425000108,DIMED COMERCIO E SERVICOS LTDA,5,DIMED COMERCIO E SERVICO [F2749]
37573478000110,STAR MEDICAMENTOS E MATERIAL HOSPITALAR LTDA,124,STAR MEDICAMENTOS E MATE [F2750]
37585703000139,HIGIA FABRICACAO DE ACESSORIOS PARA SEGURANCA LTDA,1,HIGIA FABRICACAO DE ACES [F2751]
37626154000101,LAVIE HOSPITALAR LTDA,3,LAVIE HOSPITALAR LTDA [F2752]
37652650000121,TOP HOUSE COMERCIO E FABRICACAO DE COLCHOES LTDA,3,TOP HOUSE COMERCIO E FAB [F2753]
37676047000180,ROSAFARM DISTRIBUIDORA DE MEDICAMENTOS LTDA,171,ROSAFARM DISTRIBUIDORA D [F2754]
37714493000131,FARMAMED COMERCIO DE MEDICAMENTOS LTDA,40,FARMAMED COMERCIO DE MED [F2755]
37730050000134,MEDCOM SAUDE DENTALMEDICA COMERCIO E DISTRIBUIDORA DE MEDICAMENTOS E MATERIAIS HOSPITALARES LTDA,284,MEDCOM SAUDE DENTALMEDIC [F2756]
37778759000100,CWBCARE PRODUTOS MEDICO HOSPITALARES LTDA,130,CWBCARE PRODUTOS MEDICO  [F2757]
37844479000152,BIOLINE FIOS CIRURGICOS LTDA,44,BIOLINE FIOS CIRURGICOS  [F2758]
37844754000138,W. ARAUJO DISTRIBUIDORA DE MEDICAMENTOS LTDA,89,W. ARAUJO DISTRIBUIDORA  [F2759]
37882886000154,VERDE DISTRIBUIDORA DE MEDICAMENTOS LTDA,110,VERDE DISTRIBUIDORA DE M [F2760]
37885137000180,AMB DISTRIBUIDORA DE MEDICAMENTO E MATERIAIS HOSPITALARES LTDA,7,AMB DISTRIBUIDORA DE MED [F2761]
37914402000101,LCP COMERCIO DE PRODUTOS FARMACEUTICOS LTDA,8,LCP COMERCIO DE PRODUTOS [F2762]
37920081000158,PONTES E GUEDES DISTRIBUIDORA DE MEDICAMENTOS LTDA,76,PONTES E GUEDES DISTRIBU [F2763]
37931064000116,LEMED COMERCIO DE MATERIAL E MEDICAMENTOS HOSPITALARES EIRELI,98,LEMED COMERCIO DE MATERI [F2764]
37955443000146,EDHMED EQUIPAMENTOS MEDICOS E HOSPITALARES LTDA.,1,EDHMED EQUIPAMENTOS MEDI [F2765]
37970604000170,C R VIEIRA PRODUTOS HOSPITALARES,38,C R VIEIRA PRODUTOS HOSP [F2766]
37999882000150,JESSIKA MAYARA LEITE AKUCEVIKUS FERREIRA 08112698929,1,JESSIKA MAYARA LEITE AKU [F2767]
38007920000104,V & V NUTRICAO HOSPITALAR LTDA,10,V & V NUTRICAO HOSPITALA [F2768]
38014290000103,ISABEL CRISTINA MORAES MARINHO E CIA LTDA,1687,ISABEL CRISTINA MORAES M [F2769]
38028373000143,R S LOBATO NETO LTDA,170,R S LOBATO NETO LTDA [F2770]
38049647000180,ANOVA PRODUTOS HOSPITALARES LTDA,1,ANOVA PRODUTOS HOSPITALA [F2771]
38049999000136,D MED DISTRIBUIDORA DE MATERIAL HOSPITALAR LTDA,3,D MED DISTRIBUIDORA DE M [F2772]
38051916000143,R2S MED DISTRIBUIDORA E REPRESENTACAO LTDA,1,R2S MED DISTRIBUIDORA E  [F2773]
38084429000187,A C COMERCIO ATACADISTA DE MEDICAMENTOS LTDA,247,A C COMERCIO ATACADISTA  [F2774]
38086197000104,JMX DISTRIBUIDORA DE PRODUTOS FARMACEUTICOS E HOSPITALARES LTDA,28,JMX DISTRIBUIDORA DE PRO [F2775]
38098716000146,INTENSIMED COMERCIO DE INSTRUMENTOS E MAT. HOSPITALARES LTDA,1,INTENSIMED COMERCIO DE I [F2776]
38120208000117,PARANA MED COMERCIO ATACADISTA DE EQUIPAMENTO MEDICO E HOSPITALAR LTDA,14,PARANA MED COMERCIO ATAC [F2777]
38140640000170,A2 DISTRIBUIDORA BRASIL LTDA,71,A2 DISTRIBUIDORA BRASIL  [F2778]
38170314000105,LIDER DISTRIBUIDORA PRODUTOS HOSPITALARESLTDA,55,LIDER DISTRIBUIDORA PROD [F2779]
38201387000117,VWL DISTRIBUIDORA DE MEDICAMENTOS E MATERIAIS MEDICO-HOSPITALARES LTDA,52,VWL DISTRIBUIDORA DE MED [F2780]
38204744000109,D&M SAUDE LTDA,6,D&M SAUDE LTDA [F2781]
38259748000186,MIAMIMED PRODUTOS ODONTOLOGICOS LTDA,48,MIAMIMED PRODUTOS ODONTO [F2782]
38265219000195,DROGARIA FTB CENTRO LTDA,2,DROGARIA FTB CENTRO LTDA [F2783]
38292748000188,NASCIIMED DISTRIBUIDORA FARMACEUTICA EIRELI,1,NASCIIMED DISTRIBUIDORA  [F2784]
38295394000125,ESTRELA INDUSTRIA E COMERCIO DE PRODUTOS MEDICOS E HOSPITALARES LTDA,2,ESTRELA INDUSTRIA E COME [F2785]
38329458000161,BIOMED DISTRIBUIDORA DE MEDICAMENTOS LTDA,68,BIOMED DISTRIBUIDORA DE  [F2786]
38398257000116,PGSA COMERCIAL LTDA,2,PGSA COMERCIAL LTDA [F2787]
38405762000140,STAN COMERCIO DE PRODUTOS MEDICOS LTDA,7,STAN COMERCIO DE PRODUTO [F2788]
38408899000159,EQUIMED EQUIPAMENTOS MEDICOS HOSPITALARES LTDA,25,EQUIMED EQUIPAMENTOS MED [F2789]
38412815000150,INOVACAO DISTRIBUIDORA HOSPITALAR LTDA,868,INOVACAO DISTRIBUIDORA H [F2790]
38412948000127,UNIKA DISTRIBUIDORA DE MEDICAMENTOS LTDA,5,UNIKA DISTRIBUIDORA DE M [F2791]
38419205000189,CATIONLAB EQUIPAMENTOS E PRODUTOS PARA LABORATORIO LTDA,1,CATIONLAB EQUIPAMENTOS E [F2792]
38425512000172,MERCANTEX COMERCIO E REPRESENTACOES DE MATERIAL MEDICO HOSPITALAR LTDA,3,MERCANTEX COMERCIO E REP [F2793]
38441722000154,DROGARIA SULFARMES LTDA,3,DROGARIA SULFARMES LTDA [F2794]
38442572000101,JGO DROGARIA LTDA,5,JGO DROGARIA LTDA [F2795]
38460625000109,JGM PRODUTOS PARA SAUDE LTDA,1589,JGM PRODUTOS PARA SAUDE  [F2796]
38493577000155,LE VITTA MEDICAMENTOS ESPECIAIS LTDA,1,LE VITTA MEDICAMENTOS ES [F2797]
38510020000185,FARMACIA BS LTDA,3,FARMACIA BS LTDA [F2798]
38541446000104,VIAPHARMA COMERCIO DE PRODUTOS HOSPITALARES LTDA,7,VIAPHARMA COMERCIO DE PR [F2799]
38544763000176,FLORIVALDO MARTINS S.A.,1,FLORIVALDO MARTINS S.A. [F2800]
38613149000119,DENTAL ASTRAL PRODUTOS ODONTOLOGICOS LTDA,2,DENTAL ASTRAL PRODUTOS O [F2801]
38756680000140,DKT DO BRASIL PRODUTOS DE USO PESSOAL LTDA,1,DKT DO BRASIL PRODUTOS D [F2802]
38823439000197,VITALEEP DISTRIBUIDORA DE MEDICAMENTOS IMPORTADOS LTDA,2,VITALEEP DISTRIBUIDORA D [F2803]
38827087000148,MODERNA HOSPITALAR COMERCIO DE MATERIAIS MEDICOS E ORTOPEDICOS LTDA,70,MODERNA HOSPITALAR COMER [F2804]
38849493000101,LAUTZ - MATERIAIS PARA MTC E TERAPIAS ORIENTAIS LTDA,2,LAUTZ - MATERIAIS PARA M [F2805]
38909503000157,OPEM REPRESENTACAO IMPORTADORA EXPORTADORA E DISTR.LTDA,2,OPEM REPRESENTACAO IMPOR [F2806]
39032974000192,VIC PHARMA INDUSTRIA E COMERCIO LTDA,7,VIC PHARMA INDUSTRIA E C [F2807]
39151912000108,PAVA HOSPITALAR LTDA,3,PAVA HOSPITALAR LTDA [F2808]
39239472000137,MG35 ATACADO DA SAUDE LTDA,34,MG35 ATACADO DA SAUDE LT [F2809]
39241426000172,MELO COMERCIO DE MEDICAMENTOS E MATERIAIS HOSPITALAR LTDA,37,MELO COMERCIO DE MEDICAM [F2810]
39274005000148,UMSER COMERCIO IMPORTACAO E EXPORTACAO DE PRODUTOS MEDICOS HOSPITALARES LTDA,1,UMSER COMERCIO IMPORTACA [F2811]
39288518000108,RIO MATERIAIS LTDA,1,RIO MATERIAIS LTDA [F2812]
39309927000143,MED-SHOP COMERCIO DE PRODUTOS MEDICOS LTDA,4,MED-SHOP COMERCIO DE PRO [F2813]
39339941000190,SUEVIT DISTRIBUIDORA E IMPORTADORA HOSPITALAR LTDA,14,SUEVIT DISTRIBUIDORA E I [F2814]
39341555000132,"RG DISTRIBUIDORA, COMERCIO E SERVICOS LTDA",2,"RG DISTRIBUIDORA, COMERC [F2815]"
39344423000164,BLACK TSHIRT LICITACOES E ASSESSORIA LTDA,2,BLACK TSHIRT LICITACOES  [F2816]
39346590000144,KDN COMERCIO ATACADISTA LTDA,1,KDN COMERCIO ATACADISTA  [F2817]
39367194000101,INFINIT DISTRIBUIDORA LTDA,17,INFINIT DISTRIBUIDORA LT [F2818]
39402763000102,DROGARIA SANTA URSULA LTDA,5,DROGARIA SANTA URSULA LT [F2819]
39407358000179,DROGARIA PAI E FILHO LTDA,5,DROGARIA PAI E FILHO LTD [F2820]
39448478000114,DISTRIBUIDORA DE MEDICAMENTOS PARANA LTDA,69,DISTRIBUIDORA DE MEDICAM [F2821]
39499710000143,MEDICOM RIO FARMA LTDA,65,MEDICOM RIO FARMA LTDA [F2822]
39500536000101,FAROMED COMERCIO DE MATERIAIS HOSPITALARES LTDA,7,FAROMED COMERCIO DE MATE [F2823]
39509826000116,INNOVAKIR IMPORTACAO EM SAUDE LTDA,25,INNOVAKIR IMPORTACAO EM  [F2824]
39528472000157,COMERCIAL MONTANNA LTDA,3,COMERCIAL MONTANNA LTDA [F2825]
39556802000118,JMGOL HOSPITALAR LTDA,2,JMGOL HOSPITALAR LTDA [F2826]
39608346000102,DROGARIA CENTRO IPATINGA LTDA.,1,DROGARIA CENTRO IPATINGA [F2827]
39610184000147,CIRURGICA ASSIS DISTRIBUIDORA DE PRODUTOS PARA SAUDE LTDA,152,CIRURGICA ASSIS DISTRIBU [F2828]
39639612000164,RILAB HOSPITALAR LTDA,35,RILAB HOSPITALAR LTDA [F2829]
39655478000195,SEBOLD INDUSTRIA DE COSMETICOS LTDA,1,SEBOLD INDUSTRIA DE COSM [F2830]
39691295000125,MEDIAC MEDICAMENTOS E ACESSORIOS HOSPITALARES LTDA,806,MEDIAC MEDICAMENTOS E AC [F2831]
39707683000157,GTMED DISTRIBUIDORA DE MATERIAIS E EQUIPAMENTOS HOSPITALARES E ODONTOLOGICOS LTDA,112,GTMED DISTRIBUIDORA DE M [F2832]
39718543000184,DC MEDIC DISTRIBUIDORA LTDA,1,DC MEDIC DISTRIBUIDORA L [F2833]
39749232000182,FORCE FARMA DISTRIBUIDORA DE MEDICAMENTOS LTDA,153,FORCE FARMA DISTRIBUIDOR [F2834]
39835028000184,UNIAO NUTRICIONAL LTDA,9,UNIAO NUTRICIONAL LTDA [F2835]
39840107000183,MASTERMEDIC DISTRIBUIDORA LTDA,161,MASTERMEDIC DISTRIBUIDOR [F2836]
39904528000120,MASTERMED REPRESENTACOES LTDA,265,MASTERMED REPRESENTACOES [F2837]
39906592000140,COMERCIAL RIFARMA DE MEDICAMENTOS LTDA,56,COMERCIAL RIFARMA DE MED [F2838]
39966868000186,TECNOLMED GESTAO CLINICA LTDA,9,TECNOLMED GESTAO CLINICA [F2839]
39990138000110,TIMEH PRODUTOS HOSPITALARES LTDA,3,TIMEH PRODUTOS HOSPITALA [F2840]
40060710000121,JOAO VITOR RAMALHO DE OLIVEIRA FARMACIA,5,JOAO VITOR RAMALHO DE OL [F2841]
40061543000133,CREDPHARMA COMERCIO DE MEDICAMENTOS LTDA,15,CREDPHARMA COMERCIO DE M [F2842]
40069394000159,H G A COSTA COMERCIO DE ARTIGOS ODONTO-MEDICO-HOSPITALAR,9,H G A COSTA COMERCIO DE  [F2843]
40074135000116,ANA LUCIA LIMA ARAGAO DISTRIBUIDORA DE MEDICAMENTOS LTDA,88,ANA LUCIA LIMA ARAGAO DI [F2844]
40104849000120,SUPRAMED MATERIAL MEDICO HOSPITALAR LTDA,1,SUPRAMED MATERIAL MEDICO [F2845]
40117556000187,HAVI MATERIAL HOSPITALAR LTDA,1,HAVI MATERIAL HOSPITALAR [F2846]
40133906000107,NORTE SUL DISTRIBUIDORA LTDA,1,NORTE SUL DISTRIBUIDORA  [F2847]
40136720000101,DF2MED PRODUTOS HOSPITALARES LTDA,70,DF2MED PRODUTOS HOSPITAL [F2848]
40152684000161,MAXMED DISTRIBUIDORA ODONTO-HOSPITALAR LTDA,11,MAXMED DISTRIBUIDORA ODO [F2849]
40175705000164,CEI COMERCIO EXPORTACAO E IMP DE MAT MEDICOS LTDA,15,CEI COMERCIO EXPORTACAO  [F2850]
40238923000109,POLLYANNA TAMARA MORAIS E SILVA MOURA LTDA,2,POLLYANNA TAMARA MORAIS  [F2851]
40254918000181,BRASIL FARMAON MEDICAMENTOS FARMACEUTICOS LTDA,4,BRASIL FARMAON MEDICAMEN [F2852]
40256200000124,"MEDS COMERCIO DE MEDICAMENTOS, PRODUTOS E EQUIPAMENTOS HOSPITALARES LTDA",145,MEDS COMERCIO DE MEDICAM [F2853]
40273753000195,FARMA MEDICAL DISTRIBUIDORA DE MEDICAMENTOS E CORRELATOS LTDA,1,FARMA MEDICAL DISTRIBUID [F2854]
40274237000185,CLM FARMA COMERCIO E DISTRIBUIDORA DE MEDICAMENTOS LTDA,341,CLM FARMA COMERCIO E DIS [F2855]
40328532000177,DISTRIBUIDORA DE MEDICAMENTOS BANDEIRANTE LTDA,123,DISTRIBUIDORA DE MEDICAM [F2856]
40332173000121,M.F.G. DE MELO,1,M.F.G. DE MELO [F2857]
40367723000148,B. S. ARTIGOS DO VESTUARIO LTDA,1,B. S. ARTIGOS DO VESTUAR [F2858]
40368186000150,GFS COMERCIO E SERVICOS LTDA,9,GFS COMERCIO E SERVICOS  [F2859]
40382970000113,"HEALTH-CARE COMERCIO DE MATERIAL MEDICO, CIRURGICO E HOSPITALAR LTDA.",8,HEALTH-CARE COMERCIO DE  [F2860]
40420219000164,W.A MEDICAMENTOS SOLUCOES EM SAUDE LTDA,28,W.A MEDICAMENTOS SOLUCOE [F2861]
40455009000101,ALMEIDA FARMACEUTICA LTDA,92,ALMEIDA FARMACEUTICA LTD [F2862]
40476413000161,DF DISTRIBUIDORA DE MEDICAMENTOS E MATERIAL HOSPITALAR LTDA,1,DF DISTRIBUIDORA DE MEDI [F2863]
40600760000154,LEMAN MEDICAMENTOS E CIA LTDA,146,LEMAN MEDICAMENTOS E CIA [F2864]
40613881000130,MB COMERCIO DE PRODUTOS NUTRICIONAIS E HOSPITALARES LTDA,2,MB COMERCIO DE PRODUTOS  [F2865]
40618304000131,FOCCUS DISTRIBUIDORA DE EQUIPAMENTOS LTDA,5,FOCCUS DISTRIBUIDORA DE  [F2866]
40649293000157,ANA JULIA MARTINS FALEIROS DE ANDRADE LTDA,58,ANA JULIA MARTINS FALEIR [F2867]
40657992000149,LICI EXPRESS DISTRIBUIDORA LTDA,19,LICI EXPRESS DISTRIBUIDO [F2868]
40673263000186,REISMED COMERCIO DE PRODUTOS HOSPITALARES LTDA,1,REISMED COMERCIO DE PROD [F2869]
40710180000110,FARMABES MATERIAIS HOSPITALARES LTDA,32,FARMABES MATERIAIS HOSPI [F2870]
40724582000173,FIA COMERCIO DE PRODUTOS HOSPITALARES LTDA,281,FIA COMERCIO DE PRODUTOS [F2871]
40787152000109,CIRUFARMA COMERCIAL LTDA,125,CIRUFARMA COMERCIAL LTDA [F2872]
40788766000105,CIRURGICA BRASIL DISTRIBUIDORA DE MEDICAMENTOS LTDA,764,CIRURGICA BRASIL DISTRIB [F2873]
40790727000134,RN COMERCIO DE MEDICAMENTOS E MATERIAL HOSPITALAR LTDA,1,RN COMERCIO DE MEDICAMEN [F2874]
40801743000185,FARMACIA TRUZZI LTDA,2,FARMACIA TRUZZI LTDA [F2875]
40802993000130,J. S. NUNES LTDA,4,J. S. NUNES LTDA [F2876]
40813690000112,SAN CAMILO HOSPITALAR LTDA,3,SAN CAMILO HOSPITALAR LT [F2877]
40814479000114,R2 MEDCAL DISTRIBUIDORA PRODUTOS HOSPITALARES LTDA,3,R2 MEDCAL DISTRIBUIDORA  [F2878]
40878085000120,MULTICENTER COMERCIO LTDA,6,MULTICENTER COMERCIO LTD [F2879]
40892801000123,K & M MEDICAL COMERCIO DE PRODUTOS HOSPITALARES LTDA,2,K & M MEDICAL COMERCIO D [F2880]
40895512000188,SOMA DISTRIBUIDORA DE PRODUTOS HOSPITALARES LTDA,54,SOMA DISTRIBUIDORA DE PR [F2881]
40924536000118,MGN HOSPITALAR LTDA,1,MGN HOSPITALAR LTDA [F2882]
40951414000110,NF FARMACEUTICA E LOGISTICA LTDA,622,NF FARMACEUTICA E LOGIST [F2883]
40968252000123,MEDICINA SEGURA DISTRIBUICAO E PROMOCAO EM VENDAS LTDA,3,MEDICINA SEGURA DISTRIBU [F2884]
41057228000103,MEGAHOSP COMERCIO DE PRODUTOS PARA SAUDE LTDA,1,MEGAHOSP COMERCIO DE PRO [F2885]
41070028000182,GR FARMA BEBEDOURO LTDA,9,GR FARMA BEBEDOURO LTDA [F2886]
41073251000183,ALPHA COMERCIAL HOSPITALAR LTDA,3,ALPHA COMERCIAL HOSPITAL [F2887]
41098601000166,MC FARMA LTDA,14,MC FARMA LTDA [F2888]
41103222000117,JANDAMED PRODUTOS HOSPITALARES LTDA,37,JANDAMED PRODUTOS HOSPIT [F2889]
41113359000152,DPNT COMERCIO E DISTRIBUICAO LTDA,8,DPNT COMERCIO E DISTRIBU [F2890]
41141956000190,PATOMEDI DISTRIBUIDORA DE MEDICAMENTOS E PRODUTOS HOSPITALARES LTDA,95,PATOMEDI DISTRIBUIDORA D [F2891]
41194774000188,L R DISTRIBUIDORA DE MEDICAMENTOS LTDA,60,L R DISTRIBUIDORA DE MED [F2892]
41197176000162,L. M. DISTRIBUIDORA DE MEDICAMENTOS LTDA,3,L. M. DISTRIBUIDORA DE M [F2893]
41227287000174,ORTHOFACOS PRODUTOS PARA ORTOPEDIA E OFTALMOLOGIA LTDA,11,ORTHOFACOS PRODUTOS PARA [F2894]
41250142000194,COMERCIAL VIEIRA COSTA LTDA,3,COMERCIAL VIEIRA COSTA L [F2895]
41263941000103,3M REPRESENTACOES COMERCIAIS LTDA,8,3M REPRESENTACOES COMERC [F2896]
41302176000185,LC PRODUTOS HOSPITALARES LTDA,9,LC PRODUTOS HOSPITALARES [F2897]
41319629000186,SOLUTE MEDICAL GROUP BRAZIL LTDA,2,SOLUTE MEDICAL GROUP BRA [F2898]
41319803000190,GENERICA ITATIBA DISTRIBUIDORA DE MEDICAMENTOS LTDA,89,GENERICA ITATIBA DISTRIB [F2899]
41331641000106,L C L - NASCIMENTO DISTRIBUIDORA HOSPITALAR LTDA,11,L C L - NASCIMENTO DISTR [F2900]
41340103000188,EREMED DISTRIBUIDORA DE MEDICAMENTOS LTDA,51,EREMED DISTRIBUIDORA DE  [F2901]
41342194000190,HOSPMED - COMERCIO ATACADISTA E VAREJISTA DE PRODUTOS MEDICOS E HOSPITALARES LTDA,10,HOSPMED - COMERCIO ATACA [F2902]
41347974000123,ZAFRA DISTRIBUIDORA DE MEDICAMENTOS E PRODUTOS HOSPITALARES LTDA,125,ZAFRA DISTRIBUIDORA DE M [F2903]
41350665000102,DISTRISOL DISTRIBUIDORA DE MATERIAL LTDA,57,DISTRISOL DISTRIBUIDORA  [F2904]
41365113000178,NOVA MEDICAMENTOS LTDA,721,NOVA MEDICAMENTOS LTDA [F2905]
41381952000180,ROCHA E GOES DISTRIBUIDORA DE MEDICAMENTOS E MATERIAIS MEDICO HOSPITALARES LTDA,74,ROCHA E GOES DISTRIBUIDO [F2906]
41414934000157,VMB DISTRIBUIDORA DE MEDICAMENTOS E MATERIAL MEDICO HOSPITALAR LTDA,4,VMB DISTRIBUIDORA DE MED [F2907]
41464907000199,MED3 COMERCIO DE PRODUTOS HOSPITALARES LTDA,2,MED3 COMERCIO DE PRODUTO [F2908]
41481009000220,JSP ASSESSORIA E GESTAO CONTABIL LTDA,7,JSP ASSESSORIA E GESTAO  [F2909]
41488836000164,B L C COMERCIO DE MATERIAIS LTDA,209,B L C COMERCIO DE MATERI [F2910]
41500407000165,HENRIVIX COMERCIO DE MEDICAMENTOS E MATERIAIS HOSPITALARES LTDA,346,HENRIVIX COMERCIO DE MED [F2911]
41507227000105,JAB COMERCIO E DISTRIBUICAO DE PRODUTOS LTDA,1,JAB COMERCIO E DISTRIBUI [F2912]
41511821000170,DESTRA DISTRIBUIDORA DE MEDICAMENTOS LTDA,563,DESTRA DISTRIBUIDORA DE  [F2913]
41516065000171,LIDER MED LTDA,1373,LIDER MED LTDA [F2914]
41532061000187,STAR MIX PRODUTOS ODONTOLOGICOS MEDICOS HOSPITALARES LTDA,45,STAR MIX PRODUTOS ODONTO [F2915]
41546121000110,ALVES DE ALENCAR LTDA,2,ALVES DE ALENCAR LTDA [F2916]
41550166000169,CURAMED - PRODUTOS HOSPITALARES LTDA,91,CURAMED - PRODUTOS HOSPI [F2917]
41554303000133,ITA MED PRODUTOS MEDICOS HOSPITALARES LTDA,37,ITA MED PRODUTOS MEDICOS [F2918]
41568143000181,SEABRA HOSPITALAR LTDA,49,SEABRA HOSPITALAR LTDA [F2919]
41582087000130,WILLIAMS CENTRO DE DISTRIBUICAO DE MEDICAMENTOS LTDA,15,WILLIAMS CENTRO DE DISTR [F2920]
41665545000102,DNA MED BRASIL LTDA,6,DNA MED BRASIL LTDA [F2921]
41683262000185,VERO MEDICAMENTOS LTDA,21,VERO MEDICAMENTOS LTDA [F2922]
41716353000170,"G.D. PRODUTOS MEDICOS, HOSPITALARES E ORTOPEDICOS LTDA",1,"G.D. PRODUTOS MEDICOS, H [F2923]"
41733464000194,SHL - SAUDE HOSPITALAR E LABORATORIAL LTDA,9,SHL - SAUDE HOSPITALAR E [F2924]
41738390000189,PL MED PRODUTOS HOSPITALARES LTDA,1,PL MED PRODUTOS HOSPITAL [F2925]
41752554000122,ELLOMED COMERCIO DE PRODUTOS HOSPITALARES LTDA,1,ELLOMED COMERCIO DE PROD [F2926]
41774511000148,CENTRAL LIFE DISTRIBUIDORA DE PRODUTOS PARA SAUDE LTDA,21,CENTRAL LIFE DISTRIBUIDO [F2927]
41778326000121,MED & FARMA COMERCIO ATACADISTA MEDICAMENTOS LTDA,1181,MED & FARMA COMERCIO ATA [F2928]
41836567000180,KANIA COMERCIO DE PRODUTOS HOSPITALARES LTDA,13,KANIA COMERCIO DE PRODUT [F2929]
41851336000145,BRAVA INDUSTRIA E COMERCIO LTDA,9,BRAVA INDUSTRIA E COMERC [F2930]
41932099000147,PMI BRASIL IMPORTADORA E EXPORTADORA DE PRODUTOS PARA SAUDE LTDA,4,PMI BRASIL IMPORTADORA E [F2931]
41934829000149,CIRURGICA FENIX LTDA,1,CIRURGICA FENIX LTDA [F2932]
41948967000187,NATOMEDIC PRODUTOS DE SAUDE LTDA,3,NATOMEDIC PRODUTOS DE SA [F2933]
41977198000145,MAXXI VIX COMERCIO ATACADISTA E REPRESENTACAO LTDA,6,MAXXI VIX COMERCIO ATACA [F2934]
41990236000108,RCMED DISTRIBUIDORA LTDA,26,RCMED DISTRIBUIDORA LTDA [F2935]
42017679000171,ALFA HOSPITALAR DISTRIBUIDORA MATERIAL MEDICO E HOSPITALAR LTDA,257,ALFA HOSPITALAR DISTRIBU [F2936]
42038727000108,SENA COMERCIO DE PRODUTOS PARA A SAUDE LTDA,5,SENA COMERCIO DE PRODUTO [F2937]
42040380000138,BIMEX RS COMERCIO DE MEDICAMENTOS LTDA,43,BIMEX RS COMERCIO DE MED [F2938]
42043318000108,FL SHELF REPRESENTANTES COMERCIAIS E AGENTES DO COMERCIO DE MERCADORIAS LTDA,27,FL SHELF REPRESENTANTES  [F2939]
42067051000180,CT COMERCIO DISTRIBUIDORA HOSPITALAR LTDA,26,CT COMERCIO DISTRIBUIDOR [F2940]
42081183000167,HEALTH EXPERIENCE PRODUTOS MEDICOS ODONTOLOGICOS E FARMACEUTICOS LTDA,6,HEALTH EXPERIENCE PRODUT [F2941]
42092374000124,GALLI E LIOTTO COMERCIO DE PRODUTOS HOSPITALARES LTDA,335,GALLI E LIOTTO COMERCIO  [F2942]
42119861000133,PORTOMED HOSPITALAR LTDA,9,PORTOMED HOSPITALAR LTDA [F2943]
42180406000143,GUERBET PRODUTOS RADIOLOGICOS LIMITADA,3,GUERBET PRODUTOS RADIOLO [F2944]
42198801000153,GEMELI MEDICAL LTDA,47,GEMELI MEDICAL LTDA [F2945]
42204942000131,PGE PRIME COMERCIO DE PRODUTOS PARA A SAUDE LTDA,1,PGE PRIME COMERCIO DE PR [F2946]
42205916000128,LICITA SAUDE COMERCIO DE ODONTOLOGICOS LTDA,2,LICITA SAUDE COMERCIO DE [F2947]
42227547000174,MED4 IMPORTADORA E DISTRIBUIDORA LTDA,78,MED4 IMPORTADORA E DISTR [F2948]
42241234000170,POWER MED MATERIAL HOSPITALAR LTDA,13,POWER MED MATERIAL HOSPI [F2949]
42322863000125,IMPULSE PRODUTOS HOSPITALARES LTDA,8,IMPULSE PRODUTOS HOSPITA [F2950]
42374207000176,LABORATORIOS SERVIER DO BRASIL LTDA,1,LABORATORIOS SERVIER DO  [F2951]
42375447000195,CONCEPT HOSPITALAR PRODUTOS MEDICOS LTDA,1,CONCEPT HOSPITALAR PRODU [F2952]
42377383000161,MEDCAMP MEDICAMENTOS E MATERIAIS HOSPITALAR LTDA,8,MEDCAMP MEDICAMENTOS E M [F2953]
42441595000160,VITALMED COMERCIO IMPORTACAO EXPORTACAO E DISTRIBUICAO LTDA,65,VITALMED COMERCIO IMPORT [F2954]
42496258000170,METTA FARMACEUTICA LTDA,207,METTA FARMACEUTICA LTDA [F2955]
42529374000149,DISTRIBUIDORA DE MEDICAMENTOS INTRAMED LTDA,90,DISTRIBUIDORA DE MEDICAM [F2956]
42587791000148,CSMED PRODUTOS MEDICO-HOSPITALARES LTDA,48,CSMED PRODUTOS MEDICO-HO [F2957]
42650279000107,LONDRIHOSP IMPORTACAO E EXPORTACAO DE PRODUTOS MEDICO HOSPITALARES LTDA,29,LONDRIHOSP IMPORTACAO E  [F2958]
42705829000130,HUB HEALTH DISTRIBUIDORA DE PRODUTOS HOSPITALARES LTDA,2,HUB HEALTH DISTRIBUIDORA [F2959]
42794327000122,SAMMED DROGARIA E MEDICAMENTOS ESPECIAIS LTDA,2,SAMMED DROGARIA E MEDICA [F2960]
42799163000126,BH FARMA COMERCIO LTDA,298,BH FARMA COMERCIO LTDA [F2961]
42834634000190,BR MEDICAMENTOS LTDA,13,BR MEDICAMENTOS LTDA [F2962]
42837716000198,IN VITRO DIAGNOSTICA LTDA,22,IN VITRO DIAGNOSTICA LTD [F2963]
42905964000129,GRAZIELE TOLENTINO LTDA,1,GRAZIELE TOLENTINO LTDA [F2964]
42946717000170,ULTRA MED DISTRIBUIDORA DE MEDICAMENTOS LTDA,106,ULTRA MED DISTRIBUIDORA  [F2965]
42987802000187,FARMACIA SAUDE POPULAR LTDA,2,FARMACIA SAUDE POPULAR L [F2966]
43001464000125,INOVA NUTRICAO E PRODUTOS EM SAUDE LTDA,4,INOVA NUTRICAO E PRODUTO [F2967]
43025186000146,WF DISTRIBUIDORA DE MEDICAMENTOS LTDA,71,WF DISTRIBUIDORA DE MEDI [F2968]
43044418000103,M TESTA ATACADO LTDA,8,M TESTA ATACADO LTDA [F2969]
43121365000187,MG FLEX LTDA.,4,MG FLEX LTDA. [F2970]
43134552000103,ALP COMERCIO DE PRODUTOS PARA SAUDE LTDA,2,ALP COMERCIO DE PRODUTOS [F2971]
43144036000151,GEOMED DISTRIBUIDORA DE MEDICAMENTOS LTDA,19,GEOMED DISTRIBUIDORA DE  [F2972]
43158055000137,IMUNE COMERCIO DE MATERIAIS HOSPITALARES LTDA,1,IMUNE COMERCIO DE MATERI [F2973]
43179225000160,TRANSMAI EQUIPAMENTOS MEDICOS HOSPITALARES LTDA,1,TRANSMAI EQUIPAMENTOS ME [F2974]
43219256000105,LIFE CLEAN COMERCIO DE EQUIPAMENTOS LTDA,5,LIFE CLEAN COMERCIO DE E [F2975]
43231355000102,MEDICINALE DISTRIBUIDORA DE MEDICAMENTOS E MATERIAIS HOSPITALARES LTDA,74,MEDICINALE DISTRIBUIDORA [F2976]
43232006000105,W.A. COMERCIO DE MEDICAMENTOS LTDA,80,W.A. COMERCIO DE MEDICAM [F2977]
43239945000173,HOSPGYN DISTRIBUIDORA LTDA,61,HOSPGYN DISTRIBUIDORA LT [F2978]
43269791000162,IMPERIUM MED DISTRIBUIDORA DE MEDICAMENTOS E PRODUTOS HOSPITALARES LTDA,25,IMPERIUM MED DISTRIBUIDO [F2979]
43286062000114,INFINITA COMERCIO E SERVICOS LTDA,22,INFINITA COMERCIO E SERV [F2980]
43295831000140,INTERLAB FARMACEUTICA LTDA,1543,INTERLAB FARMACEUTICA LT [F2981]
43307039000169,ALAMO DISTRIBUIDORA MEDICO HOSPITALAR LTDA,6,ALAMO DISTRIBUIDORA MEDI [F2982]
43312503000105,SUPERA FARMA LABORATORIOS S.A.,1,SUPERA FARMA LABORATORIO [F2983]
43352606000107,MORETI DISTRIBUIDORA DE PRODUTOS MEDICOS E ODONTOLOGICOS LTDA,89,MORETI DISTRIBUIDORA DE  [F2984]
43426626000177,ALLERGAN PRODUTOS FARMACEUTICOS LTDA.,2,ALLERGAN PRODUTOS FARMAC [F2985]
43433429000185,NORDIC COMERCIO E REPRESENTACAO DE PRODUTOS MEDICOS E HOSPITALARES LTDA,10,NORDIC COMERCIO E REPRES [F2986]
43456296000162,TECPLUS LTDA,1,TECPLUS LTDA [F2987]
43463126000105,LIVMED MATERIAIS E EQUIPAMENTOS HOSPITALARES LTDA,46,LIVMED MATERIAIS E EQUIP [F2988]
43496995000136,CIRURGICA SANTA HELENA LTDA,3,CIRURGICA SANTA HELENA L [F2989]
43519181000170,ARSERVE PHARMA EPP LTDA,40,ARSERVE PHARMA EPP LTDA [F2990]
43537550000157,LAPAMED LTDA,2,LAPAMED LTDA [F2991]
43548244000116,MAX PHARMA COMERCIO LTDA,24,MAX PHARMA COMERCIO LTDA [F2992]
43556958000176,ALTERNATIVA DISTRIBUIDORA HOSPITALAR LTDA,7,ALTERNATIVA DISTRIBUIDOR [F2993]
43564904000152,BR DISTRIBUICAO DE MEDICAMENTOS E MATERIAIS HOSPITALARES LTDA,504,BR DISTRIBUICAO DE MEDIC [F2994]
43573889000109,PROVIDE HOSPITALAR LTDA,14,PROVIDE HOSPITALAR LTDA [F2995]
43575877000113,DROGARIA NOVA ESPERANCA LTDA,29,DROGARIA NOVA ESPERANCA  [F2996]
43575877000466,DROGARIA NOVA ESPERANCA LTDA,14,DROGARIA NOVA ESPERANCA  [F2997]
43595813000184,IMPERIO PHARMA MEDICAMENTOS LTDA.,1,IMPERIO PHARMA MEDICAMEN [F2998]
43603551000152,AM CIANORTE DISTRIBUIDORA LTDA,65,AM CIANORTE DISTRIBUIDOR [F2999]
43607262000121,INPHARMA HOSPITALAR LTDA,551,INPHARMA HOSPITALAR LTDA [F3000]
43640754000119,FUNDACAO PARA O REMEDIO POPULAR FURP,59,FUNDACAO PARA O REMEDIO  [F3001]
43728100000141,BC MED HOSPITALAR LTDA,2,BC MED HOSPITALAR LTDA [F3002]
43732317000125,KFP COMERCIO DE MATERIAIS LTDA,21,KFP COMERCIO DE MATERIAI [F3003]
43741123000358,J H NOGAROTO & CIA LTDA,60,J H NOGAROTO & CIA LTDA [F3004]
43750122000108,FARMA LOBO LTDA,1,FARMA LOBO LTDA [F3005]
43751565000113,RF PRODUTOS HOSPITALARES E ODONTOLOGICOS LTDA,259,RF PRODUTOS HOSPITALARES [F3006]
43810883000108,DROGARIA BOA SAUDE DA RIBEIRA LTDA,2,DROGARIA BOA SAUDE DA RI [F3007]
43834774000120,DENTAL SOORETAMA COMERCIO DE PRODUTOS ODONTOLOGICOS LTDA,7,DENTAL SOORETAMA COMERCI [F3008]
43854777000126,BUNZL EQUIPAMENTOS PARA PROTECAO INDIVIDUAL LTDA,1,BUNZL EQUIPAMENTOS PARA  [F3009]
43940618000144,ELI LILLY DO BRASIL LTDA,60,ELI LILLY DO BRASIL LTDA [F3010]
43962576000142,UNAMED PRODUTOS HOSPITALARES LTDA,3,UNAMED PRODUTOS HOSPITAL [F3011]
43980053000129,FARMACIA CIDADE ALTA LTDA,15,FARMACIA CIDADE ALTA LTD [F3012]
44010437000181,CAZI QUIMICA FARMACEUTICA INDUSTRIA E COMERCIO LTDA,3,CAZI QUIMICA FARMACEUTIC [F3013]
44036939000181,TRVO COMERCIO ATACADISTA LTDA,1,TRVO COMERCIO ATACADISTA [F3014]
44037882000135,THIAGO G. DISTRIBUIDORA DE MEDICAMENTOS E LOGISTICA LTDA,128,THIAGO G. DISTRIBUIDORA  [F3015]
44038095000108,LOPES & ISHIKAWA DISTRIBUIDORA DE MEDICAMENTOS LTDA,8,LOPES & ISHIKAWA DISTRIB [F3016]
44105234000179,SANTA FE HOSPITALAR PRODUTOS PARA SAUDE LTDA,2,SANTA FE HOSPITALAR PROD [F3017]
44127150000136,ASTRA MEDICAL SUPPLY PRODUTOS MEDICOS E HOSPITALARES LTDA,8,ASTRA MEDICAL SUPPLY PRO [F3018]
44134704000122,L.E. COMERCIO DE MEDICAMENTOS E MATERIAIS HOSPITALARES LTDA,64,L.E. COMERCIO DE MEDICAM [F3019]
44152616000153,UP DISTRIBUIDORA LTDA,170,UP DISTRIBUIDORA LTDA [F3020]
44187859000127,SANTA CLARA PRODUTOS FARMACEUTICOS LTDA,1,SANTA CLARA PRODUTOS FAR [F3021]
44219136000162,ATLAS EQUIPAMENTOS LTDA,1,ATLAS EQUIPAMENTOS LTDA [F3022]
44223526000106,DISTRIBUIDORA AGUA BOA LTDA,115,DISTRIBUIDORA AGUA BOA L [F3023]
44239382000186,PHOENIX INDUSTRIA E COMERCIO DE EQUIPAMENTOS CIENTIFICOS LTDA,1,PHOENIX INDUSTRIA E COME [F3024]
44291264000117,LYON FARMA-HOSPITALAR IMPORTACAO E EXPORTACAO LTDA,1,LYON FARMA-HOSPITALAR IM [F3025]
44328371000172,"VERO MEDICAL IMPORTACAO, EXPORTACAO E COMERCIO DE PRODUTOS MEDICOS LTDA",9,"VERO MEDICAL IMPORTACAO, [F3026]"
44343055000170,NUTRIMARCAS PRODUTOS ALIMENTICIOS LTDA,1,NUTRIMARCAS PRODUTOS ALI [F3027]
44363661000580,GLENMARK FARMACEUTICA LTDA,7,GLENMARK FARMACEUTICA LT [F3028]
44385344000131,VITALCURE PRODUTOS MEDICOS NUTRICIONAIS LTDA,1,VITALCURE PRODUTOS MEDIC [F3029]
44387760000179,MABE FARMA PRODUTOS HOSPITALARES LTDA,1,MABE FARMA PRODUTOS HOSP [F3030]
44450437000100,FERRAZ EVENTOS E REPRESENTACOES LTDA,2,FERRAZ EVENTOS E REPRESE [F3031]
44462035000118,LABBRASIL COMERCIO DE PRODUTOS MEDICOS LTDA,1,LABBRASIL COMERCIO DE PR [F3032]
44463156000184,SERVIMED COMERCIAL LTDA,89,SERVIMED COMERCIAL LTDA [F3033]
44577516000179,LABJ IMPERIU'S PHARMA DISTRIBUIDORA DE MEDICAMENTOS LTDA,53,LABJ IMPERIU'S PHARMA DI [F3034]
44598531000101,SAUDE BRASIL IMPORTACAO E EXPORTACAO DE PRODUTOS HOSPITALARES LTDA,2,SAUDE BRASIL IMPORTACAO  [F3035]
44607099000160,LA VIE MEDICAL LTDA,24,LA VIE MEDICAL LTDA [F3036]
44611020000174,VITAL SAUDE DISTRIBUIDORA LTDA,3,VITAL SAUDE DISTRIBUIDOR [F3037]
44639493000180,EUGIA PHARMA INDUSTRIA FARMACEUTICA LIMITADA,35,EUGIA PHARMA INDUSTRIA F [F3038]
44656846000150,DF MEDICAL LTDA,289,DF MEDICAL LTDA [F3039]
44734671000151,CRISTALIA PRODUTOS QUIMICOS FARMACEUTICOS LTDA,6314,CRISTALIA PRODUTOS QUIMI [F3040]
44734671000402,CRISTALIA PRODUTOS QUIMICOS FARMACEUTICOS LTDA,50,CRISTALIA PRODUTOS QUIMI [F3041]
44734671000828,CRISTALIA PRODUTOS QUIMICOS FARMACEUTICOS LTDA,670,CRISTALIA PRODUTOS QUIMI [F3042]
44734671002286,CRISTALIA PRODUTOS QUIMICOS FARMACEUTICOS LTDA,2659,CRISTALIA PRODUTOS QUIMI [F3043]
44735855000136,MG BRASIL COMERCIO E SERVICOS LTDA,2,MG BRASIL COMERCIO E SER [F3044]
44755855000106,BIG MED DISTRIBUIDORA DE MEDICAMENTOS LTDA,2,BIG MED DISTRIBUIDORA DE [F3045]
44779242000109,P H COMERCIO DE PRODUTOS MEDICOS HOSPITALARES LTDA,192,P H COMERCIO DE PRODUTOS [F3046]
44949367000121,COMERCIAL DISTRINORTE CAPIXABA LTDA,7,COMERCIAL DISTRINORTE CA [F3047]
44982273000154,F. DUTRA SOLUCOES EM SAUDE LTDA.,3,F. DUTRA SOLUCOES EM SAU [F3048]
45053942000176,MATHEUS COMERCIO ATACADISTA LTDA,10,MATHEUS COMERCIO ATACADI [F3049]
45075197000166,AIR PURE COMERCIO DE GASES LTDA,3,AIR PURE COMERCIO DE GAS [F3050]
45082493000194,VLS MEDICAMENTOS LTDA,10,VLS MEDICAMENTOS LTDA [F3051]
45090400000173,CLEAN X COMERCIO VAREJISTA DE PRODUTOS SANEANTES LTDA,5,CLEAN X COMERCIO VAREJIS [F3052]
45107793000180,PHOENIX DISTRIBUIDORA E IMPORTADORA DE PRODUTOS FARMACEUTICOS E CORRELATOS LTDA,49,PHOENIX DISTRIBUIDORA E  [F3053]
45151432000131,ALEX DOS SANTOS MOURA & CIA LTDA,1,ALEX DOS SANTOS MOURA &  [F3054]
45157605000129,VRM IMPORT LTDA,3,VRM IMPORT LTDA [F3055]
45195203000119,SAO BENTO COMERCIO E SERVICOS LTDA,1,SAO BENTO COMERCIO E SER [F3056]
45203145000128,LICITAMED PRIME COMERCIAL LTDA,1,LICITAMED PRIME COMERCIA [F3057]
45216228000151,GM COMERCIAL HOSPITALAR LTDA,76,GM COMERCIAL HOSPITALAR  [F3058]
45282739000171,MULTIMEDIK DISTRIBUICAO LTDA,7,MULTIMEDIK DISTRIBUICAO  [F3059]
45293736000133,ATUAL COMERCIO ATACADISTA DE PRODUTOS PARA A SAUDE LTDA,2,ATUAL COMERCIO ATACADIST [F3060]
45295469000133,LLT DISTRIBUICAO DE PRODUTOS MEDICOS LTDA,1,LLT DISTRIBUICAO DE PROD [F3061]
45322752000107,F MOREIRA SILVA LTDA,1,F MOREIRA SILVA LTDA [F3062]
45344935000123,HIGYA MED - SOLUCOES HOSPITALARES LTDA,23,HIGYA MED - SOLUCOES HOS [F3063]
45453214001042,PROFARMA DISTRIBUIDORA DE PRODUTOS FARMACEUTICOS SA,1,PROFARMA DISTRIBUIDORA D [F3064]
45453214003177,PROFARMA DISTRIBUIDORA DE PRODUTOS FARMACEUTICOS SA,1,PROFARMA DISTRIBUIDORA D [F3065]
45454327000171,XLAB - SUPRIMENTOS PARA LABORATORIO LTDA,2,XLAB - SUPRIMENTOS PARA  [F3066]
45463464000172,DROGARIA MARQUETE BARBOSA & CIA LTDA,3,DROGARIA MARQUETE BARBOS [F3067]
45763951000150,SLIM MED PRODUTOS HOSPITALARES LTDA,13,SLIM MED PRODUTOS HOSPIT [F3068]
45774320000137,FARMACIA CENTRAL DE BROTAS LTDA,26,FARMACIA CENTRAL DE BROT [F3069]
45774742000102,CASSOLE AGUIAR DROGARIA LTDA,152,CASSOLE AGUIAR DROGARIA  [F3070]
45858701000102,DROGARIA SAO QUIRINO ANDRIOLO LTDA,1,DROGARIA SAO QUIRINO AND [F3071]
45985371000108,3M DO BRASIL LTDA,2,3M DO BRASIL LTDA [F3072]
45987013000134,ORGANON FARMACEUTICA LTDA.,2,ORGANON FARMACEUTICA LTD [F3073]
45987013000304,ORGANON FARMACEUTICA LTDA.,3,ORGANON FARMACEUTICA LTD [F3074]
45992062000165,GERMED FARMACEUTICA LTDA,20,GERMED FARMACEUTICA LTDA [F3075]
45992528000122,DLW COMERCIAL DISTRIBUIDORA LTDA,2,DLW COMERCIAL DISTRIBUID [F3076]
46053404000144,DIFAPI COMERCIO E SERVICOS LTDA,78,DIFAPI COMERCIO E SERVIC [F3077]
46070868003699,LABORATORIOS PFIZER LTDA,5,LABORATORIOS PFIZER LTDA [F3078]
46073134000133,CAMBE MED DISTRIBUIDORA DE MEDICAMENTOS E MATERIAIS HOSPITALARES LTDA,6,CAMBE MED DISTRIBUIDORA  [F3079]
46089845000104,REDE DOUTOR FARMA COMERCIO DE MEDICAMENTOS LTDA,27,REDE DOUTOR FARMA COMERC [F3080]
46116717000102,CIRURGICA PRIME LTDA,151,CIRURGICA PRIME LTDA [F3081]
46144622000194,SIGVARIS DO BRASIL INDUSTRIA E COMERCIO LIMITADA,3,SIGVARIS DO BRASIL INDUS [F3082]
46179008000168,BRASTERAPICA INDUSTRIA FARMACEUTICA LTDA.,4,BRASTERAPICA INDUSTRIA F [F3083]
46218314000166,PRIMEMED EQUIPAMENTOS LTDA,18,PRIMEMED EQUIPAMENTOS LT [F3084]
46242310000113,IMPACTA MED DISTRIBUIDORA DE MEDICAMENTOS E MATERIAIS HOSPITALARES LTDA,43,IMPACTA MED DISTRIBUIDOR [F3085]
46263981000160,MENDES & DOURADO COMERCIO DE MEDICAMENTOS LTDA,1,MENDES & DOURADO COMERCI [F3086]
46328269000100,FUFA PR COMERCIO DE PRODUTOS HOSPITALARES LTDA,8,FUFA PR COMERCIO DE PROD [F3087]
46344078000124,PRIME MEDICAL PHARMA DISTRIBUIDORA DE MEDICAMENTOS E MATERIAL HOSPITALAR LTDA,1,PRIME MEDICAL PHARMA DIS [F3088]
46344793000167,L N SILVA DISTRIBUIDORA LTDA,14,L N SILVA DISTRIBUIDORA  [F3089]
46365045000160,DRYLOCK TECHNOLOGIES BRASIL LTDA,1,DRYLOCK TECHNOLOGIES BRA [F3090]
46374500026231,SECRETARIA DE ESTADO DA SAUDE,1,SECRETARIA DE ESTADO DA  [F3091]
46381269000166,"NUTRI-ELE DISTRIBUIDORA DE NUTRICAO, CORRELATOS E PRODUTOS MEDICOS E HOSPITALARES LTDA",200,NUTRI-ELE DISTRIBUIDORA  [F3092]
46388662000181,FULLFARMA COMERCIO DE PRODUTOS FARMACEUTICOS LTDA,10,FULLFARMA COMERCIO DE PR [F3093]
46388826000170,OCIAN COMERCIAL FARMACEUTICA UNIPESSOAL LTDA,43,OCIAN COMERCIAL FARMACEU [F3094]
46390694000111,A HOSPITALAR E PRODUTOS PARA SAUDE LTDA,5,A HOSPITALAR E PRODUTOS  [F3095]
46440212000190,BRAXTER HOSPITALAR LTDA,68,BRAXTER HOSPITALAR LTDA [F3096]
46482835000126,ANIRAM DISTRIBUIDORA DE MEDICAMENTOS E SERVICOS DE SAUDE LTDA,2,ANIRAM DISTRIBUIDORA DE  [F3097]
46586767000145,FARMIL DISTRIBUIDORA DE MEDICAMENTOS E PERFUMARIA LTDA,1,FARMIL DISTRIBUIDORA DE  [F3098]
46592333000158,DROGARIA MODERNA FERNANDOPOLIS LTDA,8,DROGARIA MODERNA FERNAND [F3099]
46613581000138,SRL DISTRIBUIDORA DE MEDICAMENTOS E MATERIAIS HOSPITALARES LTDA,59,SRL DISTRIBUIDORA DE MED [F3100]
46623193000138,ZENITH LTDA,1,ZENITH LTDA [F3101]
46635965000151,UNITED BIOTECH DO BRASIL LTDA,1,UNITED BIOTECH DO BRASIL [F3102]
46672090000168,INTEGRALMED DISTRIBUIDORA LTDA,24,INTEGRALMED DISTRIBUIDOR [F3103]
46709597000149,PROGRESSO MED DISTRIBUIDORA LTDA,55,PROGRESSO MED DISTRIBUID [F3104]
46738254000102,NUTRIFARMA CIANORTE LTDA,5,NUTRIFARMA CIANORTE LTDA [F3105]
46762646000107,BIOVIDA DISTRIBUIDORA DE PRODUTOS HOSPITALARES LTDA,1,BIOVIDA DISTRIBUIDORA DE [F3106]
46774467000190,AVAM FARMA DISTRIBUIDORA DE MEDICAMENTOS LTDA,3,AVAM FARMA DISTRIBUIDORA [F3107]
46796127000160,ID FARMA LTDA,11,ID FARMA LTDA [F3108]
46849303000184,INTERLAB DISTRIBUIDORA DE PRODUTOS CIENTIFICOS LTDA.,7,INTERLAB DISTRIBUIDORA D [F3109]
46856158000169,ZARB DISTRIBUIDORA DE PRODUTOS HOSPITALARES LTDA,1,ZARB DISTRIBUIDORA DE PR [F3110]
46884097000143,GOLDEN PRODUTOS ODONTOLOGICOS LTDA,153,GOLDEN PRODUTOS ODONTOLO [F3111]
46960146000180,CVL SANTOS LOPES LTDA,21,CVL SANTOS LOPES LTDA [F3112]
46962122000160,CQC - TECNOLOGIA EM SISTEMAS DIAGNOSTICOS LTDA,1,CQC - TECNOLOGIA EM SIST [F3113]
46962122000321,CQC - TECNOLOGIA EM SISTEMAS DIAGNOSTICOS LTDA,19,CQC - TECNOLOGIA EM SIST [F3114]
46996390000100,PROHOSP SUL DISTRIBUIDORA DE MEDICAMENTOS LTDA,3,PROHOSP SUL DISTRIBUIDOR [F3115]
47063094000101,CIRULABOR PRODUTOS CIRURGICOS LTDA,126,CIRULABOR PRODUTOS CIRUR [F3116]
47110418000115,FPMED DISTRIBUIDORA DE PRODUTOS HOSPITALARES LTDA,1,FPMED DISTRIBUIDORA DE P [F3117]
47123165000114,L FORASTIERI MACHADO LTDA,7,L FORASTIERI MACHADO LTD [F3118]
47181976000171,SUPERMED COMERCIO DE PRODUTOS MEDICOS E HOSPITALARES LTDA,178,SUPERMED COMERCIO DE PRO [F3119]
47190369000178,A.L.L COMERCIO DE MEDICAMENTOS E PRODUTOS PARA SAUDE LTDA,38,A.L.L COMERCIO DE MEDICA [F3120]
47193115000103,CIRURGICA BRASIL COMERCIAL E IMPORTADORA LTDA,2,CIRURGICA BRASIL COMERCI [F3121]
47211350000160,GLITTERS PRODUTOS MEDICOS LTDA,2,GLITTERS PRODUTOS MEDICO [F3122]
47238417000150,POPIA DISTRIBUIDORA DE MEDICAMENTOS LTDA,13,POPIA DISTRIBUIDORA DE M [F3123]
47238488000153,POPIA COMERCIO ATACADISTA LTDA,18,POPIA COMERCIO ATACADIST [F3124]
47259102000190,UNIAO MED LTDA,36,UNIAO MED LTDA [F3125]
47271160000139,FAST PHARMA DISTRIBUIDORA E IMPORTADORA DE MEDICAMENTOS E PRODUTOS PARA SAUDE LTDA,15,FAST PHARMA DISTRIBUIDOR [F3126]
47285228000139,SAO MATEUS DISTRIBUIDORA DE PRODUTOS LABORATORIAIS E HOSPITALARES LTDA,3,SAO MATEUS DISTRIBUIDORA [F3127]
47292400000181,SPECIAL MED COMERCIAL HOSPITALAR LTDA,14,SPECIAL MED COMERCIAL HO [F3128]
47312805000134,UNIVERSO DISTRIBUIDORA DE MEDICAMENTOS LTDA,2,UNIVERSO DISTRIBUIDORA D [F3129]
47365250000199,BONATTO DISTRIBUIDORA DE MEDICAMENTOS LTDA,29,BONATTO DISTRIBUIDORA DE [F3130]
47388533000156,METALURGICA FAVA INDUSTRIA E COMERCIO LTDA EM RECUPERACAO JUDICIAL,1,METALURGICA FAVA INDUSTR [F3131]
47411780000126,BACE COMERCIO INTERNACIONAL LTDA,1,BACE COMERCIO INTERNACIO [F3132]
47454600000193,GREEN MED DISTRIBUIDORA E IMPORTADORA DE MEDICAMENTOS E PRODUTOS PARA SAUDE LTDA.,38,GREEN MED DISTRIBUIDORA  [F3133]
47647493000110,G2 COMERCIO DE MEDICAMENTOS LTDA,25,G2 COMERCIO DE MEDICAMEN [F3134]
47708998000147,ELTO AZEVEDO DA ROSA,11,ELTO AZEVEDO DA ROSA [F3135]
47774122000107,"SULDONORTE DISTRIBUIDORA, IMPORTADORA E EXPORTADORA LTDA",69,SULDONORTE DISTRIBUIDORA [F3136]
47783547000174,SEND PHARMA DISTRIBUIDORA DE MEDICAMENTOS E MATERIAIS HOSPITALARES LTDA,114,SEND PHARMA DISTRIBUIDOR [F3137]
47849823000230,ZANQUI & ZANQUI FARMACIA E DROGARIA LTDA,1,ZANQUI & ZANQUI FARMACIA [F3138]
47866974000116,AGRESTE FARMA LTDA,118,AGRESTE FARMA LTDA [F3139]
47869078000100,DIPROMED COMERCIO E IMPORTACAO LTDA,94,DIPROMED COMERCIO E IMPO [F3140]
47869078000453,DIPROMED COMERCIO E IMPORTACAO LTDA,16,DIPROMED COMERCIO E IMPO [F3141]
47888974000117,DISTRIBUIDORA NORTE ALIMENTOS LTDA,6,DISTRIBUIDORA NORTE ALIM [F3142]
47891691000124,MAZZETTO DISTRIBUIDORA DE MEDICAMENTOS E MATERIAL HOSPITALAR LTDA,1,MAZZETTO DISTRIBUIDORA D [F3143]
47893919000115,MG2 DISTRIBUIDORA DE MEDICAMENTOS LTDA,191,MG2 DISTRIBUIDORA DE MED [F3144]
48003490000106,C.M.K COMERCIO DE MEDICAMENTOS LTDA,21,C.M.K COMERCIO DE MEDICA [F3145]
48020630000154,PAULO ANTONIO FERRARI,2,PAULO ANTONIO FERRARI [F3146]
48036003000101,IMPHAR ASSESSORIA DE IMPORTACAO LTDA,1,IMPHAR ASSESSORIA DE IMP [F3147]
48036918000117,DENTAL PVH COMERCIO DE PRODUTOS PARA A SAUDE LTDA,100,DENTAL PVH COMERCIO DE P [F3148]
48058173000197,DL MEDICAMENTOS LTDA,3,DL MEDICAMENTOS LTDA [F3149]
48097911000105,LOVIAN MEDICAMENTOS LTDA,15,LOVIAN MEDICAMENTOS LTDA [F3150]
48156453000138,ANDRADE'S COMERCIAL DE MATERIAIS DE CONSTRUCAO LTDA,2,ANDRADE'S COMERCIAL DE M [F3151]
48174071000137,WISDOM FARMA DISTRIBUIDORA DE MEDICAMENTOS LTDA,4,WISDOM FARMA DISTRIBUIDO [F3152]
48191392000140,ULTRAMARKA SOLUCOES CORPORATIVAS LTDA,5,ULTRAMARKA SOLUCOES CORP [F3153]
48214680000172,NETMED DISTRIBUIDORA DE MEDICAMENTOS E PRODUTOS HOSPITALARES LTDA,8,NETMED DISTRIBUIDORA DE  [F3154]
48344725000719,ALTHAIA S.A. INDUSTRIA FARMACEUTICA,1,ALTHAIA S.A. INDUSTRIA F [F3155]
48346338000126,GOLDEN MED IMPORTADORA E DISTRIBUIDORA LTDA,30,GOLDEN MED IMPORTADORA E [F3156]
48346978000136,DAMED DISTRIBUIDORA DE MEDICAMENTOS E MATERIAS MEDICOS LTDA,17,DAMED DISTRIBUIDORA DE M [F3157]
48368182000184,OUROMED DISTRIBUIDORA DE MEDICAMENTOS LTDA,84,OUROMED DISTRIBUIDORA DE [F3158]
48399006000100,SAFEMED DISTRIBUIDORA LTDA,1,SAFEMED DISTRIBUIDORA LT [F3159]
48435293000166,CHECK SAFE COMERCIO E DISTRIBUICAO DE MATERIAIS ODONTO-MEDICO HOSPITALARES LTDA,7,CHECK SAFE COMERCIO E DI [F3160]
48438835000154,JVFK MEDICAMENTOS LTDA,7,JVFK MEDICAMENTOS LTDA [F3161]
48479110000104,YUMED COMERCIO LTDA,47,YUMED COMERCIO LTDA [F3162]
48495866000147,BEMED COMERCIO ATACADISTA DE PRODUTOS DE HIGIENE PESSOAL LTDA,24,BEMED COMERCIO ATACADIST [F3163]
48512178000148,NV NUTRICAO LTDA,6,NV NUTRICAO LTDA [F3164]
48647564000147,DROGARIA NOSSA SENHORA DAS DORES LTDA,108,DROGARIA NOSSA SENHORA D [F3165]
48712647000172,NOVAMED PRODUTOS MEDICOS HOSPITALARES LTDA,14,NOVAMED PRODUTOS MEDICOS [F3166]
48714665000193,DISTRIBUIDORA DE MEDICAMENTOS SAO JOSE LTDA,3,DISTRIBUIDORA DE MEDICAM [F3167]
48749019000161,BRIMED COMERCIO DE PRODUTOS MEDICOS LTDA,1,BRIMED COMERCIO DE PRODU [F3168]
48778881000100,FASTMED COMERCIO DE MEDICAMENTOS E MATERIAIS HOSPITALARES LTDA,4,FASTMED COMERCIO DE MEDI [F3169]
48791685000168,C.B.S. MEDICO CIENTIFICA S/A,66,C.B.S. MEDICO CIENTIFICA [F3170]
48849683000182,LIFEPAR DISTRIBUIDORA LTDA,4,LIFEPAR DISTRIBUIDORA LT [F3171]
48883478000133,HIPERMED MEDICAMENTOS LTDA,45,HIPERMED MEDICAMENTOS LT [F3172]
48885640000152,F R DISTRIBUIDORA DE MEDICAMENTOS LTDA,33,F R DISTRIBUIDORA DE MED [F3173]
48886756000106,SILVANO CORDEIRO DOS SANTOS,87,SILVANO CORDEIRO DOS SAN [F3174]
48921961000165,ESF II PRODUTOS MEDICO-HOSPITALARES LTDA,3,ESF II PRODUTOS MEDICO-H [F3175]
48939276000166,MEDI HOUSE INDUSTRIA E COMERCIO DE PRODUTOS CIRURGICOS E HOSPITALARES LTDA,3,MEDI HOUSE INDUSTRIA E C [F3176]
48993519000144,PENSOMED COMERCIO DE PRODUTOS PARA SAUDE LTDA,1,PENSOMED COMERCIO DE PRO [F3177]
49031370000185,FERNANDO FLORIANO & CIA LTDA,1,FERNANDO FLORIANO & CIA  [F3178]
49059156000137,ROCCO DISTRIBUIDORA LTDA,2,ROCCO DISTRIBUIDORA LTDA [F3179]
49059257000108,J & A COMERCIO E REPRESENTACOES DE PRODUTOS MEDICO-HOSPITALARES LTDA,60,J & A COMERCIO E REPRESE [F3180]
49074484000102,CALIXTO MEDICAMENTOS LTDA,64,CALIXTO MEDICAMENTOS LTD [F3181]
49219686002149,DROGAFARMA LTDA,1,DROGAFARMA LTDA [F3182]
49221673000160,VITORIA FARMA COMERCIO E REPRESENTACOES LTDA,4,VITORIA FARMA COMERCIO E [F3183]
49228695000152,LUMAR COMERCIO DE PRODUTOS FARMACEUTICOS LTDA,1252,LUMAR COMERCIO DE PRODUT [F3184]
49324221000104,FRESENIUS KABI BRASIL LTDA.,93,FRESENIUS KABI BRASIL LT [F3185]
49324221000880,FRESENIUS KABI BRASIL LTDA.,41,FRESENIUS KABI BRASIL LT [F3186]
49324221001690,FRESENIUS KABI BRASIL LTDA.,398,FRESENIUS KABI BRASIL LT [F3187]
49324221002077,FRESENIUS KABI BRASIL LTDA.,65,FRESENIUS KABI BRASIL LT [F3188]
49351786000180,BAXTER HOSPITALAR LTDA,7,BAXTER HOSPITALAR LTDA [F3189]
49351786000261,BAXTER HOSPITALAR LTDA,1,BAXTER HOSPITALAR LTDA [F3190]
49351786001071,BAXTER HOSPITALAR LTDA,37,BAXTER HOSPITALAR LTDA [F3191]
49351786001152,BAXTER HOSPITALAR LTDA,13,BAXTER HOSPITALAR LTDA [F3192]
49432297000153,ANTONIO C. FIORIN & CIA LTDA,2,ANTONIO C. FIORIN & CIA  [F3193]
49459637000130,ODH COMERCIO & SERVICOS DE ASSESSORIA LTDA.,1,ODH COMERCIO & SERVICOS  [F3194]
49475833000106,BIOLAB SANUS FARMACEUTICA LTDA,14,BIOLAB SANUS FARMACEUTIC [F3195]
49475833001501,BIOLAB SANUS FARMACEUTICA LTDA,1,BIOLAB SANUS FARMACEUTIC [F3196]
49475833001765,BIOLAB SANUS FARMACEUTICA LTDA,66,BIOLAB SANUS FARMACEUTIC [F3197]
49479022000175,VERSA COMERCIAL LTDA,1,VERSA COMERCIAL LTDA [F3198]
49497889000153,D. A. PRODUTOS HOSPITALARES E ODONTOLOGICOS LTDA,18,D. A. PRODUTOS HOSPITALA [F3199]
49512159000184,CREARE TECH LTDA,9,CREARE TECH LTDA [F3200]
49512790000183,KINDERBABY COMERCIO DE FRALDAS E ACESSORIOS LTDA.,1,KINDERBABY COMERCIO DE F [F3201]
49520521000169,INTERMED EQUIPAMENTO MEDICO HOSPITALAR LTDA,2,INTERMED EQUIPAMENTO MED [F3202]
49538524000120,SC COMERCIO E SERVICOS ESPECIALIZADOS LTDA,1,SC COMERCIO E SERVICOS E [F3203]
49539365000188,GHC MED DISTRIBUIDORA LTDA,3,GHC MED DISTRIBUIDORA LT [F3204]
49569592000156,ERA DISTRIBUIDORA LTDA,1,ERA DISTRIBUIDORA LTDA [F3205]
49601107000427,FRESENIUS HEMOCARE BRASIL LTDA.,5,FRESENIUS HEMOCARE BRASI [F3206]
49604226000190,"MULTIGEL INDUSTRIA E COMERCIO, IMPORTACAO E EXPORTACAO DE PRODUTOS PARA SAUDE LTDA",1,MULTIGEL INDUSTRIA E COM [F3207]
49648233000194,SSZ DISTRIBUIDORA DE MEDICAMENTOS LTDA,11,SSZ DISTRIBUIDORA DE MED [F3208]
49754931000174,G7 MEDICA DISTRIBUIDORA DE MEDICAMENTOS LTDA,1,G7 MEDICA DISTRIBUIDORA  [F3209]
49830015000176,VITAE DIAGNOSTICA LTDA,11,VITAE DIAGNOSTICA LTDA [F3210]
49851154000186,JABOQUE DISTRIBUIDORA DE PRODUTOS HOSPITALARES LTDA,10,JABOQUE DISTRIBUIDORA DE [F3211]
49875336000197,L & P LIFE COMERCIO DE PRODUTOS MEDICOS HOSPITALARES LTDA,8,L & P LIFE COMERCIO DE P [F3212]
49918306000110,INNOVE COMERCIO DE PRODUTOS MEDICO HOSPITALARES LTDA,1,INNOVE COMERCIO DE PRODU [F3213]
49957234000110,INOVA CARE PRODUTOS PARA SAUDE LTDA,1,INOVA CARE PRODUTOS PARA [F3214]
49958552000104,PVH GASES MEDICINAIS E INDUSTRIAIS LTDA,8,PVH GASES MEDICINAIS E I [F3215]
50028232000126,LIGEIRO FARMA DROGARIA LTDA,3,LIGEIRO FARMA DROGARIA L [F3216]
50093442000106,M. F. BROGLIO COMERCIO DE MEDICAMENTOS LTDA,5,M. F. BROGLIO COMERCIO D [F3217]
50207017000192,MEDICAL CENTER CACOAL LTDA,8,MEDICAL CENTER CACOAL LT [F3218]
50240941000170,AVVA LAB PRODUTOS PARA LABORATORIO LTDA,7,AVVA LAB PRODUTOS PARA L [F3219]
50248780001303,ABBOTT DIAGNOSTICOS RAPIDOS S.A.,1,ABBOTT DIAGNOSTICOS RAPI [F3220]
50354750000130,ASPEN SERVICE COMERCIO LTDA,3,ASPEN SERVICE COMERCIO L [F3221]
50371889000191,PRECISION CENTRO DE DIAGNOSTICOS LTDA,1,PRECISION CENTRO DE DIAG [F3222]
50477639000130,ITA PHARMA LTDA,4,ITA PHARMA LTDA [F3223]
50531688000104,K M KRUPINSKI MAIS SAUDE ATACADO DE MEDICAMENTOS,27,K M KRUPINSKI MAIS SAUDE [F3224]
50567060000169,DENTAL IPO LTDA,95,DENTAL IPO LTDA [F3225]
50591089000186,A2XR COMERCIAL LTDA,44,A2XR COMERCIAL LTDA [F3226]
50628978000170,UNA DISTRIBUIDORA HOSPITALAR LTDA,3,UNA DISTRIBUIDORA HOSPIT [F3227]
50687433000135,DROGAREMA III DROGARIA E PERFUMARIA LTDA,34,DROGAREMA III DROGARIA E [F3228]
50694319000132,L F DISTRIBUIDORA DE MATERIAIS MEDICOS LTDA,6,L F DISTRIBUIDORA DE MAT [F3229]
50737688000165,MEDLIFE PRODUTOS HOSPITALARES LTDA,10,MEDLIFE PRODUTOS HOSPITA [F3230]
50775426000195,MED SAUDE DISTRIBUIDORA LTDA,53,MED SAUDE DISTRIBUIDORA  [F3231]
50821325000103,BLUE CONNECT COMERCIO E SERVICOS LTDA,7,BLUE CONNECT COMERCIO E  [F3232]
50910673000157,Z4 HOSPITALAR LTDA,15,Z4 HOSPITALAR LTDA [F3233]
50938745000174,THEOTO S A INDUSTRIA E COMERCIO,1,THEOTO S A INDUSTRIA E C [F3234]
51011574000104,SAO JOSE DISTRIBUIDORA LTDA,3,SAO JOSE DISTRIBUIDORA L [F3235]
51045579000140,FJS DISTRIBUIDORA DE MATERIAIS E EQUIPAMENTOS HOSPITALARES E ODONTOLOGICOS LTDA,242,FJS DISTRIBUIDORA DE MAT [F3236]
51116518000126,"RX COMERCIO DE MEDICAMENTOS, DISTRIBUIDORA E SERVICOS LTDA",21,RX COMERCIO DE MEDICAMEN [F3237]
51164143000170,MARTINELLI COM DE MAT MED HOSP E ODONT LTDA,2,MARTINELLI COM DE MAT ME [F3238]
51205028000104,GMC DISTRIBUIDORA DE MEDICAMENTOS LTDA,28,GMC DISTRIBUIDORA DE MED [F3239]
51221610000156,SCIENCE MEDICAL PRODUTOS HOSPITALARES LTDA,1,SCIENCE MEDICAL PRODUTOS [F3240]
51287327000127,HC GROUP DO BRASIL IMPORTACAO DISTRIBUICAO LTDA,1,HC GROUP DO BRASIL IMPOR [F3241]
51336832000114,DROGARIA AMARAL SOCIEDADE UNIPESSOAL LTDA,57,DROGARIA AMARAL SOCIEDAD [F3242]
51420204000112,BL DISTRIBUIDORA LTDA,4,BL DISTRIBUIDORA LTDA [F3243]
51486649000103,DCG DISTRIBUIDORA DE FRALDAS LTDA,2,DCG DISTRIBUIDORA DE FRA [F3244]
51578226000105,VITIMED COMERCIO DE PRODUTOS PARA SAUDE LTDA,1,VITIMED COMERCIO DE PROD [F3245]
51655169000110,RF FARMA LTDA,6,RF FARMA LTDA [F3246]
51685649000124,KASMEDI DISTRIBUIDORA DE MEDICAMENTOS LTDA,153,KASMEDI DISTRIBUIDORA DE [F3247]
51687922000150,ALCANCE PRODUTOS FARMACEUTICOS E MATERIAIS MEDICOS DISTRIBUIDORA & REPRESENTACOES LTDA.,1,ALCANCE PRODUTOS FARMACE [F3248]
51740794000160,YNEMED PRODUTOS MEDICOS E HOSPITALARES LTDA,8,YNEMED PRODUTOS MEDICOS  [F3249]
51764149000188,ALAGOAS MEDICAMENTOS DISTRIBUIDORA LTDA,748,ALAGOAS MEDICAMENTOS DIS [F3250]
51780468000187,JANSSEN-CILAG FARMACEUTICA LTDA,50,JANSSEN-CILAG FARMACEUTI [F3251]
51780468000268,JANSSEN-CILAG FARMACEUTICA LTDA,274,JANSSEN-CILAG FARMACEUTI [F3252]
51837171000100,"F&R HOSPITALAR IMPORTACAO, EXPORTACAO E DISTRIBUICAO LTDA",218,F&R HOSPITALAR IMPORTACA [F3253]
51879256000151,NUTRI LIFE DISTRIBUIDORA DE ALIMENTOS LTDA,1,NUTRI LIFE DISTRIBUIDORA [F3254]
51885451000194,LEADERSHIP PRODUTOS PARA SAUDE E PESQUISAS LTDA,5,LEADERSHIP PRODUTOS PARA [F3255]
51892897000146,JT MEDICAMENTOS LTDA,222,JT MEDICAMENTOS LTDA [F3256]
51943645000107,BIOMEDICAL EQUIPAMENTOS E PROD MEDICO-CIRURGICOS LTDA,2,BIOMEDICAL EQUIPAMENTOS  [F3257]
52179963000106,LOGMEDI COMERCIO DE MEDICAMENTOS LTDA,76,LOGMEDI COMERCIO DE MEDI [F3258]
52196947000113,VIEIRA FARMA FARMACIA DO TRABALHADOR LTDA,7,VIEIRA FARMA FARMACIA DO [F3259]
52202744000192,NACIONAL COMERCIAL HOSPITALAR S.A.,195,NACIONAL COMERCIAL HOSPI [F3260]
52236213000110,DROGARIA SAUDE FERNANDOPOLIS LTDA,3,DROGARIA SAUDE FERNANDOP [F3261]
52280387000180,RPS COMERCIO DE PRODUTOS COSMETICOS LTDA,3,RPS COMERCIO DE PRODUTOS [F3262]
52339425000123,N M LICITACOES LTDA,1,N M LICITACOES LTDA [F3263]
52488349000118,SUBMED - PRODUTOS HOSPITALARES LTDA,5,SUBMED - PRODUTOS HOSPIT [F3264]
52496119000109,B. D. R. COMERCIO DE EQUIPAMENTOS LTDA,2,B. D. R. COMERCIO DE EQU [F3265]
52500975000182,PROXY FARMA MEDICAMENTOS LTDA,2,PROXY FARMA MEDICAMENTOS [F3266]
52521823000166,PH2 PHARMA COMERCIO E SERVICOS LTDA,1,PH2 PHARMA COMERCIO E SE [F3267]
52568688000104,APS DISTRIBUIDORA DE MEDICAMENTOS LTDA,228,APS DISTRIBUIDORA DE MED [F3268]
52685881000125,CIRURGICA MEDPLUS - DISTRIBUIDORA DE MEDICAMENTOS E PRODUTOS HOSPITALARES LTDA,23,CIRURGICA MEDPLUS - DIST [F3269]
52808009000127,P & P DISTRIBUIDORA DE MEDICAMENTOS LTDA,636,P & P DISTRIBUIDORA DE M [F3270]
52932346000121,VTR COMERCIAL LTDA,10,VTR COMERCIAL LTDA [F3271]
52946285000151,MASLAM DO BRASIL LTDA,2,MASLAM DO BRASIL LTDA [F3272]
52967925000100,ABC FARMACEUTICO LTDA,62,ABC FARMACEUTICO LTDA [F3273]
52969017000155,TARGET MEDICAMENTOS E PRODUTOS HOSPITALARES LTDA,28,TARGET MEDICAMENTOS E PR [F3274]
52991377000153,WL MAIS SAUDE SOLUCOES EM SAUDE LTDA,2,WL MAIS SAUDE SOLUCOES E [F3275]
52994236000194,QUANTUM DISTRIBUICAO E LOGISTICA LTDA,2,QUANTUM DISTRIBUICAO E L [F3276]
53000455000173,LYF DISTRIBUIDORA DE MEDICAMENTOS E MATERIAIS HOSPITALARES LTDA.,170,LYF DISTRIBUIDORA DE MED [F3277]
53204333000107,VERITAS FARMA DISTRIBUIDORA LTDA,10,VERITAS FARMA DISTRIBUID [F3278]
53265518000113,MED CARE COMERCIAL LTDA,1,MED CARE COMERCIAL LTDA [F3279]
53269359000125,INMINAS DISTRIBUIDORA DE MEDICAMENTOS LTDA,5,INMINAS DISTRIBUIDORA DE [F3280]
53302150000116,FF DISTRIBUIDORA LTDA,32,FF DISTRIBUIDORA LTDA [F3281]
53317125000106,SAMED HOSPITALAR LTDA,16,SAMED HOSPITALAR LTDA [F3282]
53317162000114,MEDRIO DISTRIBUIDORA HOSPITALAR LTDA,1,MEDRIO DISTRIBUIDORA HOS [F3283]
53359824000461,BLANVER FARMOQUIMICA E FARMACEUTICA S.A.,11,BLANVER FARMOQUIMICA E F [F3284]
53405255000109,HIGIVITAL COMERCIO DE PRODUTOS COSMETICOS LTDA,2,HIGIVITAL COMERCIO DE PR [F3285]
53441926000189,AUGUSMED HOSPITALAR COMERCIO E SERVICOS LTDA,2,AUGUSMED HOSPITALAR COME [F3286]
53452157000114,COLLECT IMPORTACAO E COMERCIO LTDA,2,COLLECT IMPORTACAO E COM [F3287]
53482429000129,LPS DISTRIBUIDORA DE MEDICAMENTOS LTDA,33,LPS DISTRIBUIDORA DE MED [F3288]
53493457000141,R G PRODUTOS FARMACEUTICOS LTDA,6,R G PRODUTOS FARMACEUTIC [F3289]
53496027000183,P&P HOSPITALAR LTDA,1,P&P HOSPITALAR LTDA [F3290]
53518891000139,CATARINENSE HOSPITALAR LTDA,5,CATARINENSE HOSPITALAR L [F3291]
53557733000198,LIGHT BRASIL LTDA,6,LIGHT BRASIL LTDA [F3292]
53611125000114,CENTROVALE SOLUCOES PARA SAUDE LTDA,132,CENTROVALE SOLUCOES PARA [F3293]
53705145000154,SIGGAMED DISTRIBUIDORA DE MEDICAMENTOS LTDA,18,SIGGAMED DISTRIBUIDORA D [F3294]
53710803000104,STP COMERCIAL LTDA,2,STP COMERCIAL LTDA [F3295]
53730982000133,BENEDITO CARLOS VIEIRA DA SILVA,1,BENEDITO CARLOS VIEIRA D [F3296]
53740189000115,DROGARIA CENTRAL DE GUARARAPES LTDA,1,DROGARIA CENTRAL DE GUAR [F3297]
53741290000190,SUPRA LTDA,4,SUPRA LTDA [F3298]
53813267000164,CACHUCHO FARMACEUTICA LTDA,11,CACHUCHO FARMACEUTICA LT [F3299]
53918116000170,DIGUINHO INDUSTRIA E COMERCIO DE FRALDAS LTDA,4,DIGUINHO INDUSTRIA E COM [F3300]
53926612000176,SANFE MEDICAMENTOS E PRODUTOS HOSPITALARES LTDA,3,SANFE MEDICAMENTOS E PRO [F3301]
53942344000186,ALL SERV COMERCIO E SERVICOS LTDA,12,ALL SERV COMERCIO E SERV [F3302]
53976974000171,PROMED DISTRIBUIDORA DE MATERIAIS E EQUIPAMENTOS HOSPITALARES E ODONTOLOGICOS LTDA,6,PROMED DISTRIBUIDORA DE  [F3303]
54178983000180,HOSPIMETAL INDUST METALURG DE EQUIP HOSPITALARES LTDA,1,HOSPIMETAL INDUST METALU [F3304]
54258488000180,FARMACIA FRUTAL LTDA,140,FARMACIA FRUTAL LTDA [F3305]
54281055000146,DF ATACADISTA DE MEDICAMENTOS LTDA,6,DF ATACADISTA DE MEDICAM [F3306]
54299218000118,NOVA HOSPITALAR LTDA,31,NOVA HOSPITALAR LTDA [F3307]
54322844000188,ITAPEMED IMPORTADORA E EXPORTADORA DE EQUIPAMENTOS HOSPITALARES LTDA,3,ITAPEMED IMPORTADORA E E [F3308]
54375647012648,DROGAL FARMACEUTICA LTDA,49,DROGAL FARMACEUTICA LTDA [F3309]
54375647013458,DROGAL FARMACEUTICA LTDA,9,DROGAL FARMACEUTICA LTDA [F3310]
54375647018093,DROGAL FARMACEUTICA LTDA,3,DROGAL FARMACEUTICA LTDA [F3311]
54375647020071,DROGAL FARMACEUTICA LTDA,54,DROGAL FARMACEUTICA LTDA [F3312]
54379172000147,GLOBALMED DISTRIBUICAO LTDA,1,GLOBALMED DISTRIBUICAO L [F3313]
54388280000186,BELMED DISTRIBUIDORA DE MEDICAMENTOS LTDA,568,BELMED DISTRIBUIDORA DE  [F3314]
54388779000193,EFFRA IN HUB DE COMERCIO E SERVICOS LTDA,1,EFFRA IN HUB DE COMERCIO [F3315]
54408078000179,VG COMERCIO LTDA,1,VG COMERCIO LTDA [F3316]
54410589000125,SA REPRESENTACAO E COMERCIO DE EQUIPAMENTOS LTDA,2,SA REPRESENTACAO E COMER [F3317]
54426937000152,CREMONESI & RODRIGUES LTDA,173,CREMONESI & RODRIGUES LT [F3318]
54514357000117,MMEMED DISTRIBUIDORA DE MEDICAMENTOS LTDA,11,MMEMED DISTRIBUIDORA DE  [F3319]
54516661008005,JOHNSON & JOHNSON DO BRASIL INDUSTRIA E COMERCIO DE PRODUTOS PARA SAUDE LTDA.,14,JOHNSON & JOHNSON DO BRA [F3320]
54541915000133,MEDSHOP HOSPITALAR LTDA,9,MEDSHOP HOSPITALAR LTDA [F3321]
54550756000133,"S A MEDICAMENTOS, HOSPITALARES E ODONTOLOGICOS LTDA",117,"S A MEDICAMENTOS, HOSPIT [F3322]"
54565478000198,SISPACK MEDICAL LTDA.,12,SISPACK MEDICAL LTDA. [F3323]
54694355000157,MONTE DISTRIBUIDORA DE PRODUTOS HOSPITALARES LTDA,28,MONTE DISTRIBUIDORA DE P [F3324]
54804330000169,DROGA MAX DISTRIBUIDORA DE MEDICAMENTOS LTDA,9,DROGA MAX DISTRIBUIDORA  [F3325]
54843246000154,MED OESTE DISTRIBUIDORA DE MEDICAMENTOS LTDA,24,MED OESTE DISTRIBUIDORA  [F3326]
54858014000170,ESSITY SOLUCOES MEDICAS DO BRASIL COMERCIO E DISTRIBUICAO LTDA.,1,ESSITY SOLUCOES MEDICAS  [F3327]
54858014000501,ESSITY SOLUCOES MEDICAS DO BRASIL COMERCIO E DISTRIBUICAO LTDA.,9,ESSITY SOLUCOES MEDICAS  [F3328]
54860907000150,ODONTOMASTER EQUIPAMENTOS LTDA,29,ODONTOMASTER EQUIPAMENTO [F3329]
55007465000166,SANTANA FARMA DISTRIBUIDORA DE MEDICAMENTOS LTDA,419,SANTANA FARMA DISTRIBUID [F3330]
55076740000101,MASTER DISTRIBUIDORA E SERVICOS LTDA,10,MASTER DISTRIBUIDORA E S [F3331]
55126981000100,GFE DO BRASIL LIMITADA,1,GFE DO BRASIL LIMITADA [F3332]
55163042000135,SEMINA INDUSTRIA E COMERCIO LTDA,2,SEMINA INDUSTRIA E COMER [F3333]
55249650000167,MAZIERO COMERCIO FARMACEUTICO LTDA,3,MAZIERO COMERCIO FARMACE [F3334]
55266308000175,DROGARIA DROGAVITA DE ITAPETININGA LTDA,2,DROGARIA DROGAVITA DE IT [F3335]
55309074000104,CIRURGICA SAO JOSE LTDA,392,CIRURGICA SAO JOSE LTDA [F3336]
55311052000170,TM COMERCIO DE PRODUTOS PARA SAUDE LTDA,4,TM COMERCIO DE PRODUTOS  [F3337]
55316380000160,INNOVA PHARMA FARMACIA DE MANIPULACAO LTDA,7,INNOVA PHARMA FARMACIA D [F3338]
55634901000127,"PRODUMED - SERVICOS,INDUSTRIA E COMERCIO LTDA.",5,"PRODUMED - SERVICOS,INDU [F3339]"
55643555000143,RIOQUIMICA S.A.,6,RIOQUIMICA S.A. [F3340]
55902597000151,CEDC INDUSTRIA E COMERCIO DE PRODUTOS HOSPITALARES LTDA.,1,CEDC INDUSTRIA E COMERCI [F3341]
55909512000167,CIRURGICA JM - COMERCIO DE PRODUTOS HOSPITALARES LTDA,1,CIRURGICA JM - COMERCIO  [F3342]
55953399000117,S&J DISTRIBUIDORA LTDA,58,S&J DISTRIBUIDORA LTDA [F3343]
55956510000129,LIO SERUM PRODUTOS LABORATORIAIS E HOSPITALARES LTDA,1,LIO SERUM PRODUTOS LABOR [F3344]
55972087000150,JP INDUSTRIA FARMACEUTICA S/A,4,JP INDUSTRIA FARMACEUTIC [F3345]
55979736000145,ALLIAGE S/A INDUSTRIAS MEDICO ODONTOLOGICA,10,ALLIAGE S/A INDUSTRIAS M [F3346]
55980684000127,ADIUM S.A.,2,ADIUM S.A. [F3347]
56066880000153,YOU CARE SOLUCOES HOSPITALARES LTDA,2,YOU CARE SOLUCOES HOSPIT [F3348]
56081482000106,DIMEBRAS COMERCIAL HOSPITALAR LTDA,1119,DIMEBRAS COMERCIAL HOSPI [F3349]
56338247000177,MUNICIPIO DE RINCAO,2,MUNICIPIO DE RINCAO [F3350]
56393363000199,ACR MED DISTRIBUIDORA DE MEDICAMENTOS LTDA,4,ACR MED DISTRIBUIDORA DE [F3351]
56426736000180,MONFER MF COMERCIO LTDA,1,MONFER MF COMERCIO LTDA [F3352]
56785256000106,BASTOS & CIA LTDA,3,BASTOS & CIA LTDA [F3353]
56795674000184,G.O MEDICAL LTDA,136,G.O MEDICAL LTDA [F3354]
56982062000109,GIRASSOL REPRESENTACOES DE MEDICAMENTOS E PRODUTOS HOSPITALARES LTDA,29,GIRASSOL REPRESENTACOES  [F3355]
56994502000130,NOVARTIS BIOCIENCIAS SA,27,NOVARTIS BIOCIENCIAS SA [F3356]
56994502000644,NOVARTIS BIOCIENCIAS SA,10,NOVARTIS BIOCIENCIAS SA [F3357]
56994502002698,NOVARTIS BIOCIENCIAS SA,46,NOVARTIS BIOCIENCIAS SA [F3358]
56994502002779,NOVARTIS BIOCIENCIAS SA,248,NOVARTIS BIOCIENCIAS SA [F3359]
56994502009862,NOVARTIS BIOCIENCIAS SA,4,NOVARTIS BIOCIENCIAS SA [F3360]
56998701000116,ABBOTT LABORATORIOS DO BRASIL LTDA,7,ABBOTT LABORATORIOS DO B [F3361]
56998701001279,ABBOTT LABORATORIOS DO BRASIL LTDA,2,ABBOTT LABORATORIOS DO B [F3362]
56998701003212,ABBOTT LABORATORIOS DO BRASIL LTDA,5,ABBOTT LABORATORIOS DO B [F3363]
56998701003301,ABBOTT LABORATORIOS DO BRASIL LTDA,70,ABBOTT LABORATORIOS DO B [F3364]
56998701003484,ABBOTT LABORATORIOS DO BRASIL LTDA,10,ABBOTT LABORATORIOS DO B [F3365]
56998982000107,BRISTOL-MYERS SQUIBB FARMACEUTICA LTDA.,4,BRISTOL-MYERS SQUIBB FAR [F3366]
56998982003122,BRISTOL-MYERS SQUIBB FARMACEUTICA LTDA.,107,BRISTOL-MYERS SQUIBB FAR [F3367]
57048285000158,F5 DISTRIBUIDORA LTDA,1,F5 DISTRIBUIDORA LTDA [F3368]
57050993000123,E.A. MELO PRODUTOS PARA SAUDE LTDA,9,E.A. MELO PRODUTOS PARA  [F3369]
57102735000143,PENNAMED DISTRIBUIDOR ATACADISTA LTDA,25,PENNAMED DISTRIBUIDOR AT [F3370]
57161373000161,MTK HOSPITALAR LTDA,27,MTK HOSPITALAR LTDA [F3371]
57202418000107,AIMARA COMERCIO E REPRESENTACOES LTDA,1,AIMARA COMERCIO E REPRES [F3372]
57359168000105,SILSUL COMERCIO LTDA,7,SILSUL COMERCIO LTDA [F3373]
57365116000141,ROSICLER CIRURGICA LTDA.,63,ROSICLER CIRURGICA LTDA. [F3374]
57507378000101,EMS S/A,4,EMS S/A [F3375]
57507378000365,EMS S/A,99,EMS S/A [F3376]
57507378000608,EMS S/A,13,EMS S/A [F3377]
57532343000114,LM FARMA INDUSTRIA E COMERCIO LTDA,23,LM FARMA INDUSTRIA E COM [F3378]
57654886000104,A-R DISTRIBUIDORA HOSPITALAR LTDA,22,A-R DISTRIBUIDORA HOSPIT [F3379]
57700108000104,CIRURGICA RC LTDA,4,CIRURGICA RC LTDA [F3380]
57711832000133,APEX FARMA HOSPITALAR LTDA,124,APEX FARMA HOSPITALAR LT [F3381]
57742953000142,MEDINGA COMERCIAL LTDA,9,MEDINGA COMERCIAL LTDA [F3382]
57767729000105,DISTRIBUIDORA DE MEDICAMENTOS LEMES E CESA LTDA,85,DISTRIBUIDORA DE MEDICAM [F3383]
58181756000164,N & J DISTRIBUIDORA LTDA,2,N & J DISTRIBUIDORA LTDA [F3384]
58229293000163,DISTRIBUIDORA DE MEDICAMENTOS SANTE LTDA,65,DISTRIBUIDORA DE MEDICAM [F3385]
58252084000130,58.252.084 GUILHERME BEZERRA SOARES,9,58.252.084 GUILHERME BEZ [F3386]
58295213002111,PHILIPS MEDICAL SYSTEMS LTDA,6,PHILIPS MEDICAL SYSTEMS  [F3387]
58426628000133,SAMTRONIC INDUSTRIA E COMERCIO LTDA,18,SAMTRONIC INDUSTRIA E CO [F3388]
58430828000160,BLAU FARMACEUTICA S.A.,126,BLAU FARMACEUTICA S.A. [F3389]
58430828000593,BLAU FARMACEUTICA S.A.,3,BLAU FARMACEUTICA S.A. [F3390]
58430828001301,BLAU FARMACEUTICA S.A.,1,BLAU FARMACEUTICA S.A. [F3391]
58513433000120,RAFAEL STOLLBERG LTDA,33,RAFAEL STOLLBERG LTDA [F3392]
58524851000113,BIONOVA PRODUTOS DE LABORATORIOS LTDA,1,BIONOVA PRODUTOS DE LABO [F3393]
58538372000156,BIO-ART EQUIPAMENTOS ODONTOLOGICOS LTDA,1,BIO-ART EQUIPAMENTOS ODO [F3394]
58598368000183,KONIMAGEM COMERCIAL LTDA,3,KONIMAGEM COMERCIAL LTDA [F3395]
58635830000175,FARMARIN INDUSTRIA E COMERCIO LTDA,11,FARMARIN INDUSTRIA E COM [F3396]
58690444000186,GAROAMED COMERCIO E DISTRIBUICAO DE MEDICAMENTOS LTDA,84,GAROAMED COMERCIO E DIST [F3397]
58748567000120,CIRURGICA BIRIGUI COMERCIO E REPRESENTACOES LTDA,4,CIRURGICA BIRIGUI COMERC [F3398]
58950775000108,COTACAO COM REPRESENTACAO IMPORTACAO E EXPORTACAO LTDA,7,COTACAO COM REPRESENTACA [F3399]
59043023000126,LIFE GOLD HOSPITALAR LTDA,57,LIFE GOLD HOSPITALAR LTD [F3400]
59225268000174,SOQUIMICA LABORATORIOS LTDA,56,SOQUIMICA LABORATORIOS L [F3401]
59231530000193,KOLPLAST C I S.A.,1,KOLPLAST C I S.A. [F3402]
59233783000449,STERIS SOLUTIONS DO BRASIL IMPORTACAO E COMERCIALIZACAO DE PRODUTOS DA SAUDE LTDA.,2,STERIS SOLUTIONS DO BRAS [F3403]
59250290000174,PAULO CARNEIRO DE LUCENA EM RECUPERACAO JUDICIAL EM RECUPERACAO JUDICIAL,11,PAULO CARNEIRO DE LUCENA [F3404]
59269654000168,IMAGEM SISTEMAS MEDICOS LTDA,2,IMAGEM SISTEMAS MEDICOS  [F3405]
59309302000199,INJEX INDUSTRIAS CIRURGICAS LTDA,57,INJEX INDUSTRIAS CIRURGI [F3406]
59375006000196,FARMACIA BESSI LTDA,5,FARMACIA BESSI LTDA [F3407]
59403410000126,INTERJET COMERCIAL LTDA,6,INTERJET COMERCIAL LTDA [F3408]
59476770000158,PROCTER & GAMBLE DO BRASIL LTDA.,1,PROCTER & GAMBLE DO BRAS [F3409]
59479274000158,2M DISTRIBUIDORA DE MEDICAMENTOS LTDA,32,2M DISTRIBUIDORA DE MEDI [F3410]
59556621000107,MARK MED INDUSTRIA E COMERCIO LTDA,1,MARK MED INDUSTRIA E COM [F3411]
59717553000617,MULTILASER INDUSTRIAL S.A.,1,MULTILASER INDUSTRIAL S. [F3412]
59752691000122,FARMACIA DO POVO SANJOANENSE LTDA,7,FARMACIA DO POVO SANJOAN [F3413]
59844662000190,LOKTAL MEDICAL ELECTRONICS INDUSTRIA E COMERCIO LTDA,11,LOKTAL MEDICAL ELECTRONI [F3414]
59903312000158,R P HOSPITALAR LTDA,14,R P HOSPITALAR LTDA [F3415]
60146737000149,VERTICE MEDICAMENTOS LTDA,66,VERTICE MEDICAMENTOS LTD [F3416]
60318797000100,ASTRAZENECA DO BRASIL LTDA.,213,ASTRAZENECA DO BRASIL LT [F3417]
60409075000152,NESTLE BRASIL LTDA.,7,NESTLE BRASIL LTDA. [F3418]
60442241000112,FERMED COMERCIO DE PRODUTOS HOSPITALARES LTDA.,2,FERMED COMERCIO DE PRODU [F3419]
60619202003597,MESSER GASES LTDA.,1,MESSER GASES LTDA. [F3420]
60659463000191,ACHE LABORATORIOS FARMACEUTICOS SA,7,ACHE LABORATORIOS FARMAC [F3421]
60659463002992,ACHE LABORATORIOS FARMACEUTICOS SA,8,ACHE LABORATORIOS FARMAC [F3422]
60665981000118,UNIAO QUIMICA FARMACEUTICA NACIONAL S A,46,UNIAO QUIMICA FARMACEUTI [F3423]
60665981000207,UNIAO QUIMICA FARMACEUTICA NACIONAL S A,3,UNIAO QUIMICA FARMACEUTI [F3424]
60665981000541,UNIAO QUIMICA FARMACEUTICA NACIONAL S A,32,UNIAO QUIMICA FARMACEUTI [F3425]
60665981000622,UNIAO QUIMICA FARMACEUTICA NACIONAL S A,25,UNIAO QUIMICA FARMACEUTI [F3426]
60665981000975,UNIAO QUIMICA FARMACEUTICA NACIONAL S A,468,UNIAO QUIMICA FARMACEUTI [F3427]
60683786000110,MEDICAL CIRURGICA LTDA,1,MEDICAL CIRURGICA LTDA [F3428]
60726692000181,MARJAN INDUSTRIA E COMERCIO LTDA,2,MARJAN INDUSTRIA E COMER [F3429]
60831658000177,BOEHRINGER INGELHEIM DO BRASIL QUIMICA E FARMACEUTICA LTDA.,4,BOEHRINGER INGELHEIM DO  [F3430]
60831658001220,BOEHRINGER INGELHEIM DO BRASIL QUIMICA E FARMACEUTICA LTDA.,15,BOEHRINGER INGELHEIM DO  [F3431]
60831658002110,BOEHRINGER INGELHEIM DO BRASIL QUIMICA E FARMACEUTICA LTDA.,18,BOEHRINGER INGELHEIM DO  [F3432]
60857270000145,CLARA NUTRI LTDA,3,CLARA NUTRI LTDA [F3433]
60860141000106,EPG COMERCIAL LTDA,23,EPG COMERCIAL LTDA [F3434]
60952824000193,MASTERMED - PRODUTOS MEDICOS E HOSPITALARES LIMITADA,1,MASTERMED - PRODUTOS MED [F3435]
61068755000112,SANVAL COMERCIO E INDUSTRIA LTDA,8,SANVAL COMERCIO E INDUST [F3436]
61068755000627,SANVAL COMERCIO E INDUSTRIA LTDA,2,SANVAL COMERCIO E INDUST [F3437]
61072393000133,PFIZER BRASIL LTDA,3,PFIZER BRASIL LTDA [F3438]
61072393003906,PFIZER BRASIL LTDA,67,PFIZER BRASIL LTDA [F3439]
61082426001289,COSMED INDUSTRIA DE COSMETICOS E MEDICAMENTOS S.A.,1,COSMED INDUSTRIA DE COSM [F3440]
61100244000130,FANEM LTDA,3,FANEM LTDA [F3441]
61129409000105,OPHTHALMOS LTDA,9,OPHTHALMOS LTDA [F3442]
61148037000156,ORTOPRATIKA INDUSTRIA E COMERCIO LTDA,3,ORTOPRATIKA INDUSTRIA E  [F3443]
61190096000192,EUROFARMA LABORATORIOS S.A.,40,EUROFARMA LABORATORIOS S [F3444]
61190096000435,EUROFARMA LABORATORIOS S.A.,1,EUROFARMA LABORATORIOS S [F3445]
61190096000869,EUROFARMA LABORATORIOS S.A.,21,EUROFARMA LABORATORIOS S [F3446]
61190096001679,EUROFARMA LABORATORIOS S.A.,6,EUROFARMA LABORATORIOS S [F3447]
61230314000175,LIBBS FARMACEUTICA LTDA,1,LIBBS FARMACEUTICA LTDA [F3448]
61282661000141,LABORATORIO QUIMICO FARMACEUTICO BERGAMO LTDA,70,LABORATORIO QUIMICO FARM [F3449]
61286647000116,SANDOZ DO BRASIL INDUSTRIA FARMACEUTICA LTDA.,17,SANDOZ DO BRASIL INDUSTR [F3450]
61286647000973,SANDOZ DO BRASIL INDUSTRIA FARMACEUTICA LTDA.,11,SANDOZ DO BRASIL INDUSTR [F3451]
61363032000146,CHIESI FARMACEUTICA LTDA,29,CHIESI FARMACEUTICA LTDA [F3452]
61363032001541,CHIESI FARMACEUTICA LTDA,42,CHIESI FARMACEUTICA LTDA [F3453]
61374161000130,BAUMER S A,1,BAUMER S A [F3454]
61418042000131,CIRURGICA FERNANDES - COMERCIO DE MATERIAIS CIRURGICOS E HOSPITALARES - SOCIEDADE LIMITADA,165,CIRURGICA FERNANDES - CO [F3455]
61485900000160,SG TECNOLOGIA CLINICA LTDA,6,SG TECNOLOGIA CLINICA LT [F3456]
61518314000175,BOMPP - DISTRIBUIDORA DE NUTRICAO E MEDICAMENTOS HOSPITALARES LTDA,3,BOMPP - DISTRIBUIDORA DE [F3457]
61519971000137,HEMELRIJK COMERCIO DE IMPLEMENTOS MEDICOS LTDA,1,HEMELRIJK COMERCIO DE IM [F3458]
61610283000188,VITAL HOSPITALAR COMERCIAL LTDA,138,VITAL HOSPITALAR COMERCI [F3459]
61613881000100,DAKFILM COMERCIAL LTDA,234,DAKFILM COMERCIAL LTDA [F3460]
61771120000187,SUTCARE LTDA,8,SUTCARE LTDA [F3461]
61812902000117,NEXXA FARMACEUTICA LTDA,33,NEXXA FARMACEUTICA LTDA [F3462]
61817664000132,NEWMED PRODUTOS PARA SAUDE LTDA,1,NEWMED PRODUTOS PARA SAU [F3463]
61828536000194,OESTE SUL CIRURGICA LTDA,166,OESTE SUL CIRURGICA LTDA [F3464]
61842701000162,SEMPREMED COMERCIO ATACADISTA LTDA,5,SEMPREMED COMERCIO ATACA [F3465]
61853683000114,BOAZ SAUDE E SEGURANCA LTDA,2,BOAZ SAUDE E SEGURANCA L [F3466]
62077080000130,SAUDENORD COMERCIO HOSPITALAR LTDA,136,SAUDENORD COMERCIO HOSPI [F3467]
62413869000115,GIGANTE RECEM NASCIDO LTDA.,9,GIGANTE RECEM NASCIDO LT [F3468]
62462015000129,APSEN FARMACEUTICA S/A,4,APSEN FARMACEUTICA S/A [F3469]
62488184000138,INPHARMA LABORATORIOS LTDA,11,INPHARMA LABORATORIOS LT [F3470]
62656541000120,REDE MULTI LTDA,2,REDE MULTI LTDA [F3471]
62895974000138,BANSI DROGARIA LTDA,44,BANSI DROGARIA LTDA [F3472]
62916416000101,SINAFAR SISTEMA NACIONAL FARMACEUTICO LTDA,12,SINAFAR SISTEMA NACIONAL [F3473]
62969589000198,CSL BEHRING COMERCIO DE PRODUTOS FARMACEUTICOS LTDA,1,CSL BEHRING COMERCIO DE  [F3474]
62969589000511,CSL BEHRING COMERCIO DE PRODUTOS FARMACEUTICOS LTDA,1,CSL BEHRING COMERCIO DE  [F3475]
62969589001593,CSL BEHRING COMERCIO DE PRODUTOS FARMACEUTICOS LTDA,25,CSL BEHRING COMERCIO DE  [F3476]
63063868000150,MEDBRASIL ATACADISTA HOSPITALAR LTDA,3,MEDBRASIL ATACADISTA HOS [F3477]
63478895000194,JOSE NERGINO SOBREIRA,96,JOSE NERGINO SOBREIRA [F3478]
63615058000160,GILSON MONTEIRO DA SILVA LTDA,3,GILSON MONTEIRO DA SILVA [F3479]
63643571000164,TANARIMAN INDUSTRIAL LTDA,1,TANARIMAN INDUSTRIAL LTD [F3480]
63685325000175,2A DISTRIBUIDORA DE PRODUTOS HOSPITALARES LTDA,1,2A DISTRIBUIDORA DE PROD [F3481]
63772925000170,JRP REPRESENTACOES COMERCIO E SERVICOS LTDA,3,JRP REPRESENTACOES COMER [F3482]
63776421000129,H. LIMA LOBIANCO & CIA LTDA,353,H. LIMA LOBIANCO & CIA L [F3483]
63777940000101,TECNOMED DISTRIBUIDORA DE PRODUTOS FARMACEUTICOS E MEDICO-HOSPITALARES LTDA,8,TECNOMED DISTRIBUIDORA D [F3484]
63796718000156,DL SAUDE LTDA,52,DL SAUDE LTDA [F3485]
63822597000170,PONTES HOSPITALAR LTDA,21,PONTES HOSPITALAR LTDA [F3486]
63848345000110,POLYMEDH. LTDA,15,POLYMEDH. LTDA [F3487]
63872493000170,I F S NASCIMENTO & CIA LTDA,11,I F S NASCIMENTO & CIA L [F3488]
63919385000105,DROGA VEN LTDA,97,DROGA VEN LTDA [F3489]
64117995000158,AMA COMERCIO DE ALIMENTOS LTDA,7,AMA COMERCIO DE ALIMENTO [F3490]
64171697000146,ACCORD FARMACEUTICA LTDA,46,ACCORD FARMACEUTICA LTDA [F3491]
64171697000499,ACCORD FARMACEUTICA LTDA,35,ACCORD FARMACEUTICA LTDA [F3492]
64265747000154,DISMATER DISTRIBUIDORA D MATERIAIS HOSPITALARES LTDA,2,DISMATER DISTRIBUIDORA D [F3493]
64533797000175,VOLPI DISTRIBUIDORA DE DROGAS LTDA,32,VOLPI DISTRIBUIDORA DE D [F3494]
64623291000157,CIRURGICA PIRASSUNUNGA LTDA,1,CIRURGICA PIRASSUNUNGA L [F3495]
64711500000114,UCB BIOPHARMA LTDA.,3,UCB BIOPHARMA LTDA. [F3496]
64765548000105,TECNOCLIN ELETRONICA LTDA,1,TECNOCLIN ELETRONICA LTD [F3497]
64815897000194,TRIUNFAL MARILIA COMERCIAL LIMITADA,346,TRIUNFAL MARILIA COMERCI [F3498]
65271900000119,NATIVITA INDUSTRIA E COMERCIO LTDA,8,NATIVITA INDUSTRIA E COM [F3499]
65762692000231,LIGIA MARIA MAGALHAES GERVASIO JOAO,22,LIGIA MARIA MAGALHAES GE [F3500]
65817900000171,AGLON COMERCIO E REPRESENTACOES LTDA,1595,AGLON COMERCIO E REPRESE [F3501]
65823148000171,COMERCIAL RIBEIRAOPRETANA DE PROD.ODONTOLOGICOS LTDA,21,COMERCIAL RIBEIRAOPRETAN [F3502]
66000787000108,WAMA PRODUTOS PARA LABORATORIO LTDA,17,WAMA PRODUTOS PARA LABOR [F3503]
66437831000133,HTS - TECNOLOGIA EM SAUDE COMERCIO IMPORTACAO E EXPORTACAO LTDA,7,HTS - TECNOLOGIA EM SAUD [F3504]
66783630000279,PRO-LIFE EQUIPAMENTOS MEDICOS LTDA,1,PRO-LIFE EQUIPAMENTOS ME [F3505]
66877184000180,DOC MED COMERCIO IMPORTACAO E EXPORTACAO LTDA,1,DOC MED COMERCIO IMPORTA [F3506]
66969262000177,"UNIT - INDUSTRIA, COMERCIO, IMPORTACAO E EXPORTACAO LIMITADA",7,"UNIT - INDUSTRIA, COMERC [F3507]"
67403154000103,A. M. MOLITERNO LTDA,8,A. M. MOLITERNO LTDA [F3508]
67423152000178,IBG INDUSTRIA BRASILEIRA DE GASES LTDA,2,IBG INDUSTRIA BRASILEIRA [F3509]
67729178000149,COMERCIAL CIRURGICA RIOCLARENSE LTDA,570,COMERCIAL CIRURGICA RIOC [F3510]
67729178000220,COMERCIAL CIRURGICA RIOCLARENSE LTDA,639,COMERCIAL CIRURGICA RIOC [F3511]
67729178000491,COMERCIAL CIRURGICA RIOCLARENSE LTDA,3688,COMERCIAL CIRURGICA RIOC [F3512]
67729178000572,COMERCIAL CIRURGICA RIOCLARENSE LTDA,554,COMERCIAL CIRURGICA RIOC [F3513]
67729178000653,COMERCIAL CIRURGICA RIOCLARENSE LTDA,117,COMERCIAL CIRURGICA RIOC [F3514]
67729178000734,COMERCIAL CIRURGICA RIOCLARENSE LTDA,27,COMERCIAL CIRURGICA RIOC [F3515]
67739748000181,MDF MATERIAL MEDICO HOSPITALAR LTDA,5,MDF MATERIAL MEDICO HOSP [F3516]
68095702000130,ABEMED PRODUTOS MEDICO CIENTIFICOS LTDA,13,ABEMED PRODUTOS MEDICO C [F3517]
68577063000149,ELIAH FARMACIA DE MANIPULACAO LTDA,1,ELIAH FARMACIA DE MANIPU [F3518]
68949239000146,UNITED MEDICAL LTDA,2,UNITED MEDICAL LTDA [F3519]
68949239000570,UNITED MEDICAL LTDA,2,UNITED MEDICAL LTDA [F3520]
69299360000132,DROGARIA BARAO LTDA,5,DROGARIA BARAO LTDA [F3521]
69366326000133,MED DONTO COMERCIO DE PRODUTOS HOSPITALARES LTDA,7,MED DONTO COMERCIO DE PR [F3522]
69950913000175,MED FARMACE DISTRIBUIDORA DE MEDICAMENTOS LTDA.,841,MED FARMACE DISTRIBUIDOR [F3523]
70027479000135,BANDEIRANTES LAB PROD FARMACEUTICOS E HOSPITALARES LTDA,21,BANDEIRANTES LAB PROD FA [F3524]
70104344000126,ENDOMED COM E REP DE MEDICAMENTOS LTDA,1096,ENDOMED COM E REP DE MED [F3525]
70220801000148,DROGAMEDICA HELIOPOLIS LTDA,11,DROGAMEDICA HELIOPOLIS L [F3526]
70939574000105,FABRICA DE ARTEFATOS DE LATEX SAO ROQUE LTDA,6,FABRICA DE ARTEFATOS DE  [F3527]
71015853000145,DIAMED LATINO AMERICA S.A,28,DIAMED LATINO AMERICA S. [F3528]
71336101000186,VALE COMERCIAL LTDA,570,VALE COMERCIAL LTDA [F3529]
71505564000124,EMIGE MATERIAIS ODONTOLOGICOS LTDA,99,EMIGE MATERIAIS ODONTOLO [F3530]
71957310000147,GREINER BIO-ONE BRASIL PRODUTOS MEDICOS HOSPITALARES LTDA,35,GREINER BIO-ONE BRASIL P [F3531]
72120744000150,ZAP COMERCIO DE PRODUTOS HOSPITALARES LTDA,3,ZAP COMERCIO DE PRODUTOS [F3532]
72150550000106,JULIANO DE COSTA LTDA,217,JULIANO DE COSTA LTDA [F3533]
72208200000145,QUEBEC COMERCIAL LTDA,1,QUEBEC COMERCIAL LTDA [F3534]
72527609000124,PRONTIDAO COMERCIO DE PRODUTOS HOSPITALARES LTDA.,3,PRONTIDAO COMERCIO DE PR [F3535]
72563158000180,NUTRIMED INDUSTRIAL LTDA,1,NUTRIMED INDUSTRIAL LTDA [F3536]
72568587000140,MEDICOR - PRODUTOS HOSPITALARES LTDA,1,MEDICOR - PRODUTOS HOSPI [F3537]
72677933000129,HMEDIC DISTRIBUIDORA DE MEDICAMENTOS LTDA,12,HMEDIC DISTRIBUIDORA DE  [F3538]
72733306000168,FARMACIA BATATAIS MANIPULLAR LTDA,28,FARMACIA BATATAIS MANIPU [F3539]
72899016000512,ESSITY DO BRASIL INDUSTRIA E COMERCIO LTDA,2,ESSITY DO BRASIL INDUSTR [F3540]
72994643000109,DROGARIA GERAL DE PROMISSAO LTDA,36,DROGARIA GERAL DE PROMIS [F3541]
73008682000152,LABINBRAZ COMERCIAL LTDA,118,LABINBRAZ COMERCIAL LTDA [F3542]
73297509000111,BHIO SUPPLY INDUSTRIA E COMERCIO DE EQUIPAMENTOS MEDICOS S/A,1,BHIO SUPPLY INDUSTRIA E  [F3543]
73308611000175,FARMACIA E PERFUMARIA CIDADE ALTA LTDA,1,FARMACIA E PERFUMARIA CI [F3544]
73318693000139,V P - MEDICAMENTOS LTDA,60,V P - MEDICAMENTOS LTDA [F3545]
73416497000105,EMPROMED MATERIAL HOSPITALAR LTDA,18,EMPROMED MATERIAL HOSPIT [F3546]
73636391000109,NEWPROV PRODUTOS PARA LABORATORIO LTDA,1,NEWPROV PRODUTOS PARA LA [F3547]
73663650000190,RANBAXY FARMACEUTICA LTDA,7,RANBAXY FARMACEUTICA LTD [F3548]
73665598000101,COMERCIO DE MEDICAMENTOS YUMIFARMA LTDA,17,COMERCIO DE MEDICAMENTOS [F3549]
73679623000106,T C A FARMA COMERCIO LTDA,40,T C A FARMA COMERCIO LTD [F3550]
73856593000166,"PRATI, DONADUZZI & CIA LTDA",2651,"PRATI, DONADUZZI & CIA L [F3551]"
73856593001057,"PRATI, DONADUZZI & CIA LTDA",260,"PRATI, DONADUZZI & CIA L [F3552]"
73856593001138,"PRATI, DONADUZZI & CIA LTDA",118,"PRATI, DONADUZZI & CIA L [F3553]"
74068008000126,NORT MED PRODUTOS HOSPITALARES LTDA,140,NORT MED PRODUTOS HOSPIT [F3554]
74127473000190,DIMERIOS COMERCIO DE MATERIAIS CIRURGICOS LTDA,12,DIMERIOS COMERCIO DE MAT [F3555]
74127473000271,DIMERIOS COMERCIO DE MATERIAIS CIRURGICOS LTDA,5,DIMERIOS COMERCIO DE MAT [F3556]
74194747000164,FARMACIA FLORACELL LTDA,2,FARMACIA FLORACELL LTDA [F3557]
74223413000171,FARMA GERTY DROGARIA LTDA,6,FARMA GERTY DROGARIA LTD [F3558]
74232034000148,LABORATORIOS FERRING LTDA,10,LABORATORIOS FERRING LTD [F3559]
74400052000191,COMERCIAL 3 ALBE LTDA,12,COMERCIAL 3 ALBE LTDA [F3560]
74626607000118,FABRIMED COMERCIAL LTDA,2,FABRIMED COMERCIAL LTDA [F3561]
74913278000196,PETINELI DISTRIBUIDORA DE MATERIAL MEDICO HOSPITALAR LTDA,4,PETINELI DISTRIBUIDORA D [F3562]
75014167000100,NUNESFARMA DISTRIBUIDORA DE PRODUTOS FARMACEUTICOS LTDA,127,NUNESFARMA DISTRIBUIDORA [F3563]
75216218000187,GOMES MOREIRA & CIA LTDA,2,GOMES MOREIRA & CIA LTDA [F3564]
75466250000110,FARMACIA CENTRAL DE ITAGUAJE LTDA,134,FARMACIA CENTRAL DE ITAG [F3565]
75566190000108,EDEZIO BALLAROTI & CIA LTDA,10,EDEZIO BALLAROTI & CIA L [F3566]
75755363000136,FARMACIA CONFIANCA LTDA,3,FARMACIA CONFIANCA LTDA [F3567]
76205640000108,MUNICIPIO DE DOIS VIZINHOS,1,MUNICIPIO DE DOIS VIZINH [F3568]
76345370000122,CICAVEL - CIRURGICA CASCAVEL LTDA,5,CICAVEL - CIRURGICA CASC [F3569]
76386283000113,DIMEVA DISTRIBUIDORA E IMPORTADORA LTDA,1640,DIMEVA DISTRIBUIDORA E I [F3570]
76472349000198,DIMEBRAS - DISTRIBUIDORA DE MEDICAMENTOS BRASIL LTDA,29,DIMEBRAS - DISTRIBUIDORA [F3571]
76730076000134,J R EHLKE E CIA LTDA,1,J R EHLKE E CIA LTDA [F3572]
78451614000187,A.P. TORTELLI COM PRODUTOS MEDICOS HOSPITALARES LTDA,10,A.P. TORTELLI COM PRODUT [F3573]
78515210000100,CONTROLLER COMERCIO E SERVICOS LTDA,2,CONTROLLER COMERCIO E SE [F3574]
78634771000128,CAIXA ASSIST APOSENTADORIA PENSOES SERV MUN LONDRINA,1,CAIXA ASSIST APOSENTADOR [F3575]
78688660000102,COMERCIAL DENTARIA HOSPITALAR FONTANNA LTDA,63,COMERCIAL DENTARIA HOSPI [F3576]
78742491000133,JOAOMED COMERCIO DE MATERIAIS CIRURGICOS S/A,187,JOAOMED COMERCIO DE MATE [F3577]
78746773000109,CASEX IND DE PLASTICOS E PROD MEDICOS HOSPITALARES LTDA,1,CASEX IND DE PLASTICOS E [F3578]
78935400001409,FARMACIA VALE VERDE LTDA,2,FARMACIA VALE VERDE LTDA [F3579]
78935400002391,FARMACIA VALE VERDE LTDA,1,FARMACIA VALE VERDE LTDA [F3580]
78950011000120,HERBARIUM LABORATORIO BOTANICO LTDA.,1,HERBARIUM LABORATORIO BO [F3581]
79250676000193,CIRURGICA JAW COMERCIO DE MATERIAL MEDICO HOSP LTDA,18,CIRURGICA JAW COMERCIO D [F3582]
79250676000274,CIRURGICA JAW COMERCIO DE MATERIAL MEDICO HOSP LTDA,15,CIRURGICA JAW COMERCIO D [F3583]
79250676000355,CIRURGICA JAW COMERCIO DE MATERIAL MEDICO HOSP LTDA,1,CIRURGICA JAW COMERCIO D [F3584]
79430682000122,FARMACIA E DROGARIA NISSEI S.A,3,FARMACIA E DROGARIA NISS [F3585]
79430682014506,FARMACIA E DROGARIA NISSEI S.A,3,FARMACIA E DROGARIA NISS [F3586]
79733572000130,CIRUPAR - COMERCIO DE EQUIPAMENTOS MEDICOS CIRURGICOS LTDA,43,CIRUPAR - COMERCIO DE EQ [F3587]
79805263000128,KSS COMERCIO E INDUSTRIA DE EQUIPAMENTOS MEDICO LTDA,1,KSS COMERCIO E INDUSTRIA [F3588]
79846465000118,GOEDERT LTDA,24,GOEDERT LTDA [F3589]
80003221000152,FARMACIA RODA LTDA,17,FARMACIA RODA LTDA [F3590]
80246309000103,CAOBIANCO MATERIAIS MEDICOS E HOSPITALARES LTDA,1,CAOBIANCO MATERIAIS MEDI [F3591]
80392434000113,J. PROLAB INDUSTRIA E COMERCIO DE PRODUTOS PARA LABORATORIO LTDA,1,J. PROLAB INDUSTRIA E CO [F3592]
80392566000145,AABA COMERCIO DE EQUIPAMENTOS MEDICOS LTDA,265,AABA COMERCIO DE EQUIPAM [F3593]
80965023000170,OSMAR DA SILVA E CIA LTDA,6,OSMAR DA SILVA E CIA LTD [F3594]
81706251000198,PROMEFARMA MEDICAMENTOS E PRODUTOS HOSPITALARES LTDA,7258,PROMEFARMA MEDICAMENTOS  [F3595]
81754038000151,DIAS E BELTRAMIN - COMERCIO DE MEDICAMENTOS LTDA,5,DIAS E BELTRAMIN - COMER [F3596]
81887838000140,CM PFS HOSPITALAR S.A.,1,CM PFS HOSPITALAR S.A. [F3597]
81887838000302,CM PFS HOSPITALAR S.A.,4,CM PFS HOSPITALAR S.A. [F3598]
81887838000655,CM PFS HOSPITALAR S.A.,4,CM PFS HOSPITALAR S.A. [F3599]
81887838000736,CM PFS HOSPITALAR S.A.,18,CM PFS HOSPITALAR S.A. [F3600]
82225947000165,A G KIENEN & CIA LTDA,928,A G KIENEN & CIA LTDA [F3601]
82277955000155,NOVO NORDISK FARMACEUTICA DO BRASIL LTDA,17,NOVO NORDISK FARMACEUTIC [F3602]
82277955000740,NOVO NORDISK FARMACEUTICA DO BRASIL LTDA,46,NOVO NORDISK FARMACEUTIC [F3603]
82291311000111,AMARILDO BASEGGIO & CIA LTDA,416,AMARILDO BASEGGIO & CIA  [F3604]
82292574000145,DENTAL RRK LTDA,40,DENTAL RRK LTDA [F3605]
82478140000134,"SALVI, LOPES & CIA. LTDA",209,"SALVI, LOPES & CIA. LTDA [F3606]"
82641325001866,CREMER S.A.,4,CREMER S.A. [F3607]
82641325002161,CREMER S.A.,1,CREMER S.A. [F3608]
82641325004377,CREMER S.A.,11,CREMER S.A. [F3609]
82873068000140,GENESIO A MENDES & CIA LTDA,144,GENESIO A MENDES & CIA L [F3610]
82873068000573,GENESIO A MENDES & CIA LTDA,9,GENESIO A MENDES & CIA L [F3611]
82873068000735,GENESIO A MENDES & CIA LTDA,155,GENESIO A MENDES & CIA L [F3612]
82873068000816,GENESIO A MENDES & CIA LTDA,1,GENESIO A MENDES & CIA L [F3613]
83157032000122,METROMED COM DE MATERIAL MEDICO HOSPITALAR LTDA,190,METROMED COM DE MATERIAL [F3614]
83646307000191,C J A PARENTE,51,C J A PARENTE [F3615]
83929976000170,R C ZAGALLO MARQUES & CIA LTDA,102,R C ZAGALLO MARQUES & CI [F3616]
84487131000135,MAPEMI - BRASIL MATERIAIS MEDICOS E ODONTOLOGICOS LTDA,4,MAPEMI - BRASIL MATERIAI [F3617]
84521053000148,TAPAJOS COMERCIO DE MEDICAMENTOS LTDA,57,TAPAJOS COMERCIO DE MEDI [F3618]
84551191000170,SILVA & SILVA PRODUTOS FARMACEUTICOS LTDA,119,SILVA & SILVA PRODUTOS F [F3619]
84583129000593,REDE DE LOGISTICA FARMACEUTICA DINAMICA LTDA,4,REDE DE LOGISTICA FARMAC [F3620]
84683481012264,CIA LATINO AMERICANA DE MEDICAMENTOS,20,CIA LATINO AMERICANA DE  [F3621]
84683481019943,CIA LATINO AMERICANA DE MEDICAMENTOS,3,CIA LATINO AMERICANA DE  [F3622]
84684620000187,LABORATORIO CATARINENSE LTDA,1,LABORATORIO CATARINENSE  [F3623]
84704683000158,QUIMIDROL COMERCIO INDUSTRIA IMPORTACAO LTDA,2,QUIMIDROL COMERCIO INDUS [F3624]
84750918000148,J MARCAL SERVICOS DE PROTESE ODONTOLOGICA,69,J MARCAL SERVICOS DE PRO [F3625]
84859552000220,STERMAX PRODUTOS MEDICOS LTDA,1,STERMAX PRODUTOS MEDICOS [F3626]
84932979000630,BONA FARMA LTDA,3,BONA FARMA LTDA [F3627]
84972926000139,J. RIBEIRO COMERCIO ATACADISTA LTDA,94,J. RIBEIRO COMERCIO ATAC [F3628]
85079200000134,PARCOMED COMERCIO E REPRESENTACOES DE PRODUTOS FARMACEUTICOS LTDA,2,PARCOMED COMERCIO E REPR [F3629]
85081446000140,JOHNNY FELIPE CONTESINI DE OLIVEIRA LTDA,29,JOHNNY FELIPE CONTESINI  [F3630]
85247385000149,PROSAUDE DISTRIBUIDORA DE MEDICAMENTOS LTDA,229,PROSAUDE DISTRIBUIDORA D [F3631]
85477586000132,ECO-FARMAS COMERCIO DE MEDICAMENTOS LTDA,724,ECO-FARMAS COMERCIO DE M [F3632]
86647138000100,SANTALMAS COMERCIO IMPORTACAO EXPORTACAO LTDA,2,SANTALMAS COMERCIO IMPOR [F3633]
87156352000119,INCOTERM SOLUCOES EM MEDICAO LTDA,1,INCOTERM SOLUCOES EM MED [F3634]
87389086000174,PRO-RAD CONSULTORES EM RADIOPROTECAO S/S LTDA,2,PRO-RAD CONSULTORES EM R [F3635]
87651345000193,G GOTUZZO E CIA LTDA,96,G GOTUZZO E CIA LTDA [F3636]
88212113008348,COMERCIO DE MEDICAMENTOS BRAIR LTDA,7,COMERCIO DE MEDICAMENTOS [F3637]
88212113022928,COMERCIO DE MEDICAMENTOS BRAIR LTDA,3,COMERCIO DE MEDICAMENTOS [F3638]
88212113029183,COMERCIO DE MEDICAMENTOS BRAIR LTDA,164,COMERCIO DE MEDICAMENTOS [F3639]
88484969000126,SULLAB DISTRIB PROD DIAGNOSTICOS HOSP E FARM LTDA,1,SULLAB DISTRIB PROD DIAG [F3640]
88566872000162,MUNICIPIO DO RIO GRANDE,1,MUNICIPIO DO RIO GRANDE [F3641]
88957022000195,MUZYMED INSTRUMENTAL CIRURGICO LTDA,3,MUZYMED INSTRUMENTAL CIR [F3642]
89982037000176,MAX CIRURGICA COMERCIO DE MATERIAIS HOSPITALARES LTDA,2,MAX CIRURGICA COMERCIO D [F3643]
90108283000182,CONTATTI COMERCIO E REPRESENTACOES LTDA,1,CONTATTI COMERCIO E REPR [F3644]
90251109000194,DIMACI MATERIAL CIRURGICO LTDA,123,DIMACI MATERIAL CIRURGIC [F3645]
90473216000167,PREVESUL EQUIPAMENTOS E ACESSORIOS PARA SEGURANCA NO TRABALHO LTDA,1,PREVESUL EQUIPAMENTOS E  [F3646]
90909631000110,INSTRAMED INDUSTRIA MEDICO HOSPITALAR LTDA,6,INSTRAMED INDUSTRIA MEDI [F3647]
91083212000135,DENTARIA E DISTRIBUIDORA HOSPITALAR PORTO ALEGRENSE LTD,37,DENTARIA E DISTRIBUIDORA [F3648]
92037480000183,FARMAMED PRODUTOS HOSPITALARES LTDA,23,FARMAMED PRODUTOS HOSPIT [F3649]
92132786000119,CRISTAL DISTRIBUIDORA DE MEDICAMENTOS LTDA,11,CRISTAL DISTRIBUIDORA DE [F3650]
92265552000140,MULTILAB INDUSTRIA E COMERCIO DE PRODUTOS FARMAC LTDA,10,MULTILAB INDUSTRIA E COM [F3651]
92265552000905,MULTILAB INDUSTRIA E COMERCIO DE PRODUTOS FARMAC LTDA,1,MULTILAB INDUSTRIA E COM [F3652]
92963560000160,MUNICIPIO DE PORTO ALEGRE,1,MUNICIPIO DE PORTO ALEGR [F3653]
93248979000100,BIO MED PRODUTOS MEDICOS E HOSPITALARES LTDA,1,BIO MED PRODUTOS MEDICOS [F3654]
93305910000163,FUFAMED COMERCIO E IMPORTACAO MEDICO HOSPITALAR LTDA,7,FUFAMED COMERCIO E IMPOR [F3655]
93327161000175,PRHODENT COMERCIO DE PRODUTOS HOSPITALARES E DENTARIOS LTDA,70,PRHODENT COMERCIO DE PRO [F3656]
93480192000161,CIEX DO BRASIL INDUSTRIA E COMERCIO DE PRODUTOS CIRURGICOS LTDA,5,CIEX DO BRASIL INDUSTRIA [F3657]
94022654000160,LABORATORIO QUIMICO FARMACEUTICO TIARAJU LTDA,1,LABORATORIO QUIMICO FARM [F3658]
94069580000117,MICMMED LTDA.,2,MICMMED LTDA. [F3659]
94271293000195,COMERCIAL CANDIMEDICA MEDICAMENTOS HUMANOS LTDA,10,COMERCIAL CANDIMEDICA ME [F3660]
94389400000184,MCW PRODUTOS MEDICOS E HOSPITALARES LTDA,1179,MCW PRODUTOS MEDICOS E H [F3661]
94516671000153,CIRURGICA SANTA CRUZ COM. DE PRODUTOS HOSPITALARES LTDA.,790,CIRURGICA SANTA CRUZ COM [F3662]
94516671000234,CIRURGICA SANTA CRUZ COM. DE PRODUTOS HOSPITALARES LTDA.,237,CIRURGICA SANTA CRUZ COM [F3663]
94876364000183,VIALI ATACADISTA E DISTRIBUIDORA DE MEDICAMENTOS LTDA,9,VIALI ATACADISTA E DISTR [F3664]
95433397000111,COMERCIO DE MATERIAIS MEDICOS HOSPITALARES MACROSUL LTDA,6,COMERCIO DE MATERIAIS ME [F3665]
96261607000102,KIDY BIRIGUI CALCADOS INDUSTRIA E COMERCIO LTDA,1,KIDY BIRIGUI CALCADOS IN [F3666]
96827563000127,MEDISIL MEDICAMENTOS LTDA,246,MEDISIL MEDICAMENTOS LTD [F3667]
96845896000189,COMPRATES COMERCIAL FARMACEUTICA E HOSPITALAR LTDA,59,COMPRATES COMERCIAL FARM [F3668]
97481519000170,S H COMERCIAL LTDA,2,S H COMERCIAL LTDA [F3669]
97520618000114,JG DE MELLO - PINTURAS,3,JG DE MELLO - PINTURAS [F3670]
97528178000141,MUNDIAL DISTRIBUIDORA DE MEDICAMENTOS LTDA,530,MUNDIAL DISTRIBUIDORA DE [F3671]

