fabricante_id,fabricante,registros,valor_total,quantidade_total,instituicoes,fornecedores,preco_ponderado
17875154000120,MEDQUIMICA INDUSTRIA FARMACEUTICA LTDA.,2086,22920162078.2901,804984480.0,415,350,28.472799970367255
05035244000123,SUN FARMACEUTICA DO BRASIL LTDA,708,15283016625.675,289628517.0,156,115,52.767651417677904
05399786000185,UNICHEM FARMACEUTICA DO BRASIL LTDA.,699,13503204299.9081,147592503.0,249,144,91.48977099404635
61190096000192,EUROFARMA LABORATORIOS S.A.,6843,5776156441.5362,732102084.0,588,633,7.8898237933935444
56994502000130,NOVARTIS BIOCIENCIAS SA,3665,4026310673.3332,234495424.0,389,410,17.170103384760292
60318797000100,ASTRAZENECA DO BRASIL LTDA.,1623,3659820167.6664,593284331.0,280,263,6.168745703257752
43940618000144,ELI LILLY DO BRASIL LTDA,627,3299587058.1616,4927031.0,122,110,669.6907444182106
51780468000187,JANSSEN-CILAG FARMACEUTICA LTDA,821,2305051666.8864,9505848.0,143,151,242.48774721480927
18774815000193,AMGEN BIOTECNOLOGIA DO BRASIL LTDA.,229,1725125825.7026,743888.0,58,40,2319.0666144669626
10588595001092,SANOFI MEDLEY FARMACEUTICA LTDA,3052,1587982628.4987,366308191.0,407,457,4.335099971866859
60659463002992,ACHE LABORATORIOS FARMACEUTICOS SA,3449,1510018897.8301,1054871498.0,447,429,1.4314718908350863
61072393000133,PFIZER BRASIL LTDA,574,1496532523.5881,9289809.0,146,144,161.09400350298912
73856593000166,"PRATI, DONADUZZI & CIA LTDA",24109,1483094348.6977,9145409109.0,716,779,0.1621681797961544
60831658000177,BOEHRINGER INGELHEIM DO BRASIL QUIMICA E FARMACEUTICA LTDA.,1585,1447656415.0228,132625519.0,286,280,10.915368519860797
33247743000110,GLAXOSMITHKLINE BRASIL LTDA,1522,1410044909.6968,225010113.0,301,283,6.266584603229811
44734671000151,CRISTALIA PRODUTOS QUIMICOS FARMACEUTICOS LTDA,16916,1400199789.2753,2179667003.0,621,680,0.6423916072262988
07986222000174,BIOGEN BRASIL PRODUTOS FARMACEUTICOS LTDA,57,1377590675.5961,602289.0,20,13,2287.258567890332
33009945000123,PRODUTOS ROCHE QUIMICOS E FARMACEUTICOS S A,1165,1339219930.1814,123470043.0,248,174,10.846517079299957
57507378000365,EMS S/A,10828,1280280669.2048,2378642694.0,542,643,0.5382400107566554
60397775000174,TAKEDA PHARMA LTDA.,1148,1044029427.7493,29556319.0,268,222,35.32339151398725
82277955000155,NOVO NORDISK FARMACEUTICA DO BRASIL LTDA,1065,853018566.0381,23982013.0,164,160,35.56909780834911
31170914000124,MAYBEN PHARMACEUTICAL LTDA,208,807422485.796,3068810.0,90,68,263.1060527683369
58430828000160,BLAU FARMACEUTICA S.A.,4115,802190163.6767,135245313.0,486,536,5.9313712681244635
56998982000107,BRISTOL-MYERS SQUIBB FARMACEUTICA LTDA.,158,793522577.1802,1347178.0,42,31,589.025783660511
61286647000116,SANDOZ DO BRASIL INDUSTRIA FARMACEUTICA LTDA.,2714,688663799.3375,705297030.0,487,407,0.9764167011131466
03560974000118,MERCK SHARP & DOHME FARMACEUTICA LTDA.,306,653510703.049,6481898.0,98,100,100.8208865750433
17159229000176,LABORATORIO TEUTO BRASILEIRO S/A,13040,652492139.1953,2562728953.0,676,735,0.2546083300894833
60665981000118,UNIAO QUIMICA FARMACEUTICA NACIONAL S A,7514,640864442.9014,889735103.0,555,602,0.720286791810888
02881877000164,POLAR FIX INDUSTRIA E COMERCIO DE PRODUTOS HOSPITALARES LTDA,665,628712418.416,7235000.0,127,174,86.898744770698
33069212000184,MERCK S/A,2739,615664802.1223,885249465.0,424,378,0.6954704029358549
11424477000110,LEO PHARMA LTDA,61,583899578.3777,642467277.0,27,25,0.9088394059604377
61282661000141,LABORATORIO QUIMICO FARMACEUTICO BERGAMO LTDA,150,535460276.5721,37087067.0,43,55,14.437924588970597
56998701000116,ABBOTT LABORATORIOS DO BRASIL LTDA,2145,535234148.0238,742532534.0,354,262,0.720822487252525
18459628000115,BAYER S.A.,1010,531575990.9636,23398932.0,233,196,22.717959561727003
19570720000110,HIPOLABOR FARMACEUTICA LTDA,11584,521718489.5822,1920449101.0,571,669,0.2716648357462508
05823205000190,MAQUIRA INDUSTRIA DE PRODUTOS ODONTOLOGICOS S.A.,1506,490763362.2317,445674.0,134,155,1101.1711749657823
05439635000103,ANTIBIOTICOS DO BRASIL LTDA.,1237,411061232.9433,235322909.0,322,273,1.7467964963126477
43640754000119,FUNDACAO PARA O REMEDIO POPULAR FURP,232,407251657.321,1711188041.0,76,93,0.23799351536082877
06628333000146,FARMACE - INDUSTRIA QUIMICO-FARMACEUTICA CEARENSE LTDA,8521,390661306.3855,724033546.0,672,585,0.5395624395357781
04301884000175,AUROBINDO PHARMA INDUSTRIA FARMACEUTICA LIMITADA,528,375051356.3076,82542515.0,219,158,4.543735507787714
02501297000102,PHARLAB INDUSTRIA FARMACEUTICA S.A,4307,357141195.5689,587586830.0,557,511,0.60781007560857
02814497000107,CIMED INDUSTRIA S.A.,6747,350227038.9283,3808369792.0,577,463,0.09196245586865007
05161069000110,BRAINFARMA INDUSTRIA QUIMICA E FARMACEUTICA S.A.,4151,348795699.2438,4979982221.0,538,466,0.07003954708371639
00923140000131,EMS SIGMA PHARMA LTDA,1551,346494453.1654,309007058.0,340,342,1.121315659933567
55980684000127,ADIUM S.A.,544,345130653.7561,19448825.0,122,124,17.74557865352277
17174657000178,HYPOFARMA INSTITUTO DE HYPODERMIA E FARMACIA LTDA,5937,340152080.0134,313610257.0,592,537,1.0846331471020734
61363032000146,CHIESI FARMACEUTICA LTDA,897,337504864.7132,52102238.0,240,200,6.477742179005823
45992062000165,GERMED FARMACEUTICA LTDA,1845,330532368.9293,288569247.0,352,376,1.1454178585055532
73663650000190,RANBAXY FARMACEUTICA LTDA,3632,326951219.6107,893263426.0,458,343,0.36601881381707885
08157293000127,NATCOFARMA DO BRASIL LTDA,166,318139264.7902,4716090.0,48,45,67.45826835157938
31673254000102,LABORATORIOS B BRAUN SA,118,301474777.58,58879347.0,45,37,5.120212654192649
64711500000114,UCB BIOPHARMA LTDA.,208,297693297.1294,3328360.0,66,49,89.44143576097538
49324221000104,FRESENIUS KABI BRASIL LTDA.,2063,265553927.9817,69694742.0,345,348,3.810243360707182
03485572000104,GEOLAB INDUSTRIA FARMACEUTICA S/A,10118,263058714.1478,2680058033.0,674,708,0.09815411118293497
49475833000106,BIOLAB SANUS FARMACEUTICA LTDA,2484,253807122.9723,545654367.0,398,430,0.4651426586535502
64171697000146,ACCORD FARMACEUTICA LTDA,946,251765405.9835,221421113.0,274,155,1.137043358568521
07768134000104,ASTELLAS FARMA BRASIL IMPORTACAO E DISTRIBUICAO DE MEDICAMENTOS LTDA.,172,242791255.2699,38615552.0,57,58,6.2873956915053295
74232034000148,LABORATORIOS FERRING LTDA,137,237588674.792,37911169.0,35,47,6.266983610872036
15800545000150,ABBVIE FARMACEUTICA LTDA.,90,233909594.0417,402097.0,33,29,581.724295485169
62462015000129,APSEN FARMACEUTICA S/A,1368,206426573.2279,153286321.0,267,226,1.3466731530982468
62969589000198,CSL BEHRING COMERCIO DE PRODUTOS FARMACEUTICOS LTDA,171,202649518.7706,797451.0,93,77,254.12159339018947
05452889000161,CELLTRION HEALTHCARE DISTRIBUICAO DE PRODUTOS FARMACEUTICOS DO BRASIL LTDA,65,197942768.36,234032.0,28,27,845.7936024133453
60874187000184,DAIICHI SANKYO BRASIL FARMACEUTICA LTDA.,347,193934354.6986,4009409.0,93,90,48.369810787225745
57507378000608,EMS S/A,6013,189514476.8865,346894381.0,417,486,0.5463175169922975
01571702000198,HALEX ISTAR INDUSTRIA FARMACEUTICA SA,2253,185969467.1366,69840860.0,447,411,2.6627602686536216
25210463000109,PTC FARMACEUTICA DO BRASIL LTDA.,22,150180115.9,33177.0,8,4,4526.633387587787
03402979000384,M.N.P. CUSTODIO COMERCIO DE PRODUTOS HOSPITALARES LTDA,15,147537524.0,133746900.0,5,2,1.1031098589948627
60619202000148,MESSER GASES LTDA.,3,138852080.0,8100.0,2,2,17142.23209876543
07718721000180,BEAUFOUR IPSEN FARMACEUTICA LTDA.,67,131640063.64,80462.0,20,18,1636.0525917824564
02513899000171,GRIFOLS BRASIL LTDA,68,129466007.17,303692.0,31,22,426.30693982719333
03978166000175,DR.REDDY'S FARMACEUTICA DO BRASIL LTDA,165,124464371.9005,7154118.0,64,40,17.397584426270296
24633934000129,CAMBER FARMACEUTICA LTDA.,27,124449385.326,2388265.0,15,19,52.10870038542624
18324343000177,BELFAR LTDA,3197,122822793.3045,704981391.0,560,409,0.17422132679314936
44734671000828,CRISTALIA PRODUTOS QUIMICOS FARMACEUTICOS LTDA,4889,120588861.1409,137066525.0,375,436,0.8797834565434558
33408105000133,GREENPHARMA QUIMICA E FARMACEUTICA EM RECUPERACAO JUDICIAL LTDA,1647,114152496.9528,230876673.0,477,243,0.49443062163668655
55972087000150,JP INDUSTRIA FARMACEUTICA S/A,1638,110422686.3692,19762509.0,268,215,5.587483166697103
11643096000122,MYLAN LABORATORIOS LTDA.,652,109841285.7297,6409429.0,236,207,17.13745260766599
08002360000134,BIOMARIN BRASIL FARMACEUTICA LTDA,28,106699343.855,963707.0,11,1,110.7176183788226
44363661000157,GLENMARK FARMACEUTICA LTDA,532,105712508.3703,213028858.0,195,112,0.4962356244255884
61068755000112,SANVAL COMERCIO E INDUSTRIA LTDA,2956,104738517.9381,402419854.0,499,362,0.2602717457824534
46070868003699,LABORATORIOS PFIZER LTDA,155,103693534.332,1964089.0,66,74,52.79472281144083
90909631000110,INSTRAMED INDUSTRIA MEDICO HOSPITALAR LTDA,30,99728037.01,215552.0,17,15,462.6634733614163
68949239000146,UNITED MEDICAL LTDA,102,99063295.8134,1488994.0,27,27,66.53035258261619
02456955000183,NATULAB LABORATORIO S.A,5535,98466634.3456,366245955.0,607,481,0.2688538480803153
21043162000187,BIOTECHMAX HOSPITALAR LTDA,47,97855196.346,5745166.0,23,29,17.03261426145041
08183359000153,PRODIET NUTRICAO CLINICA LTDA,163,97103739.722,6140590396.0,39,32,0.015813420772252403
43426626000177,ALLERGAN PRODUTOS FARMACEUTICOS LTDA.,587,93431638.3827,577563.0,219,165,161.7687393110362
23643315011510,DANONE LTDA,231,91024112.27,319906005.0,31,57,0.28453392823932766
05254971000181,ZYDUS NIKKHO FARMACEUTICA LTDA,2128,90442623.6202,177496470.0,450,319,0.5095460412266226
30222814000131,VITAMEDIC INDUSTRIA FARMACEUTICA LTDA,2908,87557294.938,448541823.0,537,390,0.19520430525828578
58635830000175,FARMARIN INDUSTRIA E COMERCIO LTDA,229,87400922.3523,18259763.0,100,75,4.786531038343707
36674526000102,UPJOHN BRASIL IMPORTADORA E DISTRIBUIDORA DE MEDICAMENTOS LTDA.,40,87264855.4174,5827807.0,19,12,14.973875321780561
18625083000170,SUL MINAS INDUSTRIA E COMERCIO DE CONFECCOES LTDA,2,84037980.0,7503000.0,2,1,11.200583766493402
01107391000100,SUPPORT PRODUTOS NUTRICIONAIS LTDA,54,83720554.5264,190088784.0,14,18,0.4404286921336716
04752991000110,BIOMM S/A,74,77396140.86,3271720.0,50,34,23.6561016407272
60409075000152,NESTLE BRASIL LTDA.,253,73750063.368,844888886.0,23,43,0.08728965972929131
05333542000108,TEVA FARMACEUTICA LTDA.,136,72400311.6898,13294189.0,46,51,5.4460119146643695
19570720000706,HIPOLABOR FARMACEUTICA LTDA,3844,71125253.0942,137876385.0,341,407,0.5158624741590084
60659463000191,ACHE LABORATORIOS FARMACEUTICOS SA,832,68452851.4324,64782123.0,208,212,1.0566626757878868
23552212000187,ROCHE DIABETES CARE BRASIL LTDA,582,66196510.0953,68846070.0,168,137,0.961514725463632
27089709000161,FIRSTLAB INDUSTRIA IMPORTACAO E EXPORTACAO DE PRODUTOS PARA LABORATORIOS LTDA,134,65704219.28,1507376.0,45,46,43.58847379817644
61082426000207,COSMED INDUSTRIA DE COSMETICOS E MEDICAMENTOS S.A.,890,64801822.1017,62263431.0,229,227,1.0407685709080183
21896000000191,PINT PHARMA PRODUTOS MEDICO-HOSPITALARES E FARMACEUTICOS LTDA,24,63489385.3,163709.0,8,7,387.8185396038092
57507378000101,EMS S/A,1614,57354226.693,214737936.0,159,205,0.2670894009757084
33112665000146,DFL INDUSTRIA E COMERCIO S/A,567,57253990.8489,13958529.0,120,128,4.10172095131944
33349473000158,FARMOQUIMICA S A,1624,56848041.115,106885487.0,365,230,0.5318593076626016
40357820000150,ULTRA TEXTIL INDUSTRIA E COMERCIO DE PRODUTOS HOSPITALARES LTDA,41,55716645.46,2201098.0,17,17,25.313114391090267
01440590000136,FRESENIUS MEDICAL CARE LTDA,250,54033103.2821,9204942.0,80,81,5.870010183888176
01057428000133,DESCARPACK DESCARTAVEIS DO BRASIL LTDA,861,53766633.34,26538400.0,130,223,2.025993780333404
04099395000182,SANTISA LABORATORIO FARMACEUTICO S.A,2516,52530519.1504,223704793.0,553,403,0.2348207137001307
53359824000119,BLANVER FARMOQUIMICA E FARMACEUTICA S.A.,118,50684855.0964,19723863.0,57,55,2.5697225283099967
02433631000120,ASPEN PHARMA INDUSTRIA FARMACEUTICA LTDA,485,48602214.1248,81042806.0,246,160,0.5997104064338542
11308834000185,VIDA BIOTECNOLOGIA LTDA,251,47983127.66,315972.0,31,21,151.85879653893383
05343029000190,MEDLEVENSOHN COMERCIO E REPRESENTACOES DE PRODUTOS HOSPITALARES LTDA,210,47164416.8,80860106.0,105,104,0.5832841327217652
33150764000112,BIOLAB FARMA GENERICOS LTDA,914,46540022.9361,154010597.0,275,270,0.302187147135726
10588595000797,SANOFI MEDLEY FARMACEUTICA LTDA,444,46299918.1266,18760167.0,160,175,2.4679907234621097
53056057000179,RECORDATI RARE DISEASES COMERCIO DE MEDICAMENTOS LTDA.,22,44298838.85,22186.0,8,12,1996.7023731181828
59309302000199,INJEX INDUSTRIAS CIRURGICAS LTDA,342,44279518.972,273256407.0,98,99,0.16204384540560837
75014167000100,NUNESFARMA DISTRIBUIDORA DE PRODUTOS FARMACEUTICOS LTDA,342,43609559.5307,305750065.0,177,75,0.14263139905039757
01645409000128,AUTO SUTURE DO BRASIL LTDA.,24,43350492.9,3293.0,9,7,13164.437564530823
10268780000109,MEDIX BRASIL LTDA,2862,43031228.717,30590238.0,206,398,1.4066980687433683
65271900000119,NATIVITA INDUSTRIA E COMERCIO LTDA,1748,41910613.5051,30766487.0,453,310,1.3622164111586739
44639493000180,EUGIA PHARMA INDUSTRIA FARMACEUTICA LIMITADA,108,41482226.04,6034419.0,39,30,6.874270089630833
01057428000214,DESCARPACK DESCARTAVEIS DO BRASIL LTDA,1942,41273188.5094,19280266.0,191,282,2.1406960105944597
25773037000183,PHARMASCIENCE INDUSTRIA FARMACEUTICA S.A,672,40669778.5923,339312658.0,277,155,0.119859302721032
03426484000123,SALDANHA RODRIGUES LTDA,657,40180619.663,112755239.0,121,181,0.35635257411852944
14665928000108,VOLPHARMA DISTRIBUIDORA DE PRODUTOS HOSPITALARES E FARMACEUTICOS LTDA,122,40014938.67,2957859.0,56,42,13.52834556008248
17115437000173,LABORATORIO GLOBO SA,1153,38768127.0853,269520206.0,348,242,0.14384126392846405
55643555000143,RIOQUIMICA S.A.,273,38005398.25,1593552.0,92,115,23.849487340231132
58430828001301,BLAU FARMACEUTICA S.A.,707,37391717.679,3421111.0,224,213,10.929700228668406
60665981000541,UNIAO QUIMICA FARMACEUTICA NACIONAL S A,902,35746526.4721,52020277.0,197,214,0.6871652465845193
32407538000101,INDUSTRIA FRONTINENSE DE LATEX SA,202,35039094.1076,97176886.0,57,53,0.36057025029182355
49351786000261,BAXTER HOSPITALAR LTDA,71,34707149.0912,8417374.0,33,30,4.123275155790868
04491780000170,"GERAIS, COMERCIO E IMPORTACAO DE MATERIAIS E EQUIPAMENTOS MEDICOS LTDA",52,34233106.13,1865277.0,25,20,18.35282702247441
61230314000175,LIBBS FARMACEUTICA LTDA,1373,33628277.9112,17463436.0,237,270,1.925639256283815
10588595000363,SANOFI MEDLEY FARMACEUTICA LTDA,521,33359180.233,5477493.0,156,158,6.090227816448145
42374207000176,LABORATORIOS SERVIER DO BRASIL LTDA,697,33309401.41,61731681.0,165,116,0.5395835796209729
46070868000169,LABORATORIOS PFIZER LTDA,171,33157829.5638,905021.0,83,84,36.637635550777276
01784792000103,EQUIPLEX INDUSTRIA FARMACEUTICA LTDA -,895,31760314.2715,18259253.0,264,210,1.7394092886220482
45987013000134,ORGANON FARMACEUTICA LTDA.,452,31757151.9607,6222402.0,138,166,5.103680533771364
60665981000975,UNIAO QUIMICA FARMACEUTICA NACIONAL S A,1543,31481958.318,22843480.0,229,199,1.3781594712364316
60831658002110,BOEHRINGER INGELHEIM DO BRASIL QUIMICA E FARMACEUTICA LTDA.,463,31095006.4036,3865469.0,148,155,8.044303654640615
08055634000153,IMEC-INDUSTRIA DE MEDICAMENTOS CUSTODIA LTDA,898,30562320.6439,706444540.0,403,234,0.043262165553576225
07767477000146,"BIOMOLECULAR TECHNOLOGY COMERCIO, IMPORTACAO, EXPORTACAO E DISTRIBUICAO DE MATERIAIS MEDICOS E LABORATORIAIS LTDA",30,29665466.02,145086802.0,20,7,0.2044670198189357
33078528000132,TORRENT DO BRASIL LTDA,812,29508467.5919,84400960.0,229,204,0.34962241652109166
17562075000169,CIFARMA CIENTIFICA FARMACEUTICA LTDA,534,28479048.073,72867644.0,211,142,0.3908325631195102
15670288000189,GILEAD SCIENCES FARMACEUTICA DO BRASIL LTDA,14,28463316.07,14353.0,7,8,1983.0917626976939
01858973000129,AIRELA INDUSTRIA FARMACEUTICA LTDA,754,27150715.5962,81657238.0,254,189,0.3324961296903038
45569555000197,CATALENT BRASIL LTDA.,13,26491792.09,111872.0,7,11,236.80449165117275
01623403000150,BIOTEXTIL INDUSTRIA E COMERCIO LTDA,222,26071689.064,15995767.0,72,77,1.6299117800353056
48113906000149,1FARMA INDUSTRIA FARMACEUTICA LTDA,390,25450441.811,642870641.0,164,89,0.03958874490116901
33173097000274,CELLERA FARMACEUTICA S.A.,792,25061855.3314,54252946.0,304,187,0.46194459802053883
33258401000103,INSTITUTO BIOCHIMICO INDUSTRIA FARMACEUTICA LTDA,314,24829707.6295,8479200.0,155,116,2.928307815536843
49324221002077,FRESENIUS KABI BRASIL LTDA.,440,24606990.7775,4588449.0,115,124,5.362812309235648
56994502002779,NOVARTIS BIOCIENCIAS SA,436,24197512.147,3764469.0,108,126,6.427868617592548
19570720000382,HIPOLABOR FARMACEUTICA LTDA,2171,24111554.9795,50615486.0,263,256,0.47636715331548923
05215461000103,EQUILIBRIO COMERCIO DE PRODUTOS FARMACEUTICOS LTDA,3,23708985.99,99745.0,3,2,237.69598466088524
05216859000156,BIOBASE INDUSTRIA E COMERCIO LTDA,1122,23696395.0476,25976796.0,136,154,0.9122139253663154
02552927000160,OCTAPHARMA BRASIL LTDA.,13,23369271.5,35798.0,10,8,652.8094167271914
05044984000126,LEGRAND PHARMA INDUSTRIA FARMACEUTICA LTDA,1264,23045289.2491,70523533.0,366,294,0.3267744576707466
79846465000118,GOEDERT LTDA,56,23000567.91,1005138.0,21,15,22.882995081272423
05161069000978,BRAINFARMA INDUSTRIA QUIMICA E FARMACEUTICA S.A.,833,22741916.9555,188483412.0,179,100,0.12065739215024397
61418042000131,CIRURGICA FERNANDES - COMERCIO DE MATERIAIS CIRURGICOS E HOSPITALARES - SOCIEDADE LIMITADA,1707,22272870.4302,16079066.0,130,218,1.385209217388622
60665981000207,UNIAO QUIMICA FARMACEUTICA NACIONAL S A,1544,21955863.3275,22107704.0,255,286,0.9931317755792279
28791011000156,FOX INDUSTRIA E COMERCIO DE MATERIAIS MEDICOS E HOSPITALARES LTDA,23,21534501.7,14348100.0,7,2,1.5008608596260131
46179008000168,BRASTERAPICA INDUSTRIA FARMACEUTICA LTDA.,658,20767125.6314,512907719.0,282,169,0.040489009742120885
00029372000140,GE HEALTHCARE DO BRASIL COMERCIO E SERVICOS PARA EQUIPAMENTOS MEDICO-HOSPITALARES LTDA,58,20436158.24,188826.0,12,12,108.22745935411436
61190096000435,EUROFARMA LABORATORIOS S.A.,604,20200628.9849,12178588.0,164,184,1.658700416246941
36452002000169,MASSAR PROTECAO E HIGIENE LTDA,4,19534065.0,1019675.0,4,4,19.157148110917696
33009945002339,PRODUTOS ROCHE QUIMICOS E FARMACEUTICOS S A,30,18987824.3456,1796776.0,26,20,10.567719262501281
13507989000176,ALFAMEC COMERCIO E SERVICOS LTDA,194,18979870.7607,3156543.0,84,69,6.012866214938304
05263709000101,ROBISA INDUST. E COMER. MATERIAL HOSPITALAR LTDA,61,18852909.32,5276035.0,19,19,3.5733101315666027
51780468000268,JANSSEN-CILAG FARMACEUTICA LTDA,45,18720537.29,299230.0,24,27,62.56236771045683
47507520000159,"CONFORTELL INDUSTRIA, COMERCIO, IMPORTACAO E EXPORTACAO DE PRODUTOS MEDICOS, ORTOPEDICOS LTDA",46,18113018.82,13400309.0,14,17,1.3516866528973324
17875154000391,MEDQUIMICA INDUSTRIA FARMACEUTICA LTDA.,1387,17964768.9361,140557046.0,307,227,0.1278112300119056
23643315014293,DANONE LTDA,124,17819632.6732,46461654.0,19,26,0.38353418656167515
14806008000154,MOMENTA FARMACEUTICA LTDA.,304,17430357.0687,7803099.0,128,104,2.233773667192996
07415627000152,TKL IMPORTACAO E EXPORTACAO DE PRODUTOS MEDICOS E HOSPITALARES LTDA,172,16771616.49,7663157.0,75,76,2.1886040557436055
39032974000192,VIC PHARMA INDUSTRIA E COMERCIO LTDA,1071,16234336.3098,2994122.0,254,257,5.422069077278748
00376959000126,IFAL IND E COM DE PRODUTOS FARMACEUTICOS LTDA,711,16067627.882,12010845.0,255,133,1.3377599895760872
01541283000141,INDUSTRIA QUIMICA DO ESTADO DE GOIAS S A IQUEGO,14,15843869.0,45185910.0,8,8,0.3506373778905858
06629745000109,NOVAFARMA INDUSTRIA FARMACEUTICA LTDA,552,15740624.1358,3727049.0,236,183,4.2233477842121205
49324221000880,FRESENIUS KABI BRASIL LTDA.,163,15305915.676,4421458.0,58,63,3.461734947159964
13863381000184,MIDFARMA PRODUTOS FARMACEUTICOS LTDA.,105,15275548.794,856101.0,70,53,17.843161956357953
48344725000719,ALTHAIA S.A. INDUSTRIA FARMACEUTICA,574,15268266.0453,23975260.0,182,171,0.6368342218311709
02228938000199,"D-X INDUSTRIA, COMERCIO, IMPORTACAO E EXPORTACAO LTDA",25,15111841.96,475.0,14,14,31814.404126315792
18268051000164,CIPLA BRASIL IMPORTADORA E DISTRIBUIDORA DE MEDICAMENTOS LTDA.,21,14769511.0214,214413.0,10,10,68.88346798654933
61072393003906,PFIZER BRASIL LTDA,67,14618330.88,510776.0,38,36,28.61984682130719
04459117000199,SAMTEC BIOTECNOLOGIA LTDA,2763,14603751.928,26919437.0,482,351,0.5424984158472557
21998885000130,MEDIPHACOS INDUSTRIAS MEDICAS S/A,1,14400000.0,7200.0,1,1,2000.0
01541283000303,INDUSTRIA QUIMICA DO ESTADO DE GOIAS S A IQUEGO,4,14353062.5,46005750.0,3,1,0.31198409981361025
06076833000112,ABL - SAUDE LTDA,253,14200416.87,6529806.0,120,95,2.1747073144286366
44734671000402,CRISTALIA PRODUTOS QUIMICOS FARMACEUTICOS LTDA,473,14124793.021,29765665.0,83,125,0.47453309109673847
61190096000869,EUROFARMA LABORATORIOS S.A.,324,13948284.1185,5789046.0,140,131,2.4094270659621637
01513946000114,BOSTON SCIENTIFIC DO BRASIL LTDA,5,13699317.09,30053.0,3,4,455.8385881609157
60409075041266,NESTLE BRASIL LTDA.,27,13439620.1668,168610131.0,9,10,0.07970826003806379
49601107000427,FRESENIUS HEMOCARE BRASIL LTDA.,276,13382870.307,999374.0,94,96,13.391253231522933
04522600000170,LUNDBECK BRASIL LTDA,220,13292383.0681,892017.0,75,57,14.901490743001535
09058502000148,FARMA VISION IMPORTACAO E EXPORTACAO DE MEDICAMENTOS LTDA,26,13193728.3,8446403.0,16,13,1.5620528999149106
01005728000179,LABOR IMPORT COMERCIAL IMPORTADORA EXPORTADORA LTDA,2396,13156515.7189,16855859.0,209,368,0.7805307174733723
17562075000320,CIFARMA CIENTIFICA FARMACEUTICA LTDA,225,13118081.218,23026450.0,113,88,0.5696962066666812
84833888000133,BIODINAMICA QUIMICA E FARMACEUTICA LTDA,869,12909831.3977,715016.0,122,125,18.05530421375186
10619983000100,GODOY & BAPTISTELLA INDUSTRIA E COMERCIO DE PRODUTOS DE HIGIENE LTDA,7,12873063.02,11371912.0,4,3,1.132005156212957
31731807000128,SPECIALTY PHARMA GOIAS LTDA,1,12786078.2,20.0,1,1,639303.9099999999
68032192000151,BIONATUS LABORATORIO BOTANICO LTDA,165,12742467.5028,91155383.0,93,56,0.1397884259100749
84966498000131,MAXICOR PRODUTOS MEDICOS LTDA,111,12694163.51,1108554.0,60,70,11.451100722202076
08939548000103,INFAN INDUSTRIA QUIMICA FARMACEUTICA NACIONAL S/A,202,12628579.6208,571156.0,76,77,22.11056107403231
10192693000115,NEW IMPLA COMERCIO DE MATERIAIS MEDICOS CIRURGICOS LTDA,367,12431880.5664,463808.0,10,5,26.80393733268939
14821008000123,MASTERS SPECIALITY PHARMA LTDA,8,12236714.1,2692810.0,4,4,4.544217416007814
02685377000157,SANOFI-AVENTIS FARMACEUTICA LTDA,510,12195020.0417,14292678.0,167,154,0.853235484749604
62969589001593,CSL BEHRING COMERCIO DE PRODUTOS FARMACEUTICOS LTDA,37,12070208.78,53071.0,29,21,227.435111077613
07316691000186,FORMULAS MAGISTRAIS MANIPULACOES ESPECIAIS LTDA,63,11972784.98,3181872.0,17,3,3.762811634157502
02814497000298,CIMED INDUSTRIA S.A.,312,11853199.5319,142338383.0,127,94,0.08327479406521009
17159229000842,LABORATORIO TEUTO BRASILEIRO S/A,1011,11658401.109,18638409.0,142,203,0.6255040925971739
49353956000166,OXIGEL MATERIAIS HOSPITALARES INDUSTRIA E COMERCIO LTDA,57,11638416.46,66940.0,22,25,173.86340693158053
17625281000170,CELGENE BRASIL PRODUTOS FARMACEUTICOS LTDA.,19,11470793.8624,16177.0,7,8,709.0804143166224
58430828000593,BLAU FARMACEUTICA S.A.,518,11439995.822,1253621.0,163,194,9.125561730379438
01784792000529,EQUIPLEX INDUSTRIA FARMACEUTICA LTDA -,376,11247039.82,7972958.0,129,113,1.4106483214887122
61100004000136,ZAMBON LABORATORIOS FARMACEUTICOS LTDA,161,11237188.2376,2743051.0,80,68,4.096602009076754
29346301000153,LABORATORIO FARMACEUTICO VITAMED LTDA,616,11163684.8522,112735801.0,262,122,0.09902519654958587
23643315000152,DANONE LTDA,152,11015405.62,29744537.0,36,42,0.37033373960401533
07925705000169,AUROBINDO PHARMA PRODUTOS FARMACEUTICOS LIMITADA,228,10943291.876,14064029.0,125,86,0.778105042018898
11463608000179,ERIMAR INDUSTRIA E COMERCIO DE PRODUTOS PARA SAUDE LTDA,382,10938010.026,19265780.0,94,80,0.5677429113173721
07670111000154,ARESE PHARMA LTDA.,282,10843599.8132,2302043.0,131,64,4.7104245286469455
10284284000149,ALEXION SERVICOS E FARMACEUTICA DO BRASIL LTDA,8,10532156.04,782.0,3,2,13468.230230179028
01233103000164,MAPPEL INDUSTRIA DE EMBALAGENS S.A.,69,10523036.87,1085853.0,16,16,9.691032644381881
92265552000905,MULTILAB INDUSTRIA E COMERCIO DE PRODUTOS FARMAC LTDA,259,10508324.2494,51502661.0,121,104,0.20403458860892643
33255787001163,IBF INDUSTRIA BRASILEIRA DE FILMES S/A.,92,10482413.3,57226.0,21,28,183.17571208891064
05439635000456,ANTIBIOTICOS DO BRASIL LTDA.,35,10416470.82,3637180.0,22,16,2.8638865329733476
04242860000192,MEDI-GLOBE BRASIL LTDA,7,10403516.0,136665.0,3,1,76.12421614897742
02916028000107,FRADEL-MED INDUSTRIA E COMERCIO DE APARELHOS MEDICOS LTDA,40,10289681.2,2361569.0,12,13,4.357137648741155
49351786000180,BAXTER HOSPITALAR LTDA,64,10236324.12,3699934.0,22,17,2.766623437066715
21810980000168,INNOVATIVE MEDICINES BRASIL SP DISTRIBUICAO DE MEDICAMENTOS LTDA,7,10227741.84,1026891.0,4,4,9.959909902803705
10403238000111,AMED S/A,191,10154480.6911,13510093.0,68,75,0.7516218201532735
58188194000261,"GN INJECTA INDUSTRIA, COMERCIO DE MATERIAIS MEDICOS, CIRURGICOS, ODONTOLOGICOS E DESCARTAVEIS LTDA",80,10106907.315,114665.0,24,21,88.14291470806262
21551379000106,BECTON DICKINSON INDUSTRIAS CIRURGICAS LTDA,83,10058133.79,57880074.0,24,33,0.17377541345230482
22966065000129,NUTRIEX INDUSTRIA DE NUTRACEUTICOS LTDA,81,10054462.9696,4803868.0,63,56,2.0929931816611114
12936659000133,KEVENOLL DO BRASIL PRODUTOS MEDICOS HOSPITALARES LTDA,51,9992052.51,323798.0,18,21,30.85890743611758
15361478000114,ALFAMA INDUSTRIA E COMERCIO DE DESCARTAVEIS LTDA,11,9862375.174,7867813.0,5,6,1.2535090976361538
33247743004450,GLAXOSMITHKLINE BRASIL LTDA,70,9843536.3507,410299.0,49,36,23.991129275723313
57532343000114,LM FARMA INDUSTRIA E COMERCIO LTDA,136,9729051.33,529337.0,43,29,18.37969257769625
07897039000100,DENTEMED EQUIPAMENTOS ODONTOLOGICOS LTDA,199,9727780.81,23106.0,54,19,421.00669999134425
45987013000304,ORGANON FARMACEUTICA LTDA.,78,9560724.6784,7000905.0,37,35,1.3656412532951099
48939276000166,MEDI HOUSE INDUSTRIA E COMERCIO DE PRODUTOS CIRURGICOS E HOSPITALARES LTDA,101,9536429.91,16176729.0,45,35,0.589515340833119
43945150000180,"ABL INDUSTRIA, COMERCIO ATACADISTA, IMPORTACAO E EXPORTACAO LTDA",278,9445803.06,7024481.0,66,101,1.3446976452779928
18459628009767,BAYER S.A.,34,9397627.65,790522.0,19,21,11.887876175489108
92265552000140,MULTILAB INDUSTRIA E COMERCIO DE PRODUTOS FARMAC LTDA,372,9358818.5441,40910975.0,194,131,0.22876058427109106
09545589000188,MABRA FARMACEUTICA LTDA,142,9300123.54,2398784.0,98,52,3.877015829687041
20480457000158,MAXI CONFORT IMPORTACAO E EXPORTACAO LTDA,92,9289019.31,7017241.0,29,30,1.3237423810868119
15058160000169,NUTRIEX INDUSTRIA DE COSMETICOS LTDA,309,9192946.3206,12399065.0,182,149,0.7414225444095985
12424020000179,NOVAMED FABRICACAO DE PRODUTOS FARMACEUTICOS LTDA.,50,9111830.83,41260602.0,31,31,0.22083610971066298
04635188000103,ZERMATT INDUSTRIA E COMERCIO LTDA,122,9024825.61,100996.0,47,45,89.35824795041387
19848316000166,BIOMEDICAL PRODUTOS CIENTIFICOS MEDICOS E HOSPITALARES S A,16,8983526.3,44540.0,6,9,201.6956960035923
36526169000127,BASAL - INDUSTRIA FARMACEUTICA LTDA,12,8952060.5465,2683283.0,9,3,3.336234212529949
49351786001071,BAXTER HOSPITALAR LTDA,25,8855980.34,805286.0,18,15,10.997310694585526
61455192000115,TRB PHARMA INDUSTRIA QUIMICA E FARMACEUTICA LTDA,93,8755482.1523,1433416.0,46,33,6.108123637729731
28911309000152,ESPIRITO SANTO DISTRIBUIDORA DE PRODUTOS HOSPITALARES LTDA,9,8567531.46,751601.0,2,3,11.39904212474438
60665981000703,UNIAO QUIMICA FARMACEUTICA NACIONAL S A,779,8519461.303,9443830.0,196,195,0.9021192993732415
60831658001220,BOEHRINGER INGELHEIM DO BRASIL QUIMICA E FARMACEUTICA LTDA.,2,8440842.9,36210.0,2,2,233.10806130903066
67577361000257,IMPLANTEC MATERIAIS MEDICOS E HOSPITALARES LTDA,412,8306488.4844,595294.0,13,6,13.953590132606747
60409075000667,NESTLE BRASIL LTDA.,109,8291922.318,350787728.0,27,32,0.023638005711533898
61068755000627,SANVAL COMERCIO E INDUSTRIA LTDA,278,8156875.424,30728295.0,102,102,0.2654516114219809
72563158000180,NUTRIMED INDUSTRIAL LTDA,53,8053668.95,254367145.0,25,29,0.031661592734391855
19501429000190,MAWDSLEYS PHARMACEUTICALS DO BRASIL LTDA,108,7965173.3938,6280316.0,56,39,1.2682758946842803
49324221001690,FRESENIUS KABI BRASIL LTDA.,306,7749973.8705,2815540.0,94,74,2.752571041611911
60409075044605,NESTLE BRASIL LTDA.,28,7651352.89,3157076.0,8,10,2.423556762649996
33009945000204,PRODUTOS ROCHE QUIMICOS E FARMACEUTICOS S A,16,7499736.141,7608890.0,12,10,0.9856544306725422
32407538000454,INDUSTRIA FRONTINENSE DE LATEX SA,232,7497946.534,1345000.0,81,85,5.5746814379182155
04415365000138,CHRON EPIGEN INDUSTRIA E COMERCIO LTDA,10,7479414.0784,403013.0,8,6,18.558741475833287
10742412000401,BRACCO IMAGING DO BRASIL IMPORTACAO E DISTRIBUICAO DE MEDICAMENTOS LTDA,18,7474851.09,69368.0,11,11,107.75647402260408
12288046000137,CCM INDUSTRIA E COMERCIO DE PRODUTOS DESCARTAVEIS S.A.,38,7474751.416,6660915.0,17,13,1.1221808739489996
04745002000160,RECANTO INDUSTRIA E COMERCIO DE FRALDAS E ABSORVENTES LTDA,8,7384080.0,5298100.0,1,1,1.393722277797701
27608037000153,DEJAMARO INDUSTRIA E COMERCIO DE PRODUTOS MEDICOS-HOSPITALARES LTDA,65,7373810.79,1269259.0,42,42,5.809539889021862
46686119000160,MARCOS RIBEIRO E CIA LTDA,21,7115640.0,1159.0,15,5,6139.46505608283
06105362000123,ACCUMED PRODUTOS MEDICO HOSPITALARES LTDA,256,7111076.14,1888368.0,88,115,3.7657258225091716
02794555000188,COLOPLAST DO BRASIL LTDA,148,7107331.96,437384.0,43,39,16.249638669910194
60409075002953,NESTLE BRASIL LTDA.,117,7085455.942,23950737.0,17,23,0.295834568347521
47231121000108,BEKER PRODUTOS FARMACO HOSPITALARES LTDA,52,7050750.31,714007.0,33,32,9.874903621393067
18252904000170,"HEALTH CARE & DUBEBE COMERCIO, IMPORTACAO, EXPORTACAO DE PRODUTOS DE HIGIENE PESSOAL, COSMETICOS E PERFUMARIA LTDA",10,7047795.8,228280.0,5,3,30.87347029963203
42180406000143,GUERBET PRODUTOS RADIOLOGICOS LIMITADA,36,6979278.55,67002.0,19,21,104.16522715739828
37844479000152,BIOLINE FIOS CIRURGICOS LTDA,359,6915652.6658,1082570.0,43,46,6.388180594141718
03426484000204,SALDANHA RODRIGUES LTDA,618,6912624.469,25052883.0,117,126,0.27592131687997745
21759758000188,FARMAX S.A.,305,6912373.1586,2054277.0,141,128,3.364869079778433
67566877000115,D.C.M.A. PRODUTOS MEDICOS E ODONTOLOGICOS LTDA,70,6906022.36,564297.0,17,21,12.238275872457235
03033589000112,OLIMED MATERIAL HOSPITALAR S.A.,226,6873085.91,2083720.0,76,69,3.2984690409460007
05155425000193,VASCONCELOS INDUSTRIA FARMACEUTICA E COMERCIO LTDA,179,6772199.2067,1087101.0,89,64,6.229595232365714
37820994000100,MEDIX BRASIL INDUSTRIA DE DESCARTAVEIS HOSPITALARES LTDA,596,6719164.74,2045922.0,44,94,3.284174440667826
13236116000176,"MEDK INDUSTRIA, COMERCIO, IMPORTACAO E EXPORTACAO DE PRODUTOS MEDICOS LTDA",17,6679491.83,20146325.0,13,12,0.33154889688317846
60397775000840,TAKEDA PHARMA LTDA.,161,6677882.385,1075287.0,69,67,6.2103256014440795
30518247000165,EXCELMED DISTRIBUIDORA DE MATERIAIS MEDICOS E ODONTOLOGICOS LTDA,79,6666083.61,4868942.0,17,26,1.369103104945592
31374700000170,SOIN VIE FARMACEUTICA E NUTRICAO LTDA,95,6633628.8031,37096875.0,50,25,0.1788190731186926
71437917000104,KATAL BIOTECNOLOGICA INDUSTRIA E COMERCIO LTDA,12,6523772.0,22124.0,2,2,294.87307900922076
74230236000150,UNIFARMA NATUREZA LTDA,2,6397853.0,22880.0,2,2,279.6264423076923
10545970000126,VITA MEDICAL MATERIAL HOSPITALAR LTDA,111,6381994.94,389831.0,45,49,16.371183769376987
05150338000143,MEDSONDA - INDUSTRIA E COMERCIO DE PRODUTOS HOSPITALARES DESCARTAVEIS LTDA,2329,6316268.86,7652967.0,201,267,0.825335959242997
00157774000554,TARGA MEDICAL S.A.,193,6298619.1,684106.0,63,77,9.207080627855916
49475833001501,BIOLAB SANUS FARMACEUTICA LTDA,287,6213084.476,12530737.0,132,121,0.49582753799716645
34526327000113,RIOQUIMICA INDUSTRIA QUIMICA LTDA,382,5984320.436,2606123.0,136,145,2.2962540279180987
04204957000100,L. M. P. CORREA,15,5938336.1,477285.0,6,6,12.441908084268308
06143681000123,BIOSANI INDUSTRIA E COMERCIO DE PRODUTOS MEDICOS E ODONTOLOGICOS LTDA,1382,5912991.5556,7782181.0,130,127,0.7598116203670924
83874628000143,LABORATORIO FARMACEUTICO ELOFAR LTDA.,271,5830262.7072,32324426.0,155,88,0.18036709166003442
14202920000105,PROTMED INDUSTRIA E COMERCIO LTDA,22,5761770.84,558015.0,10,10,10.325476626972392
73008682000152,LABINBRAZ COMERCIAL LTDA,115,5612430.61,3071229.0,5,3,1.827421729216545
95433397000111,COMERCIO DE MATERIAIS MEDICOS HOSPITALARES MACROSUL LTDA,102,5607900.382,17371.0,45,56,322.83117736457314
82641325000118,CREMER S.A.,392,5484591.0694,2449054.0,117,140,2.2394733106742444
02456955000426,NATULAB LABORATORIO S.A,142,5450327.224,5760285.0,56,50,0.9461905485579273
10220940000140,CAMAHE INDUSTRIA E COMERCIO IMPORTACAO E EXPORTACAO DE PRODUTOS PARA A SAUDE LTDA,1,5441250.0,15.0,1,1,362750.0
03225411000173,MISSNER & MISSNER LTDA.,387,5389041.158,1030490.0,157,161,5.229590930528195
59231530000193,KOLPLAST C I S.A.,535,5360917.7,3110699.0,128,171,1.7233804042114007
56994502009862,NOVARTIS BIOCIENCIAS SA,50,5335993.974,1092219.0,29,32,4.885461591494014
14829987000166,OLTRAMED COMERCIO DE PRODUTOS MEDICOS LTDA,2,5314310.0,51400.0,2,2,103.39124513618677
70939574000105,FABRICA DE ARTEFATOS DE LATEX SAO ROQUE LTDA,121,5280812.48,6416322.0,37,31,0.8230279714764939
44010437000181,CAZI QUIMICA FARMACEUTICA INDUSTRIA E COMERCIO LTDA,100,5206170.1904,108150333.0,67,59,0.04813827240273037
07826504000104,"INOVEN INDUSTRIA, COMERCIO E IMPORTACAO LTDA",44,5152926.5,808604.0,20,17,6.3726205905486495
93480192000161,CIEX DO BRASIL INDUSTRIA E COMERCIO DE PRODUTOS CIRURGICOS LTDA,309,5033463.943,1391667.0,118,112,3.616859452009712
05691570000199,ATRASORB INDUSTRIA DE PRODUTOS HOSPITALARES LTDA,9,5029017.33,552111.0,6,8,9.108706999136043
44734671002286,CRISTALIA PRODUTOS QUIMICOS FARMACEUTICOS LTDA,153,5004877.671,14596762.0,40,36,0.3428758837747714
15652520000156,NATUBRAS INDUSTRIA E COMERCIO DE PRODUTOS NATURAIS LTDA,186,5004782.0879,3368466.0,94,39,1.4857748565370705
61082426001289,COSMED INDUSTRIA DE COSMETICOS E MEDICAMENTOS S.A.,152,5003381.1496,8777833.0,77,55,0.5700018614617071
05431736000138,ASTRA CIENTIFICA LTDA,76,4954976.8,22663423.0,44,33,0.21863320470169045
00015955000112,SDI BRASIL INDUSTRIA E COMERCIO LTDA,86,4867403.9791,217358.0,53,36,22.393488986372713
03713939000191,MARDAM INDUSTRIA E COMERCIO DE PRODUTOS DE HIGIENE LTDA,203,4856523.759,5102432.0,57,60,0.9518056799189092
04748181000947,LABORATORIOS BAGO DO BRASIL S.A.,63,4794104.2139,873560.0,32,42,5.488007937520033
72899016000199,ESSITY DO BRASIL INDUSTRIA E COMERCIO LTDA,27,4780007.812,4343684.0,8,13,1.1004501736314152
28415097000112,ANAPOLIS INDUSTRIA E COMERCIO DE PRODUTOS HOSPITALARES LTDA,183,4774358.446,3130203.0,70,72,1.525255213799233
11671812000185,DESCARBOX INDUSTRIA E COMERCIO LTDA,261,4761684.05,1802488.0,104,120,2.6417285718407
04656253000179,UNITHER INDUSTRIA FARMACEUTICA LTDA.,642,4711212.5801,8376582.0,315,165,0.5624266055176205
33349473000310,FARMOQUIMICA S A,251,4673401.7082,9390378.0,113,75,0.4976798280324818
11405384000149,ALFA MED SISTEMAS MEDICOS LTDA,11,4666123.42,11889.0,10,5,392.47400285978637
02932074000191,HYPERA S.A.,292,4624838.6834,22059321.0,121,100,0.20965462551635206
09603161000144,CONVATEC BRASIL LTDA,100,4595146.26,345154.0,44,45,13.313321763618559
09426522000124,FARMAX PRODUTOS FARMACEUTICOS LTDA,368,4593613.1328,1238492.0,137,128,3.7090373880493375
32624131000136,COMERCIAL PROMOSTORE CONFECCOES LTDA,6,4585627.4,866190.0,3,3,5.294020249598819
02248312000144,CEPALAB LABORATORIOS S.A,71,4507092.32,2459673.0,43,24,1.832394924040716
60874187000265,DAIICHI SANKYO BRASIL FARMACEUTICA LTDA.,91,4412144.457,601639.0,34,33,7.333541304669412
49475833001412,BIOLAB SANUS FARMACEUTICA LTDA,300,4402253.5039,9081635.0,124,116,0.4847423953836506
43312503000105,SUPERA FARMA LABORATORIOS S.A.,229,4386510.7338,3128609.0,107,97,1.4020642188908872
17159229000257,LABORATORIO TEUTO BRASILEIRO S/A,286,4320220.201,13368573.0,38,64,0.32316240491786224
03578185000104,TECNOFIO INDUSTRIA E COMERCIO DE FIOS E MATERIAIS ISOLANTES LTDA,304,4290684.3444,1564067.0,58,66,2.743286792957079
73856593001057,"PRATI, DONADUZZI & CIA LTDA",163,4261265.5847,8393353.0,48,52,0.5076952660873431
10877926000113,LABORATORIO FARMACEUTICO DO ESTADO DE PERNAMBUCO GOVERNADOR MIGUEL ARRAES S/A - LAFEPE,74,4258949.86,2504607.0,35,44,1.700446361445129
50929710000179,MEDLEY INDUSTRIA FARMACEUTICA LTDA,414,4240779.9636,6660377.0,119,135,0.6367177058595933
17440261000125,MYRALIS INDUSTRIA FARMACEUTICA LTDA,175,4233618.9739,5161498.0,72,67,0.8202306721614538
92037480000183,FARMAMED PRODUTOS HOSPITALARES LTDA,22,4182763.16,3532840.0,12,11,1.1839662028283195
56998701003212,ABBOTT LABORATORIOS DO BRASIL LTDA,102,4180436.5987,6596680.0,48,31,0.6337182641419623
02039112000181,"MICRODONT COMERCIO, IMPORTACAO E EXPORTACAO DE PRODUTOS PARA USO MEDICO E ODONTO LTDA",1672,4123620.309,1255456.0,116,119,3.284559800582418
55163042000135,SEMINA INDUSTRIA E COMERCIO LTDA,17,4022899.0,2517990.0,12,13,1.597662818359088
01564260000152,WASSER FARMA LTDA,248,3995218.922,2832001.0,165,84,1.4107406466311276
69348936000104,ANADONA COMERCIO E CONFECCOES LTDA,181,3976700.16,2037724.0,84,76,1.9515401300666824
03021560000110,PREMIUM INDUSTRIA E COMERCIO LTDA,222,3954282.74,183300.0,70,74,21.572737261320242
44328371000172,"VERO MEDICAL IMPORTACAO, EXPORTACAO E COMERCIO DE PRODUTOS MEDICOS LTDA",11,3937140.45,323138.0,2,4,12.184083735122456
02223342000104,STARMED ARTIGOS MEDICOS E HOSPITALARES LTDA,55,3925759.68,229229.0,18,19,17.125929441737302
53918116000170,DIGUINHO INDUSTRIA E COMERCIO DE FRALDAS LTDA,5,3878130.0,3654200.0,3,2,1.0612801707624104
24360910000143,PLENA INDUSTRIA DE FRALDAS LTDA - FALIDO,42,3846755.25,3902252.0,11,18,0.9857782762363886
04709243000154,"BS EQUIPAMENTOS, INDUSTRIA E COMERCIO LTDA",14,3814913.84,954.0,8,6,3998.861467505241
00562583000144,RENYLAB - QUIMICA E FARMACEUTICA LTDA,84,3750213.08,79062.0,28,31,47.433825099289166
72899016000512,ESSITY DO BRASIL INDUSTRIA E COMERCIO LTDA,25,3746331.416,3236870.0,9,11,1.157393227407959
18770390000144,FRALDASUL INDUSTRIA E COMERCIO DE PRODUTOS HIGIENICOS LTDA,55,3713548.426,2963208.0,15,7,1.2532189525676227
04890798000145,ORTOM INDUSTRIA TEXTIL LTDA,150,3674127.599,5629560.0,45,51,0.6526491589040706
01061762000160,DELFINI INDUSTRIA COMERCIO LTDA,8,3671392.26,20074.0,4,6,182.89290923582743
10243376000180,J CARDOSO FILHO COMERCIO E SERVICOS,8,3642001.9,3385.0,2,3,1075.923751846381
66000787000108,WAMA PRODUTOS PARA LABORATORIO LTDA,114,3628332.35,262821.0,47,46,13.805336521815228
11643096000394,MYLAN LABORATORIOS LTDA.,38,3602699.59,145141.0,24,21,24.822066748885565
05161069000544,BRAINFARMA INDUSTRIA QUIMICA E FARMACEUTICA S.A.,348,3538391.3386,30484634.0,138,126,0.11607130787924172
78742491000133,JOAOMED COMERCIO DE MATERIAIS CIRURGICOS S/A,744,3526799.05,3429245.0,80,119,1.0284476758003582
22575103000112,"6B INVENT GERMANY INOX CE - BRASIL, IMPORTACAO E EXPORTACAO LTDA",425,3486178.0365,127804.0,48,44,27.277534635066196
02794555000340,COLOPLAST DO BRASIL LTDA,96,3485909.78,177950.0,28,33,19.58926541163248
59556621000107,MARK MED INDUSTRIA E COMERCIO LTDA,835,3434076.591,3105323.0,117,141,1.1058677602941787
19791813000175,LABORATORIOS OSORIO DE MORAES LTDA,302,3433958.5218,79593999.0,206,104,0.04314343499438947
40197840000100,BRASIL SUL INDUSTRIA E COMERCIO LTDA,13,3387648.555,573910.0,4,5,5.9027522695196115
30763301000138,BEONE MEDICINES BRASIL LTDA,3,3385247.2,11890.0,3,2,284.71380992430613
27011022000103,BL INDUSTRIA OTICA LTDA,135,3261099.8065,1296450.0,62,68,2.51540730957615
06172459000159,NUTRIEX IMPORTACAO E EXPORTACAO DE PRODUTOS NUTRICIONAIS E FARMOQUIMICOS LTDA,131,3219014.3305,4310223.0,82,85,0.7468324331478905
22656836000181,KAIROS COMERCIO DE FRALDAS E CONFECCOES LTDA,15,3211700.716,2576300.0,8,7,1.2466330458409347
15127898000130,MUNDIPHARMA BRASIL PRODUTOS MEDICOS E FARMACEUTICOS LTDA.,97,3205999.9672,113070.0,37,53,28.354116628637126
60397874000407,FUJIFILM DO BRASIL LTDA.,92,3175162.05,18355.0,18,20,172.98621901389265
06597801000162,THEODORO F SOBRAL & CIA LTDA,170,3147932.056,6485844.0,100,93,0.48535426630674433
17299140000105,EASELABS LABORATORIO FARMACEUTICO LTDA.,7,3128294.345,254969.0,5,6,12.269312524267656
33348467000429,SHALON FIOS CIRURGICOS LTDA,771,3114401.9277,554492.0,112,139,5.616676034460371
09284952000159,KEDRION BRASIL DISTRIBUIDORA DE PRODUTOS HOSPITALARES LTDA.,24,3079755.7,22888.0,22,20,134.55765903530235
71957310000147,GREINER BIO-ONE BRASIL PRODUTOS MEDICOS HOSPITALARES LTDA,64,3071314.6,4073229.0,14,14,0.7540245343436375
11082598000121,BESINS HEALTHCARE BRASIL COMERCIAL E DISTRIBUIDORA DE MEDICAMENTOS LTDA,86,2994744.6934,1031548.0,59,38,2.903155930116679
55979736000145,ALLIAGE S/A INDUSTRIAS MEDICO ODONTOLOGICA,26,2978660.6301,22259.0,14,11,133.81825913563054
05343029000270,MEDLEVENSOHN COMERCIO E REPRESENTACOES DE PRODUTOS HOSPITALARES LTDA,73,2974202.74,11772344.0,36,31,0.25264320682440133
33069212001237,MERCK S/A,3,2966340.6983,28096185.0,1,1,0.10557805973657988
03431790000158,RAQUEL NOGUEIRA SOROCABA LTDA,224,2955868.786,1376674.0,88,89,2.1471087461519573
56998701001279,ABBOTT LABORATORIOS DO BRASIL LTDA,78,2952340.502,11305578.0,45,31,0.2611401647929898
25101992000174,UGHC BRASIL IMPORTADORA LTDA,34,2936897.23,120134.0,17,16,24.446844606855677
38909503000157,OPEM REPRESENTACAO IMPORTADORA EXPORTADORA E DISTR.LTDA,7,2870635.2,48084.0,6,6,59.700424257549294
04310364000129,EMBRAST INDUSTRIA E COMERCIO LTDA,38,2843651.33,3541127.0,14,15,0.8030356804486256
07439329000100,"DVT COMERCIO, IMPORTACAO E EXPORTACAO LTDA",169,2835352.24,670180.0,61,51,4.230732400250679
02527107000118,G V S DO BRASIL LTDA,2,2833090.0,601000.0,2,2,4.713960066555741
03475822000117,BLUE OCEAN CONFECCOES S.A.,1,2800850.0,2015000.0,1,1,1.39
33348467000186,SHALON FIOS CIRURGICOS LTDA,505,2756742.3888,509815.0,86,122,5.40733871855477
09058456000187,MINDRAY DO BRASIL - COMERCIO E DISTRIBUICAO DE EQUIPAMENTOS MEDICOS LTDA,15,2751486.0,329.0,10,9,8363.17933130699
78746773000109,CASEX IND DE PLASTICOS E PROD MEDICOS HOSPITALARES LTDA,133,2746116.33,223337.0,59,64,12.295841396633787
19933144000129,"QR CONSULTING, IMPORTACAO E DISTRIBUICAO DE PRODUTOS MEDICOS LTDA",39,2726082.9,466983.0,15,15,5.837649122130784
10896647000105,DUOTEC - EMBALAGENS LTDA,81,2713573.834,24981.0,38,34,108.62550874664744
02635522000195,JALLES MACHADO S.A.,111,2692748.5776,446603.0,62,64,6.029401006262833
28184138000107,WF INDUSTRIA E COMERCIO DE FRALDAS LTDA,49,2662676.3899,2274493.0,13,5,1.1706680960987788
92695691000103,KLEY HERTZ FARMACEUTICA S.A,91,2633088.4568,4268385.0,57,45,0.6168816676096462
50938745000174,THEOTO S A INDUSTRIA E COMERCIO,329,2619621.0937,1500609.0,172,165,1.745705306112385
05854999000150,CICLO FARMA INDUSTRIA QUIMICA LTDA,277,2602531.054,582748.0,108,87,4.4659630818123786
58426628000133,SAMTRONIC INDUSTRIA E COMERCIO LTDA,44,2591722.6,134599.0,24,14,19.25514008276436
00677858000195,ARTE NATIVA PRODUTOS NATURAIS LTDA,161,2571294.5329,1326253.0,86,57,1.9387662330641289
07682567000134,TEXCARE INDUSTRIA E COMERCIO DE PRODUTOS MEDICO HOSPITALARES LTDA,132,2561403.21,3090472.0,39,44,0.8288064768100147
10692852000140,DESCARBOX DISTRIBUIDORA HOSPITALAR LTDA,263,2522472.8912,1651342.0,104,117,1.5275290589108736
16100973000132,NUTIVIT SUPLEMENTOS ALIMENTARES LTDA,50,2512795.887,8748862.0,38,30,0.2872140270357448
10848178000140,FITOWAY LABORATORIO NUTRICIONAL LTDA,104,2507845.849,33416873.0,68,15,0.07504729269551941
09601610000115,COSMODERMA INDUSTRIA E COMERCIO LTDA,34,2491639.02,268611.0,24,15,9.276012598143785
19585158000107,CARDINAL HEALTH DO BRASIL LTDA.,6,2479502.9,34415.0,5,4,72.04715676303937
09032626000154,AGFA DO BRASIL LTDA.,43,2470143.24,46890.0,15,15,52.679531669865646
43426626000924,ALLERGAN PRODUTOS FARMACEUTICOS LTDA.,217,2421196.4873,171514.0,113,92,14.116611397903378
10512195000102,JP PHARMA IMPORTACAO E DISTRIBUICAO LTDA,103,2410486.02,581135.0,25,31,4.147893381056037
70939574000296,FABRICA DE ARTEFATOS DE LATEX SAO ROQUE LTDA,106,2391864.02,1233309.0,40,34,1.93938746899601
23720752000122,JARDIM DISTRIBUIDORA DE COSMETICOS LTDA,28,2384675.67,1947747.0,12,12,1.2243251664615578
57688657000100,EVER GREEN INDUSTRIA E COMERCIO LTDA,1,2380214.2,2000180.0,1,1,1.1900000000000002
82277955000740,NOVO NORDISK FARMACEUTICA DO BRASIL LTDA,8,2378414.2,30858.0,5,4,77.07609696026962
60409075010034,NESTLE BRASIL LTDA.,37,2363710.76,23969260.0,6,12,0.0986142567605341
03530984000291,CABORONGA COMERCIAL LTDA,5,2356196.16,125065.0,1,1,18.839772598248913
05030501000134,"MIKATOS INDUSTRIA, COMERCIO, SERVICOS E IMPORTACAO LTDA",165,2353405.6168,62200.0,73,74,37.83610316398714
48740849000128,CRAL ARTIGOS PARA LABORATORIO LTDA,556,2320968.5,3358277.0,129,173,0.6911188386187321
48344725000123,ALTHAIA S.A. INDUSTRIA FARMACEUTICA,190,2309850.677,12856943.0,71,75,0.17965784533695142
17252670000106,VITALMEDICA DISTRIBUIDORA DE MOVEIS E EQUIPAMENTOS HOSPITALARES LTDA,116,2306330.31,1399001.0,31,32,1.648555154713971
50657402000131,EBRAM PRODUTOS LABORATORIAIS LTDA,139,2301280.41,78422.0,30,29,29.344831934916225
05882795000122,MEGAFRAL INDUSTRIA E COMERCIO LTDA,23,2264001.38,2286663.0,8,11,0.9900896546627115
51943645000107,BIOMEDICAL EQUIPAMENTOS E PROD MEDICO-CIRURGICOS LTDA,104,2237933.12,55903.0,35,38,40.03243332200419
13078518000190,"FUNDACAO BAIANA DE PESQUISA CIENTIFICA E DESENVOLVIMENTO TECNOLOGICO, FORNECIMENTO E DISTRIBUICAO DE MEDICAMENTOS - BAHIAFARMA",75,2211587.02,127425.0,2,8,17.355989954875415
33348731000181,BIOTEST FARMACEUTICA LTDA,19,2201265.21,57081.0,14,16,38.56388658222526
61150447000131,LABORATORIOS BALDACCI LTDA EM RECUPERACAO JUDICIAL,145,2198143.2101,13914472.0,74,64,0.15797532310963722
33247743003569,GLAXOSMITHKLINE BRASIL LTDA,17,2195878.8995,187339.0,14,13,11.72141892238135
04747452000192,BABY PISS INDUSTRIA E COMERCIO DE FRALDAS DESCARTAVEIS LTDA,59,2194056.04,1195002.0,20,20,1.8360270861471362
70306451000137,NEVOA PRODUTOS HIGIENICOS LTDA,46,2193563.41,179124.0,33,34,12.246060885196847
22010816000139,ACTIVE INDUSTRIA DE COSMETICOS S.A.,43,2157034.9704,690816.0,7,23,3.122445007643135
13024103000133,GTECH INDUSTRIA E COMERCIO DE PRODUTOS QUIMICOS LTDA,179,2155019.28,3545569.0,84,93,0.6078063295341312
14469133000116,INDUSTRIA DE ARTEFATOS DE BORRACHA INOVATEX LTDA,59,2142513.72,5933971.0,30,33,0.36105901427560066
45841137000107,DLA PHARMACEUTICAL LTDA,207,2136668.5606,290808.0,85,69,7.34735138166763
49520521000169,INTERMED EQUIPAMENTO MEDICO HOSPITALAR LTDA,5,2123008.0,151.0,5,4,14059.655629139073
60726692000181,MARJAN INDUSTRIA E COMERCIO LTDA,210,2119419.0367,1493968.0,77,91,1.4186508925893995
22332686000150,VLM PRODUTOS DESCARTAVEIS LTDA,7,2119250.0,661875.0,4,3,3.2018885741265346
31116239000155,DENTSPLY INDUSTRIA E COMERCIO LIMITADA,556,2112170.2326,230344.0,84,75,9.169634253985345
04718143000194,VR MEDICAL IMPORTADORA E DISTRIBUIDORA DE PRODUTOS MEDICOS LTDA.,19,2065611.86,3027726.0,15,14,0.6822320976204584
68567650000157,S S WHITE ARTIGOS DENTARIOS S/A,192,2058626.814,124118.0,49,46,16.586045650107156
53359824000461,BLANVER FARMOQUIMICA E FARMACEUTICA S.A.,13,2052977.5,768840.0,10,9,2.670227225430519
04168171000185,BIOLOGICAL LTDA,8,2043533.3,29361.0,7,5,69.60026225264808
78950011000120,HERBARIUM LABORATORIO BOTANICO LTDA.,54,2039646.8419,1539645.0,30,32,1.3247513822342165
53452157000114,COLLECT IMPORTACAO E COMERCIO LTDA,3,2017740.76,47205.0,2,3,42.744216926173074
19006720000192,KASMED IMPORTACAO E COMERCIO LTDA,54,2015398.28,1027314.0,24,25,1.9618133112174077
07591326000180,MOKSHA8 BRASIL INDUSTRIA E COMERCIO DE MEDICAMENTOS LTDA,24,2001175.781,233179.0,18,20,8.582144108174406
20227117000110,SP HEALTH INDUSTRIA E COMERCIO LTDA,35,1996702.12,807548.0,20,16,2.472549148781249
56998701003301,ABBOTT LABORATORIOS DO BRASIL LTDA,39,1991737.93,3682910.0,27,21,0.5408054853363237
47641907000101,SORRI-BAURU,13,1990978.77,6556.0,11,12,303.68803691275167
02400787000104,A C E INDUSTRIA E COMERCIO LTDA,547,1987212.0908,461231.0,81,122,4.308496373400747
03817043000152,PHARMAPLUS LTDA,19,1985827.0,175655.0,5,5,11.30526885087245
26751186000104,AMERICAN HEALTH PRODUTOS PARA SAUDE LTDA,23,1983570.05,5074718.0,13,13,0.39087296082265066
30153811000193,GUERBET IMAGEM DO BRASIL LTDA,7,1979660.7,9830.0,4,4,201.3896948118006
21172673000107,ERS INDUSTRIA E COMERCIO DE PRODUTOS DE HIGIENE E LIMPEZA S.A,74,1978162.06,972025.0,49,55,2.035093809315604
48740849000470,CRAL ARTIGOS PARA LABORATORIO LTDA,164,1977935.64,496768.0,53,57,3.981608396676114
94304672000134,MEDICONE PROJETOS E SOLUCOES PARA A INDUSTRIA E A SAUDE LTDA.,76,1977317.13,63569.0,38,33,31.10505324922525
12918336000117,BE CARE COMERCIO DE PRODUTOS MEDICO HOSPITALARES LTDA,78,1975865.35,850681.0,35,42,2.3226865887447823
10555143000113,GRUNENTHAL DO BRASIL FARMACEUTICA LTDA.,74,1967625.09,1083531.0,42,40,1.815937975009483
48740849000713,CRAL ARTIGOS PARA LABORATORIO LTDA,305,1956559.09,2514214.0,82,108,0.7781991071563519
08546929000122,CARESTREAM DO BRASIL COMERCIO E SERVICOS DE PRODUTOS MEDICOS LTDA,173,1947414.123,51392.0,65,64,37.893332094489416
02814497000379,CIMED INDUSTRIA S.A.,89,1941012.192,11524201.0,39,33,0.1684292205594123
51753374000119,GOLGRAN INDUSTRIA E COMERCIO DE INSTRUMENTAL ODONT LTDA,1095,1928692.8456,57331.0,112,127,33.64136061816469
56990534000167,UNIAO QUIMICA INTERNACIONAL LTDA,45,1919588.594,3249125.0,27,33,0.5908017063055439
01074837000148,WILCOS DO BRASIL INDUSTRIA E COMERCIO LIMITADA,86,1904614.93,479456.0,26,29,3.9724498806981243
84683556000110,EH BRASIL INDUSTRIA E COMERCIO LTDA.,419,1893333.9728,239180.0,64,45,7.915937673718539
37260261000150,MEDICAL SYSTEM BRASIL IMPORTACAO E COMERCIO DE PRODUTOS MEDICOS LTDA,23,1876406.61,324819.0,9,6,5.776776019875685
00317372000146,GALDERMA BRASIL LTDA,38,1870039.68,28775.0,22,27,64.98834682884448
17174657000844,HYPOFARMA INSTITUTO DE HYPODERMIA E FARMACIA LTDA,123,1863710.75,750953.0,27,49,2.481794133587588
58268152000150,ABC INSTRUMENTOS CIRURGICOS LTDA,809,1857551.9574,52041.0,101,131,35.69400967314233
16847018000163,THN NUTRICAO E SAUDE LTDA,37,1849823.705,19577330.0,22,10,0.0944880484213118
02520218000100,ANDREONI TEXTIL LTDA,60,1844070.7,1190670.0,35,26,1.5487672486919128
83200105000111,MEDIX DISTRIBUICAO COMERCIO E REPRESENTACAO LTDA,324,1815211.46,1848999.0,62,79,0.9817265774616427
58295213000178,PHILIPS MEDICAL SYSTEMS LTDA,8,1795192.89,60.0,2,3,29919.8815
33019548000132,SILVESTRE LABS QUIMICA & FARMACEUTICA LTDA,47,1791084.36,205081.0,39,26,8.733546062287584
12577257000190,ECOMAX INDUSTRIA E COMERCIO DE PRODUTOS PLASTICOS LTDA,34,1782479.47,626093.0,17,17,2.8469883387931185
56646953000186,LABORATORIO VITALAB LTDA,14,1761515.04,3085769.0,11,9,0.5708512335174798
10757876000130,SR PRODUTOS MEDICOS LTDA,41,1746024.91,6980953.0,8,15,0.2501126866202938
06107711000146,MAXDESCARTE INDUSTRIA E COMERCIO DE DESCARTAVEIS HOSPITALARES ODONTOLOGICOS LTDA,16,1744246.2,167590.0,12,9,10.407817888895519
02923414000118,SYSMEX DO BRASIL INDUSTRIA E COMERCIO LTDA,8,1738100.0,481168.0,4,4,3.612251853822366
50770643000192,AUDAX QUIMICA INDUSTRIA E COMERCIO DE PRODUTOS PARA HIGIENE E LIMPEZA LTDA,10,1728892.28,21952.0,8,9,78.75784803206997
03620716000180,CMOS DRAKE DO NORDESTE S.A,45,1725384.08,1349.0,24,21,1279.009696071164
31434320000183,RAVIMED FARMACEUTICA LTDA,2,1716512.48,53800.0,2,2,31.905436431226764
80392434000113,J. PROLAB INDUSTRIA E COMERCIO DE PRODUTOS PARA LABORATORIO LTDA,380,1715433.686,1700308.0,115,146,1.0088958506341204
02799882000122,LOTUS INDUSTRIA E COMERCIO LTDA.,8,1707031.9,13.0,5,3,131310.14615384614
09029404000182,COPERMED COMERCIAL IMPORTADORA LTDA,6,1696165.0,72000.0,6,5,23.55784722222222
71982839000110,UNICHEM COMERCIO DE ESPECIALIDADES QUIMICAS LTDA,70,1680288.661,8272176.0,39,34,0.20312535190257075
31709675000138,DIGIFLEX GRAFICA E ETIQUETAS LTDA,3,1677018.54,464.0,3,3,3614.264094827586
45985371000108,3M DO BRASIL LTDA,110,1675798.4204,163349.0,50,54,10.259006301844517
03869526000109,J.R.D. INDUSTRIA FARMACEUTICA LTDA,104,1662273.329,15509105.0,73,45,0.10718048069182586
33145194000172,LABORATORIO GROSS S A,110,1657562.3025,838057.0,43,56,1.977863441866126
02281006000100,ISOFARMA INDUSTRIAL FARMACEUTICA LTDA,425,1655250.371,1022072.0,197,166,1.6195046640549786
61100244000130,FANEM LTDA,11,1642485.91,194.0,5,5,8466.422216494844
26325797000190,EREMIX INDUSTRIA DE ALIMENTOS ESPECIAIS LTDA,29,1637382.64,2943600.0,13,7,0.5562517461611631
02357251000153,LIFEMED INDUSTRIAL DE EQUIPAMENTOS E ARTIGOS MEDICOS E HOSPITALARES S.A.,40,1635407.27,64626.0,15,19,25.30571704886578
08474646000112,FORTECARE INDUSTRIA DE PRODUTOS MEDICOS LTDA,14,1633142.05,20187.0,10,8,80.90068113142121
18466544000109,PROTECTOR PRODUTOS HOSPITALARES LTDA,38,1615905.74,401129.0,19,22,4.028394207349756
17470182000167,L'AROMATIC INDUSTRIA COMERCIO EXPORTACAO E IMPORTACAO E SERVICOS LTDA,2,1596800.0,80000.0,1,2,19.96
33697943000174,INDUSTRIA DE FRALDAS GBI LTDA,13,1596556.22,1310468.0,3,4,1.218309962547731
25066271000170,ALGSUN INDUSTRIA E COMERCIO DE PRODUTOS LTDA,37,1573818.335,215473.0,23,20,7.3040164428953975
14336329000132,SOL-MILLENNIUM BRASIL IMPORTACAO E EXPORTACAO LTDA,28,1554977.5,3944250.0,12,12,0.39423908220827786
08646787000175,MAXINUTRI LABORATORIO NUTRACEUTICO LTDA,38,1543816.4112,650441.0,20,21,2.373491848146104
04214934000187,SUPERMAX BRASIL IMPORTADORA S/A,112,1537231.3,305465.0,37,34,5.032430229322508
00938703000165,HOLLISTER DO BRASIL LTDA,19,1536166.34,59339.0,11,11,25.88797148586933
29599516000186,DRYLOCK TECHNOLOGIES PARTICIPACOES LTDA.,50,1532868.85,1933130.0,11,11,0.7929465943832025
60397874000156,FUJIFILM DO BRASIL LTDA.,106,1495578.74,33948.0,23,35,44.054988217273475
06207441000145,"PROTEC EXPORT INDUSTRIA, COMERCIO, IMPORTACAO E EXPORTACAO DE EQUIPAMENTOS MEDICOS HOSPITALARES LTDA",323,1485428.2025,203254.0,100,121,7.308236012575398
09454377000195,"SHINBRO INTERNACIONAL - COMERCIO, IMPORTACAO E EXPORTACAO LTDA",57,1469564.48,13171.0,11,7,111.57577101207197
11462456000190,DIAGNOSTICA INDUSTRIA E COMERCIO LTDA,48,1451936.855,124125.0,31,31,11.69737647532729
33068320000132,ASCLEPIOS EQUIPAMENTOS HOSPITALARES LTDA,8,1450080.0,41.0,2,1,35367.80487804878
05021873000102,TECHNODRY LIOFILIZADOS MEDICOS LTDA,40,1442964.0248,666250.0,15,18,2.165799661988743
07455576000192,VIDA FORTE NUTRIENTES INDUSTRIA E COMERCIO DE PRODUTOS NATURAIS LTDA,60,1437277.35,6063133.0,26,19,0.23705192513507456
19973704000179,ORTOFEX INDUSTRIA E COMERCIO DE APARELHOS MEDICOS E ORTOPEDICOS LTDA,253,1420221.482,360898.0,82,88,3.9352434261203997
05111219000181,GERATHERM MEDICAL LATIN AMERICA LTDA.,5,1419610.76,186234.0,4,4,7.622726032840405
00322352000163,DPCBRASIL INDUSTRIA E COMERCIO LTDA,40,1417502.94,5764.0,18,18,245.923480222068
01468855000104,ARTMED IND. E COM. DE MOVEIS E PRODUTOS HOSPITALARES LTDA,6,1416451.54,1516.0,3,4,934.3347889182058
89982037000176,MAX CIRURGICA COMERCIO DE MATERIAIS HOSPITALARES LTDA,13,1415737.26,1194518.0,8,9,1.1851954177333452
03415835000109,FORTSAN DO BRASIL IND QUIMICA E FARMACEUTICA LTDA,109,1396661.77,232528.0,48,62,6.006424043556045
61190096001679,EUROFARMA LABORATORIOS S.A.,83,1391201.295,25424058.0,19,31,0.054719875757048696
04238197000152,PROLINK COMERCIO DE ACOS E EQUIPAMENTOS INDUSTRIAIS LTDA,187,1387122.3892,156250.0,80,81,8.87758329088
15772566000109,L.D. FARMACEUTICA LTDA,2,1379742.0,245400.0,2,1,5.622420537897311
00192190000196,OFTALMOPHARMA INDUSTRIA E COMERCIO DE PRODUTOS FARMACEUTICOS LTDA,44,1366720.106,103776.0,21,16,13.169905430928152
04187384000154,LEISTUNG EQUIPAMENTOS LTDA.,3,1359200.0,26.0,2,1,52276.92307692308
56994502000644,NOVARTIS BIOCIENCIAS SA,33,1333107.08,188520.0,24,22,7.0714358158285595
97215388000180,LEONARDI COMERCIO DE PRODUTOS PARA SAUDE LTDA,308,1332129.329,159892.0,76,76,8.331432022865433
67423152000178,IBG INDUSTRIA BRASILEIRA DE GASES LTDA,4,1319973.75,343725.0,2,2,3.840202923849007
33078528000485,TORRENT DO BRASIL LTDA,71,1316743.0932,2840388.0,34,29,0.4635786002475718
24355680000124,FORTCLEAN COMERCIO DE PRODUTOS TEXTEIS LTDA,24,1302075.2,320922.0,22,18,4.0572949190145895
33839828000197,NEVE INDUSTRIA E COMERCIO DE PRODUTOS CIRURGICOS LTDA.,57,1298064.5944,1321462.0,21,19,0.9822943031278993
10645510000170,DISTRIBUIDORA DE MEDICAMENTOS SAUDE & VIDA LTDA,126,1280783.24,2546196.0,2,1,0.5030183222344234
11681446000145,MERZ FARMACEUTICA COMERCIAL LTDA.,8,1268612.8536,4108.0,6,5,308.8152029211295
03075426000100,"BIODONT INDUSTRIA, COMERCIO, IMPORTACAO E EXPORTACAO LTDA",108,1234192.945,199608.0,52,61,6.183083568794838
10424098000168,INDUSTRIA DE CONFECCOES K-DU LTDA,13,1224916.0,379800.0,9,10,3.225160610847815
13333090000184,NIPRO MEDICAL CORPORATION PRODUTOS MEDICOS LTDA.,12,1216471.7,162566.0,4,4,7.482940467256376
11244404000147,LUDAN INDUSTRIA E COMERCIO LTDA,79,1203549.27,956906.0,29,28,1.2577507822084928
01107391001263,SUPPORT PRODUTOS NUTRICIONAIS LTDA,5,1194877.4,4314016.0,3,3,0.276975653312366
13038445000102,AGE HOSPITALAR LTDA,45,1193480.5208,187078.0,42,13,6.379587769807246
14459413000143,MW DISTRIBUIDORA DE MEDICAMENTOS LTDA,1,1170000.0,30000.0,1,1,39.0
01298443000173,MAGNAMED TECNOLOGIA MEDICA S/A,11,1151707.5,3061.0,4,3,376.25204181639987
59233783000104,STERIS SOLUTIONS DO BRASIL IMPORTACAO E COMERCIALIZACAO DE PRODUTOS DA SAUDE LTDA.,14,1137956.32,33660.0,6,7,33.80737730243613
41851336000145,BRAVA INDUSTRIA E COMERCIO LTDA,19,1125865.9,504350.0,7,7,2.232310696936651
92832195000154,SALBEGO LABORATORIO FARMACEUTICO LTDA,3,1110338.2,51480.0,3,3,21.5683411033411
02290277001950,KIMBERLY -CLARK BRASIL INDUSTRIA E COMERCIO DE PRODUTOS DE HIGIENE LTDA,9,1106357.84,956915.0,6,7,1.1561714885857157
65651028000134,MADEITEX COMERCIO VAREJISTA DE ARTEFATOS DE LATEX LTDA,125,1101288.23,3125695.0,62,63,0.3523338745463009
27325768000191,PREMIUM HOSPITALAR LTDA,152,1096882.9125,30707.0,57,69,35.72094025792165
60879848000164,LABORATORIO TAYUYNA LTDA,45,1092962.4,441400.0,35,26,2.476126869053013
23668196000192,MR PHARMA LTDA,8,1084862.3,19992.0,5,5,54.26482092837135
04361309000168,ARAUJO COMERCIO DE PRODUTOS HOSPITALARES LTDA,202,1076860.264,4533694.0,92,90,0.23752380817937865
68949239000570,UNITED MEDICAL LTDA,1,1061190.27,573.0,1,1,1851.99
01739415000144,PREVEN INDUSTRIA E COMERCIO DE PRODUTOS ODONTOLOGICOS LTDA,409,1055412.8522,113148.0,99,100,9.327719908438507
00165933000139,DESCARTEX CONFECCOES E COMERCIO LTDA,19,1039772.64,230314.0,5,6,4.514587215714199
05120289000104,CISABRASILE LTDA.,2,1033884.87,15013.0,2,2,68.86597415573169
02446667000148,"ODONTOLOGIC INDUSTRIA E COMERCIO, IMPORTACAO EXPORTACAO LTDA",16,1024553.93,989.0,11,10,1035.9493731041457
06910560000160,NEWDESC CONFECCOES DE PRODUTOS DESCARTAVEIS LTDA,3,1024425.0,31500.0,2,2,32.52142857142857
30820069000122,M2LIFE COMERCIAL IMPORTADORA E EXPORTADORA LTDA,65,1018257.04,1982834.0,30,17,0.5135362012150286
11957593000103,CLEAN MEDICAL COMERCIO E LOCACAO DE EQUIPAMENTOS HOSPITALARES S.A.,49,1018049.33,633537.0,36,27,1.6069295558112626
38108988000180,BIOCON BIOLOGICS DO BRASIL LTDA.,21,1016899.19,29214.0,10,7,34.808625658930644
13724320000136,ACON COMERCIO INTERNACIONAL LTDA,20,1016049.16,2197495.0,15,19,0.4623669951467467
33255787000191,IBF INDUSTRIA BRASILEIRA DE FILMES S/A.,33,1014618.19,9631.0,12,14,105.34920465164572
01449930000190,SIEMENS HEALTHCARE DIAGNOSTICOS LTDA.,9,1011048.0,124716.0,5,5,8.106802655633599
27376022000107,PRIME CIRURGICA IMPORTADORA E DISTRIBUIDORA DE MERCADORIAS E EQUIPAMENTOS MEDICOS E HOSPITALARES LTDA,175,1006700.54,436630.0,33,67,2.3056146852025745
05133898000190,MEGA QUIMICA INDUSTRIA E COMERCIO EM RECUPERACAO JUDICIAL LTDA,46,998975.85,130872.0,28,20,7.633228268842839
33665866000170,BLUE PHARMA FOODS FABRICACAO DE ALIMENTOS DIETETICOS E COMPLEMENTOS ALIMENTARES LTDA,17,995235.975,29230894.0,11,2,0.03404740118451389
28753796000172,ISOFAR INDUSTRIA E COMERCIO DE PRODUTOS QUIMICOS LTDA,115,990774.61,546676.0,67,71,1.812361636508645
10241516000181,SUPER SAFETY IMPORTACAO E EXPORTACAO LTDA.,29,990631.85,201706.0,21,17,4.911266149742695
01190127000183,MEDICALTEX INDUSTRIA E COMERCIO LTDA,17,982860.54,9139.0,9,9,107.54574242258454
01140700000144,PROLINK INDUSTRIA QUIMICA LTDA,115,973212.65,348648.0,58,65,2.7913903134393427
07707681000171,SOUZA & LEONARDI LTDA,277,971233.37,146979.0,61,75,6.607973724137461
13780330000199,GLOBAL INDUSTRIA E COMERCIO DE SUPRIMENTOS PARA AREA MEDICA LTDA,17,967811.0,862190.0,12,16,1.1225031605562579
33036815000180,QUIMICA HALLER LTDA,14,947904.5,31467.0,9,10,30.123764578765055
84684620000187,LABORATORIO CATARINENSE LTDA,42,938173.198,1798372.0,29,34,0.5216791620421136
41429048000105,NTS - COMERCIO E INDUSTRIA DE ALIMENTOS LTDA,8,932533.0,492650.0,6,3,1.8928915051253425
13656820000188,SMITH & NEPHEW COMERCIO DE PRODUTOS MEDICOS LTDA.,34,932048.62,28429.0,13,10,32.78513560097084
13229567000186,VENEZA DISTRIBUIDORA DE PRODUTOS HOSPITALARES LTDA,30,930821.26,690904.0,11,3,1.3472512244827066
23478737000110,INALAMED HOSPITALAR LTDA,8,926204.48,411.0,5,6,2253.538880778589
09053134000226,ELFA MEDICAMENTOS S.A,1,925747.2,28224.0,1,1,32.8
00860254000180,MULTILAB LABORATORIO DE ANALISES CLINICAS LTDA,92,916634.6308,2771597.0,45,43,0.3307243552363493
03860740000196,LARISMED - INDUSTRIA E COMERCIO DE MATERIAIS MEDICO E HOSPITALAR LTDA,18,916288.7,2143990.0,14,3,0.42737545417655864
09137657000170,J. C. W. SIQUEIRA FARMACIA,26,912323.59,2201907.0,17,21,0.4143333891940032
28954946000106,RAMON LEONCIO BARROS DE VASCONCELOS,1,911770.164,30280.0,1,1,30.1113
59717553000102,MULTILASER INDUSTRIAL S.A.,41,908818.67,109616.0,32,28,8.290930794774486
11018913000151,ORIGINAL TEXTIL INDUSTRIA E COMERCIO LTDA FALIDO,2,900322.56,2500012.0,2,2,0.36012729538898214
12600168000117,MOLNLYCKE HEALTH CARE VENDA DE PRODUTOS MEDICOS LTDA,8,899795.82,5302.0,4,5,169.708755186722
03580620000135,MEDSTAR IMPORTACAO E EXPORTACAO LTDA,26,895134.65,2757.0,6,11,324.67705839680815
44105018000123,PANDY SEC INDUSTRIA E COMERCIO DE PRODUTOS DE HIGIENE PESSOAL LTDA,8,889928.42,655196.0,1,1,1.358262901482915
33112665000499,DFL INDUSTRIA E COMERCIO S/A,55,884252.28,229181.0,25,26,3.858314083628224
12255403000160,IMEX MEDICAL COMERCIO E LOCACAO LTDA,1,880000.0,2.0,1,1,440000.0
71256283000185,KONICA MINOLTA HEALTHCARE DO BRASIL INDUSTRIA DE EQUIPAMENTOS MEDICOS LTDA,10,872517.1,1287.0,2,3,677.9464646464646
19136432000152,EXELTIS LABORATORIO FARMACEUTICO LTDA,42,871023.2036,419980.0,28,17,2.0739635306443165
59476770000158,PROCTER & GAMBLE DO BRASIL LTDA.,106,868198.052,347305.0,45,59,2.4998144339989348
11495858000190,ALG BRASIL COMERCIO E INDUSTRIA DE PRODUTOS LTDA,9,855979.0,84667.0,8,5,10.109948386029977
28273249000190,NEO INDUSTRIA E COMERCIO DE PRODUTOS HOSPITALARES LTDA,36,855338.2,1786956.0,22,25,0.47865655337904234
01835769000192,BRAMED MATERIAL CIRURGICO LTDA,1,846720.0,6048000.0,1,1,0.14
02121800000196,ICOFA INDUSTRIA E COMERCIO DE FRALDAS E ABSORVENTES LTDA,21,839301.4,1031264.0,7,4,0.8138569755174233
28862209000183,POLIBOR LTDA,10,837652.844,93040.0,4,4,9.00314750644884
04654861000144,INDALABOR INDAIA LABORATORIO FARMACEUTICO LTDA,64,837230.4458,195919.0,35,35,4.27334993441167
12630261000174,TROL PHARMA MEDICAMENTOS LTDA,59,835766.05,282968.0,44,31,2.953570898476153
15383818000108,LUVIX COMERCIO IMPORTACAO E EXPORTACAO SA,26,827874.85,127131.0,13,10,6.511982521965532
16970346000152,YLLER BIOMATERIAIS S.A.,12,825960.82,20307.0,6,8,40.67369970945979
05870716000163,NATURELIFE INDUSTRIA E COMERCIO DE ALIMENTOS LTDA,82,822030.398,1702812.0,56,42,0.4827487696821493
82641325001866,CREMER S.A.,81,821274.187,161747.0,30,42,5.077523459476837
05905525000190,BIOSUL PRODUTOS DIAGNOSTICOS LTDA,8,817525.6,275040.0,6,6,2.97238801628854
10733878000190,FLEX INDUSTRIA E COMERCIO DE PAPEIS LTDA,96,817302.35,151309.0,51,48,5.40154485192553
21284068000110,FARMATEX DO BRASIL S/A,124,816491.47,217868.0,68,63,3.74764293058182
50248780000161,ABBOTT DIAGNOSTICOS RAPIDOS S.A.,42,815282.438,218615.0,26,28,3.7293069460009605
07626776000160,CIRURGICA SAO FELIPE PRODUTOS PARA SAUDE LTDA,55,810779.18,5952.0,22,10,136.21962029569895
01329816000126,PANAMERICAN MEDICAL SUPPLY SUPRIMENTOS MEDICOS LTDA,62,807983.6736,17438.0,23,24,46.33465268952862
41847658000110,TECELAGEM MINASREY LTDA,21,807794.95,107757.0,19,17,7.496449882606234
40175705000164,CEI COMERCIO EXPORTACAO E IMP DE MAT MEDICOS LTDA,38,805502.24,99798.0,10,11,8.071326479488567
32256235000135,WHITENESS DO BRASIL INDUSTRIA LTDA,76,801183.44,17556.0,19,26,45.63587605377079
05050260000195,PROCARE - COMERCIO DE PRODUTOS HOSPITALARES LTDA.,237,800315.7442,495520.0,59,80,1.615102809573781
23093434000189,RIOMAR TRADING LTDA,3,790474.0,82750.0,3,3,9.55255589123867
00252903000160,ESTERILI MED INDUSTRIA E COMERCIO DE PRODUTOS MEDICOS HOSPITALARES LTDA,47,789417.33,108491.0,25,27,7.276339327686167
45075197000166,AIR PURE COMERCIO DE GASES LTDA,8,787087.0,51500.0,5,3,15.283242718446601
61129409000105,OPHTHALMOS LTDA,15,786818.86,42958.0,8,7,18.31600307276875
40989688000107,LETOMED INDUSTRIA E COMERCIO DE PRODUTOS HOSPITALARES LTDA,36,778129.85,240140.0,20,17,3.240317523111518
54565478000198,SISPACK MEDICAL LTDA.,31,766791.204,99204.0,16,9,7.729438369420588
33040635000171,BIOMERIEUX BRASIL INDUSTRIA E COMERCIO DE PRODUTOS LABORATORIAIS LTDA,10,765251.0,66510.0,8,9,11.505803638550594
52270527000130,AMERICAN ALLOYS ACESSORIOS INDUSTRIAIS LTDA,12,764132.8,434047.0,7,6,1.7604840028844804
05210556000126,DBS INDUSTRIA E COMERCIO LTDA,29,763562.27,204174.0,20,16,3.739762506489563
16686340000158,CRIS BELLA FARMACIA E MANIPULACAO LTDA,13,757767.75,81803.0,5,1,9.263324694693349
26043097000103,FATO IMPORTADORA E EXPORTADORA DE INSTRUMENTOS CIRURGICOS LTDA,47,748797.97,19232.0,10,4,38.93500259983361
07204369000165,ANA SILVIA ALVES MARTINS FALEIROS DE ANDRADE,493,743791.0452,31071.0,42,24,23.938432789417785
37910277000161,ODONTOMED INDUSTRIA E COMERCIO LTDA,2,740839.8199,82233.0,2,2,9.009033112010993
02936819000190,APICE HEALTHCARE EQUIPAMENTOS MEDICOS HOSPITALARES LTDA,6,737070.6,1117.0,1,1,659.866248880931
60663705000110,CRISTAL TEXTIL INDUSTRIAL LTDA.,37,735821.66,608680.0,24,30,1.2088809555102846
68176544000142,KSN - PROTECAO RESPIRATORIA LTDA,20,735704.2,127690.0,17,18,5.761643041741718
23466209000140,SALUS BIOMEDICAL LTDA,3,733000.0,900.0,1,1,814.4444444444445
61485900000160,SG TECNOLOGIA CLINICA LTDA,56,728244.5902,3434685.0,20,21,0.212026602206607
01000823000180,SOLUMED MATERIAIS MEDICOS LTDA,273,728097.89,159534.0,58,70,4.563904183434253
05359481000140,CONEXAO MEDICA COMERCIAL LTDA,1,727974.0,35100.0,1,1,20.74
03840189000119,RS MED LTDA,24,726199.64,29048.0,9,7,24.999987606719912
33325917000115,LONDON QUALITY ORAL HEALTH INDUSTRIA E COMERCIO DE PRODUTOS PARA SAUDE LTDA,278,720983.11,43824.0,14,7,16.451786920408907
02956130000128,DIMENSAO DISTRIBUIDORA DE MEDICAMENTOS LTDA,85,715066.85,330537.0,1,1,2.1633488837860813
33258401000448,INSTITUTO BIOCHIMICO INDUSTRIA FARMACEUTICA LTDA,38,714349.0,416987.0,25,23,1.713120552918916
04755436000141,S S PLUS DO BRASIL LTDA,45,711485.77,273150.0,28,34,2.604743803770822
16516296000138,LABTEST DIAGNOSTICA S/A,98,708546.282,79449.0,14,17,8.918252992485746
07295190000160,DBI COMERCIO E IMPORTACAO LTDA,23,707939.47,456686.0,14,19,1.5501667885593164
05421585000137,WINNER INDUSTRIA DE DESCARTAVEIS LTDA,48,699350.5,159635.0,34,28,4.380934632129546
17602864000186,DELTA INDUSTRIA E COMERCIO LTDA,80,696858.435,943770.0,57,52,0.7383773959757145
17979679000105,A L DALCIN PIRES DROGARIA,1,688740.0,39000.0,1,1,17.66
08417805000147,UTILE PARTICIPACOES LTDA.,13,685040.8,18443.0,5,2,37.1436751070867
17513528000167,TOCARE INDUSTRIA E COMERCIO DE PRODUTOS MEDICOS S/A,4,681617.0,26525.0,1,2,25.697153628652217
11388997000115,STRA NEGOCIOS EM SAUDE E BEM ESTAR LTDA,25,681318.46,12522.0,13,9,54.40971570036735
06274095000118,AGROMASS BRASIL - IMPORTACAO E EXPORTACAO LTDA,28,678650.37,4323737.0,16,14,0.1569592160670272
01122234000174,IMPORT SERVICE MATERIAL MEDICO HOSPITALAR LTDA,90,675448.09,986994.0,11,19,0.6843487295768769
12340717000161,POINT SUTURE DO BRASIL IND DE FIOS CIRURGICOS LTDA,38,673345.612,178966.0,9,6,3.7624219795938894
65311961000162,BIOMASTER EQUIPAMENTOS HOSPITALARES LTDA,20,671851.5,819115.0,12,13,0.8202163310402081
00802002000102,ALTERMED MATERIAL MEDICO HOSPITALAR LTDA,44,670868.57,861472.0,4,1,0.778746807789458
78515210000100,CONTROLLER COMERCIO E SERVICOS LTDA,26,669041.6,123673.0,14,14,5.40976284233422
45420726000111,TEXTIL ITAJA LTDA,38,666098.12,157944.0,24,27,4.217305627310946
48396378000182,UCI FARMA INDUSTRIA FARMACEUTICA LTDA,27,665883.5,132973.0,19,19,5.007659449662714
04516470000163,TECNOPRINT IMPRESSOS TECNICOS LTDA,114,663432.6,361122.0,57,61,1.8371425723162809
15229391000198,SAFRA INDUSTRIA E COMERCIO DE ALCOOL PARA USO DOMESTICO LTDA,31,662841.968,92662.0,21,14,7.153331117394401
09428405000108,MEGATEX INDUSTRIA E COMERCIO LTDA,2,662000.0,2400000.0,2,2,0.2758333333333333
47193115000103,CIRURGICA BRASIL COMERCIAL E IMPORTADORA LTDA,304,661665.76,405363.0,64,62,1.6322796111139892
26145871000197,OPEN MEDICAL COMERCIO IMPORTACAO E EXPORTACAO LTDA,19,660018.38,186534.0,12,14,3.5383274898946038
05993698000107,1000MEDIC DISTRIBUIDORA IMPORTADORA EXPORTADORA DE MEDICAMENTOS LTDA,19,659185.75,246332.0,6,11,2.6760053505025736
02491464000173,SKY INDUSTRIA E COMERCIO DE PRODUTOS DESCARTAVEIS LTDA.,19,655376.95,417716.0,14,16,1.568953427687711
33660094000184,J.N.S. TEXTIL LTDA,23,653500.49,1377541.0,16,6,0.47439639909084375
23864942000113,UNIQUE DISTRIBUIDORA DE MEDICAMENTOS LTDA,9,652285.04,3176258.0,6,7,0.20536273816547648
02582267000160,"NAYR INDUSTRIA, COMERCIO E DISTRIBUICAO DE PRODUTOS LTDA",16,649010.17,1146075.0,12,11,0.5662894400453723
30280358000186,ROCHE DIAGNOSTICA BRASIL LTDA.,12,646116.4,376220.0,6,7,1.7173898251023338
07186183000120,TEXPHARMA INDUSTRIA E COMERCIO DE PRODUTOS MEDICOS E HOSPITALARES LTDA,21,644072.298,1465132.0,8,10,0.43960018482976276
19825968000185,PALMARES TRADE IMPORTACAO E EXPORTACAO LTDA,28,640461.8,139070.0,11,15,4.605319623211333
24563776000188,SAMSUNG BIOEPIS BR PHARMACEUTICAL LTDA,5,636794.07,403.0,3,2,1580.1341687344911
00413925000164,COLBRAS INDUSTRIA E COMERCIO LTDA,107,636098.5596,764718.0,22,24,0.8318080123653425
14633154000125,ECO DIAGNOSTICA LTDA,18,621534.52,183456.0,12,12,3.387921463457178
34686134000120,SNOP CORRELATOS INDUSTRIA E COMERCIO LTDA,31,618350.0,327980.0,19,3,1.885328373681322
26318479000100,BEDALM PHARMA DO BRASIL LTDA.,19,617015.78,12648810.0,6,4,0.0487805398294385
09560267000108,BETANIAMED COMERCIAL LTDA,17,611158.2,641300.0,14,6,0.9529989084671759
40649293000157,ANA JULIA MARTINS FALEIROS DE ANDRADE LTDA,135,609292.31,28223.0,4,6,21.588502639691033
04910323000173,MOVEIS ANDRADE - INDUSTRIA E COMERCIO DE MOVEIS HOSPITALARES LTDA,2,601200.0,66.0,2,1,9109.09090909091
08713696000105,LINE BRASIL INDUSTRIA COMERCIO E DISTRIBUICAO DE PRODUTOS PARA SAUDE E AMBIENTES CONTROLADOS LTDA,12,601108.5,103053.0,4,2,5.833003406014381
20273404000166,BIODIAG DIAGNOSTICA E HOSPITALAR LTDA,1,600000.0,200000.0,1,1,3.0
26402053000122,BE LIFE INDUSTRIA COMERCIO IMPORTACAO E EXPORTACAO DE MATERIAIS HOSPITALARES LTDA,16,599801.6,133517.0,8,8,4.492323823932533
01772798000152,MEDTRONIC COMERCIAL LTDA,41,598243.05,4206.0,10,8,142.23562767475036
04267668000150,DINAMO EXPRESS INDUSTRIA E COMERCIO LTDA,2,594540.0,80.0,2,1,7431.75
05818423000137,AMCOR FLEXIBLES BRASIL LTDA,23,593357.71,38921.0,9,10,15.245181521543639
13109151000124,UNO HEALTHCARE COMERCIO DE MEDICAMENTOS LTDA.,2,593236.8,264.0,2,2,2247.1090909090913
30667695000120,HARTMANN INDUSTRIA E COMERCIO DE PRODUTOS MEDICO-HOSPITALARES LTDA,27,586402.09,35602.0,10,16,16.47104348070333
35997345000146,HOSPIDROGAS COMERCIO DE PRODUTOS HOSPITALARES LTDA,4,567081.7354,2679054.0,2,2,0.21167237965341498
21551379001331,BECTON DICKINSON INDUSTRIAS CIRURGICAS LTDA,27,565929.02,1391153.0,8,11,0.4068057359614651
08442245000180,PROTDESC DO BRASIL IMPORTACAO E EXPORTACAO LTDA,13,565647.1,29285.0,12,12,19.315250128051904
68194497000160,MEDICAL TEXTIL HOSPITALAR LTDA,16,563637.524,1704917.0,8,8,0.33059528645676006
29220512000145,MCN COMERCIO E IMPORTACAO DE PRODUTOS CIRURGICOS LTDA,119,562001.1391,15760.0,7,2,35.659970755076145
17164113000125,PRIME INSTRUMENTOS CIRURGICOS LTDA,37,553940.39,361360.0,19,21,1.5329322282488378
07967729000180,HADASSAH - COSMETICOS LTDA,68,553774.235,129355.0,51,37,4.281042364036953
64711500000386,UCB BIOPHARMA LTDA.,41,550384.6848,55164.0,22,23,9.97724394170111
04798379000188,ASFER INDUSTRIA QUIMICA LTDA,175,548355.95,59445.0,77,96,9.224593321557741
05161206000117,CLEAN UP BRAZIL BIOTECNOLOGIA LTDA,74,547320.146,156271.0,37,51,3.5023782147679348
26385056000103,PAULA GONCALVES DA SILVA,13,540808.0,350300.0,5,5,1.5438424207821866
73636391000109,NEWPROV PRODUTOS PARA LABORATORIO LTDA,110,531398.798,113502.0,26,36,4.681845236207291
71015853000145,DIAMED LATINO AMERICA S.A,32,531031.58,142836.0,5,5,3.717771290150942
11172836000190,TOP MED IMPORTACAO E DISTRIBUICAO LTDA,189,528942.8,434683.0,35,53,1.216847219698033
17102448000208,SOOLIS NUTRACEUTICA INDUSTRIA E COMERCIO LTDA,52,528251.6,13700980.0,38,13,0.03855575294613962
84704683000158,QUIMIDROL COMERCIO INDUSTRIA IMPORTACAO LTDA,88,523498.478,21809.0,51,45,24.003781833188132
92670801000182,GEYER MEDICAMENTOS SA,16,523069.9,138985.0,11,10,3.763498938734396
17152616000180,"BRASIL MED CARE IMPORTACAO, EXPORTACAO, COMERCIO E DISTRIBUICAO LTDA.",37,522203.045,245582.0,13,16,2.12638973947602
01801514000109,ACONOX METALURGICA LTDA,36,515232.4236,100511.0,22,19,5.126129713165723
11204960000190,ASTROMED INDUSTRIA E COMERCIO DE EMBALAGENS FLEXIVEIS LTDA,19,513975.6,154226.0,9,12,3.332613178063361
10812314000142,"NUTRISENIOR INDUSTRIA, COMERCIO, IMPORTACAO E EXPORTACAO DE PRODUTOS NUTRICIONAIS LTDA",4,507572.0,204140.0,4,1,2.486391691976095
34758599000149,MEDICAL DA AMAZONIA LTDA,44,507193.31,127127.0,17,23,3.989658451784436
04846613000103,CELER BIOTECNOLOGIA S/A,14,503094.28,41920.0,10,8,12.001294847328245
08979861000175,BIOTRON EQUIPAMENTOS MEDICOS LTDA,24,500938.71,262.0,16,19,1911.9798091603054
35356799000138,LAPON INDUSTRIA FARMACEUTICA LTDA,47,494745.72,3388286.0,30,13,0.1460165169055977
42457796000156,DIFFUCAP-CHEMOBRAS QUIMICA E FARMACEUTICA LTDA,34,494661.75,994305.0,28,27,0.4974949839335013
01177248000195,CRISTOFOLI EQUIPAMENTOS DE BIOSSEGURANCA LTDA,26,494485.49,41803.0,20,19,11.82894744396335
37761151000172,HEALTH SAFE INDUSTRIA E COMERCIO DE EQUIPAMENTOS HOSPITALARES LTDA,10,493142.41,19285.0,6,6,25.571294270158152
13644713000130,ROMED INDUSTRIA E COMERCIO DE EQUIPAMENTOS MEDICOS LTDA,57,491354.9,5979.0,21,22,82.18011373139322
19086670000109,DICOREL DISTRIBUIDORA DE MEDICAMENTOS LTDA,239,490229.3468,884941.0,2,1,0.5539683965371702
15822337000151,RESGATEX LTDA,197,485226.22,45883.0,51,62,10.575294117647058
50328590000154,UNITEC INDUSTRIA E COMERCIO DE APARELHOS HOSPITALARES LTDA,101,484654.56,203375.0,42,42,2.383058684695759
03155958000140,MEDPEJ - EQUIPAMENTOS MEDICOS LTDA,32,484598.69,1515.0,19,26,319.86712211221123
00317372000499,GALDERMA BRASIL LTDA,13,478640.7684,4724.0,6,11,101.32107713801862
11204121000171,HEALTH - MED INDUSTRIA E COMERCIO DE ARTIGOS HOSPITALARES LTDA,45,477849.55,127251.0,19,19,3.755173240288878
22010816000309,ACTIVE INDUSTRIA DE COSMETICOS S.A.,13,474732.42,52148.0,7,9,9.10355948454399
08144181000131,GIODESC - IND. COM. IMP. E EXP. PROD. HOSPITALARES LTDA,8,473959.34,198200.0,6,5,2.3913185671039354
04718347000125,LONGEVITA PRODUTOS HIGIENICOS LTDA - EM LIQUIDACAO,14,470731.2224,424968.0,7,5,1.1076862784962633
73222549000102,MAXITEX INDUSTRIA TEXTIL LTDA,83,468160.8105,198867.0,34,34,2.3541402570562235
11011753000119,VENTCARE INDUSTRIA E COMERCIO LTDA,65,467940.15,8180.0,26,30,57.20539731051345
06207502000174,EURO MED INDUSTRIA E COMERCIO LTDA,21,464257.41,97597.0,19,19,4.756881973831162
04040657000133,NUTRICIUM INDUSTRIA E COMERCIO LTDA EM RECUPERACAO JUDICIAL,5,462858.0,315850.0,5,5,1.4654361247427576
22565307000172,ADVAGEN BIOTECH LTDA,131,462688.7,239374.0,44,48,1.932911260203698
03237990000174,KELLDRIN INDUSTRIAL LTDA,71,462361.863,16118.0,46,35,28.68605676882988
13640053000119,"HALMA SAUDE E OTICA DO BRASIL - IMPORTACAO, EXPORTACAO E DISTRIBUICAO LTDA",7,461452.11,453.0,3,5,1018.6580794701987
36940761000170,GREENCARE PHARMA COMERCIO ATACADISTA DE MEDICAMENTOS E COSMETICOS LTDA.,31,460973.953,296382.0,17,21,1.5553372100869822
05575117000117,GENOM FARMACEUTICA LTDA,36,458731.56,135440.0,31,32,3.3869725339633785
41590794000178,HORIZON THERAPEUTICS BRASIL LTDA.,1,458711.28,6.0,1,1,76451.88
03917989000190,MB INDUSTRIA DE PRODUTOS HOSPITALARES LTDA,38,455945.6,51620.0,25,28,8.832731499418829
01985366000120,INDUMED COMERCIO IMPORTACAO E EXPORTACAO DE PRODUTOS MEDICOS LTDA,11,455370.416,561.0,5,6,811.7119714795009
01014406000196,PROTEC PRODUTOS CIENTIFICOS LTDA,15,453910.1,3515.0,4,6,129.13516358463727
02370649000120,BRASUTURE INDUSTRIA COMERCIO IMPORTACAO E EXPORTACAO LTDA,40,452675.4352,244443.0,14,3,1.8518649959295215
33089180000260,PRLV INDUSTRIA DE SUPLEMENTOS ALIMENTARES LTDA,5,451196.5,168710.0,3,4,2.6743909667476737
95799201000107,ADLIN PLASTICOS LTDA,91,449933.29,320723.0,39,40,1.4028719175113726
67882621000117,"J.G. MORIYA REPRESENTACAO, IMPORTADORA E EXPORTADORA COMERCIAL LTDA.",57,449197.33,3675.0,22,20,122.23056598639457
07699581000140,POLLITEX EMBALAGENS FLEXIVEIS LTDA,49,446795.4501,18020.0,22,15,24.794420094339625
11232867000199,FIRST IMPORT COMERCIO INTERNACIONAL LTDA,42,444766.75,44655.0,10,10,9.960066062031128
61374161000130,BAUMER S A,7,441828.44,24.0,3,3,18409.518333333333
03055242000170,GOJO AMERICA LATINA LTDA,2,441072.0,4980000.0,1,1,0.08856867469879517
17757544000103,JOSE LUIZ P. C. SPACCA,29,433196.08,520466.0,8,10,0.8323234947143522
33425331000122,VIGODENT INDUSTRIA E COMERCIO LTDA.,51,431344.93,82530.0,26,26,5.226522840179329
04707391000130,J E S FONSECA COMERCIO EPP LTDA,60,430898.29,317701.0,25,27,1.3563013336438978
08739624000137,OSTEOFIX COMERCIO DE PRODUTO MEDICO ODONTOLOGICO LTDA,6,429210.46,34973.0,4,4,12.272623452377548
14633154000206,ECO DIAGNOSTICA LTDA,16,425578.5,46734.0,9,10,9.106400051354473
02216436000148,NORTEXTIL NORDESTE TEXTIL LTDA,17,423062.38,36862.0,11,12,11.476924203787098
05782733000149,CIAMED - DISTRIBUIDORA DE MEDICAMENTOS LTDA.,7,417935.6,4906560.0,4,3,0.08517894410748059
28584043000180,TOQUE DAS FEITICEIRAS PRODUTOS NATURAIS LTDA,4,416990.7,62020.0,4,4,6.723487584650113
07415503000177,A&A GOLD PHARMA INDUSTRIA LTDA,6,415439.38,51017.0,5,3,8.143155810808162
11463608000330,ERIMAR INDUSTRIA E COMERCIO DE PRODUTOS PARA SAUDE LTDA,8,414130.4,172350.0,5,5,2.4028453727879318
07499258000123,M P - COMERCIO DE MATERIAIS HOSPITALARES LTDA.,2,413173.98,253614.0,2,2,1.62914499988171
00075112000101,REYMER DO BRASIL INDUSTRIA E COMERCIO DE PRODUTOS QUIMICOS LTDA,45,412692.44,34799.0,35,29,11.859318945946722
31327287000192,BIOPAS BRASIL PRODUTOS FARMACEUTICOS LTDA,18,411146.1776,41410.0,10,14,9.928668862593577
55634901000127,"PRODUMED - SERVICOS,INDUSTRIA E COMERCIO LTDA.",1,410130.0,4185.0,1,1,98.0
83874628000305,LABORATORIO FARMACEUTICO ELOFAR LTDA.,21,408430.87,79440.0,15,12,5.141375503524673
47394135000142,BIOMED PRODUTOS MEDICOS LTDA,34,405638.56,67535.0,18,19,6.0063457466498855
06981319000121,AMERICAN INSTRUMENTS LTDA,16,403589.4,371910.0,11,13,1.0851802855529564
00332257000140,E. DE GODOY BRAGANCA TEXTIL,50,397720.78,318006.0,19,13,1.2506706791695754
19597091000112,INOVVA PRODUTOS E SERVICOS LTDA,23,395590.3,3880862.0,4,4,0.10193361680987367
54858014000170,ESSITY SOLUCOES MEDICAS DO BRASIL COMERCIO E DISTRIBUICAO LTDA.,25,395168.56,17950.0,12,13,22.01496155988858
03968926000163,MASIF ARTIGOS MEDICOS E HOSPITALARES LTDA,28,391496.3,99370.0,10,11,3.9397836369125487
37696646000165,IDEATON INDUSTRIA DE SUPLEMENTOS LTDA,25,391099.92,7025950.0,12,7,0.05566505881766878
11433344000100,BIONATUS FARMA COMERCIO DE MEDICAMENTOS LTDA,37,390361.32,5155334.0,31,13,0.07571988934179628
05194502000467,ALFALAGOS LTDA.,10,390315.45,419950.0,6,3,0.9294331468031909
03084401000165,PREVEMAX INDUSTRIA E COMERCIO DE EPI S IMPERMEAVEIS E DESCARTAVEIS LTDA,38,390007.58,1530335.0,31,24,0.25485111429850327
37859942000130,MAX PAPERS - FABRICACAO DE PRODUTOS DE PAPEL LTDA,2,388598.88,46721.0,1,1,8.317434986408681
34143706000124,MAISMED COMERCIO DE PRODUTOS PARA SAUDE LTDA,37,388554.928,150164.0,17,10,2.587537146053648
66969262000177,"UNIT - INDUSTRIA, COMERCIO, IMPORTACAO E EXPORTACAO LIMITADA",21,386690.56,6756.0,9,7,57.236613380698635
02377937000106,R.C - MOVEIS LTDA,6,385422.5,172.0,5,3,2240.828488372093
08145933000189,FAMADER FARMACIA DE MANIPULACAO LTDA,15,385367.75,82906.0,8,7,4.648249222010469
05306092000156,REALDESC INDUSTRIA E COMERCIO DE PRODUTOS DESCARTAVEIS LTDA,10,384475.0,165822.0,8,8,2.3186006681863685
07318036000167,DESCARTEE - INDUSTRIA E COMERCIO DE ROUPAS DESCARTAVEIS LTDA,21,383063.8,98076.0,11,12,3.905785309351931
05953172000101,FAVA INDUSTRIA E COMERCIO DE PRODUTOS HOSPITALARES E ODONTOLOGICOS LTDA.,467,382785.49,73782.0,64,73,5.188060638096013
81591786000160,TDV DENTAL LTDA,66,381488.7779,16064.0,34,34,23.74805639317729
72819980000160,M. SO MATERIAL HOSPITALAR LTDA,165,380493.37,122031.0,46,56,3.1180058345830157
01997891000165,INJEFLEX INDUSTRIA E COMERCIO DE DISPOSITIVOS E PRODUTOS MEDICOS LTDA,10,378891.4,5518.0,5,8,68.66462486408119
22291182000130,VITAMED COMERCIO E DISTRIBUIDORA DE MEDICAMENTOS LTDA,80,375047.0,5755710.0,57,36,0.06516085765266144
23402794000115,CLEANUP INDUSTRIA E COMERCIO DE CALCADOS LTDA,18,374643.43,19171.0,17,16,19.542195503625265
05106945000106,DENTSCARE LTDA,131,374202.5,15251.0,40,49,24.536259917382466
06879626000104,CINORD INDUSTRIA FARMACEUTICA LTDA,95,369539.3,25363.0,52,50,14.57001537672988
04937243000101,OLYMPUS OPTICAL DO BRASIL LTDA.,4,369000.0,4.0,1,1,92250.0
62413869000115,GIGANTE RECEM NASCIDO LTDA.,8,367553.0,86.0,6,4,4273.872093023256
72807043000194,LABORLAB PRODUTOS PARA LABORATORIOS LTDA,5,367380.0,264400.0,1,1,1.3894856278366112
08025426000292,DELTA PLUS BRASIL INDUSTRIA E COMERCIO DE EPI LTDA,4,366628.0,155200.0,4,4,2.3622938144329897
06906357000110,PRODUTOS CIRURGICO SERRA DA ESTRELA LTDA,4,364507.76,181727.0,4,4,2.005798587991878
59844662000190,LOKTAL MEDICAL ELECTRONICS INDUSTRIA E COMERCIO LTDA,38,362756.45,6395.0,6,5,56.72501172791243
87156352000119,INCOTERM SOLUCOES EM MEDICAO LTDA,72,361258.616,66353.0,47,50,5.444495591759227
07775666000160,AVANUTRI EQUIPAMENTOS DE SAUDE LTDA,11,359023.8,733.0,8,8,489.80054570259205
06019570000100,SMITHS MEDICAL DO BRASIL PRODUTOS HOSPITALARES LTDA.,23,358866.844,27342.0,10,13,13.125113159242192
58216797000149,KINNER DO BRASIL LTDA,19,357057.15,25886.0,15,14,13.793446264390019
19338456000194,ALFRS INDUSTRIA DE MOVEIS LTDA,10,356255.2988,277.0,4,2,1286.1202122743682
13324282000124,KASVI IMPORTACAO E DISTRIBUICAO DE PRODUTOS PARA LABORATORIOS LTDA,19,353190.218,33443.0,13,14,10.560960978381125
02351301000195,SPADON & CALIXTO LTDA,1,352000.0,40000.0,1,1,8.8
03145540000151,ORTHOCREM INDUSTRIA E COMERCIO LTDA,50,351829.62,517748.0,20,12,0.6795383468405479
23301951000104,MEDCAL PRODUTOS CIRURGICOS LTDA,18,350491.68,307001.0,14,15,1.1416629913257612
96261607000102,KIDY BIRIGUI CALCADOS INDUSTRIA E COMERCIO LTDA,6,349495.0,46800.0,4,3,7.46784188034188
01814778000105,COMPFERTIL INDUSTRIA E COMERCIO DE COMPOSTO ORGANICO LTDA,41,349255.1,340602.0,29,29,1.0254053117715103
28104240000236,QUALYNUTRI NUTRACEUTICOS LTDA,21,345485.65,7136700.0,17,9,0.04840972017879412
12283775000109,UNITREO IMPORTADORA LTDA,38,342631.41,10494.0,12,14,32.65022012578616
63643571000164,TANARIMAN INDUSTRIAL LTDA,44,342555.24,71099.0,13,16,4.81800362874302
06940329000208,MED SHARP INDUSTRIA E COMERCIO DE PRODUTOS HOSPITALARES LTDA,94,341600.0275,136225.0,20,33,2.5076162782161866
24450310000176,USA COMERCIO DE PRODUTOS CIRURGICOS LTDA,5,341158.0,154800.0,3,3,2.2038630490956073
02535505000186,ECOPER QUIMICA LTDA,16,340340.026,210824.0,11,9,1.6143324574052291
08675528000172,ARL COMERCIO E SERVICOS DE METAIS LTDA,11,339683.0,895.0,1,1,379.5340782122905
55643555000305,RIOQUIMICA S.A.,34,337265.58,44469.0,16,24,7.584285232409094
10589833000193,COOPERATIVA AGROINDUSTRIAL DOS PRODUTORES RURAIS DA COLONIA PINDORAMA LTDA.,4,335934.0,59300.0,1,2,5.664991568296796
56994502001535,NOVARTIS BIOCIENCIAS SA,61,335801.42,19767.0,45,39,16.98798097839834
26439487000105,SANDOM INDUSTRIA E COMERCIO FARMACEUTICO LTDA,8,334690.2,134580.0,7,6,2.486923762817655
04514207000135,LIBEMA PRODUTOS HOSPITALARES LTDA,7,334596.18,30622.0,3,3,10.926659917706225
28531958000128,MRV PRODUTOS MEDICOS E ODONTOLOGICOS LTDA.,41,331941.91,110764.0,26,24,2.9968393160232565
93410975000179,UTIL QUIMICA INDUSTRIA E COMERCIO LTDA,7,331494.1,8395.0,3,2,39.48708755211435
00257992000137,ANGELUS INDUSTRIA DE PRODUTOS ODONTOLOGICOS S/A,221,330128.8616,37586.0,61,56,8.783293290054807
32137424000199,ALKO DO BRASIL INDUSTRIA E COMERCIO LTDA,1,326927.29,268700.0,1,1,1.2167
01640262000183,CITOPHARMA MANIPULACAO DE MEDICAMENTOS ESPECIAIS LTDA,12,320606.7,19590.0,8,7,16.36583460949464
10607423000128,HARBO MEDICAL LTDA,70,320299.97,94086.0,30,23,3.4043318878472886
59064766000182,CHIAPERINI INDUSTRIAL LTDA,3,320001.3,109.0,2,2,2935.791743119266
43512870000152,CPL MEDICAL S PRODUTOS MEDICOS LTDA,99,318721.64,191539.0,26,30,1.6640038843264298
01444277000176,DABIO BRASILE IMPORTACAO E EXPORTACAO DE COMPRESSORES DE AR LTDA,7,317579.42,66.0,7,7,4811.809393939394
13855096000111,PORTEX COMERCIO & REPRESENTACOES LTDA,14,317210.41,20214.0,7,7,15.692609577520528
10235337000131,HNDESC COMERCIO E CONFECCOES DE PRODUTOS HOSPITALARES LTDA.,36,317071.63,629608.0,25,24,0.5036016537273986
05899730000270,LUSO EQUIPAMENTOS MEDICOS E ODONTOLOGICOS LTDA.,4,312813.8,2420.0,2,2,129.26190082644627
33026055000120,MEGALABS FARMACEUTICA S.A.,18,312266.86,21764.0,17,16,14.347861606322367
54741095000123,CIRUVET MANUTENCAO EM EQUIPAMENTOS EM GERAL LTDA,17,312250.189,6461.0,13,13,48.32846138368674
02704301000121,BIOMEDICA - ESTEVES & ANJOS LTDA,34,312087.44,264537.0,26,24,1.1797496758487471
55983274000130,OLIDEF CZ IND E COM DE APARELHOS HOSPITALARES LTDA,19,311735.8,10699.0,10,11,29.136909991588
26185222000110,PASSROD IMPORTACAO E EXPORTACAO DE PRODUTOS PARA SAUDE LTDA,17,310810.67,92112.0,8,9,3.3742690420357824
19844928000180,ERIMED INDUSTRIA E COMERCIO DE PRODUTOS PARA SAUDE LTDA,13,310472.1,408250.0,8,10,0.7604950398040415
37397169000137,H&E EQUIPAMENTOS DE PROTECAO INDIVIDUAL DO BRASIL LTDA,1,308000.0,2800000.0,1,1,0.11
00662798000137,VITAL ATMAN LTDA,73,304845.99,64806.0,16,21,4.7039778724192205
31258478000140,TECHNEW COMERCIO E INDUSTRIA LTDA. - FALIDO,53,304694.5424,111417.0,29,33,2.734722191407056
08877271000131,SIMILAR & COMPATIVEL INDUSTRIA DE EQUIPAMENTOS MEDICOS ODONTOLOGICOS LTDA.,52,304207.31,12260.0,14,15,24.812994290375205
27854119000188,BETHA QUIMICA INDUSTRIA E COMERCIO DE PRODUTOS QUIMICOS LTDA,7,303911.45,3849350.0,6,6,0.07895136841284893
96167887000186,PRATA HOSPITALAR LTDA,213,303448.41,1148107.0,46,42,0.26430324873901123
04901171000142,CASSIFLEX LTDA,310,303374.675,19131.0,40,36,15.857753123203178
38756680000140,DKT DO BRASIL PRODUTOS DE USO PESSOAL LTDA,8,301401.0,41700.0,6,7,7.227841726618705
06353662000121,V & E INDUSTRIA E COMERCIO DE PRODUTOS HOSPITALARES LTDA,17,300307.6,397768.0,11,12,0.7549817984352687
93185577000104,SCHUSTER COMERCIO DE EQUIPAMENTOS ODONTOLOGICOS LTDA,49,298569.348,388.0,26,35,769.5086288659794
06879813000180,SNMED - COMERCIO E REPRESENTACOES LTDA,3,297450.0,94750.0,2,2,3.1393139841688655
03968966000105,BIO PHARMUS LTDA,6,297364.44,31031.0,4,4,9.58281847185073
19426695000104,ANOVIS INDUSTRIAL FARMACEUTICA LTDA.,11,297330.85,703300.0,9,6,0.4227653206313095
34274065000147,BIOFARMACEUTICA PRODUTOS MEDICO HOSPITALARES LTDA,28,295355.66,562046.0,12,11,0.525500866477121
74017708000272,INDUSBELLO IND. E COM. DE PRODUTOS MEDICOS E ODONTOLOGICOS LTDA.,56,293033.824,17485.0,28,26,16.759154932799543
07944100000115,PROC9 INDUSTRIA QUIMICA LTDA,73,292377.36,498981.0,28,31,0.5859488838252358
24331585000190,MULTICARE PHARMACEUTICALS LTDA,2,292282.38,26002.0,2,2,11.240765325744174
03921280000169,MEDCLEAN COMERCIAL LTDA,17,291537.7,435632.0,9,11,0.6692293036324237
21196966000116,SOLIDA HOSPITALAR - DISTRIBUIDORA DE MATERIAL HOSPITALAR LTDA,164,291044.56,283355.0,13,30,1.0271375483051295
78908266000124,MILI S/A,14,290993.0,43300.0,8,7,6.720392609699769
24467477000140,SUPREMA PAPEIS INDUSTRIA E COMERCIO DE PRODUTOS DE PAPEL LTDA,30,290581.16,30132.0,10,10,9.643606796760917
12420164000157,CM HOSPITALAR S.A.,7,289548.44,12676.0,6,6,22.84225623224992
66437831000133,HTS - TECNOLOGIA EM SAUDE COMERCIO IMPORTACAO E EXPORTACAO LTDA,17,288609.73,7507.0,13,12,38.44541494605035
37351602000101,"BELA COMERCIO IMPORTACAO E EXPORTACAO, FABRICACAO DE PRODUTOS E EQUIPAMENTOS LTDA",5,287637.05,552315.0,2,1,0.520784425554258
00681516000149,FRALDAS CK INDUSTRIA E COMERCIO LTDA,14,284502.5,191670.0,3,5,1.484335055042521
14441468000126,RR DALEVEDOVE ARTIGOS MEDICOS E LABORATORIAIS,27,281853.71,301435.0,20,20,0.935039759815549
48708010000102,KULZER SOUTH AMERICA LTDA.,53,281360.58,4355.0,26,21,64.60633295063147
01987265000198,VALLITECH INDUSTRIA E COMERCIO DE ARTEFATOS METALICOS LTDA,2,279681.6,230.0,2,2,1216.006956521739
17545961000184,ICARAI DO BRASIL INDUSTRIA QUIMICA LTDA,23,278372.42,71173.0,17,16,3.9112081828783385
40192608000180,BELLAFRAL CONFORT INDUSTRIA LTDA,13,277917.6,254630.0,4,7,1.0914566233358205
23643315014455,DANONE LTDA,5,277586.5,1070000.0,3,4,0.2594266355140187
10645075000183,USINA PETRIBU SA,1,275557.68,47592.0,1,1,5.79
05678146000104,HAOXI EQUIPAMENTOS MEDICOS HOSPITALARES LTDA,40,273102.54,12637.0,23,24,21.611342882013133
03812429000171,POLYSUTURE INDUSTRIA E COMERCIO LTDA,46,272073.77,47849.0,16,12,5.686091036385296
04506487000130,HELIANTO FARMACEUTICA LTDA,31,271806.765,44455.0,22,20,6.11420008997863
10842256000108,GROW QUIMICA E FARMACEUTICA LTDA.,16,271673.3,54574.0,10,12,4.978071975666068
00772058000153,BIOPLUS PRODUTOS PARA LABORATORIOS LTDA,3,270491.94,30244.0,1,1,8.943656262399154
05139291000117,ENDO POINTS INDUSTRIAL DA AMAZONIA LTDA,7,270167.12,9471.0,1,1,28.525722732552
42040380000138,BIMEX RS COMERCIO DE MEDICAMENTOS LTDA,18,269902.46,335750.0,2,1,0.8038792553983619
10840020000124,VYGON EQUIPAMENTOS MEDICOS LTDA.,9,269019.9,2670.0,5,3,100.7565168539326
74360116000178,BEST FABRIL INDUSTRIA E COMERCIO DE ARTEFATOS DE FALSO TECIDO LTDA.,11,269000.65,41493.0,9,7,6.483036897789989
06940329000119,MED SHARP INDUSTRIA E COMERCIO DE PRODUTOS HOSPITALARES LTDA,87,268775.18,16936.0,17,23,15.870050779404817
07086868000103,GRANDESC MATERIAIS HOSPITALARES LTDA,30,267314.78,30380.0,21,15,8.799038183015142
60397965000191,LYSANDA PRODUTOS ODONTOLOGICOS LTDA,99,267136.96,18365.0,45,43,14.545982031037301
21551379000874,BECTON DICKINSON INDUSTRIAS CIRURGICAS LTDA,1,264348.16,826088.0,1,1,0.31999999999999995
10585311000113,ORBISPHARMA DISTRIBUIDORA E LOGISTICA LTDA,3,264283.04,2177244.0,3,3,0.1213842086601226
01072992000125,DGTECH INDUSTRIA E COMERCIO LTDA.,15,264117.5,67292.0,7,10,3.924946501812994
04084834000183,NATUFLORES INDUSTRIA E COMERCIO DE COSMETICOS LTDA,5,260651.7,17216.0,5,5,15.140084804832714
07907297000112,ACE MEDICAMENTOS LTDA,37,260268.88,104828.0,9,9,2.4828183309802725
10842393000134,LIVE HEALTHCARE SUPPLIES LTDA,11,260153.4,86660.0,5,6,3.0020009231479343
55119259000148,TENA S A,16,260043.06,142322.0,10,8,1.8271459085735164
06789363000134,GUKI EMBALAGENS LTDA,3,260010.0,37380.0,3,3,6.955858747993579
79805263000128,KSS COMERCIO E INDUSTRIA DE EQUIPAMENTOS MEDICO LTDA,6,259838.87,44.0,4,5,5905.4288636363635
07607851000146,EMPRESA BRASILEIRA DE HEMODERIVADOS E BIOTECNOLOGIA - HEMOBRAS,3,258995.0,2000.0,3,3,129.4975
21008058000151,FERNANDO UNIFORMES LTDA,12,258603.82,127641.0,7,8,2.026024709928628
18747319000140,TOTAL MEDICAL BRASIL INDUSTRIA E COMERCIO DE PRODUTOS MEDICO-HOSPITALARES LTDA,24,256838.47,60051.0,11,16,4.2770057118116265
11026207000151,SP MARCAS - INDUSTRIA E COMERCIO DE PRODUTOS TEXTEIS HOSPITALARES LTDA,19,255251.92,58491.0,14,13,4.3639520610008375
54516661006215,JOHNSON & JOHNSON DO BRASIL INDUSTRIA E COMERCIO DE PRODUTOS PARA SAUDE LTDA.,32,254834.158,166559.0,12,14,1.529993323687102
02005077000180,KORAL PRODUTOS MEDICOS CORRELATOS E DESCARTAVEIS LTDA,8,253715.8,18460.0,3,3,13.744084507042253
05944604000100,EDWARDS LIFESCIENCES COMERCIO DE PRODUTOS MEDICO-CIRURGICOS LTDA.,4,253150.6,3172.0,2,2,79.8078814627995
61489381000109,"KTK INDUSTRIA, IMPORTACAO, EXPORTACAO E COMERCIO DE EQUIPAMENTOS HOSPITALARES LTDA EM RECUPERACAO JUDICIAL",5,251587.4799,105.0,5,5,2396.071237142857
28345933000130,BRAMED COMERCIO HOSPITALAR DO BRASIL LTDA,13,251233.21,1118148.0,8,5,0.2246869019128058
31258478000220,TECHNEW COMERCIO E INDUSTRIA LTDA. - FALIDO,76,250512.21,111532.0,37,35,2.246101656923573
90821554000142,NEOGEN DO BRASIL INDUSTRIA E COMERCIO LTDA,2,249888.0,1920.0,2,2,130.15
14197433000193,SAFE MEDICAL PRODUTOS HOSPITALARES LTDA,14,248792.8,555600.0,6,6,0.44779121670266375
10918419000180,KCI BRASIL IMPORTADORA E DISTRIBUIDORA DE PRODUTOS PARA SAUDE LTDA.,4,246670.0,8550.0,3,2,28.85029239766082
97127559000119,MK PRODUTOS PARA SAUDE LTDA,53,246658.25,25931.0,11,14,9.512099417685397
03819835000166,OXIPORTO COMERCIO E DISTRIBUICAO DE GASES LTDA,7,246487.0,18690.0,4,2,13.188175494917068
21555008000194,S A FABRICA DE TECIDOS SAO JOAO EVANGELISTA,28,245912.46,32848.0,19,24,7.486375426205552
11697594000310,AGILLE COMERCIO DE MEDICAMENTOS LTDA,8,245090.0,2065000.0,1,1,0.11868765133171913
00894372000109,MB TEXTIL LTDA,29,244790.4,276843.0,16,15,0.8842210205784505
09413671000159,PETNOR INDUSTRIA E COMERCIO DE EMBALAGENS LTDA,6,243739.3,530000.0,5,4,0.45988547169811317
82873068000735,GENESIO A MENDES & CIA LTDA,2,243500.0,104.0,2,2,2341.346153846154
46054219000174,SOLFARMA COMERCIO DE PRODUTOS FARMACEUTICOS S.A.,8,242852.3,68103.0,4,4,3.565955978444415
49425259000173,"VIPI INDUSTRIA, COMERCIO, EXPORTACAO E IMPORTACAO DE PRODUTOS ODONTOLOGICOS LTDA.",37,241887.15,32517.0,12,10,7.438790478826459
20983334000130,CERA LUMINOSA INDUSTRIA E COMERCIO LTDA,3,241145.05,27301.0,3,3,8.832828467821692
18842124000180,"MJS INDUSTRIA, COMERCIO, IMPORTACAO E EXPORTACAO LTDA",59,240525.584,100460.0,21,19,2.3942423253036034
26034121000148,PRIMO MANHANI NETO,19,240253.75,454.0,6,7,529.193281938326
13686584000142,TELEFLEX MEDICAL BRASIL SERVICOS E COMERCIO DE PRODUTOS MEDICOS LTDA,4,240225.0,240.0,2,2,1000.9375
45101837000165,RECIFRALDA INDUSTRIA DE FRALDA LTDA,13,239795.6,195576.0,5,5,1.226099316889598
06029006000178,MDA INDUSTRIA E COMERCIO LTDA,27,239237.12,152062.0,17,13,1.573286685693993
05753434000186,"BLUE DENT DENTAL INDUSTRIA, COMERCIO, IMPORTACAO E EXPORTACAO LTDA",15,238171.2,8325.0,5,6,28.609153153153155
61817664000132,NEWMED PRODUTOS PARA SAUDE LTDA,21,237253.3,134873.0,10,11,1.7590866963736256
02661790000181,SARSTEDT LTDA,1,237000.0,60000.0,1,1,3.95
22635177000105,MEDICOM LTDA,4,236853.75,1527707.0,4,4,0.1550387279759797
03449625000123,MAXCLEAN COMERCIO SERVICOS IMPORTACAO E EXPORTACAO LTDA,25,236379.53,107640.0,14,15,2.1960194165737645
05783974000102,FLAMAGEL INDUSTRIA E COMERCIO LTDA,9,236339.62,24803.0,7,6,9.528670725315486
07242402000141,COSMEFAR INDUSTRIA E COMERCIO DE PRODUTOS QUIMICOS LTDA,2,235600.0,12800.0,1,1,18.40625
06954360000109,MASTER COMERCIAL LTDA,10,235357.2,1109340.0,6,6,0.21215966250202825
56998701003484,ABBOTT LABORATORIOS DO BRASIL LTDA,6,233656.1,294397.0,3,2,0.7936769056749899
04246660000108,TAUENS FARMACEUTICA LTDA,14,233400.0595,1210849.0,13,4,0.19275736239613692
00659050000185,CENTER MED COMERCIAL LTDA,7,229849.6,1100001.0,2,4,0.2089539918600074
84551191000170,SILVA & SILVA PRODUTOS FARMACEUTICOS LTDA,33,229070.39,389710.0,10,2,0.5877970542198045
51425213000104,WELMY-INDUSTRIA E COMERCIO LTDA,27,225492.557,48171.0,16,14,4.681085238006269
56014475000191,DELTRONIX EQUIPAMENTOS LTDA,12,225430.0,88.0,7,6,2561.7045454545455
09117476000181,MANDALA BRASIL IMPORTACAO E DISTRIBUICAO DE PRODUTO MEDICO HOSPITALAR LTDA,26,224279.0,9303.0,9,10,24.108244652262712
14117593000185,CAMPER EQUIPAMENTOS DE PROTECAO LTDA,9,224128.15,38917.0,6,4,5.759132255826502
00394502007157,COMANDO DA MARINHA,8,223365.68,1090178.0,7,7,0.2048891832342975
12265505000167,DONIZETTI DE SOUSA GUERREIRO-DESCARTAVEIS,9,222826.5102,23871.0,6,4,9.334611461606132
23864965000128,"GAMMA CRUCIS COMERCIO ATACADISTA, IMPORTACAO E DISTRIBUICAO LTDA",24,222285.68,303302.0,13,13,0.732885638736309
12441715000169,NOVA SICILIANO INDUSTRIA E COMERCIO DE PLACAS METALICAS LTDA,1,221850.0,130500.0,1,1,1.7
69363174000115,NUTERAL INDUSTRIA DE FORMULACOES NUTRICIONAIS LTDA,12,220883.978,2543474.0,7,3,0.08684341888299232
13247896000150,INDUSTRIA E COMERCIO DE PRODUTOS QUIMICOS LTDA,9,220518.0,17001.0,5,9,12.970884065643197
11145401000156,L A DALLA PORTA JUNIOR LTDA,23,220424.7,99180.0,1,2,2.222471264367816
22210354000101,PORTEX COMERCIO INTERNACIONAL LTDA,2,220005.0,1515.0,1,2,145.21782178217822
45985371006220,3M DO BRASIL LTDA,38,219687.53,17816.0,17,24,12.330912101481815
66783630000279,PRO-LIFE EQUIPAMENTOS MEDICOS LTDA,8,219627.8,35094.0,5,4,6.258272069299595
47945810000184,BIOHEALTH HOSPITALAR LTDA,13,219082.77,393566.0,2,2,0.5566608141963483
30034749000110,MARCELA CAROLINE BASTOS SALDANHA EIRELI,1,217260.0,4500.0,1,1,48.28
23596733000136,SEROPLAST INDUSTRIA E COMERCIO DE PRODUTOS HOSPITALARES LTDA,17,217206.73,33028.0,8,10,6.5764421097250825
21559832000112,BELLOBELLA INDUSTRIA DE COSMETICOS LTDA,16,216880.7,39988.0,11,12,5.423644593378014
05932899000102,MEYOR'S DO BRASIL LTDA,17,215208.08,32529.0,7,4,6.615883673030218
05167642000101,BOMA COMERCIO LTDA.,8,213981.74,31876.0,5,6,6.712942025348224
29032903000136,PLENA MEDICA HOSPITALAR LTDA,2,213100.0,2650.0,2,2,80.41509433962264
55227789000100,LBS LABORASA INDUSTRIA FARMACEUTICA LTDA,2,212432.0,132770.0,1,1,1.6
21581445000182,ALTAMED DISTRIBUIDORA DE MEDICAMENTOS LTDA,33,211284.1,216620.0,1,1,0.9753674637614256
29057136000110,SURGICALMEDI - IMPORTADORA E DISTRIBUIDORA DE MATERIAIS CIRURGICOS LTDA,7,210294.0,3137.0,5,5,67.03665922856231
21129833000127,T M DANTAS LTDA,2,208920.0,1968.0,1,1,106.15853658536585
23829339000109,INFINITI CONFECCAO LTDA,28,208858.82,739690.0,19,3,0.28235993456718356
03688774000145,IVAN ALVES DA SILVA,25,208753.7,13960.0,1,1,14.953703438395417
51285641000170,EMBRAMAC - EMPRESA BRASILEIRA DE MATERIAIS CIRURGICOS INDUSTRIA COMERCIO IMPORTACAO E EXPORTACAO LTDA,42,207963.4,171628.0,14,15,1.2117102104551705
09545032000147,J.A. COMERCIO DE PRODUTOS PARA RESGATE LTDA,157,207824.0019,26391.0,34,43,7.874805877003524
01358874001664,PROCTER & GAMBLE INDUSTRIAL E COMERCIAL LTDA,25,204407.56,61974.0,18,19,3.298279278407074
01772798000233,MEDTRONIC COMERCIAL LTDA,47,203418.82,756.0,8,4,269.07251322751324
00413538000128,ORTO CENTRAL INDUSTRIA E COMERCIO DE PRODUTOS DE ORTODONTIA LTDA,15,201200.99,4884.0,11,10,41.19594389844389
19316473000120,BERNIERI & CIA LTDA,6,200620.54,19986.0,6,4,10.038053637546282
02563570000115,MEDI-SAUDE PRODUTOS MEDICOS HOSPITALARES LTDA,12,200273.248,45846.0,8,10,4.368390873794878
61153250000156,OLEAK INDUSTRIA E COMERCIO LTDA,6,199892.2,1091535.0,4,4,0.18312944614693988
12229753000152,COOPERATIVA DE COLONIZACAO AGROPECUARIA E INDUSTRIAL PINDORAMA LTDA,4,199845.5,14350.0,3,3,13.92651567944251
52393246000174,"CALU - INDUSTRIA, EXPORTACAO E IMPORTACAO DE EQUIPAMENTOS ODONTOLOGICOS LTDA",18,196381.52,20433.0,13,12,9.610997895561102
07294636000132,MD MATERIAL HOSPITALAR LTDA,43,194062.42,8269.0,12,13,23.468668520981982
28942435000174,ASP - FARMACEUTICA LTDA,2,193408.737,395.0,2,2,489.6423721518987
07427470000185,"ENDOBRAX COMERCIO, IMPORTACAO E EXPORTACAO DE EQUIPAMENTOS MEDICOS LTDA",9,193271.66,10095.0,6,5,19.145285785042102
03869526000281,J.R.D. INDUSTRIA FARMACEUTICA LTDA,64,193045.6685,167123.0,46,33,1.1551113162162001
43301230000101,MAXXIMED COMERCIO DE PRODUTOS MEDICOS HOSPITALARES LTDA,8,190933.3,17445.0,6,5,10.9448724562912
19972628000187,FACILIMPE COMERCIO DE PRODUTOS DE LIMPEZA EM GERAL LTDA.,89,190931.62,16339.0,43,27,11.685636819878818
66835281000100,BALMAK INDUSTRIA E COMERCIO LTDA,22,190472.9395,597.0,13,14,319.0501499162479
19400787000107,QUIBASA QUIMICA BASICA LTDA,17,190105.55,39778.0,10,10,4.779163105234049
02543673000113,3 - R INDUSTRIA E COMERCIO LTDA,215,190026.93,116608.0,20,23,1.6296217240669593
04162170000123,ESTRATTI VEGETALI FARMACIA E MANIPULACAO LTDA,22,188031.6,41670.0,7,1,4.5123974082073435
41921149000190,LABORATORIO FARMACEUTICO ARBORETO LTDA,7,187208.0,85900.0,4,4,2.179371362048894
18702558000184,A FAVARIN DISTRIBUIDORA LTDA,7,186957.0,24200.0,1,2,7.725495867768595
03993484000105,SIGMED EQUIPAMENTOS ELETRONICOS LTDA,7,186434.4,576.0,4,4,323.67083333333335
11157952000130,DELTA MED ESCRITORIO ADMINISTRATIVO LTDA,9,186278.0,111300.0,8,9,1.6736567834681042
95837316000149,HIGIE PLUS COTTONBABY INDUSTRIA E COMERCIO LTDA,10,185824.8,223570.0,5,6,0.831170550610547
09458251000199,LUPLAST INDUSTRIA E COMERCIO DE LUVAS DESCARTAVEIS LTDA,17,185666.9,133590.0,14,13,1.38982633430646
06222565000108,WOODMED INDUSTRIA E COMERCIO DE PRODUTOS HOSPITALARES LTDA,3,185228.0,32400.0,2,2,5.7169135802469135
59293662000140,FABRICA DE ARTEFATOS METALURGICOS ITA LTDA,97,183640.31,3257.0,37,39,56.383269880257906
28846752000197,INNOVAPHARMA LABORATORIO E MANIPULACAO LTDA,1,182390.0,14030.0,1,1,13.0
61793691000112,CONTROLES GRAFICOS DARU S A - FALIDO,128,182264.14,24227.0,53,52,7.5231823998018745
20180587000175,2I PRODUTOS ODONTOLOGICOS E MEDICO HOSPITALARES S.A. EM RECUPERACAO JUDICIAL,48,182239.32,129857.0,32,29,1.4033846461877297
02012921000108,MEDGAUZE - INDUSTRIA E COMERCIO LTDA,22,180909.75,21248.0,11,10,8.514201336596386
64088172000141,ATIVUS SERVICOS DE ESCRITORIOS ADMINISTRATIVOS LTDA,26,180756.97,116055.0,16,17,1.5575112662099866
32635445000134,VALE COMERCIO DE PRODUTOS MEDICOS E HOSPITALARES LTDA,7,180108.3,148020.0,2,1,1.2167835427644913
03519603000192,AVANOS MEDICAL BRASIL CONSULTORIA LTDA.,15,179638.8,290.0,7,7,619.4441379310344
24039668000100,MEDPACK INDUSTRIA E COMERCIO DE PRODUTOS CIRURGICOS E HOSPITALARES LTDA,4,179542.96,8238.0,4,4,21.79448409808206
00711514000155,ANDRADE GOMES INDUSTRIA E COMERCIO DE ARTEFATO PLASTICO LTDA,5,178260.3,12159.0,5,5,14.660769800148037
07415772000133,"MICROSUTURE INDUSTRIA, COMERCIO, IMPORTACAO, EXPORTACAO E REPRESENTACAO DE MATERIAIS CIRURGICOS LTDA",10,177948.92,28228.0,5,4,6.303986113079213
37876642000169,LF INDUSTRIA E COMERCIO LTDA,24,177812.21,84184.0,13,14,2.112185332129621
05870716000244,NATURELIFE INDUSTRIA E COMERCIO DE ALIMENTOS LTDA,13,175036.0,40352.0,11,10,4.337727993655829
08633431000105,GABISA MEDICAL INTERNATIONAL S.A.,30,174920.95,10072.0,14,10,17.367052223987294
05782733000300,CIAMED - DISTRIBUIDORA DE MEDICAMENTOS LTDA.,4,174074.6,325030.0,1,1,0.5355647171030367
48240709000190,ORTOSINTESE INDUSTRIA E COMERCIO LTDA,12,173492.38,247.0,1,1,702.3982995951417
26965679000147,GG INDUSTRIA DE EQUIPAMENTOS MEDICOS LTDA,11,172412.26,3900.0,7,10,44.2082717948718
92762277000170,VIDORA FARMACEUTICA LTDA,17,171859.2,268676.0,13,11,0.639652220518394
30322475000165,DOCTORMED COMERCIAL LTDA,3,170820.0,481350.0,3,2,0.3548769086942973
14190675000155,LSI S.A.,11,170614.87,393.0,6,7,434.1345292620865
21579468000152,"TEKMARKET INDUSTRIA, COMERCIO E SERVICOS LTDA",3,170199.98,1838.0,3,3,92.60064200217629
11666105000109,DELLAMED S.A.,17,170085.86,24309.0,12,12,6.9968266897034015
45987013002269,ORGANON FARMACEUTICA LTDA.,24,169720.28,1923524.0,11,10,0.08823403295201931
18344665000188,MR SAFETY TECHNOLOGY LTDA,1,169650.0,9000.0,1,1,18.85
56994502001705,NOVARTIS BIOCIENCIAS SA,23,169039.63,11462.0,17,20,14.747830221601815
00678593000140,STERIFARMA PRODUTOS CIRURGICOS LTDA,5,168669.6,7420.0,3,4,22.73175202156334
01675208000173,PION G PLUS LTDA,7,168116.5,19050.0,6,4,8.82501312335958
17318477000112,FORTCLEAN SERVICOS DE APOIO ADMINISTRATIVO LTDA,10,167449.0,148950.0,6,4,1.1241960389392414
00025310000160,FARMAQUI INDUSTRIA E COMERCIO LTDA,22,166557.92,152465.0,14,17,1.0924338044797168
03022656000101,PROFILATICA PRODUTOS ODONTO MEDICO HOSPITALARES S.A.,7,166229.7,248918.0,5,5,0.6678090776882347
09100491000117,FLEXINOX INDUSTRIA E COMERCIO DE ACOS LTDA,33,165904.29,1834.0,18,15,90.4603544165758
61595732000166,INVESTMAR DE INTERCAMBIO COMERCIAL LTDA,20,165698.97,101593.0,7,9,1.6310077465967143
05209279000131,CONFIANCE MEDICAL PRODUTOS MEDICOS S.A.,2,165622.57,2.0,1,1,82811.285
01081026000174,COMPOJET BIOMEDICA LTDA,14,163727.7,11293.0,7,5,14.498158151067035
88610555000104,INDUSTRIA FARMACEUTICA BASA LTDA EM RECUPERACAO JUDICIAL,6,163234.0,231100.0,6,5,0.7063349199480744
11192559000187,HOSPI BIO INDUSTRIA E COMERCIO DE MOVEIS HOSPITALARES LTDA,4,163116.4,5022.0,4,4,32.48036638789327
07009769000209,WANA INDUSTRIA E COMERCIO DE PRODUTOS QUIMICOS LTDA,4,162692.5,8075.0,3,3,20.147678018575853
28215470000191,GOLDMED IMPORTACAO DE PRODUTOS HOSPITALARES LTDA.,15,162228.25,29809.0,9,10,5.442257371934651
04159536000105,VUELO PHARMA LTDA,8,160708.3,1974.0,5,2,81.41251266464032
07394427000160,VEROPAPEIS FABRICACAO DE PRODUTOS DE PAPEL LTDA,5,160622.4,21978.0,4,5,7.308326508326508
55864086000192,AMP PRODUTOS TERAPEUTICOS LTDA,23,160298.4,194730.0,12,17,0.8231828685872746
04356658000191,AAF DO BRASIL PRODUTOS ODONTOLOGICOS LTDA,247,159952.679,32643.0,48,52,4.900060625555249
28857335000140,"MAXIMA DENTAL IMPORTACAO, EXPORTACAO E COMERCIO DE PRODUTOS ODONTOLOGICOS LTDA",132,159934.738,27274.0,13,8,5.864000073329912
59557124000115,RECKITT BENCKISER ( BRASIL ) LTDA.,44,159754.456,1161840.0,31,28,0.13750125318460374
09028635000171,SIGNAZ PRODUTOS E NEGOCIOS LTDA,3,159570.15,36225.0,1,1,4.404973084886128
01017680000119,J FERES INDUSTRIA DE ALCOOL LTDA,24,159265.18,25382.0,14,10,6.274729335749743
04521989000130,MUNDIAL EMPREENDIMENTO LTDA,40,159195.8,57690.0,1,1,2.75950424683654
12047164000153,GLOBAL HOSPITALAR IMPORTACAO E COMERCIO SA,7,158794.5,1950.0,1,2,81.43307692307692
03188198000177,BIO-RAD LABORATORIOS BRASIL LTDA.,7,158541.8,264.0,1,1,600.5371212121212
00008354000182,BIOSENSOR INDUSTRIA E COMERCIO LTDA,6,158113.46,225.0,3,4,702.7264888888889
87000782000147,NUTRABEM BIO TECNOLOGIA LTDA,2,157408.2,4885500.0,2,2,0.03221946576604237
08370099000125,GTECH - COMERCIO E SERVICOS EM EQUIPAMENTOS ELETRO-ELETRONICOS LTDA,61,156543.56,93938.0,34,40,1.6664561732206349
49604226000190,"MULTIGEL INDUSTRIA E COMERCIO, IMPORTACAO E EXPORTACAO DE PRODUTOS PARA SAUDE LTDA",111,156467.61,149263.0,71,55,1.048267889564058
05110475000154,PERLAND PHARMACOS LTDA,6,156076.4,39525.0,6,4,3.9488020240354205
13120044000105,WANDERLEY & REGIS COMERCIO E PRODUTOS MEDICO-HOSPITALAR LTDA,6,155935.0,9300.0,4,4,16.767204301075267
09542984000107,SOROCAPS INDUSTRIA FARMACEUTICA LTDA,15,155526.02,355985.0,9,8,0.436889250951585
75331801000139,DISTRIBUIDORA JANDAIA LTDA,6,153795.5,27300.0,5,6,5.633534798534798
87642666000121,MECSUL MAQUINAS E EQUIPAMENTOS LTDA,7,153633.0,179.0,3,4,858.2849162011173
07430231000184,CMW SAUDE & TECNOLOGIA IMPORTACAO E EXPORTACAO LTDA,2,152620.0,63.0,1,2,2422.5396825396824
02193012000105,VENOSAN BRASIL LTDA,14,151700.2,3083.0,6,5,49.20538436587739
08924875000191,BIOVALIC COMERCIO DE EQUIPAMENTOS MEDICOS LTDA.,7,149358.5,2790.0,3,2,53.53351254480287
26117900000107,PREMA INDUSTRIA E COMERCIO DE PRODUTOS MEDICOS HOSPITALARES LTDA,2,149233.76,115772.0,2,2,1.2890315447603913
33656835000153,INNOVARE INDUSTRIA E COMERCIO DE PECAS PLASTICAS LTDA,6,149077.0,24080.0,5,4,6.190905315614618
08639512000104,EURODONTO IMPORTACAO E EXPORTACAO LTDA,124,148934.911,28688.0,25,20,5.191540400167317
01332005000184,DENTSCLER INDUSTRIA DE APARELHOS ODONTOLOGICOS LTDA,32,148833.96,279.0,12,13,533.4550537634408
00433726000118,PROINLAB - INDUSTRIA E COMERCIO DE PRODUTOS PARA LABORATORIOS LTDA,12,148419.38,294445.0,7,7,0.5040648678021362
06963572000152,3B INDUSTRIA E COMERCIO DE ARTEFATOS PLASTICOS LTDA,27,147133.89,148518.0,16,21,0.9906805235729004
03652030000170,CENTERMEDI-COMERCIO DE PRODUTOS HOSPITALARES LTDA,7,146575.1,1157080.0,3,2,0.12667672071075467
08667233000154,MULTIMED DISTRIBUIDORA DE EQUIPAMENTOS HOSPITALAR LTDA,3,145140.0,47000.0,2,2,3.088085106382979
11830264000199,PROLIFE PRODUTOS ORTOPEDICOS LTDA EM RECUPERACAO JUDICIAL,27,144985.8,29902.0,14,12,4.848699083673332
44463156000184,SERVIMED COMERCIAL LTDA,23,144393.894,262870.0,15,13,0.5492977289154335
08441496000140,RWR INDUSTRIA E COMERCIO DE EQUIPAMENTOS PARA ELETROMEDICINA LTDA,32,144272.19,4427.0,17,18,32.589155184097585
02389045000125,SUPER'SOL INDUSTRIA E COMERCIO LTDA,10,143831.7,13535.0,8,7,10.626649427410419
72568587000140,MEDICOR - PRODUTOS HOSPITALARES LTDA,7,143744.52,163941.0,5,5,0.8768064120628762
61117263000170,VENKURI INDUSTRIA DE PRODUTOS MEDICOS LTDA.,34,143715.26,13558.0,14,17,10.60003392830801
30064034000100,"INSTITUTO VITAL BRAZIL S/A (CENTRO DE PESQUISAS, PRODUTOS QUIMICOS E BIOLOGICOS)",51,142667.78,45173.0,15,18,3.158253381444668
59748988000114,JOHNSON & JOHNSON INDUSTRIAL LTDA,10,142180.358,29949.0,6,8,4.7474158736518755
04352265000100,ALIVE HEART COMERCIO DE MATERIAL MEDICO LTDA,13,141735.3,1678.0,11,7,84.46680572109653
02060549000105,F.B.M. INDUSTRIA FARMACEUTICA LTDA,19,141703.088,1530.0,12,18,92.61639738562091
34186181000104,DLM HOSPITALAR LTDA,5,141588.28,4828.0,4,2,29.32648715824358
04967408000198,EMERGO BRAZIL IMPORT IMPORTACAO E DISTRIBUICAO DE PRODUTOS MEDICOS HOSPITALARES LTDA,13,140334.12,4450.0,10,11,31.535757303370787
30888187000172,PEROLA IMPORTADORA E DISTRIBUIDORA HOSPITALAR LTDA,10,140001.5,105480.0,2,2,1.3272800530906332
09327149000154,SUCROQUIMICA INDUSTRIA COMERCIO LTDA,1,139712.32,22979.0,1,1,6.08
79402418000185,ESTILO ARTEFATOS DE MADEIRAS LTDA,72,139224.711,480732.0,50,44,0.28960982626494597
00424413000101,DESKARPLAS INDUSTRIA E COMERCIO LTDA,9,139057.4,593290.0,9,8,0.2343835223920848
29791821000175,MAGNA INDUSTRIA DE MATERIAIS HOSPITALARES LTDA,10,138897.4,40460.0,5,4,3.4329560059317843
49601107000184,FRESENIUS HEMOCARE BRASIL LTDA.,3,138318.0,7500.0,3,3,18.4424
76386283000113,DIMEVA DISTRIBUIDORA E IMPORTADORA LTDA,13,138220.336,321232.0,3,1,0.4302819644369179
66877184000180,DOC MED COMERCIO IMPORTACAO E EXPORTACAO LTDA,14,137323.9,12083.0,2,4,11.365050070346769
33781055000135,FUNDACAO OSWALDO CRUZ,11,137316.9,15309.0,8,9,8.969684499314129
02608793000151,"EXCELLENCE MEDICAL COMERCIO, IMPORTACAO E EXPORTACAO LTDA",1,137211.24,8076.0,1,1,16.99
33306929000798,PROCOSA PRODUTOS DE BELEZA LTDA,3,136888.0,2824.0,3,3,48.47308781869688
49345358000145,APIS FLORA INDUSTRIAL E COMERCIAL LTDA,2,136572.09,8343.0,1,2,16.369661992089178
07776581000105,MAX DIAGNOSTICA COMERCIO E LOCACAO DE ARTIGOS LABORATORIAIS LTDA,1,136290.0,1.0,1,1,136290.0
09024090000125,"INTRACORP INSTITUTO DA TRAQUEIA, CORACAO E PULMAO SS LTDA",10,135546.0,887.0,5,5,152.81397970687712
48015119000164,GNATUS EQUIPAMENTOS MEDICO ODONTOLOGICOS S/A,7,135164.0,411.0,4,4,328.8661800486618
06167295000171,MSB MEDICAL SYSTEM DO BRASIL INDUSTRIA E COMERCIO DE PRODUTOS MEDICOS LTDA,7,135120.0,2334.0,2,2,57.89203084832905
24305952000181,WILLIAM RIBEIRO PRODUTOS MEDICOS,14,134838.8,231920.0,6,5,0.581402207657813
03247233000181,POLYMED METALURGICA INDUSTRIA LTDA,17,132591.48,151847.0,7,9,0.8731913044050921
42837716000198,IN VITRO DIAGNOSTICA LTDA,58,132417.97,63975.0,6,7,2.0698393122313403
10696932000174,T.D. & V. COMERCIO DE PRODUTOS ODONTOLOGICOS E HOSPITALARES LTDA,13,132180.86,35300.0,6,6,3.7445002832861185
03959540000357,CHEMICALTECH FARMACEUTICA LTDA,3,132172.2,31051.0,3,3,4.25661653408908
24682887000103,AQUASONUS MEDICAL COMPANY LTDA,9,132139.0,2095.0,6,6,63.07350835322196
03820314000129,"FORTINOX - INDUSTRIA, COMERCIO E SERVICOS LTDA",79,132033.23,2055.0,40,38,64.24974695863747
08308147000155,SUPERMEDY IMPORTACAO E EXPORTACAO LTDA,62,131919.0484,32743.0,32,26,4.0289236905598145
56998982003122,BRISTOL-MYERS SQUIBB FARMACEUTICA LTDA.,17,130711.886,90504.0,12,15,1.4442663970653231
02177011000177,SYNTEC DO BRASIL LTDA,25,128769.0,9021.0,8,9,14.27435982707017
35322725000180,FARMA.GO HOSPITALAR LTDA,4,127565.0,85220.0,2,1,1.4968904013142454
05509693000166,PROBENE FOODS INDUSTRIA E COMERCIO DE ALIMENTOS LTDA.,11,126680.4,1031160.0,4,6,0.1228523216571628
19349009000130,BD DISTRIBUIDORA DE MEDICAMENTOS E MATERIAIS HOSPITALARES LTDA,19,125535.47,84455.0,2,4,1.4864184476940383
48767628000143,RICHARDS DO BRASIL PRODUTOS CIRURGICOS LTDA.,127,125371.15,2894.0,9,6,43.3210608154803
90059171000189,POLI TAPE INDUSTRIA E COMERCIO DE FITAS ADESIVAS LTDA,27,124888.56,31912.0,21,17,3.913529706693407
17892706000108,GLOBAL COMERCIAL LTDA,24,124058.122,925078.0,14,13,0.1341055802862029
03440703000129,EASY EQUIPAMENTOS ODONTOLOGICOS LTDA.,18,123903.8,15925.0,3,4,7.780458398744114
23605544000182,ESSENZA INDUSTRIA QUIMICA LTDA,2,123580.0,50000.0,2,2,2.4716
01932232000140,CALLAMARYS INDUSTRIA E COMERCIO DE COSMETICOS E SANEANTES LTDA,8,123289.5,22719.0,7,5,5.426713323649809
03142794000116,GOLD ANALISA DIAGNOSTICA LTDA,53,122717.3,16608.0,11,12,7.389047447013487
04008318000170,ESSENCE DENTAL IMPORTACAO E EXPORTACAO LTDA,20,122414.2548,1435.0,17,14,85.30610090592334
73097545000131,L H INDUSTRIA TEXTIL LTDA,20,122160.01,11741.0,19,17,10.404566050591942
31531888000112,GVFLEX INDUSTRIA E COMERCIO DE PRODUTOS PARA SAUDE LTDA,22,121932.1,11574.0,11,11,10.53500086400553
16647278000195,PARAMED DISTRIBUIDORA DE MEDICAMENTOS LTDA,2,121646.0,520.0,2,2,233.9346153846154
03436772000169,TRILHA INDUSTRIA E COMERCIO LTDA.,3,121605.0,13300.0,2,2,9.143233082706766
08053383000259,CAITHEC COMERCIO E INDUSTRIA LTDA,4,120519.8,46320.0,4,3,2.6018955094991365
00129149000256,MIYUKI INDUSTRIA E COMERCIO DE COSMETICOS LTDA,6,120444.0,18520.0,1,1,6.503455723542117
04843255000177,DEXCAR - INDUSTRIA E COMERCIO LTDA,15,120288.28,189428.0,6,6,0.6350079185759233
92928951000143,LABORATORIO INDUSTRIAL FARMACEUTICO LIFAR LTDA,12,119186.22,195662.0,10,10,0.6091434207970888
00866902000105,MEDIMED MAT MEDICOS E HOSPITALARES LTDA,3,118753.52,33277.0,2,2,3.5686365958469817
20627681000120,CENTER DENT SERVICO DE PROTESE DENTARIA LTDA,2,117600.0,800.0,1,1,147.0
01932232000221,CALLAMARYS INDUSTRIA E COMERCIO DE COSMETICOS E SANEANTES LTDA,7,116061.65,13451.0,7,6,8.628477436621813
11440977000146,MED LIGHT EQUIPAMENTOS MEDICOS HOSPITALARES LTDA,12,115550.8,146665.0,4,6,0.7878553165376879
67729178000572,COMERCIAL CIRURGICA RIOCLARENSE LTDA,3,114950.0,220000.0,1,1,0.5225
07327320000108,PLUMAX LENCOIS HOSPITALARES LTDA,18,114503.2,11615.0,13,13,9.858217821782178
00377455000120,IDEXX BRASIL LABORATORIOS LTDA.,1,114390.0,12300.0,1,1,9.3
05218197000153,TAYLOR FARMACIA DE MANIPULACAO LTDA,75,113837.86,7451.0,34,30,15.27819889947658
16482201000102,ATOS MEDICAL BRASIL - COMERCIO E DISTRIBUICAO DE PRODUTOS MEDICO-HOSPITALARES LTDA.,10,113576.642,776.0,3,2,146.3616520618557
46179008000320,BRASTERAPICA INDUSTRIA FARMACEUTICA LTDA.,23,113315.9968,283238.0,18,15,0.40007342517600036
30280358000429,ROCHE DIAGNOSTICA BRASIL LTDA.,1,112500.0,250000.0,1,1,0.45
84859552000220,STERMAX PRODUTOS MEDICOS LTDA,2,111599.0,47.0,2,2,2374.446808510638
10286826000112,TAYCO EQUIPAMENTOS DE SEGURANCA LTDA,3,111410.0,206600.0,3,2,0.5392545982575024
14801315000223,SR ORTOCENTER LTDA,16,110425.0,253600.0,5,7,0.43542981072555204
00625692000163,TOMMASI IMPORTACAO E EXPORTACAO LTDA.,3,110361.9,21529.0,3,3,5.126197222351247
07628070000138,INDUSTRIA E COMERCIO COLCHOES ORTHOVIDA LTDA,4,110319.98,328.0,2,2,336.34140243902436
05638301000169,TECMEDIC COMERCIO DE PRODUTOS MEDICOS LTDA.,4,109606.6,1050.0,2,2,104.3872380952381
13767262000128,ACS CIENTIFICA QUIMICA FINA ESPECIALIZADA LTDA,4,109507.45,7550.0,3,3,14.504298013245032
12472927000103,QUALYBLESS DO BRASIL LTDA,34,109050.42,33771.0,21,23,3.229114328862041
14594331000101,MK LIFE PRODUTOS MEDICAL E DENTAL LTDA,55,109034.622,32517.0,22,22,3.3531574868530307
07231924000148,L. F. CARLINI FRALDAS LTDA,1,108545.0,127700.0,1,1,0.85
62063003000121,SKAY INDUSTRIA E COMERCIO DE INSTRUMENTAL CIRURGICO E ODONTOLOGICO LTDA,23,107940.2,1316.0,2,2,82.02142857142857
00740719000169,UTI MEDICA - INDUSTRIA E COMERCIO DE MOVEIS HOSPITALARES LTDA,4,107201.89,814.0,1,1,131.69765356265356
30450803000109,ZAMMI INSTRUMENTAL LTDA,79,107195.47,22000.0,10,4,4.872521363636364
22315538000128,MLA SUPRIMENTOS MEDICOS SA,17,107074.5,14640.0,13,12,7.3138319672131145
07204591000168,BIOTEC PRODUTOS HOSPITALARES LTDA.,19,106453.0,5154.0,10,11,20.65444315095072
87124384000132,QUIMICA CENIT DO BRASIL LTDA,10,106103.0,21260.0,4,4,4.990733772342427
03108098000193,BLISFARMA INDUSTRIA FARMACEUTICA LTDA,5,105667.24,35600.0,4,5,2.9681808988764047
01202521000194,PLASTIC WAY PRODUTOS PARA A SAUDE LTDA,8,105635.27,4921.0,6,4,21.466220280430807
27672908000106,WIENSKOSKI & FAIOLA LTDA,107,105614.4,255858.0,1,1,0.4127852167999437
12014370000167,ABC DISTRIBUIDORA DE MEDICAMENTOS LTDA,39,105308.34,8007.0,16,15,13.15203446983889
37182605000150,QLS - QUALITY LIFE SCIENCES IMPORTACAO E EXPORTACAO LTDA,2,105000.0,150001.0,2,2,0.6999953333644442
60862208000141,FARMACIA E LABORATORIO HOMEOPATICO ALMEIDA PRADO LTDA,10,104959.46,28966.0,8,8,3.6235400124283643
43566371000148,BADEIA COMERCIO E IMPORTACAO LTDA,35,104456.025,4600.0,6,8,22.70783152173913
03662365000170,PLASTICOS ITAQUITI LTDA.,13,104322.96,17411.0,9,9,5.991784504049165
00618346000158,ASSEPTICO PRODUTOS DESCARTAVEIS LTDA,3,104306.0,20340.0,3,3,5.128121927236972
54801196000142,HP BIOPROTESES LTDA,3,104229.0,243.0,2,2,428.9259259259259
30197366000163,LANZA MEDICAL EQUIPAMENTOS ODONTO MEDICOS LTDA,1,104000.0,8.0,1,1,13000.0
74194747000164,FARMACIA FLORACELL LTDA,2,103500.0,150000.0,1,1,0.69
47100862000150,LABORATIL FARMACEUTICA LTDA.,13,102857.1,46160.0,12,13,2.2282733968804163
44239382000186,PHOENIX INDUSTRIA E COMERCIO DE EQUIPAMENTOS CIENTIFICOS LTDA,2,102275.0,36.0,2,2,2840.972222222222
05062455000155,"ALPHARAD COMERCIO, IMPORTACAO E EXPORTACAO DE PRODUTOS HOSPITALARES LTDA",15,102210.2,12775.0,10,9,8.00079843444227
68710557000150,SAUDE RAPIDO PRODUTOS PARA SAUDE LTDA,10,102186.18,160362.0,7,5,0.6372219104276574
07391259000150,LABORFARMA - FARMACIA DE MANIPULACAO LTDA,11,101657.7,106570.0,9,8,0.9539054142816927
00425586000136,G D RUFINO LTDA,3,101321.0,319.0,2,2,317.62068965517244
66525379000161,KONDENTECH INDUSTRIA E COMERCIO LTDA,20,100844.81,268.0,12,15,376.28660447761195
00029372000221,GE HEALTHCARE DO BRASIL COMERCIO E SERVICOS PARA EQUIPAMENTOS MEDICO-HOSPITALARES LTDA,2,100650.0,630.0,2,2,159.76190476190476
10424098000249,INDUSTRIA DE CONFECCOES K-DU LTDA,7,100157.41,13214.0,7,6,7.579643559860754
02836248000112,BARRFAB INDUSTRIA COMERCIO IMPORTACAO E EXPORTACAO DE EQUIPAMENTOS HOSPITALARES LTDA,3,100059.894,5.0,3,3,20011.9788
08108696000186,DISTRIBUIDORA DE PRODUTOS G.C.R. LTDA,2,100046.26,16127.0,2,2,6.203649779872263
02473977000151,SITMED EQUIPAMENTOS MEDICOS LTDA,5,100030.5,3576.0,4,5,27.97273489932886
17602891000159,ALLPLAN PRODUTOS ODONTOLOGICOS LTDA,56,98259.05,7613.0,27,24,12.906745041376594
85511954000111,SUPERVALE VERDE INDUSTRIA DE PRODUTOS QUIMICOS LTDA,9,98219.4,17290.0,9,8,5.680705610179294
58295213002111,PHILIPS MEDICAL SYSTEMS LTDA,2,97950.0,2.0,2,2,48975.0
02411193000107,ARAUJO LOPES & CIA LTDA,16,97518.0,143975.0,12,11,0.6773259246396944
04644478000105,MEDICALTEC LTDA,7,97434.46,295628.0,5,5,0.32958468074742586
26024381000132,TECSO INDUSTRIA E COMERCIO DE COSMETICOS LTDA,18,97274.8,331758.0,13,9,0.29321011098451283
19880964000108,ALL LAB COMERCIAL LTDA,15,96980.9,30977.0,13,10,3.130738935339122
03090848000147,ECEL INDUSTRIA E COMERCIO LTDA,10,95941.88,92.0,8,8,1042.8465217391306
06295846000182,ULTRADENT DO BRASIL PRODUTOS ODONTOLOGICOS LTDA.,33,95100.63,3182.0,15,12,29.8870615964802
06113700000179,DYNAMIC LAB INDUSTRIA FARMACEUTICA LTDA,4,93150.0,859000.0,3,4,0.10844004656577416
05971158000122,INDUSTRIA E COMERCIO DE PRODUTOS DE LIMPEZA MACATUBA LTDA,9,93053.888,8076.0,2,2,11.522274393263993
18575413000160,FRANCEFARMA INDUSTRIA DE COSMETICOS LTDA,12,92986.084,22456.0,8,7,4.140812433202708
06274095000460,AGROMASS BRASIL - IMPORTACAO E EXPORTACAO LTDA,6,92820.6,35216.0,4,4,2.6357507950931396
34440014000148,DEFERTEX INDUSTRIA E COMERCIO LTDA,5,92670.0,107550.0,4,3,0.8616457461645746
03471879000148,CIPAMED EMBALAGENS MEDICO-HOSPITALARES LTDA,11,92326.4,96240.0,7,5,0.959334995843724
10249145000184,INALAMED EQUIPAMENTOS E MATERIAIS HOSPITALARES LTDA,6,92039.26,66666.0,6,6,1.3806027060270603
66818360000103,DENT-FLEX INDUSTRIA E COMERCIO LTDA,18,91860.07,822.0,16,14,111.75190997566911
32237610000108,SOMAR INDUSTRIA E COMERCIO LTDA,2,90966.0,43750.0,2,2,2.0792228571428573
06127890000183,CONKAST EQUIPAMENTOS TECNOLOGICOS LTDA,6,90928.99,327.0,3,3,278.07030581039754
17540801000223,NATURELLCAPS LTDA,1,90585.0,91500.0,1,1,0.99
43062587000176,INDUSTRIA DE JERSEY POM POM LTDA,3,90575.0,65000.0,1,1,1.3934615384615385
25072559000158,MATHEUS HENRIQUE SILVA PRODUTOS DE LIMPEZA,18,90498.8,39600.0,13,11,2.285323232323232
26397154000152,3P MEDICAL LTDA,10,90164.11,192487.0,7,9,0.46841662034319204
15331924000148,DESEMATEC MOVEIS HOSPITALARES LTDA,1,89985.0,15.0,1,1,5999.0
08106200000135,"WILLTEK TECNOLOGIA, COMERCIO, IMPORTACAO E EXPORTACAO DE EQUIPAMENTOS MEDICOS HOSPITALARES LTDA",23,89391.79,56922.0,13,12,1.570426021573381
57893521000132,PERFITECNICA PERFIS TECNICOS DE BORRACHA LTDA,12,89389.08,9323.0,9,9,9.588016732811328
18031325000105,I. S. COSTA CENTRAL TELEMEDICINA LTDA,50,89229.23,11153.0,6,5,8.000468932125886
07760277000161,MEDMAX - COMERCIO DE EQUIPAMENTOS MEDICOS E SIMILARES LTDA,11,88823.0,193.0,4,4,460.22279792746116
53288386000145,EPRON MECANISMOS INDUSTRIA E COMERCIO LTDA,21,88771.644,35102.0,6,7,2.528962566235542
46365045000160,DRYLOCK TECHNOLOGIES BRASIL LTDA,6,88405.76,41800.0,3,5,2.1149703349282296
59717553000617,MULTILASER INDUSTRIAL S.A.,17,88117.5,8897.0,13,12,9.904181184668989
09593438000103,BIO ADVANCE DIAGNOSTICOS LTDA,23,87570.44,10314.0,14,17,8.490444056622067
31863595000132,VESTSEG - SOLUCOES EM VESTIMENTAS PROFISSIONAIS LTDA,3,87447.5,20250.0,3,3,4.3183950617283955
06923493000207,MEDFIO INDUSTRIA E COMERCIO DE ARTIGOS ODONTOLOGICOS LTDA.,25,87203.16,37354.0,13,15,2.334506612410987
90769407000170,ART INOX INDUSTRIA METALURGICA LTDA,29,86914.7,1222.0,14,15,71.12495908346972
18258209000115,CIRURGICA CERON IMPORTADORA E EXPORTADORA DE EQUIPAMENTOS HOSPITALARES E VETERINARIOS LTDA,12,86699.27,50283.0,7,5,1.7242262792593919
69342475000162,TECNODENT INDUSTRIA E COMERCIO LTDA,27,86350.0084,2114.0,15,13,40.84674001892148
06188236000180,CBEMED - INDUSTRIA E COMERCIO DE EQUIPAMENTOS MEDICOS LTDA,42,85893.27,1553.0,21,17,55.30796522858983
52455870000159,TRON INDUSTRIAL REFRIGERACAO E ELETRONICA LTDA,2,85716.0,542.0,2,2,158.14760147601476
14766081000140,MEDGRAN INDUSTRIA E COMERCIO DE PRODUTOS HOSPITALARES LTDA,17,85647.0,71190.0,12,8,1.2030762747576906
12150458000106,COMPANHIA DO PAPEL INDUSTRIA E COMERCIO LTDA,2,85200.0,16000.0,1,1,5.325
67578617000160,THIMON INSTRUMENTOS CIRURGICOS LTDA,1,85000.0,340.0,1,1,250.0
00028682000140,PROMEDON DO BRASIL PRODUTOS MEDICO HOSPITALARES LTDA,8,84904.42,355.0,2,2,239.16738028169013
18964366000146,RONDOLAB COMERCIO E SERVICOS LTDA,36,84892.09,4448.0,5,2,19.085451888489207
89028575000800,OLVEBRA INDUSTRIAL S/A EM RECUPERACAO JUDICIAL,1,84864.0,1248000.0,1,1,0.068
10812219000149,PRODUTOS HOSPITALARES MEDBLANC LTDA,9,84513.95,20800.0,8,7,4.063170673076923
07179031000109,CAHE PRODUTOS DESCARTAVEIS LTDA,2,84060.0,10500.0,1,1,8.005714285714285
11279770000131,IA TRADE PRODUTOS ELETRONICOS E HOSPITALARES LTDA,6,83674.7312,173.0,6,5,483.6689664739884
31277525000100,MULTI-MARCAS INDUSTRIA DE PRODUTOS HIGIENICOS LTDA,2,83595.0,5500.0,2,2,15.19909090909091
04040383000182,INDUSTRIAS H. A. BARONE LTDA,6,83488.56,39334.0,4,3,2.1225545329740174
02004662000165,WERFEN MEDICAL LTDA,1,83020.0,2800.0,1,1,29.65
50885268000126,"NSR INDUSTRIA , COMERCIO E REPRESENTACOES LTDA",13,82778.15,789.0,10,12,104.91527249683142
36984046000130,PROMEDIOL DO BRASIL LTDA.,1,82750.61,73.0,1,1,1133.57
21589394000135,IMPERIO INDUSTRIA E COMERCIO DE BANDEIRAS LTDA,5,82748.0,16832.0,2,2,4.91611216730038
00969061000323,CARBOGEL INDUSTRIA E COMERCIO LTDA,44,82569.714,10371.0,35,33,7.9615961816604
68072172000104,I.O.L. IMPLANTES LTDA,23,82121.3977,3829.0,2,5,21.447217994254373
08282077000103,BIOSYSTEMS NE COMERCIO DE PRODUTOS LABORATORIAIS E HOSPITALARES LTDA,2,81950.0,3100.0,2,2,26.43548387096774
82297680000111,STERICONTROL LTDA,9,81571.6,5310.0,5,5,15.361883239171377
71917181000163,NSK BRASIL LTDA,2,81122.6,30.0,1,1,2704.086666666667
11098609000161,ADVA OPTICAL NETWORKING SERVICOS BRASIL LTDA.,41,80820.87,247123.0,16,18,0.32704713846950706
04956527000145,ORION COMERCIO DE ARTIGOS MEDICOS LTDA,8,80380.21,2049.0,4,4,39.22899463152758
08665289000170,M.M. CAPELLARO INDUSTRIA E DISTRIBUIDORA DE PRODUTOS MEDICOS E ODONTOLOGICOS LTDA,5,80290.0,25240.0,4,4,3.1810618066561016
79402418000266,ESTILO ARTEFATOS DE MADEIRAS LTDA,21,80151.65,172158.0,14,14,0.46557029008236617
08868097000160,BELAPAN INDUSTRIA E COMERCIO DE ALIMENTOS LTDA,3,79946.0,14200.0,3,3,5.63
48708010000374,KULZER SOUTH AMERICA LTDA.,19,79816.28,2400.0,12,10,33.25678333333333
66581935000117,MONTSERRAT COMERCIAL IMPORTADORA E EXPORTADORA LTDA,22,79349.15,17615.0,12,16,4.504635254044848
10016132000165,VITAL PRODUTOS HOSPITALARES LTDA.,60,79201.01,13390.0,11,16,5.914937266616878
66437831000486,HTS - TECNOLOGIA EM SAUDE COMERCIO IMPORTACAO E EXPORTACAO LTDA,8,79134.6,1448.0,6,5,54.65096685082873
11896538000142,SOLUMED DISTRIBUIDORA DE MEDICAMENTOS E PRODUTOS PARA SAUDE LTDA,54,78700.3,9615.0,19,22,8.185158606344254
01759236000179,HORIBA INSTRUMENTS BRASIL LTDA,22,78659.87,187.0,1,1,420.64101604278073
06175908000112,BIO LOGICA DISTRIBUIDORA LTDA,3,78540.0,70200.0,2,2,1.1188034188034188
02290277000121,KIMBERLY -CLARK BRASIL INDUSTRIA E COMERCIO DE PRODUTOS DE HIGIENE LTDA,6,77947.0976,34443.0,4,5,2.2630751560549314
43588045000131,ZOETIS INDUSTRIA DE PRODUTOS VETERINARIOS LTDA,3,77871.7,188.0,2,2,414.2111702127659
10945393000160,DIOXIDE INDUSTRIA QUIMICA LTDA.,2,77796.978,400.0,2,2,194.492445
28547190000180,GRAZIELA VELANI ABUFARES COMERCIO DE MEDICAMENTOS LTDA,10,77555.8,601616.0,8,7,0.12891246243450974
08651657000120,ALL SOLUTIONS MEDICAL - PRODUTOS MEDICOS HOSPITALARES LTDA,2,77430.48,99.0,2,2,782.1260606060606
03135603000199,"WELCH ALLYN DO BRASIL, COMERCIO DE EQUIPAMENTOS MEDICOS LTDA.",33,77356.47,44948.0,12,14,1.7210214025095667
07134866000134,VITALPACK EMBALAGENS LTDA,26,77260.73,41676.0,14,17,1.853842259333909
18974315000103,DOMAX SERVICOS ADMINISTRATIVOS LTDA,14,77085.52,1468.0,11,7,52.51057220708447
08493086000143,HOSPITEX TEXTIL LTDA,5,77026.34,41054.0,4,2,1.8762201003556291
19498639000177,BERTA INDUSTRIA E COMERCIO DE FRALDAS LTDA,8,76910.0,60000.0,2,1,1.2818333333333334
58188194000180,"GN INJECTA INDUSTRIA, COMERCIO DE MATERIAIS MEDICOS, CIRURGICOS, ODONTOLOGICOS E DESCARTAVEIS LTDA",72,76862.02,15774.0,17,19,4.8727031824521365
60873973000167,HEXAL DO BRASIL INDUSTRIA FARMACEUTICA LTDA.,12,76726.98,64818.0,9,10,1.183729519577895
59548214000140,FABRICA DE ARTEFATOS DE LATEX BLOWTEX LTDA,7,76384.42,256397.0,7,7,0.2979146401868977
00984436000162,BELL TYPE INDUSTRIES LTDA,7,76203.48,10577.0,5,5,7.204640257161766
46144622000194,SIGVARIS DO BRASIL INDUSTRIA E COMERCIO LIMITADA,11,75823.3,453.0,1,2,167.380353200883
74060179000109,RIO AUREMAR PLASTICOS LTDA,6,75761.2,144152.0,4,4,0.5255646817248459
02163978000108,MASTERFIX INDUSTRIA E COMERCIO LTDA,25,75633.7,12155.0,12,11,6.222435211846976
20264948000161,BIOANALITICA DIAGNOSTICA S/A,83,75520.42,42792.0,5,2,1.764825668349224
81196586000103,N MARTINS INDUSTRIA E COMERCIO LTDA,20,75370.01,718.0,14,13,104.97215877437326
18406044000181,PRIMUS FULIARO MEDICAMENTOS E PERFUMARIA LTDA,1,75336.0,6000.0,1,1,12.556
06256377000192,WORLD FIX INDUSTRIA E COMERCIO DE PRODUTOS ORTOPEDICOS LTDA,5,75098.9,505.0,1,1,148.71069306930693
25280640000123,"AIRMED BRASIL INDUSTRIA, COMERCIO E IMPORTACAO DE EQUIPAMENTOS MEDICOS-ODONTOLOGICOS LTDA",1,75030.0,4575.0,1,1,16.4
04704457000138,PLASTCOR DO BRASIL LTDA,9,74844.0,25256.0,8,8,2.9634146341463414
11875416000170,BIONAL INDUSTRIA BIOMEDICA NACIONAL LTDA,3,74801.4,42.0,3,3,1780.985714285714
10778913000197,"METAL SOLUTION DO BRASIL MOVEIS, EQUIPAMENTOS E PRODUTOS PARA SAUDE LTDA",6,74693.55,266.0,4,4,280.8028195488722
08697852000191,ENDOGERAIS EQUIPAMENTOS MEDICOS LTDA,14,74445.84,2561.0,3,1,29.06905115189379
05953723000129,SENIR EMBALAGENS LTDA,3,74296.4,40240.0,2,2,1.8463320079522862
57263337000109,IFAB INDUSTRIA E COMERCIO DE MATERIAIS HOSPITALARES LTDA EPP,8,73969.81,311.0,6,6,237.84504823151124
19944613000105,FARIA EVANGELISTA HOSPITALAR LTDA,3,73800.0,72000.0,1,1,1.025
00814559000155,SURYA DENTAL COMERCIO DE PRODUTOS ODONTOLOGICOS E FARMACEUTICOS S/A,39,73776.78,45293.0,13,18,1.6288781930982712
06979733000104,UZEMAX QUIMICA E AROMAS LTDA,4,73715.0,2300.0,2,2,32.05
09036722000170,HIDROFARMA REPRESENTACAO E FABRICACAO DE ALGODAO LTDA,9,73548.0,8400.0,1,4,8.755714285714285
33474289000130,FARMABRAZ BETA ATALAIA FARMACEUTICA LTDA,4,73018.0,15100.0,4,4,4.835629139072847
12927876000167,SOMA/MG PRODUTOS HOSPITALARES LTDA,1,72960.0,190000.0,1,1,0.384
01673902000151,LAERCIO DE ASSIS,9,72934.6,11210.0,4,7,6.506208742194469
72763733000199,TRAUMEDICA INSTRUMENTAIS E IMPLANTES LTDA,9,72919.76,620.0,1,1,117.61251612903224
32929819000124,ALCON BRASIL CUIDADOS COM A SAUDE LTDA,2,72916.2707,1043.0,1,2,69.91013489932885
04380711000190,DELTA MEDICAL COMERCIAL LTDA,25,72386.64,140195.0,22,22,0.5163282570705089
02764228000183,BIOLUX COMERCIO DE PRODUTOS PARA HIGIENE E LIMPEZA LTDA,7,72169.0,6570.0,6,4,10.98462709284627
55126981000100,GFE DO BRASIL LIMITADA,4,72060.1,330.0,3,3,218.3639393939394
30082076000174,ABSOLUTA SAUDE IMP. EXP. E COMERCIO DE PRODUTOS PARA SAUDE LTDA,49,71847.1908,20645.0,6,5,3.4801254928554126
03936626000100,OXIBORGES - COMERCIO DE EQUIPAMENTOS MEDICOS HOSPITALARES LTDA.,2,71520.0,24.0,1,1,2980.0
41637990000150,ITAJUBA INDUSTRIA QUIMICA E COMERCIO LTDA,1,71200.0,14240.0,1,1,5.0
05075964000112,CINCO - CONFIANCA INDUSTRIA E COMERCIO LTDA.,4,71141.8,1801.0,2,2,39.501277068295394
21831246000185,TECH-SUL MEDICAL INDUSTRIA E COMERCIO LTDA,36,70784.472,14346.0,14,11,4.934091175240485
23654188000197,ARAUCCOM INDUSTRIAL LTDA,4,70645.51,9397.0,4,4,7.517879110354368
25463374000174,MEDEFE PRODUTOS MEDICO- HOSPITALARES LTDA,7,70602.57,11884.0,3,2,5.940976943789971
22685341000695,LIMA & PERGHER INDUSTRIA E COMERCIO S/A,27,70093.51,4696.0,14,15,14.926215928449743
07613369000119,PACKFLEX INDUSTRIA DE EMBALAGENS FLEXIVEIS LTDA,27,70032.309,7220.0,14,8,9.699765789473684
94895232000107,EMBRAMED EQUIPAMENTOS MEDICOS LTDA.,8,69616.36,111094.0,3,4,0.626643743136443
73297509000111,BHIO SUPPLY INDUSTRIA E COMERCIO DE EQUIPAMENTOS MEDICOS S/A,5,69142.0,1608.0,3,4,42.99875621890547
37348946000153,OG MED EQUIPAMENTOS DE PROTECAO LTDA,1,69000.0,300000.0,1,1,0.23
64822885000197,QEEL - QUIMICA ESPECIALIZADA ERICH LTDA,26,68485.6,2025.0,16,16,33.82004938271605
60858552000248,ARTIGOS ODONTOLOGICOS CLASSICO LTDA,51,68468.4,1578.0,5,7,43.3893536121673
08053383000178,CAITHEC COMERCIO E INDUSTRIA LTDA,16,67743.394,101604.0,9,10,0.66673943939215
61391769000172,ARISTON SERVICOS DE ESCRITORIO E APOIO ADMINISTRATIVO LTDA,11,67712.5,11150.0,4,5,6.072869955156951
01831385000100,BLISFARMA INDUSTRIA ALIMENTICIA LTDA,1,67500.0,500.0,1,1,135.0
04307650001530,ONCO PROD DISTRIBUIDORA DE PRODUTOS HOSPITALARES E ONCOLOGICOS LTDA.,1,67466.0,350.0,1,1,192.76
04648801000119,SUL SERVICES COMERCIO E ASSISTENCIA TECNICA DE EQUIPAMENTOS A SAUDE LTDA,4,67329.0,221100.0,2,2,0.30451831750339214
07946202000170,PHARMATEX COMERCIAL DE PRODUTOS HOSPITALARES LTDA,30,67216.47,124858.0,19,20,0.5383433180092585
19785901000164,J2 TEXTIL INDUSTRIA E COMERCIO DE CONFECCOES LTDA,1,67097.6,104840.0,1,1,0.64
43192344000152,LA VITTA PRODUTOS HIGIENICOS LTDA,1,66450.0,5000.0,1,1,13.29
00647935000164,MASTER DIAGNOSTICA PRODUTOS LABORATORIAIS E HOSPITALARES LTDA.,14,66049.54,8067.0,7,7,8.187621172678814
37585703000139,HIGIA FABRICACAO DE ACESSORIOS PARA SEGURANCA LTDA,2,65984.0,7600.0,2,2,8.682105263157895
09244998000144,INDUSTRIA E COMERCIO DE PRODUTOS CIENTIFICOS PERFECTA LTDA.,13,65758.05,37255.0,8,8,1.7650798550530131
03213418000175,BUNKER COMERCIAL LTDA,2,65284.8,725.0,2,2,90.048
55238398000190,HELTER IND E COM DE EQUIPAMENTOS HOSPITALARES LTDA,4,65280.0,96000.0,1,1,0.68
72905839000180,A.DE OLIVEIRA FORTUNA,20,65056.0,1345.0,10,9,48.368773234200745
21763327000195,ANGELUS PRIMA DENTAL LTDA,25,64985.73,5968.0,16,11,10.889029825737266
07489080000130,RAZEK EQUIPAMENTOS LTDA,5,64600.0,170.0,1,1,380.0
12456120000187,ALPHALIFE MATERIAIS MEDICO HOSPITALARES LTDA,13,64589.9,1347.0,3,3,47.950927988121755
84859552000140,STERMAX PRODUTOS MEDICOS LTDA,10,64298.3,21546.0,8,8,2.9842337324793466
03050898000109,MINAS MED IND COM DE FIXADORES ORTOPEDICOS E IMPLANTES LTDA,4,64124.63,82.0,1,1,782.0076829268293
02660623000116,MEDPHAR FARMACEUTICA LTDA,9,63583.36,1383960.0,6,5,0.045943061938206305
34533298000117,CRUZ DISTRIBUIDORA DE DESCARTAVEIS LTDA,4,62981.0,104140.0,4,4,0.6047724217399655
03476067000195,FORT FLEX COMERCIAL LTDA,14,62774.0,168205.0,10,9,0.37319936981659285
03974404000174,ORTOBIO - INDUSTRIA E COMERCIO DE PRODUTOS ORTOPEDICOS LTDA,28,62649.59,1588.0,4,4,39.45188287153652
54516661000101,JOHNSON & JOHNSON DO BRASIL INDUSTRIA E COMERCIO DE PRODUTOS PARA SAUDE LTDA.,27,62445.84,1653.0,8,10,37.777277676950995
10467576000117,PRIME CIRURGICA IMPORTACAO E EXPORTACAO E COMERCIO DE PRODUTOS ORTOPEDICOS LTDA,8,62381.6,6762.0,5,7,9.225317953268263
06157734000165,GLOBAL TEC INDUSTRIA E COMERCIO DE PRODUTOS MEDICOS LTDA,32,62368.922,38904.0,17,18,1.6031493419699774
06103122000270,BALLKE PRODUTOS HOSPITALARES LTDA,15,62243.66,28944.0,6,8,2.150485765616363
31864051000195,PLAST LABOR IND.E COM.DE EQUIP.HOSP.E LABORATORIO LTDA,4,62229.0,8400.0,3,3,7.408214285714286
76619113000131,LABORCLIN PROD PARA LABORATORIOS LIMITADA,35,62137.45,3795.0,10,8,16.3735046113307
94311032000151,INDUSTRIA DE COSMETICOS EVIDENCY LTDA,1,62025.6,13632.0,1,1,4.55
12817515000168,SAUTEC INDUSTRIA DE MAQUINAS LTDA,1,62010.0,13250.0,1,1,4.68
18429007000199,SOLIDSTEEL INDUSTRIA E COMERCIO DE EQUIPAMENTOS LABORATORIAIS LTDA,31,61572.699,23653.0,14,19,2.6031665750644737
01025974000192,"VINCULA INDUSTRIA, COMERCIO, IMPORTACAO E EXPORTACAO DE IMPLANTES S.A.",5,61291.97,9.0,2,2,6810.218888888889
02816696000154,PONTAMED FARMACEUTICA LTDA,1,60600.0,300000.0,1,1,0.202
05922811000163,MAGNA MEDICA COMERCIO DE PRODUTOS MEDICOS HOSPITALARES LTDA.,9,60593.9,586.0,4,4,103.40255972696247
91408732000170,INBRAMED-INDUST. BRASILEIRA DE EQUIPTOS. MEDICOS LTDA,1,60580.0,1.0,1,1,60580.0
04998667000186,EQUIPAR GASTRO ACESSORIOS LTDA,1,60480.0,27000.0,1,1,2.24
47567797000177,MIRAGE INDUSTRIA E COMERCIO DE PECAS LTDA,5,60470.0,6958.0,5,5,8.690715722908882
08342212000169,BRASMEDICAL INDUSTRIA E COMERCIO DE PRODUTOS PARA SAUDE LTDA,3,60414.8,123.0,3,2,491.17723577235773
93896397001447,MERCUR S A,11,60012.15,942.0,6,6,63.70716560509554
06145976000139,BIOMETRIX DIAGNOSTICA LTDA,1,59850.0,30.0,1,1,1995.0
07933336000156,PARQUIMICA INDUSTRIAS LTDA,7,59441.0,30094.0,5,5,1.9751777763009237
08311856000190,IMPACTO PRODUTOS MEDICOS E HOSPITALARES LTDA,11,59171.0,6765.0,4,5,8.746637102734663
08781956000180,SOINVIE DO BRASIL LTDA,12,59035.715,628550.0,3,3,0.09392365762469175
24922642000106,ECO VIDA COMERCIO E INDUSTRIA DE EMBALAGENS PLASTICA LTDA,1,59000.0,10000.0,1,1,5.9
21983850000127,SAM MEDIC INDUSTRIA DE EQUIPAMENTOS HOSPITALARES LTDA,3,58839.8,42.0,3,3,1400.9476190476191
07506786000162,PORTELA & LIMA LTDA,4,58646.0,126745.0,3,3,0.4627085881099846
02513899000252,GRIFOLS BRASIL LTDA,1,58645.4,46.0,1,1,1274.9
04948894000105,GPACK ECO EMBALAGENS LTDA,2,58600.0,200000.0,1,1,0.293
04522343000177,FARMACIA DE MANIPULACAO IDEAL FORMULAS LTDA,4,57731.992,3540.0,1,1,16.30847231638418
38184168000177,VALENMED INDUSTRIA E COMERCIO DE PRODUTOS DESCARTAVEIS LTDA,3,57683.2,30600.0,2,3,1.8850718954248364
06316353000181,DIMAVE EQUIPAMENTOS MEDICOS LTDA,2,57220.0,5002.0,2,2,11.439424230307877
10702092000610,"VCH - IMPORTADORA, EXPORTADORA E DISTRIBUICAO DE PRODUTOS LTDA",9,56470.0,3440.0,6,5,16.415697674418606
37365601000108,OLIVEIRA INDUSTRIA E COMERCIO LTDA,2,56385.0,60000.0,1,2,0.93975
72183387000170,LUPLAST IND E COM DE PLASTICOS LTDA,6,56234.6,25790.0,6,3,2.1804808065141525
49475833001765,BIOLAB SANUS FARMACEUTICA LTDA,9,56170.4,169890.0,8,9,0.33062805344634766
61186938000132,KODAK BRASILEIRA COMERCIO DE PRODUTOS PARA IMAGEM E SERVICOS LTDA,17,55189.92,1420.0,6,7,38.86614084507042
12889035000102,INOVAMED HOSPITALAR LTDA,2,54747.2,50100.0,2,1,1.092758483033932
37189427000190,VELINI & JUSSANI COMERCIO DE PRODUTOS ALIMENTICIOS NUTRACEUTICOS LTDA,2,54716.5141,172101.0,2,1,0.31793257505766964
47388533000156,METALURGICA FAVA INDUSTRIA E COMERCIO LTDA EM RECUPERACAO JUDICIAL,78,54646.63,4149.0,23,28,13.171036394311882
13977106000191,EBD BIOTECH IMPORTACAO E COMERCIO DE PRODUTOS MEDICOS HOSPITALARES LTDA,12,54381.3,27491.0,7,6,1.9781492124695357
14829598000130,HERBAMED LABORATORIO NUTRACEUTICO LTDA,7,54369.45,443580.0,5,4,0.12256966048965237
43179225000160,TRANSMAI EQUIPAMENTOS MEDICOS HOSPITALARES LTDA,11,54197.52,28070.0,9,10,1.9307987174919843
10921809000100,D3JF EMPREENDIMENTOS COMERCIAIS LTDA,12,53821.35,21372.0,5,7,2.5183113419427285
20512546000139,HEALTH & LIFE MEDICAL DO BRASIL LTDA,7,53672.9,13240.0,4,3,4.053844410876133
61455192000204,TRB PHARMA INDUSTRIA QUIMICA E FARMACEUTICA LTDA,4,52692.08,2408.0,4,4,21.882093023255816
56921166000103,VIRBAC DO BRASIL INDUSTRIA E COMERCIO LTDA,3,52565.7,272.0,1,3,193.25625
61461034000178,CARCI INDUSTRIA E COMERCIO DE APARELHOS CIRURGICOS E ORTOPEDICOS LTDA,26,52523.58,1755.0,14,15,29.927965811965812
90059171000260,POLI TAPE INDUSTRIA E COMERCIO DE FITAS ADESIVAS LTDA,16,52509.71,15412.0,14,11,3.407066571502725
28570692000122,PHARMA STAR COMERCIO DE MEDICAMENTOS LTDA,9,52452.0,11740.0,7,6,4.467802385008518
73279044000176,ORTUS IND. E COM. LTDA,8,52202.0,202.0,5,4,258.4257425742574
05652247000106,LUMIAR HEALTH BUILDERS EQUIPAMENTOS HOSPITALARES LTDA,14,52140.64,6391.0,6,4,8.158447817242998
58511270000147,SONICLEAR INDUSTRIA COMERCIO IMPORTACAO E EXP LTDA,9,51882.55,2958.0,8,8,17.53973968897904
37124240000108,FARMAUSA PHARMACEUTICAL LTDA.,3,51420.0,321.0,3,2,160.18691588785046
08172563000179,4 R INDUSTRIA E COMERCIO DE TUBOS DE LATEX LTDA.,28,51213.01,2089.0,16,18,24.51556247008138
02946060000127,PROLINE INDUSTRIA E COMERCIO LTDA,16,51114.338,4685.0,11,12,10.910210885805764
61269320000136,ALCOOL SANTA CRUZ LTDA,16,50976.332,7360.0,11,10,6.926132065217391
30872270000153,PF CONSUMER HEALTHCARE BRAZIL IMPORTADORA E DISTRIBUIDORA DE MEDICAMENTOS LTDA,3,50582.9,7120.0,3,3,7.1043398876404495
03361364000195,ORGANON - TECNOLOGIA APLICADA LTDA,4,50412.7904,14112.0,3,3,3.5723349206349204
05142442000196,SOL PRO+MED COMERCIO DE PRODUTOS MEDICOS E HOSPITALARES LTDA,35,50359.44,30565.0,8,10,1.6476178635694423
00749145000190,FDA ALLERGENIC FARMACEUTICA LTDA,8,50350.0,17.0,1,2,2961.764705882353
43576016000150,ICE- INSTRUMENTOS CIRURGICOS ESMERALDA LTDA,19,50330.4,570.0,2,2,88.29894736842105
07125645000108,EUROFRAL INDUSTRIA DE PRODUTOS HIGIENICOS E TERMOPLASTICOS LTDA,8,50279.0,48100.0,3,5,1.0453014553014552
00546993000100,MEDICAL DEVICE PRODUTOS E MATERIAIS HOSPITALARES LTDA,7,50216.0,50122.0,3,3,1.001875423965524
12098843000151,BM3 IMPORTACAO E EXPORTACAO LTDA,2,50200.0,4500.0,2,2,11.155555555555555
07334239000147,C M MEDICAL COMERCIAL HOSPITALAR LTDA,2,50145.2,26.0,2,2,1928.6615384615384
83062174000106,AZEPLAST INDUSTRIA E COMERCIO LTDA,5,49795.7,7310.0,3,3,6.811997264021888
03989600000112,ALLA BRASIL LTDA,4,49624.8,284.0,3,3,174.73521126760565
24994990000199,FOXMED MEDICAMENTOS E PRODUTOS HOSPITALARES LTDA,7,49531.86,8380.0,6,6,5.910723150357995
03627008000170,CLINMED - INDUSTRIA E COMERCIO LTDA,91,49527.6052,7575.0,23,16,6.538297716171617
01417367000178,ARKTUS INDUSTRIA E COMERCIO DE PRODUTOS PARA SAUDE LTDA.,43,49469.14,2614.0,11,18,18.92469013006886
12229415000110,S A USINA CORURIPE ACUCAR E ALCOOL,2,49268.8,8080.0,2,2,6.097623762376238
05328961000143,INSETIMAX INDUSTRIA QUIMICA LTDA,1,49240.0,1000.0,1,1,49.24
54178983000180,HOSPIMETAL INDUST METALURG DE EQUIP HOSPITALARES LTDA,2,49139.33,301.0,2,2,163.2535880398671
64711500000203,UCB BIOPHARMA LTDA.,4,49118.12,7600.0,4,4,6.46291052631579
01912177000127,AMERICAN MEDICAL DO BRASIL LTDA,6,49048.0,35155.0,3,4,1.3951927179633055
07459952000117,MELHOR BRILHO COSMETICOS E PRODUTOS DE LIMPEZA LTDA,1,48960.0,12000.0,1,1,4.08
05788117000103,METALIC MEDICAL PRODUTOS HOSPITALARES LTDA,21,48913.07,17118.0,12,11,2.8574056548662226
10948986000180,TOPMEDICAL COMERCIO E REPRESENTACAO DE PRODUTOS MEDICO-HOSPITALARES LTDA,42,48906.62,28391.0,7,8,1.722609982036561
04198372000125,RENASCER IND. E COM. DE MOVEIS HOSPITALARES LTDA,14,48767.31,369.0,8,9,132.16073170731707
28123417000160,PARTNER FARMA DISTRIBUIDORA DE MEDICAMENTOS LTDA,5,48757.2,11800.0,2,2,4.131966101694915
29223425000141,FORTSEC INDUSTRIA & COMERCIO DE PRODUTOS DE HIGIENE LTDA,1,48680.0,50000.0,1,1,0.9736
30984754000194,DIAGFAST PRODUTOS PARA LABORATORIOS LTDA,15,48396.18,229.0,4,4,211.3370305676856
05211777000119,CAPERPASS INDUSTRIA E COMERCIO DE ARTIGOS PLASTICOS LTDA,4,48350.0,61000.0,4,2,0.7926229508196722
00133418000177,IBRAMED INDUSTRIA BRASILEIRA DE EQUIPAMENTOS MEDICOS LTDA,21,48344.33,63.0,12,14,767.3703174603174
05340608000189,SIPROLIMP - SIMIONATO PRODUTOS DE LIMPEZA LTDA,2,48300.0,10000.0,2,1,4.83
09007247000295,FIBRA CIRURGICA LTDA,33,48189.3,56036.0,5,9,0.8599703761867371
06173145000170,DIAMANTEC PRODUTOS ODONTOLOGICOS LTDA,14,48069.795,2727.0,8,8,17.627354235423542
11014549000151,BIOFLORENCE IMPLEMENTOS ORTOPEDICOS LTDA,10,47919.02,348.0,7,8,137.69833333333332
00980360000288,ECO3 DO BRASIL LTDA.,8,47525.18,288.0,8,7,165.0179861111111
22910512000128,SUTUMED INDUSTRIA E COMERCIO DE PRODUTOS CIRURGICOS LTDA,21,47249.44,36408.0,5,2,1.2977763128982642
01395137000155,RACHEL DE SA BARRETO CALLOU,5,46625.1,153.0,4,4,304.7392156862745
42160812000144,BECKMAN COULTER DO BRASIL COMERCIO E IMPORTACAO DE PRODUTOS DE LABORATORIO LTDA,5,46499.64,19324.0,4,4,2.406315462637135
27029083000106,ODONTOMASTER COMERCIO DE PRODUTOS PARA SAUDE LTDA,3,46286.06,20022.0,2,3,2.311760063929677
33051491000159,LABORATORIOS PIERRE FABRE DO BRASIL LTDA,11,46241.06,280.0,5,9,165.14664285714284
01334368000159,ULTRAPLAST IND.E COM.DE SACOLAS PLASTICAS LTDA,2,46230.0,6660.0,2,2,6.941441441441442
59225268000174,SOQUIMICA LABORATORIOS LTDA,2,45915.0,250500.0,2,1,0.1832934131736527
18520715000130,SCAN DIAGNOSTICA INDUSTRIA E COMERCIO LTDA,33,45782.94,739.0,7,9,61.95255751014885
57680605000198,JON INDUSTRIA E COMERCIO DE PRODUTOS ODONTOLOGICOS LTDA,24,45512.75,394.0,16,14,115.51459390862944
05268490000125,BRASIL PHARMA HOSPITALAR LTDA,6,44831.66,57450.0,5,6,0.7803596170583116
09423516000113,"MEDICAL BRAZIL IMPORTACAO, EXPORTACAO E COMERCIO DE PRODUTOS MEDICOS LTDA",7,44727.05,35944.0,6,6,1.2443537168929446
10351637000186,MEAD JOHNSON DO BRASIL COMERCIO E IMPORTACAO DE PRODUTOS DE NUTRICAO LTDA.,5,44469.0,572.0,3,3,77.74300699300699
01648513000176,PKB PRODUTOS QUIMICOS LTDA,3,44413.0,6650.0,1,1,6.678646616541354
07453785000369,PHARMEDIC PHARMACEUTICALS IMPORTACAO EXPORTACAO DISTRIBUICAO COMERCIO E REPRESENTACOES LTDA,3,44371.5,48100.0,3,3,0.9224844074844075
27806274000129,PROMEDI DISTRIBUIDORA DE PRODUTOS HOSPITALARES LTDA,3,44346.0,12780.0,1,1,3.4699530516431927
67172692000126,"ACE FLAIBAM, INDUSTRIA, COMERCIO, IMPORTACAO E EXPORTACAO LTDA",3,44322.0,57300.0,1,1,0.7735078534031413
16741684000112,UNICENTER PHARMA INDUSTRIA E COMERCIO LTDA.,19,44289.79,42100.0,9,9,1.0520140142517815
00789243000150,LOURENCI E LOURENCI LTDA,3,44138.0,4200.0,3,3,10.50904761904762
07491529000102,CKTRADE - IMPORTACAO E EXPORTACAO LTDA,2,44114.0,236.0,2,2,186.92372881355934
54858014000501,ESSITY SOLUCOES MEDICAS DO BRASIL COMERCIO E DISTRIBUICAO LTDA.,8,44113.6,18485.0,2,2,2.3864538815255614
17256512000116,DROGARIA ARAUJO S A,13,43954.23,42236.0,8,9,1.0406816459892037
20451726000239,SALUTEM COMERCIO DE MOVEIS HOSPITALARES LTDA,15,43723.66,98.0,7,9,446.15979591836737
30820069000203,M2LIFE COMERCIAL IMPORTADORA E EXPORTADORA LTDA,7,43683.0,39200.0,2,3,1.114362244897959
06150367000178,ANDRAMED INDUSTRIA E COMERCIO DE PRODUTOS PARA USO MEDICO LTDA,6,43399.1,26360.0,6,6,1.6463998482549316
10330618000173,UNEMOL EQUIPAMENTOS ELETROMEDICOS LTDA,9,43161.69,143.0,2,3,301.83000000000004
01140868000150,CIRURGICA OLIMPIO LTDA,1,42969.0,20.0,1,1,2148.45
08044106000107,ALT - EQUIPAMENTOS MEDICOS ODONTOLOGICOS LTDA,7,42952.144,116.0,5,5,370.27710344827585
22949063000121,MEDIHOSP DISTRIBUIDORA DE MATERIAIS MEDICO-HOSPITALARES LTDA,2,42596.4,260.0,1,1,163.8323076923077
31131938000174,MEDIC PRODUTOS PARA SAUDE LTDA,10,42023.59,9653.0,4,4,4.353422770123277
27468000000177,MED COMPANY - INDUSTRIA TEXTIL LTDA,5,41979.64,4378.0,4,4,9.588771128369117
83821280000126,MGF COMERCIO DE COSMETICOS LTDA,5,41953.25,12785.0,4,5,3.281443097379742
35927779000170,T A - INDUSTRIA E FACCAO DE ARTIGOS PARA O VESTUARIO LTDA,1,41880.0,12000.0,1,1,3.49
07610601000165,"GLOBAL TRADE TECHNOLOGY COMERCIO, IMPORTACAO E EXPORTACAO LTDA",12,41820.45,22603.0,10,12,1.8502167853824711
33524950000174,LABORATORIO BRASILEIRO DE BIOLOGIA LTDA,4,41820.0,12300.0,4,4,3.4
04440002000152,RHOSSE INSTRUMENTOS E EQUIPAMENTOS CIRURGICOS LTDA,4,41811.15,195.0,3,3,214.41615384615386
08406353000106,ALEXANDRE ASSUNCAO BASTOS,2,41749.0,200.0,1,2,208.745
17926587000167,ABA INDUSTRIA E COMERCIO DE DESCARTAVEIS LTDA,4,41635.0,5000.0,3,4,8.327
01339015000141,PLASTPEROLA INDUSTRIA E COMERCIO DE PLASTICOS LTDA,3,41520.0,7724.0,3,3,5.375453133091662
04909848000270,"ML COMERCIO, IMPORTACAO E EXPORTACAO DE MATERIAL MEDICO HOSPITALAR LTDA - EM RECUPERACAO JUDICIAL",7,41029.1,10256.0,7,7,4.000497269890795
43728100000141,BC MED HOSPITALAR LTDA,10,40927.18,35342.0,4,4,1.1580323694188217
01101363000186,DENTALVILLE DO BRASIL LTDA,4,40877.34,4881.0,4,3,8.37478795328826
15652912000115,INFUSAO HOSPITALAR LTDA,8,40620.0,47390.0,7,8,0.8571428571428571
04470103000176,BIOTECNO INDUSTRIA E COMERCIO LTDA,3,40350.0,5015.0,3,3,8.045862412761714
10554289000144,BRASFARMA COMERCIAL LTDA,17,40303.0,132510.0,7,10,0.3041506301411214
12342435000101,PHBR MEDICAL COMERCIO E LOCACAO DE PRODUTOS MEDICOS LTDA,1,40205.0,4300.0,1,1,9.35
38907770000195,PRISMA INSTRUMENTOS ODONTOLOGICOS LTDA,33,39957.094,829.0,15,15,48.19914837153196
02534069000120,BIOTECNICA INDUSTRIA E COMERCIO LTDA,13,39896.92,52183.0,7,8,0.7645578061820899
02068375000119,MEDICICOR COMERCIAL LTDA,5,39870.3,395.0,5,5,100.9374683544304
08803423000151,KOP DO BRASIL INDUSTRIAS FARMACEUTICAS LTDA,1,39576.0,2400.0,1,1,16.49
36758579000101,HIGIAL INDUSTRIA QUIMICA LTDA,3,39477.0,65350.0,2,1,0.6040856924254017
05756446000164,LENCOBRAS INDUSTRIA E COMERCIO DE LENCOS UMEDECIDOS LTDA.,2,39419.2,5960.0,2,2,6.613959731543623
12082502000198,PRIME MATERIAL MEDICO HOSPITALAR LTDA,14,39263.2,10495.0,4,8,3.741133873272987
05066730000109,DORALICE ALVES DA COSTA SILVA E CIA LTDA,1,38760.0,500.0,1,1,77.52
04247439000174,FARMACIA DE MANIPULACAO E HOMEOPATIA ANA PAULA FALCAO LTDA,1,38502.0,41400.0,1,1,0.93
61101895000145,SANTHER FABRICA DE PAPEL SANTA THEREZINHA S/A,5,38337.19,29748.0,3,3,1.2887316794406347
08325711000490,BELEM FARMACIA E MANIPULACAO LTDA,2,37785.0,700.0,1,1,53.97857142857143
05234897000131,"NATEK NATUREZA E TECNOLOGIA, INDUSTRIA E COMERCIO DE PRODUTOS BIOTECNOLOGICOS LTDA",3,37538.0,8200.0,3,3,4.577804878048781
80246309000103,CAOBIANCO MATERIAIS MEDICOS E HOSPITALARES LTDA,1,37470.0,300.0,1,1,124.9
11336271000139,CALURG BOBINAS E BOCAIS LTDA,7,37361.75,2725.0,5,5,13.710733944954129
33109356000117,CASA GRANADO LABORATORIOS FARMACIAS E DROGARIAS S A,14,37295.46,14318.0,9,8,2.604795362480793
13598814000111,AS2 COMERCIO IMPORTACAO E EXPORTACAO LTDA,4,36821.4,32.0,2,2,1150.66875
61409843000130,MARCATTO FORTINOX INDUSTRIAL LTDA,5,36539.0,920.0,4,4,39.71630434782609
31401798000107,DENTAL BH BRASIL COMERCIO DE PRODUTOS ODONTO-MEDICO-HOSPITALAR LTDA,5,36424.88,1368.0,2,2,26.626374269005847
02095031000107,PHT DO BRASIL COMERCIO LTDA,1,36000.0,1200.0,1,1,30.0
88303433000167,ITM INDUSTRIA DE TECNOLOGIAS MEDICAS LTDA.,1,36000.0,600.0,1,1,60.0
54516661008005,JOHNSON & JOHNSON DO BRASIL INDUSTRIA E COMERCIO DE PRODUTOS PARA SAUDE LTDA.,13,35943.12,19668.0,1,1,1.8274923733984139
34883104000103,RAPIDA INDUSTRIA DE PRODUTOS PARA SAUDE LTDA,1,35860.0,2000.0,1,1,17.93
11906456000131,MANU SERVICOS DE APOIO ADMINISTRATIVOS LTDA,10,35701.07,36630.0,8,8,0.9746401856401856
61148037000156,ORTOPRATIKA INDUSTRIA E COMERCIO LTDA,13,35647.2,10206.0,7,7,3.492768959435626
05400006000170,FABMED DISTRIBUIDORA HOSPITALAR LTDA,3,35624.88,5658.0,3,3,6.2963732767762455
01299649000118,CHEMITEC AGRO-VETERINARIA LTDA,9,35249.2,2078.0,6,7,16.963041385948024
35785276000107,LUCIANO SERGIO GUIMARAES DE SA BARRETO,1,35200.0,55.0,1,1,640.0
20541898000112,MEDICAL LOG COMERCIO E INDUSTRIA DE PRODUTOS MEDICOS LTDA,14,35075.5,38050.0,3,3,0.9218265440210249
20140256000101,IMPERIAL COMERCIO DE PRODUTOS HOSPITALARES LTDA,3,34676.52,25.0,1,2,1387.0608
06697493000147,REINALDO PERSONA FARMACIA DE MANIPULACAO LTDA,10,34375.0,112500.0,4,2,0.3055555555555556
94869054000131,LABORATORIOS LIBRA DO BRASIL LTDA,5,34307.52,1384.0,1,1,24.78867052023121
67444422000127,ADDISON INDUSTRIA E COMERCIO LTDA,1,34056.6,620.0,1,1,54.93
61517397000188,THERASKIN FARMACEUTICA LTDA.,15,34033.25,1555.0,8,13,21.886334405144694
13530909000101,BESSERDENTAL PRODUTOS ODONTOLOGICOS LTDA,100,33977.16,18498.0,3,3,1.8368018164125854
46658233000187,INDUSTRIA TEXTIL COLINA LTDA,23,33907.0436,30466.0,7,3,1.1129470097813956
22391828000150,"INJET MED INDUSTRIA, COMERCIO, IMPORTACAO E EXPORTACAO DE PRODUTOS MEDICOS HOSPITALARES LTDA",27,33885.4,55120.0,11,10,0.6147568940493469
33060302000104,CENTRO AUDITIVO TELEX LTDA,1,33857.0,1.0,1,1,33857.0
23351545000148,"CONMED DO BRASIL COMERCIO, IMPORTACAO E EXPORTACAO DE PRODUTOS MEDICOS HOSPITALARES LTDA",3,33800.0,100.0,3,3,338.0
07847837000110,CIENTIFICA MEDICA HOSPITALAR LTDA,2,33672.0,80840.0,2,2,0.4165264720435428
13547970000153,ELISVANDIA MATOS DONINI LTDA,2,33592.6,17020.0,2,2,1.973713278495887
17406286000102,MAIS SAUDE MATERIAL HOSPITALAR LTDA,3,33575.0,5250.0,3,3,6.395238095238096
10493969000103,TC ATUAL COMERCIO DE MEDICAMENTOS LTDA,2,33570.6,3180.0,2,2,10.556792452830189
27401513000160,DEVANT CARE COMERCIAL LTDA,4,33517.2,19320.0,2,1,1.7348447204968942
06923493000118,MEDFIO INDUSTRIA E COMERCIO DE ARTIGOS ODONTOLOGICOS LTDA.,13,33250.1,15590.0,8,8,2.1327838357921745
09304376000164,TOTH - DESENVOLVIMENTO TECNOLOGICO LTDA,2,33200.0,1030.0,2,2,32.23300970873787
07127606000131,ELISMED COMERCIAL DE EQUIPAMENTOS E MATERIAIS MEDICOS LTDA,2,33047.6,1760.0,2,2,18.777045454545455
81022832000100,ODONTO PROTESE COMERCIAL LTDA,3,33040.14,480.0,3,3,68.833625
12936032000182,DENTAL COMERCIO DE PRODUTOS ODONTO-MEDICOS LTDA,24,32934.6,2760.0,3,4,11.93282608695652
16833189000133,"E.V.A. SOLUCOES - IMPORTACAO, INDUSTRIA E COMERCIO LTDA",3,32845.0,12550.0,3,2,2.617131474103586
04167746000145,BELLPLUS INDUSTRIA E COMERCIO DE COSMETICOS LTDA,2,32794.0,3000.0,1,2,10.931333333333333
67065110000102,C.D.S. ARTEFATOS DE PLASTICOS E METALICOS LTDA,11,32764.15,91.0,8,8,360.0456043956044
27656480000108,PROATIVA HOSPITALAR LTDA,1,32500.0,5000.0,1,1,6.5
60619202003406,MESSER GASES LTDA.,2,32460.0,541.0,1,1,60.0
01592547000196,ESSENCIAL COSMETICOS INDUSTRIA LTDA,2,32344.4,3620.0,2,1,8.934917127071824
06137725000102,PROTECNI EQUIPAMENTOS LTDA,5,32292.6,1538.0,5,5,20.996488946684003
17405589000100,"W AHMED COMERCIO, IMPORTACAO E EXPORTACAO DE ARTIGOS DE CUTELARIA",23,32168.9,1300.0,10,8,24.745307692307694
89738173000115,SANREMO S/A,32,31847.83,28520.0,11,11,1.1166840813464236
02914028000160,CARINHO INDUSTRIA COMERCIO IMPORTACAO E EXPORTACAO LTDA,1,31800.0,60000.0,1,1,0.53
11050321000117,GIGANTE PRODUTOS MEDICOS LTDA,1,31767.0,3.0,1,1,10589.0
72979305000106,ALERGOSHOP PRODUTOS PARA ALERGICOS LTDA,3,31731.1,1175.0,2,2,27.0051914893617
24325781000152,MD FARMA DISTRIBUIDOR ATACADISTA LTDA,11,31692.46,116.0,1,3,273.2108620689655
80330046000108,PROGRAD COMERCIAL MEDICA LTDA,33,31612.08,333.0,5,6,94.93117117117117
28614626000107,LABORATORIO DE EXTRATOS ALERGENICOS LTDA,5,31520.0,105500.0,2,1,0.29876777251184833
11367066000130,"ALPHARAD INDUSTRIA, COMERCIO, IMPORTACAO E EXPORTACAO DE PRODUTOS HOSPITALARES LTDA",2,31500.0,7000.0,2,2,4.5
20235404000171,DCB DISTRIBUIDORA CIRURGICA BRASILEIRA LTDA,1,31500.0,450000.0,1,1,0.07
05150878000127,HEALTH QUALITY - INDUSTRIA E COMERCIO LTDA,13,31490.8,14930.0,9,10,2.1092297387809777
45569555000782,CATALENT BRASIL LTDA.,7,31391.2,89450.0,7,6,0.35093571827836784
09121524000105,SEVEN COMERCIO DE PRODUTOS BIOTECNOLOGICOS LTDA,1,31356.0,300.0,1,1,104.52
01221540000168,PRO-FORMULA ABC COSMETICOS LTDA,4,31354.1,4206.0,3,3,7.454612458392772
35411429000156,AVVIO INDUSTRIA & CIA LTDA,6,31123.68,5058.0,6,5,6.153357058125741
40809626000168,BIOWELL AMERICA LTDA,18,31023.5,47880.0,3,3,0.6479427736006683
00969061000161,CARBOGEL INDUSTRIA E COMERCIO LTDA,20,30968.76,5082.0,18,16,6.093813459268004
03317467000158,LABOR LINE INDUSTRIA E COMERCIO DE EQUIPAMENTOS HOSPITALARES E LABORATORIAIS LTDA,12,30718.07,10853.0,12,12,2.830375932921773
10483434000143,CASA DAS FORMULAS FARMACIA E MANIPULACAO LTDA,11,30647.54,10198.0,5,1,3.0052500490292213
61755443000187,INDUSTRIA E COM DE PRODUTOS ALIMENTICIOS TIGRINHO LTDA,5,30570.0,79800.0,1,1,0.3830827067669173
10229835000171,PDX POINT DIAMOND INDUSTRIA E COMERCIO DE FERRAMENTAS ODONTOLOGICAS LTDA,13,30380.6,1055.0,2,4,28.79677725118483
05761666000186,SANAFARMA IND. & COM. DE PRODUTOS QUIMICOS E FARMACEUTICOS LTDA - ME,11,30330.7,17215.0,9,11,1.7618762706941622
48203210000103,KONEX INDUSTRIA E COMERCIO LTDA,48,30294.06,933.0,7,7,32.469517684887464
09224765000180,LIFE MED PRODUTOS HOSPITALARES LTDA,3,30273.0,1080.0,2,2,28.030555555555555
07531955000114,POUL SORENSEN INDUSTRIA E COMERCIO DE PRODUTOS ODONTOLOGICOS LTDA,90,30243.8,8694.0,9,9,3.478697952610996
09300300000160,LEMARC PRODUTOS MEDICOS HOSPITALARES LTDA,4,30214.0,2063.0,2,2,14.645661657779932
60858552000167,ARTIGOS ODONTOLOGICOS CLASSICO LTDA,11,30045.1,820.0,2,2,36.64036585365854
19858683000140,LIMAFARMA DROGARIA LTDA,1,30000.0,2000.0,1,1,15.0
04067132000191,FAREX DO BRASIL LTDA,5,29993.4,16980.0,5,5,1.7663957597173146
38646188000112,ANTARES QUIMICA LTDA,13,29924.4,2139.0,9,9,13.989901823281908
02340772000106,CIRURGICA COPACABANA 2000 LTDA,7,29909.0,1435.0,4,6,20.842508710801393
08745092000140,BECARI COMERCIAL DE PRODUTOS E EQUIPAMENTOS PARA LABORATORIOS LTDA,13,29870.0,12630.0,5,5,2.365003958828187
09572573000164,SWAB CB BRASIL INDUSTRIA DE PRODUTOS LABORATORIAIS LTDA,2,29860.0,68000.0,2,2,0.43911764705882356
10788872000209,FORTUNE SERVICOS LTDA,4,29726.3,135.0,2,2,220.1948148148148
61338844000131,HONEYWELL DO BRASIL LTDA.,12,29692.35,643.0,3,3,46.17783825816485
03869977000138,W.S. COMPRESSA DE GAZE LTDA,1,29340.0,2000.0,1,1,14.67
54103981000121,DAKON COMERCIO DE COSMETICOS LTDA,1,29260.0,2000.0,1,1,14.63
28938645000199,PINUS INDUSTRIA QUIMICA E FARMACEUTICA LTDA,1,29250.0,4500.0,1,1,6.5
69163970000104,"EYETEC EQUIPAMENTOS OFTALMICOS,INDUSTRIA, COMERCIO, IMPORTACAO E EXPORTACAO LTDA",2,29250.0,4.0,2,2,7312.5
28993612000141,BIOTEK COMERCIO DE MATERIAIS MEDICOS HOSPITALARES LTDA,6,29206.5,980.0,1,1,29.802551020408163
90607656000160,IODONTEC INDUSTRIA E COMERCIO DE PRODUTOS ODONTOLOGICOS LTDA,14,29156.48,4822.0,6,6,6.046553297386977
25407581000101,NANOSENS LTDA.,1,29100.0,3000.0,1,1,9.7
53144929000150,XENONIO INDUSTRIA DE EQUIPAMENTOS MEDICOS LTDA,4,29016.0,6.0,2,2,4836.0
00671994000178,GIROGAZ COMERCIAL DE OXIGENIO LTDA,4,28799.8,390.0,2,2,73.84564102564103
20399316000105,"TECHPROL SERVICOS, COMERCIO E LOCACOES LTDA",12,28670.15,2866.0,7,10,10.00354152128402
27156872000108,VILLE COMERCIO E SERVICOS DE MOVEIS LTDA,4,28487.0,5563.0,3,3,5.120798130505123
48580492000168,HAL INDUSTRIA E COMERCIO LTDA,8,28346.3,6835.0,8,6,4.147227505486467
03959540000195,CHEMICALTECH FARMACEUTICA LTDA,8,28334.1,645.0,4,6,43.92883720930232
23232280000169,ZUCK PAPEIS LTDA,1,28324.8,3000.0,1,1,9.4416
19691725000100,SERRAMED PRODUTOS HOSPITALARES LTDA,1,28250.0,2260.0,1,1,12.5
20258278000170,OURO FINO SAUDE ANIMAL PARTICIPACOES S.A.,1,28208.0,400.0,1,1,70.52
25151542000196,LIFY BRASIL MOVEIS LTDA,3,28147.83,34.0,2,3,827.8773529411765
00072182000106,ROSSI PRODUTOS HOSPITALARES LTDA,2,27875.0,1650.0,1,1,16.893939393939394
26003887000165,DESCARTATA CONFECCOES LTDA,2,27787.2,456.0,1,1,60.93684210526316
17935938000104,MAXX INDUSTRIA E COMERCIO DE PAPEL LTDA,6,27745.88,4124.0,6,6,6.727904946653735
06022494000191,TIAGO BALDOCCHI GIANFRATTI,4,27743.1,247.0,3,3,112.32024291497976
84932979000630,BONA FARMA LTDA,1,27738.5,9565.0,1,1,2.9
32784492000140,M.R. OEMED INDUSTRIA FARMACEUTICA LTDA,3,27710.0,240000.0,3,3,0.11545833333333333
10257856000109,"NQA INDUSTRIA, COMERCIO, IMPORTACAO, EXPORTACAO DE PRODUTOS MEDICOS E SERVICOS LTDA",2,27656.42,5.0,2,2,5531.284
30881804000108,MAGNUS MED COMERCIO DE PRODUTOS HOSPITALARES E MEDICAMENTOS LTDA,1,27650.0,1000.0,1,1,27.65
02192153000103,HDX OLEODINAMICA LTDA,1,27599.85,15.0,1,1,1839.99
03993167000199,VIDFARMA INDUSTRIA DE MEDICAMENTOS LTDA,5,27546.0,11920.0,4,5,2.3109060402684563
04995710000150,ATRAMAT DO BRASIL LTDA,6,27310.6,6300.0,3,3,4.335015873015873
62540026000180,ATAMED INDUSTRIA E COMERCIO SOCIEDADE UNIPESSOAL LTDA,1,27278.0,593.0,1,1,46.0
49228695000152,LUMAR COMERCIO DE PRODUTOS FARMACEUTICOS LTDA,4,27225.0,12530.0,2,1,2.172785315243416
08962163000167,BEM ESTAR INDUSTRIAL LTDA,4,27000.0,3120.0,2,2,8.653846153846153
05257628000190,RANDOX BRASIL LTDA.,1,27000.0,100000.0,1,1,0.27
28634665000176,HEARST LABORATORIOS DO BRASIL LTDA,1,26925.0,15.0,1,1,1795.0
00762455000144,NIPRO MEDICAL LTDA,13,26898.0,13600.0,3,3,1.9777941176470588
16800585000164,WAGNER DONALDO LOUZADA,4,26676.0,27200.0,2,2,0.980735294117647
46062030000123,ADERE PRODUTOS AUTO ADESIVOS LTDA,3,26560.0,5050.0,3,3,5.25940594059406
00099817000169,RABBIT INDUSTRIA E COMERCIO DE PRODUTOS DE HIGIENE PESSOAL LTDA,3,26496.01,2609.0,3,2,10.15561901111537
29190430000103,GLOBAL REGULATORY PARTNERS BRASIL EIRELI,7,26482.0,31530.0,6,6,0.8398985093561687
26628908000138,URSA COMERCIAL LTDA,30,26464.3,496.0,3,2,53.35544354838709
09289762000124,APRAMED - INDUSTRIA E COMERCIO DE APARELHOS MEDICOS LTDA,4,26423.0,370.0,1,1,71.41351351351351
12343158000143,LABORATORIO INDUSTRIAL FARMACEUTICO DE ALAGOAS SA,4,26024.0,69400.0,4,3,0.374985590778098
39323886000140,SOCINTER SUL COMERCIO INTERNACIONAL LTDA,3,25894.6,3424.0,3,3,7.5626752336448595
01866908000145,DIAGNO SOLUCOES EM DIAGNOSTICO LTDA,5,25890.55,649.0,5,3,39.89298921417566
24586988000180,CIRURGICA NOSSA SENHORA LTDA,2,25890.0,11200.0,2,2,2.311607142857143
02949582000182,MEDICALWAY EQUIPAMENTOS MEDICOS LTDA,8,25842.91,12408.0,3,5,2.0827619277885234
47321187000199,FRASCOLEX INDUSTRIA E COMERCIO LTDA,2,25750.7,1030.0,2,2,25.000679611650487
03887864000165,GATTI QUIMICA LTDA,5,25358.0,6900.0,1,1,3.675072463768116
64345010000141,VISIONTECH MEDICAL OPTICS LTDA,2,25350.0,2.0,2,2,12675.0
36328186000150,MARLEXEXPRESS PRODUTOS MEDICOS HOSPITALARES LTDA,5,25240.0,370.0,5,5,68.21621621621621
54421953000152,ORTOCENTER APARELHOS ORTOPEDICOS LTDA,14,25237.56,16379.0,9,9,1.5408486476585872
78700929000200,DA ILHA COMERCIO DE ALCOOL LTDA,2,25025.0,6025.0,2,2,4.153526970954357
49716616000152,RAMUZA INDUSTRIA E COMERCIO DE BALANCAS LTDA,9,24979.85,26717.0,7,6,0.9349796010031066
04056093000127,STEM PHARMACEUTICAL SUPLEMENTOS ALIMENTARES LTDA,3,24951.05,140520.0,3,3,0.17756226871619699
17739128000174,FARMACIA DE MANIPULACAO DE ALAGOAS LTDA,9,24634.3,60062.0,2,2,0.4101478472245346
06170316000531,A. G. INDUSTRIA E COMERCIO DE ARTEFATOS PLASTICOS LTDA,6,24470.6,107.0,5,5,228.69719626168222
15107246000134,MUCAMBO S/A,10,24352.8,8946.0,7,6,2.7221998658618376
03586651000101,DESCARTAVEIS NON WOVEN IMPORTACAO E EXPORTACAO LTDA - EM RECUPERACAO JUDICIAL,4,24120.0,27348.0,4,4,0.8819657744624836
45198496000198,TECNOBRASIL INDUSTRIA E COMERCIO LTDA,1,24048.0,3.0,1,1,8016.0
33416231000130,MAT EQUIPAMENTOS PARA GASES LTDA.,1,24000.0,20.0,1,1,1200.0
28924885000134,QUEST INTERNATIONAL LOGISTICS LTDA,1,24000.0,10000.0,1,1,2.4
09044896000185,VINIX INDUSTRIA E COMERCIO LTDA,4,23720.1,45105.0,3,4,0.5258862653807782
44465029000114,ICEFRESH INDUSTRIA E COMERCIO DO BRASIL LTDA,34,23624.79,665.0,7,7,35.526
30096901000190,TOSETTI LTDA,8,23614.02,25278.0,7,7,0.9341727984808925
43499904000116,ALTAFLEX INDUSTRIA E COMERCIO DE LATEX LTDA,1,23600.0,200.0,1,1,118.0
22213299000103,BIO BRASIL CIENCIA E TECNOLOGIA S.A.,2,23560.0,6000.0,2,2,3.9266666666666667
10345462000102,OMRON HEALTHCARE BRASIL INDUSTRIA E COMERCIO DE PRODUTOS MEDICOS LTDA.,21,23245.199,3111.0,14,13,7.471937962070074
05454389000169,RUSSER BRASIL LTDA,6,23241.96,652.0,3,2,35.64717791411043
50889060000185,LF INDUSTRIA E COMERCIO DE PAPEIS LTDA,1,23180.0,2000.0,1,1,11.59
36753739000111,DMG COMERCIO E REPRESENTACOES DE MATERIAL MEDICO HOSPITALAR LTDA,4,23062.8,1301.0,3,3,17.726979246733283
31228836000171,ORTOBRAS INDUSTRIA E COMERCIO DE ORTOPEDIA LTDA,6,23031.7,901.0,3,3,25.56237513873474
11198447000133,KACIL INDUSTRIA E COMERCIO LTDA,54,22723.39,258.0,9,9,88.07515503875969
53393690000152,QUIMESP QUIMICA LTDA.,7,22719.14,7713.0,6,6,2.9455646311422274
06223055000147,DIAGNOSTEK INDUSTRIA E COMERCIO DE PRODUTOS CIENTIFICOS LTDA,1,22680.0,8400.0,1,1,2.7
03626459000193,BRALIMPIA INDUSTRIA E COMERCIO DE EQUIPAMENTOS PARA LIMPEZA LTDA,2,22658.0,7.0,1,2,3236.8571428571427
73196438000160,VETNIL INDUSTRIA E COMERCIO DE PRODUTOS VETERIN LTDA,8,22600.12,1493.0,2,4,15.137387809778968
02896807000180,LENZ CORPORATION COMERCIAL LTDA,10,22316.92,139975.0,7,7,0.15943504197178066
00380573000198,BELTEC - INDUSTRIA E COMERCIO DE EQUIPAMENTOS ODONTOLOGICOS LTDA,2,22313.7,27.0,1,2,826.4333333333334
02507452000190,SC -BRINDES LTDA,8,21967.4,470.0,2,1,46.73914893617022
11157931000114,SUPRIMED COMERCIO DE MATERIAIS HOSPITALARES LTDA,2,21910.0,2010.0,2,2,10.900497512437811
05118766000199,FISIOMEDICA PRODUTOS E EQUIPAMENTOS LTDA,4,21890.0,9064.0,2,2,2.4150485436893203
50208271000105,DORJA INDUSTRIA E COMERCIO DE EQUIPAMENTOS MEDICOS LTDA,14,21887.88,3317.0,11,11,6.598697618329816
79634572000182,AS ERVAS CURAM INDUSTRIA FARMACEUTICA LTDA,3,21782.6,43010.0,2,3,0.5064543129504766
17099395000124,MAX PRODUTOS HOSPITALARES LTDA,3,21710.6,12030.0,2,2,1.8047049044056525
00406859000103,AGAPLASTIC INDUSTRIA E COMERCIO LTDA,9,21683.7,1000.0,7,6,21.6837
02101808000190,ALFA INDUSTRIA E COMERCIO DE MATERIAIS PLASTICOS PARA LABORATORIOS LTDA,10,21675.55,117030.0,5,4,0.1852136204392036
85081446000140,JOHNNY FELIPE CONTESINI DE OLIVEIRA LTDA,1,21600.0,600.0,1,1,36.0
07987185000119,GANESH LOGISTICA E DISTRIBUICAO LTDA,7,21476.7,365.0,5,4,58.840273972602745
23597822000369,SERRA SAUDE COMERCIO DE EQUIPAMENTOS MEDICOS LTDA,2,21465.0,600.0,1,1,35.775
00904728001209,VYTTRA DIAGNOSTICOS S.A.,1,21440.0,32.0,1,1,670.0
08493791000140,XDENT EQUIPAMENTOS ODONTOLOGICOS LTDA,2,21403.0,32.0,2,2,668.84375
02980777000195,NEW-IMAS INDUSTRIA E COMERCIO LTDA.,1,21375.0,22500.0,1,1,0.95
20920517000106,MRM HOSPITALAR LTDA,3,21367.0,20011.0,3,3,1.067762730498226
19632287000109,NEURO TECNOLOGIA DA AMERICA LATINA IMPORTACAO E EXPORTACAO LTDA.,6,21329.3,1092.0,2,2,19.532326007326006
06170316000108,A. G. INDUSTRIA E COMERCIO DE ARTEFATOS PLASTICOS LTDA,5,21323.41,240.0,3,3,88.84754166666667
61194494000187,IMPACTA S A INDUSTRIA E COMERCIO,11,21321.4,1390.0,4,3,15.339136690647482
12765223000129,MSO - MEDICINA E SAUDE OCUPACIONAL LTDA,27,21169.546,4412.0,10,13,4.798174524025385
73142960000160,DILEPE INDUSTRIA E COMERCIO DE MATERIAIS ORTOPEDICOS LT,12,21160.07,1901.0,5,5,11.131020515518149
10686941000184,MASTER MEDIKAL INDUSTRIA E COMERCIO DE EQUIPAMENTOS MEDICOS LTDA,12,21156.53,16604.0,6,5,1.2741827270537218
03129105000133,TERUMO MEDICAL DO BRASIL LTDA.,3,21106.0,2304.0,2,2,9.160590277777779
07214566000165,ENZYTEC BIOTECNOLOGIA LTDA,2,21079.0,2100.0,2,2,10.037619047619048
06372763000140,NUTRICENTER DISTRIBUIDORA DE PRODUTOS NUTRICIONAIS E HOSPITALARES LTDA,1,21000.0,3000.0,1,1,7.0
06344785000104,PROTECNO - COMERCIO DE MATERIAIS HOSPITALARES LTDA,7,20967.56,5336.0,4,5,3.9294527736131935
24326304000101,A 2 F INDUSTRIA FARMACEUTICA LTDA,3,20928.0,27600.0,3,2,0.7582608695652174
58193483000178,SCHOBELL INDUSTRIAL LTDA,9,20923.0,900.0,1,2,23.247777777777777
46055703000118,TEB TECNOLOGIA ELETRONICA BRASILEIRA LTDA,1,20717.1,30.0,1,1,690.5699999999999
14209847000195,H7 IMPORT LTDA,5,20716.35,340.0,4,4,60.93044117647058
05878107000150,HOL DENT APARELHOS ODONTOLOGICOS LTDA,8,20715.24,368.0,5,5,56.291413043478265
31372346000144,PORTAL EQUIPAMENTOS HOSPITALARES LTDA,2,20700.0,60.0,1,1,345.0
14511644000159,D C N UNIFORMES E SERVICOS LTDA,5,20439.0,460.0,2,2,44.43260869565217
09595757000140,ESPUMABRAZ INDUSTRIA E COMERCIO DE ESPUMAS DE POLIURETANO LTDA,4,20231.6,921.0,3,3,21.966992399565687
57691446000127,WENTILL INDUSTRIA E COMERCIO DE MATERIAL HOSPITALAR LTDA,12,20185.0,42602.0,4,4,0.4738040467583681
44058162000156,PROTHEMO PRODUTOS HEMOTERAPICOS LTDA,17,20063.29,245.0,8,8,81.89097959183674
10838899000170,ELAINE DOS SANTOS PREVIATO,1,20000.0,2000.0,1,1,10.0
16987597000140,ALLOXY ESPECIALIDADES QUIMICAS LTDA,2,19869.0,400.0,2,2,49.6725
43823525000130,HK FERRAMENTAS IMPORTACAO E EXPORTACAO LTDA.,1,19800.0,400.0,1,1,49.5
14547993000120,J. MENDES JUNIOR,4,19741.0,1696.0,1,1,11.639740566037736
48791685000168,C.B.S. MEDICO CIENTIFICA S/A,32,19669.36,5335.0,6,6,3.6868528584817244
68146992000101,POWER SAVE INDUSTRIA E COMERCIO DE PRODUTOS PARA HIGIENE PESSOAL E TEXTIL LTDA,3,19622.0,3100.0,3,2,6.329677419354839
27075106000100,NOVIDA INDUSTRIA E COMERCIO DE MOVEIS LTDA,1,19500.0,13.0,1,1,1500.0
24110829000105,COMERCIAL E INDUSTRIAL SAO LOURENCO LTDA,2,19449.9,60.0,1,1,324.165
20669174000159,"K2 INDUSTRIA, COMERCIO, IMPORTACAO E EXPORTACAO LTDA",6,19116.03,82.0,3,1,233.1223170731707
17723828000170,ANGELO BENEDITO MARINHO EQUIPAMENTOS,1,19000.0,1.0,1,1,19000.0
74215013000114,OFT-VISION INDUSTRIA E COMERCIO LTDA,4,18785.54,8896.0,4,4,2.111683902877698
26898124000120,FARMANORTE COMERCIO E MANIPULACAO DE MEDICAMENTOS LTDA,6,18782.5,8530.0,4,2,2.201934349355217
10729492000104,QUIMICENTER PRODUTOS PARA LABORATORIOS LTDA,7,18745.2,4192.0,2,2,4.471660305343511
02477571000147,DENTAL MED SUL ARTIGOS ODONTOLOGICOS LTDA,9,18715.8,3300.0,3,5,5.671454545454545
00394452000103,COMANDO DO EXERCITO,8,18474.5,66148.0,6,7,0.27929037914978533
09610762000184,APROVADAGUA COMERCIO E CONFECCOES LTDA,2,18370.0,3500.0,1,1,5.248571428571428
09107943000192,POOLTEX INDUSTRIA E COMERCIO DE PRODUTOS MEDICOS E HOSPITALARES LTDA,3,18259.0,103.0,2,2,177.27184466019418
00319979000165,SULPACK INDUSTRIA DE MAQUINAS PARA EMBALAGENS LTDA,2,18182.5,540650.0,2,2,0.0336308147600111
08569248000180,A. M. MOTA CUSTODIO,2,18180.0,2460.0,2,2,7.390243902439025
18467132000193,"RCS COMERCIO, SERVICOS, REPARACAO DE PRODUTOS HOSPITALARES LTDA",1,18080.0,800.0,1,1,22.6
37014740000197,MAPLE HOSPITALAR COMERCIO E SERVICOS LTDA,2,17960.0,410.0,2,2,43.80487804878049
59653709000139,VNO ORTOPEDIA INDUSTRIA E COMERCIO IMPORTACAO E EXPORTACAO LTDA,12,17953.6,903.0,7,5,19.882170542635656
35519951000156,CHARTAM INDUSTRIA E COMERCIO DE PAPEL LTDA,2,17916.7,2010.0,2,2,8.913781094527364
24371769000184,MEKNE PRODUTOS MEDICOS LTDA,3,17842.5,150.0,1,1,118.95
31724769000186,KAMED DISTRIBUIDORA DE MEDICAMENTO S/A,2,17700.0,50.0,1,1,354.0
04212778000115,TEKPLAST INDUSTRIA E COMERCIO DE PRODUTOS PLASTICOS LTDA,2,17654.4,24.0,1,1,735.6
30332829000152,HEMAFARMA COMERCIO E INDUSTRIA FARMACEUTICA LTDA,3,17584.05,1718.0,3,3,10.235186263096624
17958115000196,SOLQUIMICA INDUSTRIA QUIMICA E FARMACEUTICA LTDA,4,17361.2,1740.0,4,4,9.977701149425288
12666139000158,QUALITY CIENTIFICA LTDA,8,17360.3,1010.0,4,4,17.188415841584156
07047086000157,NEWCHEM INDUSTRIA QUIMICA LTDA,8,17245.0,11000.0,2,2,1.5677272727272726
10461807000185,PHARMEDICE MANIPULACOES ESPECIALIZADAS LTDA,6,17104.2,17255.0,5,3,0.9912605042016808
23866426000128,HOSPBOX DISTRIBUIDORA DE PRODUTOS HOSPITALARES LTDA,5,17039.0,1690.0,2,2,10.08224852071006
14365637000196,"NIHON KOHDEN BRASIL IMPORTACAO, EXPORTACAO E COMERCIO DE EQUIPAMENTOS MEDICOS LTDA.",3,16962.76,23.0,2,2,737.511304347826
06219757000157,VDM OPERACOES LOGISTICAS EM RECUPERACAO JUDICIAL LTDA,1,16940.0,500.0,1,1,33.88
30278428000161,L'OREAL BRASIL COMERCIAL DE COSMETICOS LTDA,3,16925.3,160.0,2,3,105.783125
29992682000148,ECOMED COMERCIO DE PRODUTOS MEDICOS LTDA,8,16923.5,131.0,3,2,129.18702290076337
06276904000120,AD INSTRUMENTOS CIRURGICOS IMPORTACAO E EXPORTACAO LTDA,7,16922.8,440.0,6,4,38.46090909090909
82387226000151,DUOMED PRODUTOS MEDICOS E HOSPITALARES LTDA,2,16901.3,2130.0,2,2,7.934882629107981
10450805000190,FLUKKA FARMACIA DE MANIPULACAO LTDA,2,16775.0,400.0,2,1,41.9375
07876719000130,J. JORGE INDUSTRIA DE MATERIAL HOSPITALAR LTDA,1,16680.0,1200.0,1,1,13.9
49748445000143,SANTRIC INDUSTRIA E COMERCIO LTDA,4,16640.8,1320.0,4,4,12.606666666666666
72320906000102,LABORATORIO MERCOFARMA LTDA,2,16640.0,2840.0,2,2,5.859154929577465
61821344000156,INSTITUTO BUTANTAN,1,16560.0,36.0,1,1,460.0
01686305000161,DANIALEX TEC - MATERIAL MEDICO HOSPITALAR LTDA.,2,16374.84,228.0,2,2,71.81947368421052
05549054000124,SILICOTEX TEXTIL LTDA,4,16248.0,940.0,1,1,17.285106382978725
74127473000190,DIMERIOS COMERCIO DE MATERIAIS CIRURGICOS LTDA,2,16150.0,30000.0,2,2,0.5383333333333333
86647138000100,SANTALMAS COMERCIO IMPORTACAO EXPORTACAO LTDA,2,16130.0,3000.0,2,1,5.376666666666667
09609356000100,GNATUS PRODUTOS MEDICOS E ODONTOLOGICOS LTDA,4,15941.2,47.0,2,2,339.1744680851064
07603991000146,SOFT CARE PRODUTOS MEDICOS LTDA,7,15939.0,2655.0,6,6,6.003389830508475
04861623000100,LUIZ GUILHERME SARTORI & CIA LTDA,6,15901.6,33.0,2,2,481.8666666666667
30048726000165,BELA MAGAZINE COMERCIO VAREJISTA DE MOVEIS LTDA,2,15831.0,90045.0,2,2,0.1758120939530235
41621496000106,RIOXI INDUSTRIA COMERCIO IMPORTACAO E EXPORTACAO DE EQUIPAMENTOS HOSPITALARES LTDA,1,15796.0,40.0,1,1,394.9
29127216000102,AF EMPREENDIMENTOS LTDA,1,15775.0,2500.0,1,1,6.31
59506071000103,UNIAO TEXTIL COMERCIO E BENEFICIAMENTO DE PRODUTOS DE ALGODAO LTDA,3,15660.6,1760.0,3,3,8.898068181818182
02814280000105,CIENLABOR INDUSTRIA E COMERCIO LTDA,1,15549.3,3900.0,1,1,3.9869999999999997
47251710000239,TERA MEDICAL LTDA,4,15546.5,3508.0,1,1,4.43172748004561
00592933000115,ZEDAMED LTDA,3,15416.0,165.0,3,3,93.43030303030304
07032636000164,ASSUT EUROPE LATINO AMERICA IMPORTACAO E EXPORTACAO LTDA,4,15399.2,340.0,3,4,45.29176470588236
49324221001500,FRESENIUS KABI BRASIL LTDA.,3,15303.0,3650.0,3,3,4.192602739726027
36164893000158,G.G INDUSTRIA E COMERCIO DE PLASTICOS LTDA,17,15139.0,1955.0,8,7,7.743734015345269
64687015000152,IPANEMA INDUSTRIA DE PRODUTOS VETERINARIOS LTDA,3,15008.88,20502.0,2,2,0.7320690664325431
04484235000157,J. LUIZ ALVES & CIA LTDA,2,14960.0,300.0,2,2,49.86666666666667
06194440000103,ODONTOMEDI - PRODUTOS ODONTOLOGICOS E HOSPITALARES LTDA,15,14853.9,13275.0,2,2,1.1189378531073446
02175931000156,ORLANDO ANTONIO BUSSIOLI,11,14803.0,5965.0,9,8,2.481642917015926
70942586000199,FARMAVIDA MEDICAMENTOS LTDA,2,14483.59,3207.0,1,1,4.516242594324915
29206899000185,FBELLA LTDA,1,14400.84,400.0,1,1,36.0021
00626948000157,HANESBRANDS BRASIL TEXTIL LTDA.,5,14397.3,243.0,4,4,59.24814814814815
58061557000112,MICRODENT APARELHOS MEDICOS E ODONTOLOGICOS LTDA,15,14334.2,593.0,4,5,24.172344013490726
33122466000704,CERAS JOHNSON LTDA,2,14268.0,1812.0,2,2,7.874172185430464
00542467000163,A B DESCARTAVEIS INDUSTRIA E COMERCIO LTDA,1,14080.0,1600.0,1,1,8.8
13884068000122,"UNICHARM DO BRASIL INDUSTRIA E COMERCIO DE PRODUTOS DE HIGIENE LTDA.,",1,14076.0,400.0,1,1,35.19
31903131000102,ALCALIMP INDUSTRIA E COMERCIO LTDA,1,13875.0,3750.0,1,1,3.7
26240632000116,DENTAL HIGIX PRODUTOS ODONTOLOGICOS MEDICOS HOSPITALARES LTDA.,5,13839.48,355.0,2,4,38.98445070422535
96282090000120,DURAMAX INDUSTRIA E COMERCIO LTDA,2,13800.0,12000.0,2,2,1.15
91671792000181,LABORATORIO SAUDE LTDA,1,13796.0,200.0,1,1,68.98
88957022000195,MUZYMED INSTRUMENTAL CIRURGICO LTDA,3,13738.75,117.0,2,1,117.42521367521367
57933350000128,ALIMED TEC TECNOLOGIA INSTRUMENTAL IND E COM LTDA,2,13697.0,23.0,1,1,595.5217391304348
44156008000117,LORD INDUSTRIA E COMERCIO DE EMBALAGENS PLASTICAS LTDA,2,13675.0,380.0,2,2,35.98684210526316
09357414000147,SDORF SCIENTIFIC DO BRASIL LTDA,2,13600.0,6.0,2,1,2266.6666666666665
04712572000154,BALM LABOR INDUSTRIA FARMACEUTICA LTDA,4,13577.0,81880.0,4,4,0.16581582804103567
03851135000159,KENNEN INDUSTRIA E COMERCIO LTDA,28,13364.1576,742.0,9,6,18.010994070080862
04368522000100,PAPEL MASTER SUL LTDA,2,13307.0,3100.0,2,2,4.292580645161291
09103790000296,CLARKE BRASIL PRODUTOS PARA CONTROLE DE MOSQUITO LTDA,2,13300.0,2.0,1,1,6650.0
38627224000109,"NUNATURE LABS, LLC",3,13248.0,12600.0,1,1,1.0514285714285714
07130168000160,LEANDRO KLEBER RIBEIRO DOS SANTOS,16,13230.7,950.0,2,3,13.927052631578949
01085207000179,BRAKKO COMERCIO E IMPORTACAO LTDA,1,13213.4,20.0,1,1,660.67
08778201000126,DROGAFONTE LTDA,3,13205.0,11900.0,1,1,1.1096638655462185
01265357000164,MEDICATE S/C LTDA,7,13202.8,68.0,5,6,194.15882352941176
19933651000162,CPOH IMPORTADORA ODONTO-HOSPITALAR LTDA,2,13174.95,2505.0,2,2,5.259461077844311
25031668000127,SAMEH SOLUCOES HOSPITALARES LTDA,29,13152.13,994.0,3,2,13.231519114688128
25318297000169,"CITYMEDIC INDUSTRIA, COMERCIO E SERVICOS DE MATERIAIS HOSPITALARES LTDA",3,13109.0,660.0,2,2,19.862121212121213
03603516000119,PROMEL IND. COM. IMP. E EXP. DE PRODS. NATURAIS LTDA,2,13105.0,7500.0,2,2,1.7473333333333334
79401303000176,TECENIL TECELAGEM NILO LTDA,4,13088.0,5560.0,3,3,2.353956834532374
24039450000156,HDX COMERCIAL LTDA,1,13021.08,38.0,1,1,342.66
08580439000142,TELOS INDUSTRIA E COMERCIO LTDA,4,13020.0,610.0,3,3,21.34426229508197
65802894000189,BIO MN INDUSTRIA E COMERCIO LTDA,5,13000.7,907.0,4,4,14.333737596471886
05032658000107,L.M. SUPRIMENTOS ODONTOLOGICOS LTDA,4,12913.56,197.0,1,1,65.55106598984771
56323280000123,TRINKS COMERCIO DE PECAS LTDA,32,12745.38,3080.0,10,11,4.1381103896103895
17172874000129,PREMIUM COMERCIAL LTDA,12,12710.435,991.0,8,9,12.825867810292634
05477107000149,ORTOPEDIA BRASIL LTDA,4,12668.06,54.0,3,3,234.59370370370368
08667473000159,MEGA MIL INDUSTRIA E COMERCIO DE EMBALAGENS DE PLASTICO LTDA,5,12651.0,21708.0,4,4,0.5827805417357657
07788510000114,"IN-DENTAL PRODUTOS ODONTOLOGICOS, MEDICOS E HOSPITALARES LTDA",1,12600.0,150.0,1,1,84.0
01085513000105,DOLES REAGENTES E EQUIPAMENTOS PARA LABORATORIOS LTDA,7,12598.79,21841.0,3,3,0.576841261846985
20995679000103,MC MURA PEREIRA COMERCIO DE PRODUTOS FARMACEUTICOS,2,12583.6,1210.0,2,2,10.399669421487603
41397377000103,METALAB COMERCIO E INDUSTRIA FARMACEUTICA LTDA,2,12528.647,14130.0,2,1,0.8866699929228592
22976138000163,SAMED COMERCIO LTDA,8,12520.95,345.0,2,1,36.29260869565218
10967865000185,FISIOVITAL COMERCIO DE ARTIGOS ORTOPEDICOS LTDA,14,12518.95,5313.0,5,8,2.3562864671560324
11027534000128,HIGI-PLUS INDUSTRIA DE PRODUTOS HIGIENICOS LTDA,2,12515.304,4080.0,2,2,3.067476470588235
73318693000139,V P - MEDICAMENTOS LTDA,1,12500.0,50.0,1,1,250.0
50371889000191,PRECISION CENTRO DE DIAGNOSTICOS LTDA,19,12351.02,14819.0,10,11,0.8334583980025643
13612214000160,QUANTITY SERVICOS E COMERCIO DE PRODUTOS PARA SAUDE S.A.,9,12339.4,1614.0,3,3,7.645229244114002
08675394000190,SAFE SUPORTE A VIDA E COMERCIO INTERNACIONAL LTDA,14,12176.14,19945.0,10,10,0.6104858360491351
00681314000105,ORTOMED HOSPITALAR INDUSTRIA E COMERCIO LTDA,1,12152.0,800.0,1,1,15.19
02261002000160,VEDAMAX MANGUEIRAS E VEDACOES LTDA,5,12077.8,5224.0,2,2,2.31198315467075
56216781000100,PRODUTOS ORTOPEDICOS CHANTAL LTDA,1,11990.0,1000.0,1,1,11.99
23241814000113,ARQUIMED DISTRIBUIDORA E REPRESENTACAO DE PRODUTOS MEDICOS LTDA,2,11818.2,785.0,2,2,15.055031847133758
23420241000195,ANTONIO JACINTO RODRIGUES BORGES,4,11778.5,2270.0,4,2,5.188766519823789
02126465000119,RESPIRATORY CARE HOSPITALAR LTDA,1,11700.0,1.0,1,1,11700.0
02360051000150,TEC BRASIL LTDA,1,11692.5,150.0,1,1,77.95
05464685000140,JAKS INDUSTRIA E COMERCIO DE PAPEL LTDA,1,11580.0,2000.0,1,1,5.79
17845667000198,BR HOMMED COMERCIO DE MATERIAIS MEDICOS LTDA,2,11360.0,84.0,2,2,135.23809523809524
68867522000129,GABMED PRODUTOS ESPECIFICOS LTDA,3,11339.5,175.0,2,2,64.79714285714286
03522858000104,INDUSTRIA ORIENTAL LTDA,1,11325.0,1500.0,1,1,7.55
00098242000160,PRONTOFAR LTDA,3,11230.0,4000.0,2,2,2.8075
08365527000121,NEOORTHO PRODUTOS ORTOPEDICOS S.A.,1,11220.0,3.0,1,1,3740.0
22582799000104,MARCELO VIANA DE SOUZA,3,11200.0,80000.0,1,1,0.14
62373923000146,SILPACHEM INDUSTRIA E COMERCIO DE PRODUTOS QUIMICOS LTDA,4,11157.6,196.0,3,3,56.9265306122449
20599845000152,MARIO MEDICAL COMERCIO DE MATERIAL HOSPITALAR LTDA,4,11110.5,9550.0,4,3,1.1634031413612564
01911022000176,CANADA CENTRAL DE NEGOCIOS DO BRASIL LTDA,1,11098.8,120.0,1,1,92.49
10372638000107,CESAR EDUARDO RESENDE BASTOS,4,11080.0,58000.0,1,1,0.1910344827586207
56036718000192,CENTERLAB CENTRAL DE LABORATORIOS LTDA,7,11030.94,5626.0,2,2,1.9607074297902596
97520618000114,JG DE MELLO - PINTURAS,3,11001.0,101.0,1,1,108.92079207920793
07610184000150,DUFLLEXX PRODUTOS ODONTOLOGICOS S/A,2,10956.0,200.0,1,1,54.78
22094574000109,HB SUL COMERCIO DE ALIMENTOS LTDA,2,10927.0,1220.0,1,1,8.95655737704918
18712730000180,WILL COMERCIAL LTDA,1,10806.0,1200.0,1,1,9.005
04992697000185,NOVA RENKO INDUSTRIAL LTDA,3,10797.0,820.0,3,3,13.167073170731708
04037992000182,INGA MATERIAIS MEDICOS HOSPITALARES LTDA,4,10728.0,4425.0,4,3,2.424406779661017
02828962000169,MAC ARTIGOS ODONTOLOGICOS E PROTESE LTDA,17,10683.988,444.0,10,8,24.063036036036035
71846612000148,CEPAV PHARMA LIMITADA,1,10680.0,1200.0,1,1,8.9
23228076000174,CMH - CENTRAL DE MEDICAMENTOS HOSPITALARES LTDA,5,10633.6,930.0,5,2,11.433978494623656
02462686000168,YIN'S BRASIL COMERCIO INTERNACIONAL LTDA,2,10580.0,10010.0,2,2,1.056943056943057
23376715000149,OXIMONT GASES E MONTAGEM INDUSTRIAIS LTDA,3,10532.358,428.0,2,2,24.60831308411215
55198741000110,NCS INDUSTRIA E COMERCIO DE EQUIPAMENTOS PARA SAUDE LTDA,5,10494.9,414.0,4,5,25.349999999999998
12824334000169,C.M. ORATHES CONFECCOES E EQUIPAMENTOS LTDA,1,10480.0,2000.0,1,1,5.24
12927444000156,VL EQUIPAMENTOS DE PROTECAO INDIVIDUAL E ACESSORIOS LTDA,1,10416.0,9300.0,1,1,1.12
43447044000410,SONY BRASIL LTDA.,2,10315.2,116.0,2,2,88.9241379310345
35098660000131,JOAO EVANGELISTA DE CAMPOS 03173986954,3,10300.0,1800.0,1,1,5.722222222222222
39367749000107,TEGRA PHARMA DISTRIBUIDORA LTDA,1,10226.23,7.0,1,1,1460.8899999999999
17010735000107,DERMATOFLORA LTDA,4,10224.2,1630.0,4,4,6.272515337423314
28114563000120,BRIT DISTRIBUIDORA DE MATERIAL MEDICO LTDA,2,10204.0,10300.0,2,2,0.9906796116504855
19031878000112,AUTOMX SOLUCOES LTDA,3,10200.0,24.0,1,2,425.0
26263959000103,DOMO SALUTE CONSULTORIA REGULATORIA LTDA,4,10197.56,4.0,1,2,2549.39
05524742000130,MED SUPPLY PRODUTOS MEDICOS LTDA,12,10150.48,5652.0,3,7,1.7959094125973105
07578713000186,SUPLEY LABORATORIO DE ALIMENTOS E SUPLEMENTOS NUTRICIONAIS LTDA,3,10134.1,2491.0,3,3,4.068285828984344
53402541000102,FREEDOM COSMETICOS LTDA,4,10130.0,15000.0,1,2,0.6753333333333333
37529729000160,MR SAFETY COMERCIO DE EQUIPAMENTOS DE PROTECAO INDIVIDUAL LTDA,3,10115.1,430.0,2,2,23.523488372093023
08791633000177,LIMPO MAIS INDUSTRIA DE PRODUTOS DE LIMPEZA LTDA.,3,10108.16,1192.0,2,2,8.48
96260369000102,CELSO LOPES MARTINS PRODUTOS HOSPITALARES LTDA,2,10107.96,7.0,2,2,1443.9942857142855
01879330000161,ORTOPLAST COMERCIO LTDA,2,10089.0,500.0,2,2,20.178
38295394000125,ESTRELA INDUSTRIA E COMERCIO DE PRODUTOS MEDICOS E HOSPITALARES LTDA,6,10011.39,3631.0,4,4,2.7571991187000826
48875447000130,POLIDENTAL INDUSTRIA E COMERCIO LTDA,2,10008.9,2245.0,2,2,4.458307349665924
11028345000170,BETA SOLUTION COMERCIO ELETRO ELETRONICOS LTDA,1,10000.0,500.0,1,1,20.0
08172474000122,NEUROSOFT - EQUIPAMENTOS E SUPRIMENTOS MEDICOS LIMITADA,1,9990.0,1000.0,1,1,9.99
06068172000183,PLASTSIL INDUSTRIA E COMERCIO LTDA,4,9974.0,960.0,1,2,10.389583333333333
35601772000163,GALDI HOSPITALAR LTDA,6,9874.7,1602.0,4,3,6.163982521847691
11781768000166,"CORAX INDUSTRIA, COMERCIO E SERVICOS DE MATERIAIS DE SEGURANCA LTDA",1,9870.0,3000.0,1,1,3.29
05731915000190,MALTEC INDUSTRIA E COMERCIO DE MAQUINAS LTDA,1,9820.0,1.0,1,1,9820.0
09174668000120,VITTAFLEX INDUSTRIA E COMERCIO DE MOVEIS E COLCHOES LTDA,5,9738.3,40.0,2,2,243.45749999999998
14788174000175,AUGURI COMERCIO DE PRODUTOS E EQUIPAMENTOS CIRURGICOS LTDA,1,9720.0,180.0,1,1,54.0
41150160000102,RAVA EMBALAGENS INDUSTRIA E COMERCIO LTDA,7,9582.58,7534.0,5,5,1.2719113352800637
06263809000192,ORIGINAL AQUAPLUS FILTRACAO INDUSTRIA E COMERCIO LTDA,2,9580.0,2001.0,2,2,4.7876061969015495
01328535000159,CLASSMED - PRODUTOS HOSPITALARES LTDA,4,9578.0,41000.0,1,1,0.233609756097561
29602808000120,DIAMANTE MATERIAL MEDICO HOSPITALAR LTDA,4,9542.0,710.0,3,3,13.43943661971831
34680592000151,BRASIL DEVICES EQUIPAMENTOS HOSPITALARES LTDA,2,9453.0,151.0,2,2,62.602649006622514
61251831000120,EMIFRAN IND DE ARTEFATOS PLASTICOS E METALURGICOS LTDA,3,9439.5,930.0,1,1,10.15
37787749000130,MEDI COMPANY EQUIPAMENTOS DE PROTECAO LTDA,3,9405.0,15010.0,3,2,0.6265822784810127
17039142000165,OLIMEDIC INDUSTRIA E COMERCIO DE MOVEIS HOSPITALARES LTDA,6,9390.0065,409.0,5,5,22.9584511002445
15068359000178,CAPSUGEL BRASIL IMPORTACAO E DISTRIBUICAO DE INSUMOS FARMACEUTICOS E ALIMENTOS LTDA,2,9360.0,5180.0,2,2,1.806949806949807
10853028000125,VIDA RESGATE COMERCIO DE PRODUTOS A.P.H. LTDA,11,9300.86,3319.0,8,7,2.8023079240735163
30313266000155,RONI ALZI VIDROS CIENTIFICOS LTDA,5,9294.6,18110.0,3,3,0.5132302595251242
05935018000107,CASCO & CAMPOS COMERCIO DE PRODUTOS ESPORTIVOS LTDA,3,9287.5,250.0,1,3,37.15
12868340000118,MMX RESERVA PAPEIS LTDA.,2,9224.3,25003.0,2,2,0.36892772867255924
13008903000160,MILLENIUM COMERCIO SERVICO LTDA,16,9194.985,593.0,6,5,15.505876897133222
07293455000191,BCI - BALPEX COMERCIO INTERNACIONAL LTDA,8,9178.325,660.0,4,4,13.906553030303032
61541132000115,NEOLATINA COMERCIO E INDUSTRIA FARMACEUTICA S. A.,2,9063.62,80980.0,2,2,0.11192417880958262
00008125000168,MENUCHI ACABAMENTO DE PLASTICOS INDUSTRIA COM LTDA,9,9040.1,29305.0,4,3,0.30848319399419893
20371330000109,"MUNDI EQUIPAMENTOS MEDICOS, ODONTOLOGICOS E VETERINARIOS LTDA",1,9000.0,20.0,1,1,450.0
08839778000109,D AQUINO INDUSTRIA E COMERCIO DE MOVEIS HOSPITALARES LTDA,4,8908.98,38.0,1,1,234.44684210526316
08532602000100,GIBRALTAR COMERCIO DE PRODUTOS DE LIMPEZA LTDA,1,8900.0,100.0,1,1,89.0
14016502000115,PEG BABY LTDA,2,8894.1,710.0,2,2,12.526901408450705
27617206000111,HUMANNA MEDICAL LTDA,1,8855.0,1610.0,1,1,5.5
05106945000297,DENTSCARE LTDA,9,8817.9,670.0,6,6,13.161044776119402
28421328000109,ALLIANCA EQUIPAMENTOS MEDICOS LTDA,2,8700.0,3000.0,2,2,2.9
03394608000136,JOAO BATISTA MARTINS ARRUDA,12,8652.6,10320.0,1,2,0.8384302325581395
00256343000111,NAVI COMERCIO E INDUSTRIA DE CONCENTRADO MULTIUSO LTDA,1,8640.0,720.0,1,1,12.0
72704299000176,FIT-PEL INDUSTRIA E COMERCIO LTDA.,2,8591.0,122025.0,2,2,0.07040360581847982
07073210000159,VIMED COMERCIO E REPRESENTACOES DE PRODUTOS HOSPITALARES LTDA,5,8549.3,11990.0,3,3,0.7130358632193494
23643895000188,SUPERARMED EQUIPAMENTOS MEDICOS HOSPITALARES LTDA,3,8537.0,4280.0,3,3,1.9946261682242992
54433057000103,BIOFARMA FARMACEUTICA LTDA,8,8505.458,2143.0,8,8,3.9689491367242185
34061908000127,UDILIFE COM IMPORTACAO E EXPORTACAO LTDA,2,8472.35,25.0,1,2,338.894
07604021000165,MAXIPACK INDUSTRIA E COMERCIO DE PRODUTOS DESCARTAVEIS LTDA,1,8432.0,16000.0,1,1,0.527
10287484000155,NEWDROP QUIMICA LTDA.,1,8385.0,300.0,1,1,27.95
47963319000186,ANIDROL INDUSTRIA QUIMICA LTDA,2,8295.0,520.0,2,2,15.951923076923077
08040473000124,FILTERFLUX EQUIPAMENTOS PARA LABORATORIO LTDA,2,8282.85,3015.0,2,2,2.747213930348259
00023851000150,A. L. B. LUZ,1,8250.0,2200.0,1,1,3.75
17724560000191,LIANE YUKI KOYAMA MATSUMOTO - FARMACIA,3,8215.0,101500.0,3,3,0.080935960591133
08048988000170,DUNE PRODUTOS ORTOPEDICOS LTDA,7,8199.64,29.0,6,7,282.7462068965517
11424477000200,LEO PHARMA LTDA,2,8125.0,100.0,2,2,81.25
22094905000100,RF SOPRO E EMBALAGENS LTDA,2,8099.0,850.0,1,1,9.528235294117646
13549636000139,GELOTECH SOLUCOES TERMICAS LTDA,6,8065.4,638.0,3,3,12.641692789968651
04854175000117,DPC DO BRASIL LTDA,3,8014.9,314.0,2,2,25.525159235668788
33231957000106,BELLAVIA COMERCIO DE EQUIPAMENTOS E MATS. HOSPITALARES LTDA,1,8013.2,2000.0,1,1,4.0066
32426901000136,MEDCLIN REPRESENTACAO E COMERCIO LTDA,3,7990.0,55.0,3,3,145.27272727272728
29084765000139,LAM BRASIL EQUIPAMENTOS MEDICOS LTDA,1,7984.0,16.0,1,1,499.0
18386337000144,SILVENINA UNIFORMES LTDA,3,7980.0,1300.0,1,1,6.138461538461539
07436392000185,MAX CLEAN IND. E COM. DE PRODUTOS DE LIMPEZA LTDA,2,7953.0,540.0,2,2,14.727777777777778
09649291000118,INOX BRASIL INDUSTRIA E COMERCIO LTDA,18,7923.3,227.0,3,4,34.90440528634361
24067457000181,FORCE MEDICAL INDUSTRIA E DISTRIBUIDORA LTDA,1,7920.0,7200.0,1,1,1.1
00260485000152,LUIZ FERNANDO ZIMER LTDA,3,7916.85,1410.0,3,3,5.614787234042553
45597176000100,PROBAC DO BRASIL PRODUTOS BACTERIOLOGICOS LTDA,1,7875.0,750.0,1,1,10.5
59088333000167,NEWCOM FARMACEUTICA LTDA.,8,7781.45,6850.0,1,1,1.135978102189781
12828039000180,PREMIER COMERCIO DE PRODUTOS HOSPITALARES LTDA,3,7714.3,785.0,3,3,9.827133757961784
04716276000121,RMC - INDUSTRIA BRASILEIRA DE PRODUTOS MEDICOS LTDA,8,7687.1,1050.0,7,6,7.3210476190476195
22938449000138,SUTUTECH - MATERIAIS MEDICOS LTDA,6,7605.4,260.0,1,1,29.25153846153846
78935400001409,FARMACIA VALE VERDE LTDA,4,7583.43,1526.0,2,3,4.969482306684141
38510020000185,FARMACIA BS LTDA,4,7519.66,7217.0,2,2,1.0419370929749203
08794782000190,SEX FREE INDUSTRIA E COMERCIO DE ARTEFATOS DE BORRACHA LTDA,2,7511.68,16096.0,2,2,0.4666799204771372
80452022000121,DAUFENBACH & DAUFENBACH LTDA,8,7505.18,15641.0,3,3,0.47984016367239946
94132024000148,FREEDOM VEICULOS ELETRICOS LTDA,1,7490.0,10.0,1,1,749.0
03271206000144,HTM INDUSTRIA DE EQUIPAMENTOS ELETRO-ELETRONICOS LTDA,1,7479.0,3.0,1,1,2493.0
01828775000112,VITAL COMERCIO DE PRODUTOS MEDICOS E HOSPITALARES LTDA,4,7406.46,3143.0,4,3,2.3564937957365575
25097077000152,AGA INDUSTRIA E COMERCIO DE COLCHOES LTDA,2,7368.0,210.0,2,2,35.08571428571429
26337573000107,NUTRIMAX HOSPITALAR LTDA,1,7350.0,1500.0,1,1,4.9
01226416000195,NUTRIMED SERV. MEDICOS EM NUTRICAO PARENT. E ENTERAL LTDA,2,7300.0,15500.0,2,2,0.47096774193548385
01298443000254,MAGNAMED TECNOLOGIA MEDICA S/A,2,7300.0,10200.0,1,1,0.7156862745098039
00947389000187,FLEXOR INDUSTRIA E COMERCIO DE PRODUTOS MEDICO HOSPITALAR LTDA,5,7289.8,94.0,4,4,77.55106382978724
68577063000149,ELIAH FARMACIA DE MANIPULACAO LTDA,1,7200.0,720.0,1,1,10.0
05928853000101,CIBRAGEL INDUSTRIA E COMERCIO DE EMBALAGENS PLASTICAS - EIRELI,1,7200.0,600.0,1,1,12.0
48044358000142,ALAMAR TECNO CIENTIFICA LTDA,3,7192.04,15002.0,2,2,0.47940541261165176
00763406000126,GERIATEX INDUSTRIA E COMERCIO LTDA,6,7184.6,2376.0,3,2,3.023821548821549
10695892000146,MED COMPANY MEDICINA ESPECIALIZADA LTDA,8,7181.3,5253.0,7,7,1.3670854749666856
71675508000138,WL COMERCIO DE IMPORTACAO E EXPORTACAO LTDA,3,7171.49,25030.0,2,2,0.28651578106272474
05918342000109,VISION GLASS INDUSTRIA E COMERCIO DE VIDROS E ESPELHOS LTDA,4,7160.2,3497.0,4,4,2.0475264512439235
91673251001750,FARMACIAS HAMBURGUESA LTDA.,2,7160.0,2000.0,1,1,3.58
02064224000192,COTTON FIBRA INDUSTRIA E COMERCIO LTDA,2,7137.0,310.0,2,2,23.02258064516129
46762527000154,SELENIUM MEDICAL LTDA,3,7130.0,39400.0,1,1,0.18096446700507615
01706665000188,MEDPLUS COMERCIO DE ARTIGOS MEDICOS LTDA,3,7108.0,4001.0,2,2,1.7765558610347414
37265248000194,DMD EQUIPAMENTOS LTDA,2,7090.5,27.0,2,2,262.6111111111111
65013120000179,ANTONIO CARLOS DE FENDI LTDA,2,7070.5,103.0,2,2,68.64563106796116
05329135000119,ALEXSANDRO SANTOS DA SILVA LTDA,1,7060.0,20.0,1,1,353.0
49710072000111,INDAIA INDUSTRIA DE BENGALAS E MULETAS LTDA,6,7021.1,66.0,4,4,106.38030303030304
04213977000148,CIRURGICA SAUDE LTDA,1,7000.0,4000.0,1,1,1.75
11316789000100,PAULO AUGUSTO NEVONI FERREIRA,1,6999.0,3.0,1,1,2333.0
01362538000109,CRV INDUSTRIA DE PRODUTOS NATURAIS E NUTRACEUTICOS LTDA,4,6997.2,2078.0,3,3,3.367276227141482
04802930000110,ALBONETTE & CAMPANA COMERCIO DE MEDICAMENTOS LTDA,3,6917.22,1000.0,2,2,6.91722
05076414000118,LUCIPHARMA INDUSTRIA FARMACEUTICA LTDA,2,6757.86,306.0,2,2,22.084509803921566
02567922000100,SUPLAN- LABORATORIO DE SUPLEMENTOS ALIMENTARES LTDA,3,6733.57,1502.0,2,2,4.483069241011984
30754325000120,MEDSI DISTRIBUIDORA DE MEDICAMENTOS LTDA,3,6722.5,760.0,2,2,8.845394736842104
05317317000170,ORTOPLUS PRODUTOS ORTOPEDICOS LTDA,1,6700.5,450.0,1,1,14.89
23359559000108,ABASANTOS DISTRIBUIDORA LTDA,1,6680.0,4000.0,1,1,1.67
04066040000197,OPTIMUM COMERCIO E REPRESENTACOES LTDA,19,6643.72,270.0,8,10,24.60637037037037
09334838000196,METALPLAY INDUSTRIA E COMERCIO LTDA,2,6632.09,501.0,2,2,13.237704590818364
92690999000166,LABORATORIO WESP LTDA,1,6598.0,200.0,1,1,32.99
16100973000213,NUTIVIT SUPLEMENTOS ALIMENTARES LTDA,4,6540.0,45960.0,3,3,0.1422976501305483
27080739000107,PRIME SOLUCOES EM SAUDE LTDA,1,6500.0,50.0,1,1,130.0
05381531000195,MASTERMINDS LTDA,1,6500.0,50000.0,1,1,0.13
10889989000190,FLEX MAKER PRODUCAO E COMERCIO LTDA,2,6499.72,3800.0,2,2,1.7104526315789474
63441802000157,INLAB - INVESTIGACAO LABORATORIAL LTDA,1,6480.0,12000.0,1,1,0.54
12420164000238,CM HOSPITALAR S.A.,4,6350.2,110.0,3,2,57.72909090909091
06217117000108,ART MEDICAL PRODUTOS MEDICO-HOSPITALARES LTDA,4,6325.75,1057.0,4,4,5.984626300851467
02521357000140,BRINTEX COMERCIO DE TECIDOS LTDA,3,6293.72,1072.0,2,2,5.871007462686568
28843702000156,CONECTAMED - COMERCIO E DISTRIBUICAO LTDA,2,6283.0,13.0,1,1,483.3076923076923
53381135000100,ALL PRIME DISTRIBUIDORA LTDA,10,6244.04,262.0,3,2,23.832213740458016
16754226000118,HYGIELINE INDUSTRIA E COMERCIO LTDA,4,6131.4,12906.0,2,3,0.47508135750813574
17634786000100,"DR IMPORTACAO, EXPORTACAO E DISTRIBUICAO LTDA",3,6110.2,28.0,2,2,218.22142857142856
62488184000138,INPHARMA LABORATORIOS LTDA,2,6095.0,19000.0,2,2,0.3207894736842105
15260152000109,FLOR DI JADE COSMETICOS E PERFUMARIA LTDA,1,6090.0,870.0,1,1,7.0
07381075000109,MASTER MEDIC COMERCIO ATACADISTA DE MATERIAIS DE HIGIENIZACAO E HOSPITALARES LTDA,2,6078.0,1700.0,2,2,3.5752941176470587
18834914000113,NOVA OGP INDUSTRIA E COMERCIO LTDA,10,6001.49,3161.0,10,7,1.8986048718759885
03852057000298,MEDSUPPLY ELETRO-ELETRONICA LTDA,1,6000.0,100.0,1,1,60.0
07430661000104,EVERS INDUSTRIA E COMERCIO DE PRODUTOS NUTRACEUTICOS S.A FALIDO,2,5961.0,120000.0,1,1,0.049675
76776582000164,"PANTHER INDUSTRIA, COMERCIO E EXPORTACAO DE FRALDAS E PRODUTOS DE HIGIENE PESSOAL LTDA",1,5960.0,1000.0,1,1,5.96
05914226000111,VALEPLAST INDUSTRIA E COMERCIO DE PLASTICOS VALE DO PARAIBA LTDA,2,5889.5,210.0,2,2,28.045238095238094
43854777000126,BUNZL EQUIPAMENTOS PARA PROTECAO INDIVIDUAL LTDA,4,5886.0,5800.0,3,3,1.0148275862068965
17631154000184,ORION FARMACEUTICA LTDA,1,5882.4,720.0,1,1,8.17
48212880000196,MEDITRON ELETROMEDICINA LIMITADA,1,5820.0,30.0,1,1,194.0
11294969000139,DHR PRODUTOS MEDICOS LIMITADA,1,5815.0,5000.0,1,1,1.163
09420515000115,MB3 SERVICOS ADMINISTRATIVOS LTDA,14,5803.4,990.0,3,3,5.862020202020202
14727893000186,MOBIL SAUDE COMERCIAL LTDA,2,5745.0,6.0,2,2,957.5
04383610000172,M.D.L. ARTIGOS HOSPITALARES E LABORATORIAIS LTDA,2,5725.0,21.0,2,2,272.6190476190476
01152141000192,TERMOGEL INDUSTRIA E COMERCIO DE PRODUTOS DE ESTETICA LTDA,3,5664.0,1000.0,3,3,5.664
13038110000194,INDUFLEX INDUSTRIA E COMERCIO DE ARTEFATOS DE BORRACHA LTDA,11,5657.2,243.0,6,5,23.28065843621399
72719396000132,BALLDARASSI SERVICOS DE APOIO ADMINISTRATIVO LTDA,3,5645.912,2680.0,3,3,2.1066835820895524
94022654000160,LABORATORIO QUIMICO FARMACEUTICO TIARAJU LTDA,1,5600.5,11201.0,1,1,0.5
10906080000283,ALVES DE SOUSA & SILVA COM. E SERV. DE LABORATORIO LTDA,1,5600.0,35000.0,1,1,0.16
28535028000142,CAB INDUSTRIA E COMERCIO DE PAPEIS LTDA,1,5565.0,700.0,1,1,7.95
07275920000161,LENOVO TECNOLOGIA (BRASIL) LIMITADA,3,5560.0,4000.0,1,1,1.39
40208221000174,IDNLABS INDUSTRIA PHARMACEUTICAL & FOOD SUPPLEMENTS LTDA,1,5534.571,6290.0,1,1,0.8799
94069580000117,MICMMED LTDA.,8,5531.5,408.0,3,3,13.557598039215685
67734053000298,B.R.A. INDUSTRIAL LTDA,2,5527.0,1700.0,2,2,3.251176470588235
04551344000140,METALURGICA RENOVAR LTDA,1,5500.0,5.0,1,1,1100.0
00424745000188,TECPON INDUSTRIA E COMERCIO DE PRODUTOS QUIMICOS LTDA,1,5490.0,36.0,1,1,152.5
07482840000187,R.P. VILELA EQUIPAMENTOS INDUSTRIAIS LTDA,5,5488.82,109.0,4,2,50.35614678899082
06074511000134,BIOS - DIAGNOSTICA INDUSTRIA E COMERCIO DE PRODUTOS BIOLOGICOS LTDA,12,5428.15,1680.0,4,4,3.2310416666666666
63064653000154,LABORATORIOS STIEFEL LTDA,1,5400.0,120.0,1,1,45.0
41453008000190,AMERICAN FACTORY LTDA,2,5370.0,1000.0,2,2,5.37
04842199000156,KOVALENT DO BRASIL LTDA,5,5336.0,320.0,2,2,16.675
66155623000141,BIOLUNIS FARMACEUTICA LTDA,2,5335.0,550.0,2,2,9.7
31144995000198,COMPBRASIL COMERCIO DE MAQUINAS E EQUIPAMENTOS LTDA,1,5313.9,2.0,1,1,2656.95
31875990000135,SANDA PRODUTOS DE LIMPEZA LTDA,1,5304.8,27920.0,1,1,0.19
15107246001700,MUCAMBO S/A,3,5299.0,2100.0,1,1,2.5233333333333334
08863966000164,ORTOSANI PRODUTOS PARA SAUDE LTDA.,3,5294.0,700.0,2,3,7.562857142857143
31419958000145,MERCADAO DAS MASCARAS EIRELI,1,5218.56,288.0,1,1,18.12
04921503000150,LUMAR INDUSTRIA DE MOVEIS HOSPITALARES LTDA,5,5142.4,45633.0,3,2,0.11269037757763022
18269125000187,BIOHOSP PRODUTOS HOSPITALARES SA,3,5114.16,1300.0,2,2,3.9339692307692307
07046464000188,BANDEIRA & CAVALCANTI INDUSTRIA DE COSMETICOS LTDA,1,5112.0,80.0,1,1,63.9
07733293000165,RESMED BRASIL REPRESENTACAO DE PRODUTOS MEDICOS LTDA.,2,5097.38,14.0,2,2,364.09857142857146
09114818000100,ALGOBOM INDUSTRIA E COMERCIO DE PRODUTOS TEXTEIS LTDA EM RECUPERACAO JUDICIAL,2,5097.0,400.0,2,2,12.7425
29277167000186,COOPERATIVA REGIONAL AGROPECUARIA DE MACUCO LIMITADA,1,4995.0,500.0,1,1,9.99
24562614000125,VIVA CARE MATERIAL MEDICO HOSPITALAR LTDA.,1,4995.0,37.0,1,1,135.0
11206099000441,SUPERMED COMERCIO E IMPORTACAO DE PRODUTOS MEDICOS E HOSPITALARES LTDA,9,4989.4,1800.0,4,4,2.771888888888889
01224953000104,THECH DESINFECCAO LTDA,4,4979.012,100.0,3,3,49.790119999999995
24191943000107,GLOBALMED COMERCIO E SERVICOS LTDA,3,4933.5,29000.0,3,3,0.1701206896551724
07438908000120,ALPHACARBO INDUSTRIAL LTDA,1,4900.0,2500.0,1,1,1.96
13264949000140,"HL MEDICAL COMERCIO, IMPORTACAO E EXPORTACAO DE PRODUTOS MEDICO-HOSPITALARES LTDA",3,4890.35,18045.0,2,2,0.27100858963701857
47411780000126,BACE COMERCIO INTERNACIONAL LTDA,1,4850.0,1000.0,1,1,4.85
69249803000180,"DYNAMED - INDUSTRIA, COMERCIO E SERVICOS PARA ELETROMEDICINA LTDA",1,4849.8,60.0,1,1,80.83
59548214000492,FABRICA DE ARTEFATOS DE LATEX BLOWTEX LTDA,6,4840.55,7210.0,6,5,0.6713661581137309
10772529000187,T. D. WILL,1,4800.0,12000.0,1,1,0.4
11409175000173,PROMEDIX PRODUTOS MEDICOS E HOSPITALARES LTDA,3,4786.2,420.0,2,2,11.395714285714286
08762826000108,HIDROLIGHT DO BRASIL S.A,4,4760.54,24.0,4,4,198.35583333333332
29928032000133,GLASSLAB ARTIGOS PARA LABORATORIO LTDA,1,4744.6,140.0,1,1,33.89
02761298000188,WEB WELLHEAD EQUIPMENT DO BRASIL LTDA,2,4660.0,400.0,2,2,11.65
77970945000160,ORTOMETAL METALURGICA E ORTOPEDIA INDUSTRIAL LTDA,1,4640.0,4.0,1,1,1160.0
03618805000191,CIPEL DE PADUA - INDUSTRIA DE PAPEIS LTDA,3,4630.0,3510.0,2,3,1.3190883190883191
68210657000117,DINAMICA QUIMICA CONTEMPORANEA LTDA,4,4622.4,134.0,3,3,34.4955223880597
25329901000152,MGS BRASIL DISTRIBUIDORA LTDA,2,4560.0,850.0,2,2,5.364705882352941
85228880000100,ORLEPLAST INDUSTRIA E COMERCIO DE PLASTICOS LTDA,1,4543.2,72000.0,1,1,0.0631
25288745000129,NEW MEDIC COMERCIO ATACADISTA DE MEDICAMENTOS E MATERIAL HOSPITALAR LTDA,9,4537.96,1439.0,5,5,3.1535510771369006
23844135000139,POLLY PLAST LUVAS PLASTICAS LTDA,1,4500.0,30000.0,1,1,0.15
08754645000121,WSA INDUSTRIA DE MAQUINAS E EQUIPAMENTOS DE SEGURANCA LTDA,1,4500.0,2500.0,1,1,1.8
23236167000151,NORTH MED DISTRIBUIDORA DE PRODUTOS MEDICOS E HOSPITALARES LTDA.,1,4500.0,1000.0,1,1,4.5
46271011000107,ERVIEGAS QUIMICA FINA E PLASTICOS LTDA,1,4491.0,300.0,1,1,14.97
10600372000102,DENTAL SUL PRODUTOS ODONTOLOGICOS LTDA,1,4480.0,10000.0,1,1,0.448
10715223000199,M. E. DOS SANTOS CARVALHO,1,4480.0,4000.0,1,1,1.12
34741612000157,"TCL QUIMICA INDUSTRIA DE MATERIAIS ODONTOLOGICOS, COMERCIO, IMPORTACAO E EXPORTACAO LTDA",2,4471.0,34.0,1,1,131.5
64834013000149,UNIVERSAL CHEMICAL LTDA,1,4452.0,280.0,1,1,15.9
02298254000163,RIOPASA - DISTRIBUIDORA DE MEDICAMENTOS LTDA,3,4409.0,28050.0,3,3,0.1571836007130125
13387026000186,PHOENIX QUIMICA DO BRASIL LTDA,2,4401.7,188.0,2,2,23.413297872340426
87651345000193,G GOTUZZO E CIA LTDA,1,4400.0,400.0,1,1,11.0
12113333000106,HEALTH MED COMERCIO DE MATERIAL HOSPITALAR LTDA.,7,4397.3,3560.0,5,5,1.2351966292134833
08482393000129,S.E. COMERCIAL DE PRODUTOS DESCARTAVEIS LTDA.,2,4372.24,632.0,2,2,6.918101265822784
05090043000129,"DROXTER INDUSTRIA, COMERCIO E PARTICIPACOES LTDA.",1,4368.0,1200.0,1,1,3.64
13038346000120,INDUSMACHE INDUSTRIA E COMERCIO DE MOVEIS LTDA,9,4292.98,163.0,2,2,26.33730061349693
37055977000116,BRASVAL COMERCIO E REPRESENTACOES LTDA,4,4283.3,93.0,3,2,46.05698924731183
21324430000139,CERQUEIRA COMERCIO LTDA,14,4226.67,2761.0,7,7,1.5308475190148496
04474530000122,PHARMADERMA LTDA,1,4200.0,30000.0,1,1,0.14
37052128000109,CRIZANI INDUSTRIA E COMERCIO DE PRODUTOS PARA SAUDE LTDA,1,4151.4,30.0,1,1,138.38
09582534000148,VISION RS DISTRIBUIDORA S/A EM RECUPERACAO JUDICIAL,1,4112.0,800.0,1,1,5.14
21689265000119,INDUSTRIA EVOXX LTDA,1,4105.0,500.0,1,1,8.21
60341575000108,BIOSERVICE PRODUTOS MEDICO-HOSPITALARES LTDA,7,4094.01,311.0,5,5,13.164019292604502
33109356000460,CASA GRANADO LABORATORIOS FARMACIAS E DROGARIAS S A,5,4071.19,3460.0,4,4,1.1766445086705202
01583558000100,SAUAD INDUSTRIA FARMACEUTICA LTDA,1,4020.0,6000.0,1,1,0.67
26089337000100,BELLPHARMA MEDICAMENTOS LTDA,1,3992.0,400.0,1,1,9.98
02625651000100,"SANFARMA INDUSTRIA, COMERCIO E IMPORTACAO E EXPORTACAO LTDA",3,3989.5,850.0,3,3,4.693529411764706
35820448012657,WHITE MARTINS GASES INDUSTRIAIS LTDA,3,3971.0,340.0,2,2,11.679411764705883
25034906000158,FLYMED COMERCIO DE PRODUTOS HOSPITALARES LTDA,1,3970.0,1000.0,1,1,3.97
33889341000119,"MF TRANSPORTE, INDUSTRIA E COMERCIO DE DESCARTAVEIS 2019 LTDA",2,3909.42,2654.0,1,1,1.4730293896006028
00382468000198,COLGATE-PALMOLIVE COMERCIAL LTDA.,5,3870.0,162.0,4,4,23.88888888888889
57313165000130,KINNER SILICONE RUBBER INDUSTRIA E COMERCIO LTDA,1,3870.0,450.0,1,1,8.6
58526047000173,BIOMECANICA INDUSTRIA E COMERCIO DE PRODUTOS ORTOPEDICOS LTDA.,2,3859.45,118.0,2,2,32.707203389830504
09441460000120,PADRAO DISTRIBUIDORA DE PRODUTOS E EQUIPAMENTOS HOSPITALARES PADRE CALLOU LTDA,3,3838.6,2110.0,3,3,1.8192417061611375
56035967000163,FOUR STAR PAPEIS LTDA,7,3835.0,560.0,4,3,6.848214285714286
53078135000136,EYE PHARMA LTDA,1,3831.0,50.0,1,1,76.62
05187817000134,VISION LINE - IMPORTACAO & COMERCIO DE MATERIAIS E EQUIPAMENTOS MEDICOS LTDA,1,3825.0,100.0,1,1,38.25
60683406000148,KONIG DO BRASIL LTDA,2,3808.0,170.0,1,2,22.4
35687208000105,PETBONE COMERCIO E INDUSTRIA DE ARTIGOS PARA ANIMAIS LTDA,1,3800.0,1000.0,1,1,3.8
10399413000144,EXODO CIENTIFICA QUIMICA FINA INDUSTRIA E COMERCIO LTDA,3,3699.8,17506.0,3,2,0.21134468182337485
56198807000135,DUAN INTERNACIONAL DO BRASIL INDUSTRIA E COMERCIO EXPORTACAO E IMPORTACAO DE PRODUTOS NA AREA DA SAUDE LTDA,1,3697.5,5.0,1,1,739.5
71505564000124,EMIGE MATERIAIS ODONTOLOGICOS LTDA,1,3693.0,300.0,1,1,12.31
26570361000167,PORTAL DISTRIBUIDORA HOSPITALAR LTDA,3,3645.0,116.0,2,3,31.42241379310345
16705291000153,PHITO FORMULAS - NUCLEO DE PESQUISA FARMACEUTICA LTDA,5,3644.24,86.0,1,1,42.37488372093023
07108922000166,ECOFITUS INDUSTRIA E COMERCIO LTDA,2,3619.8,3060.0,2,1,1.1829411764705884
10568345000108,AURANTIS INDUSTRIA FARMACEUTICA LTDA,2,3583.6,900.0,2,2,3.981777777777778
82225947000165,A G KIENEN & CIA LTDA,2,3575.82,78.0,2,2,45.84384615384616
60431715000120,MARTE CIENTIFICA & INSTRUMENTACAO INDUSTRIAL LTDA,2,3569.58,6.0,1,1,594.93
29986299000187,LATIN HEALTH IMPORTADORA E DISTRIBUIDORA LTDA.,1,3539.7,30.0,1,1,117.99
01953085000195,F.A. LABORATORIO FARMACEUTICO LTDA,3,3519.8,80.0,2,2,43.9975
36194025000110,HIPER QUIM DO BRASIL IND E COM DE PROD DE LIMPEZA LTDA,2,3510.0,5500.0,2,2,0.6381818181818182
01940597000117,LABNEWS INDUSTRIAL LTDA,2,3508.84,51.0,2,2,68.80078431372549
00150371000150,LODERME FARMACIA DE MANIPULACAO LTDA,7,3457.68,288.0,1,1,12.005833333333333
10890352000113,TECNIMED INDUSTRIA E COMERCIO DE EQUIPAMENTOS HOSPITALAR LTDA,4,3433.7,650.0,3,3,5.282615384615385
35335996000170,C. OLIVEIRA PINTO JUNIOR LTDA,2,3429.6,130.0,1,1,26.38153846153846
37652650000121,TOP HOUSE COMERCIO E FABRICACAO DE COLCHOES LTDA,3,3426.32,804.0,2,2,4.261592039800996
19860927000120,LIBUS DO BRASIL EQUIPAMENTOS LTDA,1,3400.0,1000.0,1,1,3.4
04568560000106,DAVISO INDUSTRIA E COMERCIO DE PRODUTOS HIGIENICOS S.A.,1,3384.0,1440.0,1,1,2.35
10734126000224,PRODUTOS QUIMICOS ORION S/A,4,3379.3,536.0,4,4,6.304664179104478
02074242000155,E.J. KRIEGER & CIA LTDA,1,3375.0,15.0,1,1,225.0
03644345000176,POLIFILME INDUSTRIA E COMERCIO DE EMBALAGENS LTDA,1,3360.0,480.0,1,1,7.0
33811197000106,MEDFORMA IMPORTADORA E COMERCIO DE PRODUTOS LTDA,3,3331.6,20.0,1,1,166.57999999999998
21552695000194,MEDICAL SIL COMERCIO DE EQUIPAMENTOS ODONTO MEDICO HOSPITALAR LTDA,1,3315.6,360.0,1,1,9.209999999999999
19568801000186,SUGBEM - INDUSTRIA E COMERCIO DE PRODUTOS ODONTOLOGICOS LTDA,2,3300.0,1280.0,2,2,2.578125
19036346000178,LMF COMERCIO LTDA,1,3280.0,8.0,1,1,410.0
51462471000152,LABSYNTH PRODUTOS PARA LABORATORIOS LTDA,4,3267.88,89.0,4,4,36.71775280898876
15346274000104,HOSPLAB PRODUTOS HOSPITALARES E LABORATORIAL LTDA,2,3259.5,80.0,1,2,40.74375
11252642001095,TROMBINI EMBALAGENS S/A,5,3235.0,2900.0,3,2,1.1155172413793104
20259895000190,MEDPRO COMERCIO DE PRODUTOS HOSPITALARES LTDA,1,3234.0,3.0,1,1,1078.0
05785287000126,ENDOMASTER COMERCIO DE EQUIPAMENTOS OPTICOS CIENTIFICOS LTDA,2,3228.0,60.0,1,1,53.8
18136904000104,GUILHERME XAVIER PIVA LTDA,1,3190.0,10.0,1,1,319.0
48767834000153,LABORDENTAL LTDA,8,3166.96,211.0,5,5,15.009289099526066
04637876000102,FOUR STAR IMPORTACAO E EXPORTACAO LTDA.,4,3160.9,365.0,3,3,8.66
65882631000127,SUTURBRAS INDUSTRIA E COMERCIO LTDA,2,3159.936,960.0,1,1,3.2916000000000003
07608000000118,RODRIGUES & GOULART LTDA,1,3136.0,70.0,1,1,44.8
28289799000105,SOS DISTRIBUIDORA IMPORTADORA E EXPORTADORA DE PRODUTOS PARA SAUDE LTDA,3,3112.8,74.0,3,3,42.064864864864866
01383490000115,FARMACIA SAKAFARMA DE LONDRINA LTDA,2,3100.2,1680.0,2,2,1.8453571428571427
04236036000120,BRASCAMP EQUIPAMENTOS DE PROTECAO DO TRABALHO LTDA,1,3100.0,1000.0,1,1,3.1
09408413000184,"KESTAL INDUSTRIA, COMERCIO E IMPORTACAO LTDA",4,3081.4,70.0,1,1,44.02
90804550000156,METALURGICA BRIAO LTDA,2,3078.0,86.0,2,2,35.7906976744186
39490976000125,MDR INDUSTRIA E COMERCIO DE PRODUTOS ODONTOLOGICOS LTDA,3,3052.8,2385.0,1,1,1.28
42486076000119,LABORATORIO BRAVET LTDA,1,3048.0,600.0,1,1,5.08
48901490000123,SANTA LUZIA MOVEIS HOSPITALARES LTDA,1,2999.97,9.0,1,1,333.33
10972948000162,BRAZMIX COMERCIO VAREJISTA E ATACADISTA LTDA,3,2988.0,1200.0,1,1,2.49
14272952000179,KALARRARI BOLSAS E ACESSORIOS LTDA,2,2975.6,260.0,2,2,11.444615384615384
88634977000101,SOPRANO INDUSTRIA ELETROMETALURGICA LTDA,2,2908.0,4.0,2,2,727.0
65441255000135,DENTAL MORELLI LTDA,12,2901.5,189.0,7,6,15.351851851851851
60683786000110,MEDICAL CIRURGICA LTDA,5,2896.0,136.0,2,2,21.294117647058822
07439329000526,"DVT COMERCIO, IMPORTACAO E EXPORTACAO LTDA",3,2893.75,175.0,3,3,16.535714285714285
13217490000124,MEDK RES IMPORTACAO E COMERCIO DE PRODUTOS MEDICO HOSPITALAR LTDA,3,2861.95,4405.0,3,3,0.6497048808172531
71447486000159,INDUSTRIA E COMERCIO DE MATERIAIS DE ACUPUNTURA LTDA,2,2850.0,9500.0,2,2,0.3
76760776000171,TEGAPE TEC LTDA.,1,2787.0,300.0,1,1,9.29
24504841000102,RS TRENTO LTDA,2,2786.0,950.0,2,2,2.9326315789473685
61747986000152,BARASCH SYLMAR INDUSTRIA METALURGICA LTDA,6,2773.32,894.0,6,6,3.1021476510067116
03202881000111,INPROMED DO BRASIL INDUSTRIA E COMERCIO DE PRODUTOS MEDICOS LTDA,1,2772.0,420.0,1,1,6.6
00904050000101,ADJ INDUSTRIA E COMERCIO DE FIXADORES ORTOPEDICOS E IMPLANTES LTDA,1,2760.0,200.0,1,1,13.8
05652247001269,LUMIAR HEALTH BUILDERS EQUIPAMENTOS HOSPITALARES LTDA,5,2758.48,422.0,4,3,6.536682464454977
25980095000188,MASSA FALIDA DE CLAIR MONT INDUSTRIA E COMERCIO LTDA,1,2750.0,25.0,1,1,110.0
35841830000126,BEATRIZ FLAVIANA DIAS LUCIANELI NUNES,1,2742.0,300.0,1,1,9.14
02462483000171,HOSP SAUDE COMERCIO VAREJISTA LTDA,2,2742.0,600.0,1,1,4.57
14308899000119,CIRURGICA OURO VERDE - COMERCIO DE MATERIAIS MEDICOS LTDA.,3,2739.54,34.0,3,3,80.57470588235294
00325031000112,KOTA IMPORTS LTDA,14,2726.26,132.0,5,4,20.65348484848485
03456466000194,LINETEX PRODUTOS TEXTEIS LTDA,1,2720.0,160.0,1,1,17.0
06697493000228,REINALDO PERSONA FARMACIA DE MANIPULACAO LTDA,6,2717.0,700.0,1,1,3.8814285714285712
06304868000161,KTG NUTRICIONAL INDUSTRIA E COMERCIO LTDA,3,2713.4713,7541.0,3,3,0.3598291075454184
03578434000161,CALUX COMERCIAL LTDA,1,2706.84,4.0,1,1,676.71
25398752000183,DJ COMERCIO E SERVICO EM GERAL LTDA,1,2700.0,1000.0,1,1,2.7
06994251000115,CHOICE INDUSTRIA E COMERCIO DE EQUIPAMENTOS PARA AUTOMACAO INDUSTRIAL LTDA,2,2699.89,16.0,2,2,168.743125
02549960000130,RICEL PRODUTOS DE LIMPEZA LTDA,1,2691.0,75.0,1,1,35.88
14421027000162,DINAMICA MEDICAL LTDA,4,2680.94,102.0,3,3,26.28372549019608
01744885000104,ECLIPSE TRANSPORTES LTDA,1,2656.0,100.0,1,1,26.56
37109539000193,C3 HEALTH SUPRIMENTOS MEDICOS E HOSPITALARES LTDA,1,2630.0,1000.0,1,1,2.63
36008274000174,COMMAR COMERCIO INTERNACIONAL LTDA,1,2599.0,50.0,1,1,51.98
55956510000129,LIO SERUM PRODUTOS LABORATORIAIS E HOSPITALARES LTDA,1,2580.0,215.0,1,1,12.0
24183639000118,DIDATICA ARTIGOS PARA LABORATORIO LTDA,4,2565.7,40.0,1,2,64.1425
10708841000101,FRANTINS INDUSTRIA E COMERCIO DE PRODUTOS ODONTOLOGICOS LTDA,6,2559.552,59.0,2,2,43.3822372881356
09097727000103,PONTUAL DISTRIBUIDORA LTDA,2,2543.5,8050.0,2,2,0.31596273291925464
05843095000129,COSFITO INDUSTRIA E COMERCIO DE EXTRATO LTDA,1,2535.0,100.0,1,1,25.35
29619751000172,ZAPMEDICA PRODUTOS E EQUIPAMENTOS PARA A SAUDE LTDA,1,2520.0,4500.0,1,1,0.56
15456627000129,HIDRATE IND E COM DE PRODUTOS FARMACEUTICOS LTDA,1,2520.0,4200.0,1,1,0.6
22940751000201,LUMIRADX HEALTHCARE LTDA,1,2500.5,50.0,1,1,50.01
79250676000193,CIRURGICA JAW COMERCIO DE MATERIAL MEDICO HOSP LTDA,1,2490.0,30.0,1,1,83.0
12811487000171,MULTISUL COMERCIO E DISTRIBUICAO LTDA,1,2486.16,24.0,1,1,103.58999999999999
26757894000152,LEMED DISTRIBUIDORA MATERIAIS HOSPITALARES LTDA,1,2475.0,500.0,1,1,4.95
26476191000156,HIROMED PRODUTOS HOSPITALARES LTDA,1,2400.0,150.0,1,1,16.0
04639814000121,SEQUENCIAL MILIMETRICA INDUSTRIA DE EQUIPAMENTOS ORTOPEDICOS LTDA.,2,2382.65,24.0,2,2,99.27708333333334
09315996000107,COMERCIAL MARK ATACADISTA LTDA,5,2377.15,3557.0,3,3,0.6683019398369413
84683382000195,MINANCORA & CIA LTDA,1,2376.9,150.0,1,1,15.846
20648835000160,AG COMERCIO DE PRODUTOS PARA LABORATORIO LTDA,1,2370.0,600.0,1,1,3.95
07912362000106,TECNOVENT COMERCIO DE EQUIPAMENTOS MEDICOS LTDA,1,2360.0,40.0,1,1,59.0
02565450000157,MARIN MEDICAL LTDA,1,2360.0,400.0,1,1,5.9
15077221000135,GENOVA INDUSTRIA E COMERCIO DE EPI LTDA EM RECUPERACAO JUDICIAL,1,2352.0,100.0,1,1,23.52
04762934000111,BIOLINE COMERCIAL LTDA.,4,2276.45,35.0,1,1,65.04142857142857
34638788000188,ANTONIO CARLOS OLIVEIRA MARTINS,1,2268.0,280.0,1,1,8.1
10850316000126,MONTPELLIER MONDE INDUSTRIA E COMERCIO DE COSMETICOS EIRELI,1,2265.6,240.0,1,1,9.44
21798065000102,VERTEX FARMACEUTICA DO BRASIL LTDA.,4,2201.25,275.0,1,1,8.004545454545454
13552913000162,COOPERFLEX LTDA,17,2196.7,314.0,1,1,6.995859872611464
14112327000160,"BIOFAC INDUSTRIA, COMERCIO E REPRESENTACAO LTDA",2,2168.4,2702.0,2,2,0.8025166543301259
23191397000141,MED LIFE INDUSTRIA E COMERCIO DE MOVEIS LTDA,4,2159.7,3380.0,4,4,0.6389644970414201
32282308000163,J DE BRITO - DISTRIBUIDORA DE MEDICAMENTOS E CORRELATOS LTDA,2,2156.0,400.0,1,1,5.39
54447453000190,MOPAPE COMERCIO DE ARAMES E PLASTICOS LTDA,3,2120.76,7.0,2,2,302.96571428571434
01651135000180,MAC SANTOS SANCHEZ LTDA,4,2069.8,85.0,2,2,24.35058823529412
62618483000140,INBORPLAS COMERCIAL LTDA,4,2068.53,40.0,3,3,51.71325
07522734000180,VAGALUMY INDUSTRIA E COMERCIO DE ARTEFATOS DE FERRO LTDA,3,2062.39,103.0,2,2,20.023203883495146
23291398000168,HORSE MOVEIS HOSPITALARES LTDA,3,2053.42,67.0,2,3,30.64805970149254
60505203000161,ICAL INDUSTRIA E COMERCIO DE ACESSORIOS PARA LABORATORIOS LTDA,1,2040.0,60.0,1,1,34.0
01786983000104,BEIERSDORF INDUSTRIA E COMERCIO LTDA.,1,2039.4,36.0,1,1,56.650000000000006
01336083000157,HARMONIEX INDUSTRIA E COMERCIO DE SANEANTES LTDA,1,2024.0,200.0,1,1,10.12
03706759000263,RADUAN E FRONTERA LTDA,1,1995.0,1500.0,1,1,1.33
29614830000190,MEDITON FARMACEUTICA LTDA -,1,1989.0,7650.0,1,1,0.26
04748181000190,LABORATORIOS BAGO DO BRASIL S.A.,4,1984.0,1743.0,4,4,1.138267355134825
19391064000199,LUVERMED DISTRIBUIDORA DE MEDICAMENTOS LTDA,4,1979.0,8600.0,1,1,0.23011627906976745
79984027000116,B M M FARMACIA LTDA,1,1965.2,10.0,1,1,196.52
16629968000111,MAGACHO IMPORTACAO & EXPORTACAO LTDA,1,1960.0,20.0,1,1,98.0
28227946000104,FERREIRA COMERCIO DE ARTIGOS MEDICOS E ORTOPEDICOS LTDA,1,1951.0,100.0,1,1,19.51
69950913000175,MED FARMACE DISTRIBUIDORA DE MEDICAMENTOS LTDA.,1,1950.0,500.0,1,1,3.9
03489343000150,BK COMERCIAL DE EQUIPAMENTOS TECNOLOGICOS LTDA.,2,1950.0,17.0,2,2,114.70588235294117
02823683000102,CAPRICORN TECHNOLOGIES DO BRASIL LTDA,2,1910.0,2000.0,1,1,0.955
26603680000121,MORAMED MANUTENCAO E VENDA DE ACESSORIOS MEDICO HOSPITALAR LTDA,1,1900.0,10.0,1,1,190.0
00826788000190,PEDS TREINAMENTOS E ASSESSORIA EMPRESARIAL LTDA,1,1860.0,30.0,1,1,62.0
26052170000103,HR HOSPITALAR LTDA,2,1849.325,4.0,2,2,462.33125
17382714000104,ARBRA COMERCIO & INDUSTRIA DE PLASTICOS LTDA,1,1834.3,415.0,1,1,4.42
36427615000146,CARBOGRAFITE EQUIPAMENTOS INDUSTRIAIS LTDA,3,1832.0,41.0,2,2,44.68292682926829
08223462000180,DENT MEDIC LTDA,2,1812.032,16.0,2,2,113.252
56207590000182,DRY COLOR ESPECIALIDADES QUIMICAS LTDA.,4,1806.24,200.0,1,1,9.0312
32304095000123,DENTARIA BRASIL INDUSTRIA E COMERCIO DE PRODUTOS ODONTOLOGICOS LTDA,2,1804.75,125.0,1,1,14.438
50416720000100,MILLENNIUM INDUSTRIA E COMERCIO DE INSTRUMENTAL ODONTOLOGICO LTDA,1,1780.0,40.0,1,1,44.5
26160989000194,DESCTEXTIL INDUSTRIA E COMERCIO DE PRODUTOS PARA SAUDE LTDA,2,1744.46,1250.0,1,2,1.395568
02120411000146,HIGIE-TOPP INDUSTRIA E COMERCIO DE PRODUTOS HIGIENICOS E TEXTEIS LTDA.,4,1717.0,6710.0,3,4,0.25588673621460506
05127739000182,CHS - INDUSTRIA E COMERCIO DE MOVEIS HOSPITALARES LTDA,2,1686.3,15.0,2,2,112.42
35810917000136,EXATA SUPRIMENTOS MEDICOS LTDA,2,1677.8,2502.0,2,2,0.6705835331734612
33026055000553,MEGALABS FARMACEUTICA S.A.,1,1672.8,24.0,1,1,69.7
12022755000176,GALLIA INDUSTRIA FARMACEUTICA LTDA,3,1671.861,3510.0,2,2,0.47631367521367524
00217622000176,LATINA ELETRODOMESTICOS S/A FALIDO,2,1652.4,120.0,2,1,13.770000000000001
85477586000132,ECO-FARMAS COMERCIO DE MEDICAMENTOS LTDA,1,1640.0,1000.0,1,1,1.64
05691570000431,ATRASORB INDUSTRIA DE PRODUTOS HOSPITALARES LTDA,1,1637.34,10.0,1,1,163.73399999999998
06787369000172,VITALMAX MEDICINA E SAUDE LTDA,3,1632.0,2600.0,3,3,0.6276923076923077
73010811000147,MED STEEL PRODUTOS PARA LABORATORIOS LTDA,3,1617.6,680.0,2,2,2.378823529411765
01517587000173,FILTRAX INDUSTRIA E COMERCIO DE EQUIPAMENTOS DE PROTECAO LTDA,2,1600.0,550.0,2,1,2.909090909090909
26401571000121,TRES PHARMA DISTRIBUIDORA E SERVICOS LTDA,2,1596.0,1200.0,1,2,1.33
07199869000156,CROMO - COMERCIO E MANIPULACAO DE PRODUTOS FARMACEUTICOS LTDA,1,1594.0,40.0,1,1,39.85
59677708000124,LEDAN INDUSTRIA E COMERCIO LTDA,1,1590.0,3000.0,1,1,0.53
23511454000122,J R D BRANDAO LTDA,2,1578.0,6.0,1,1,263.0
15031173000144,MERCANTIL BARRETO COMERCIAL DE PRODUTOS HOSPITALARES E SUPRIMENTOS LTDA,1,1576.8,36.0,1,1,43.8
00816063000110,APERIFIO INDUSTRIA COMERCIO E REPRESENTACOES LTDA,1,1550.0,1000.0,1,1,1.55
23179485000128,PEG LIMP INDUSTRIA E COMERCIO DE PRODUTOS DE LIMPEZA LTDA,1,1545.0,300.0,1,1,5.15
01123973000180,ORTHO PAUHER INDUSTRIA COMERCIO E DISTRIBUICOES LTDA,2,1544.82,2.0,2,2,772.41
05483265000101,TOP EQUIPAMENTOS MEDICOS E ODONTOLOGICOS LTDA,2,1536.6,560.0,2,2,2.743928571428571
15336405000172,NGM REPRESENTACOES COMERCIAIS LTDA,1,1521.57,3.0,1,1,507.19
27376632000100,EXATA DISTRIBUIDORA DE MEDICAMENTOS - EIRELI,1,1510.0,1000.0,1,1,1.51
48339848000176,MED EMERGENCIA LTDA,1,1498.8,120.0,1,1,12.49
10460674000122,MAX-MEDICAL COMERCIO DE PRODUTOS MEDICOS HOSPITALARES LTDA,1,1493.6,8.0,1,1,186.7
65308835000159,PROMEDICA MEDSERVICE LTDA,2,1488.0,200.0,1,1,7.44
04044775000110,FRANCISCO CARLOS BATISTA PINTO QUIMICA,1,1464.0,1000.0,1,1,1.464
40764896000108,PROLIMP PRODUTOS E SERVICOS LTDA,3,1461.34,254.0,3,3,5.753307086614173
18311257000120,AGIR INDUSTRIA E COMERCIO LTDA,3,1460.41,106.0,3,3,13.77745283018868
13470384000158,CMC PRODUTOS HOSPITALARES LTDA,1,1450.0,50.0,1,1,29.0
26234900000197,HOSPILAR COMERCIO DE MATERIAL MEDICO HOSPITALAR EIRELI,2,1446.25,11.0,2,2,131.47727272727272
02485346000152,SICAD DO BRASIL FITAS AUTOADESIVAS LTDA,2,1441.62,342.0,2,2,4.215263157894737
08936030000116,DENTAL DOURADOS LTDA,1,1436.5,50.0,1,1,28.73
35067853000125,"TECHPHARMA HOSPITALAR COMERCIO, IMPORTACAO E EXPORTACAO LTDA",3,1420.84,2890.0,3,3,0.49164013840830445
04759433000186,FERNAMED LTDA,2,1400.0,200.0,1,1,7.0
04797536000130,JOAO CARLOS ANACLETO,3,1398.5,250.0,1,1,5.594
43887033000108,LABORGLAS IND E COM DE MATERIAIS PARA LABORATORIO LTDA,4,1340.0,40.0,3,3,33.5
18688481000135,BRAVIR INDUSTRIAL LTDA,5,1337.5808,533.0,2,2,2.509532457786116
71769673000159,MENDES & BARBOSA PRODUTOS MEDICOS LTDA,1,1332.0,3.0,1,1,444.0
14980182000119,QUALITY MOVEIS INDUSTRIA E COMERCIO LTDA,1,1314.0,100.0,1,1,13.14
07340978000141,SALUTEM INDUSTRIA E COMERCIO ELETRONICO LTDA,2,1308.9,9.0,2,2,145.43333333333334
87375952000178,LEBON PRODUTOS QUIMICOS FARMACEUTICOS LTDA,1,1280.2,37.0,1,1,34.6
85247385000149,PROSAUDE DISTRIBUIDORA DE MEDICAMENTOS LTDA,1,1275.9,30.0,1,1,42.53
03033615000102,NEW TURTLE INDUSTRIA E COMERCIO DE PECAS DE PLASTICOS E METAIS LTDA,2,1258.34,52.0,2,2,24.19884615384615
08067672000126,AYA INDUSTRIA E COMERCIO DE COSMETICOS LTDA,2,1254.0,22.0,1,1,57.0
28418133000100,MED VITTA COMERCIO DE PRODUTOS HOSPITALARES LTDA,1,1228.8,5.0,1,1,245.76
24987897000157,BIOMECK EQUIPAMENTOS MEDICOS LTDA,2,1225.0,5500.0,2,2,0.22272727272727272
07064732000194,MNZ COMERCIO LTDA,2,1219.0,40.0,1,1,30.475
41654740000129,QUIMIFORT COMERCIO DE PRODUTOS QUIMICOS E LABORATORIAL LTDA,2,1219.0,506.0,2,2,2.409090909090909
13224500000159,QUIMAFLEX CIENTIFICA LTDA,1,1156.2,20.0,1,1,57.81
12185547000198,PHARMA VERDE II FARMACIA DE MANIPULACAO LTDA,3,1144.0,105.0,2,2,10.895238095238096
00171138000153,AQUAFLEX INDUSTRIA E COMERCIO LTDA,1,1119.25,55.0,1,1,20.35
59403410000126,INTERJET COMERCIAL LTDA,2,1115.0,51.0,2,2,21.862745098039216
64178619000173,NALGON EQUIPAMENTOS CIENTIFICOS LTDA,2,1100.8,160.0,1,1,6.88
17910635000129,AVENCA INDUSTRIA COSMETICA LTDA,1,1099.5,150.0,1,1,7.33
30036611000150,ECOFARMA COMERCIO DE MEDICAMENTOS LTDA,2,1098.8,34.0,2,2,32.317647058823525
76591049000128,LIGA PARANAENSE DE COMBATE AO CANCER,1,1097.74,2.0,1,1,548.87
27311107000107,SC MED DISTRIBUIDORA MEDICO HOSPITALAR LTDA,1,1095.0,50.0,1,1,21.9
68240779000156,JARRELL FARMACEUTICA LTDA,1,1086.0,600.0,1,1,1.81
92791243000103,IRANI PAPEL E EMBALAGEM S.A.,1,1083.0,20.0,1,1,54.15
47882618000196,PLASCONY INDUSTRIA DE PLASTICOS LTDA,1,1080.0,30.0,1,1,36.0
12729472000169,TATIANA REGINA FERREIRA LOPES,3,1067.25,105.0,3,3,10.164285714285715
43574433000163,ALPHACOM TEXTIL LTDA,2,1063.7,922.0,2,2,1.1536876355748373
42493502000141,SOCIEDADE FARMACEUTICA HENFER LTDA.,2,1040.0,3.0,1,1,346.6666666666667
08753814000109,SOFT SURGICAL SOLUCOES HOSPITALARES LTDA,4,1022.75,1560.0,3,3,0.6556089743589744
57212870000141,INCOMEPE COMERCIO DE MATERIAIS CIRURGICOS LTDA,1,1014.0,60.0,1,1,16.9
02317318000126,CRIARTFARMA FARMACIA E MANIPULACAO LTDA,2,1010.0,20.0,1,1,50.5
30768464000103,CONSTRUVIC MATERIAIS PARA CONSTRUCAO LTDA,1,1000.0,2000.0,1,1,0.5
06053353000136,SANTA BRANCA DISTRIBUIDORA DE MEDICAMENTOS LTDA,1,980.0,100.0,1,1,9.8
11672197000121,G S ROCHA COMERCIO DE ALIMENTOS LTDA,2,976.64,172.0,2,2,5.678139534883721
49941768000159,MAICOL DO BRASIL INDUSTRIA E COMERCIO LTDA,6,966.0,350.0,3,3,2.76
10495738000120,GOIAS COMERCIO DE PRODUTOS FARMACEUTICOS LTDA,2,962.5,50.0,1,1,19.25
27130979000179,OPEN FARMA COMERCIO DE PRODUTOS HOSPITALARES LTDA,3,932.4,1760.0,3,3,0.5297727272727273
11614643000141,INDAPHARMA COMERCIO E SERVICOS LTDA,1,928.0,64.0,1,1,14.5
08305681000450,RATHIER & SANDRI LTDA,1,915.0,1500.0,1,1,0.61
01543235000192,D DA C S GARCIA,1,874.8,360.0,1,1,2.4299999999999997
55658736000143,GOLDENPLAST - INDUSTRIA E COMERCIO DE UTILIDADES DOMESTICAS LTDA,1,870.0,3000.0,1,1,0.29
74626557000179,KDL DO BRASIL - COMERCIO DE PRODUTOS MEDICO-HOSPITALAR EIRELI,3,864.36,245.0,2,2,3.528
65141046000176,QUALITY COMMERCE DISTRIBUIDORA HOSPITALAR LTDA,1,851.2,80.0,1,1,10.64
00412880000103,EMBALI INDUSTRIAS PLASTICAS LTDA,2,838.5,500.0,2,2,1.677
49938371000108,DTECH LTDA,1,810.0,300.0,1,1,2.7
31123929000131,RHAUNYR NAPOLEAO ALVES SOBRAL LTDA,3,790.35,209.0,3,3,3.781578947368421
35820448009516,WHITE MARTINS GASES INDUSTRIAIS LTDA,3,789.5,20.0,2,2,39.475
09271415000174,UZUCLEAN INDUSTRIA COMERCIO IMPORTACAO E EXPORTACAO LTDA,1,765.0,60.0,1,1,12.75
84683556000381,EH BRASIL INDUSTRIA E COMERCIO LTDA.,2,762.5,130.0,2,2,5.865384615384615
26556283000146,PRIMED COMERCIO DE PRODUTOS HOSPITALARES LTDA,2,759.0,100.0,1,1,7.59
10555312000115,DENTAL PARTNER COMERCIO DE PRODUTOS E EQUIPAMENTOS ODONTOLOGICOS LTDA.,2,756.53,31.0,2,2,24.404193548387095
02332686000143,KERRY DO BRASIL LTDA,2,756.0,100.0,1,1,7.56
05545381000108,AKSO PRODUTOS ELETRONICOS LTDA,1,752.0,4.0,1,1,188.0
34241320000155,AGUAS VITTORIA LTDA,1,737.4,60.0,1,1,12.29
94876364000183,VIALI ATACADISTA E DISTRIBUIDORA DE MEDICAMENTOS LTDA,1,734.0,50.0,1,1,14.68
22767963000158,DENTAL VALLE COMERCIO DE PRODUTOS ODONTOLOGICOS LTDA,2,720.5,45.0,2,2,16.011111111111113
25242466000124,SAFRAS INDUSTRIA E COMERCIO DE BIOCOMBUSTIVEIS LTDA EM RECUPERACAO JUDICIAL,1,718.0,100.0,1,1,7.18
05109133000114,FLOX INDUSTRIA E COMERCIO LTDA,2,717.0,600.0,1,2,1.195
05123544000164,IMBRALAB QUIMICA E FARMACEUTICA LTDA,1,716.0,200.0,1,1,3.58
07768887000101,MDF DISTRIBUIDORA DE PRODUTOS FARMACEUTICOS E HOSPITALARES LTDA,1,711.25,25.0,1,1,28.45
61148052000102,COATS CORRENTE LTDA,1,700.0,70.0,1,1,10.0
15392876000106,SAVOY INDUSTRIA DE COSMETICOS S.A.,1,693.2,40.0,1,1,17.330000000000002
00331788000119,AIR LIQUIDE BRASIL LTDA,3,691.5,150.0,1,1,4.61
76487032000125,ELECTROLUX DO BRASIL S/A,1,660.0,3.0,1,1,220.0
07946705000145,PRO CARE SERVICOS DE SAUDE LTDA EM RECUPERACAO JUDICIAL,1,658.0,20.0,1,1,32.9
35820448005448,WHITE MARTINS GASES INDUSTRIAIS LTDA,1,634.5,30.0,1,1,21.15
04918341000100,NOVA A3 INDUSTRIA E COMERCIO LTDA,3,628.3,1074.0,3,3,0.5850093109869646
02550258000197,NEKPLAST INDUSTRIA E COMERCIO DE EMBALAGENS PLASTICAS LTDA,1,626.0,20.0,1,1,31.3
13036559000113,AKRON PHARMA S/A,3,625.75,2000.0,3,3,0.312875
06304884000154,ORTEC INDUSTRIA E COMERCIO DE PRODUTOS ORTOPEDICOS LTDA,2,625.0,2500.0,2,2,0.25
27435570000160,NUTRI CENTER PRODUTOS NUTRICIONAIS LTDA,1,622.5,150.0,1,1,4.15
13138732000194,GOLFRAN GESTAO DE NEGOCIOS EMPRESARIAIS LTDA,2,621.0,15.0,1,1,41.4
15183098000137,INDEBA INDUSTRIA E COMERCIO LTDA,3,620.0,101.0,2,2,6.138613861386139
29311964000132,MARSEG EQUIPAMENTOS DE PROTECAO LTDA,1,617.0,20.0,1,1,30.85
46256772000190,SPARTAN DO BRASIL PRODUTOS QUIMICOS LTDA,1,616.0,800.0,1,1,0.77
07082161000110,YAMAY COMERCIO DE PRODUTOS ODONTOLOGICOS LTDA,2,591.2,40.0,1,1,14.780000000000001
54102488000197,CIRCUIT EQUIPAMENTOS ESPORTIVOS LTDA,2,588.5,550.0,2,2,1.07
05375249000103,DENTAL ALTA MOGIANA - COMERCIO DE PRODUTOS ODONTOLOGICOS LTDA.,1,576.0,480.0,1,1,1.2
11243246000100,BRH SAUDE OCUPACIONAL LTDA,1,573.6,80.0,1,1,7.17
10383777000136,CICARELLI INSTRUMENTOS CIRURGICOS LTDA,2,567.0,40.0,2,1,14.175
04053063000167,MED GOLDMAN INDUSTRIA E COMERCIO LTDA,1,566.0,5000.0,1,1,0.1132
23524957000132,SAO PAULO ARTIGOS HOSPITALARES LTDA,4,551.58,12.0,1,1,45.965
03590360000189,MBIOLOG DIAGNOSTICOS LTDA,1,550.0,2.0,1,1,275.0
93248979000100,BIO MED PRODUTOS MEDICOS E HOSPITALARES LTDA,2,549.2,70.0,2,2,7.845714285714286
22706161000138,AVANTE BRASIL COMERCIO LTDA,1,541.8,180.0,1,1,3.01
10631897000105,BALME EMPREENDIMENTOS LTDA,1,539.9,10.0,1,1,53.989999999999995
01056338000128,ENDOCIRURGICA - COMERCIO DE PRODUTOS MEDICOS LTDA.,1,525.0,15.0,1,1,35.0
10592570000171,JUED COMERCIO E ASSISTENCIA DE EQUIPAMENTOS ODONTOLOGICOS LTDA,1,509.5,50.0,1,1,10.19
07492639000180,SAJ PRODUTOS DESCARTAVEL HOSPITALAR LTDA,2,507.0,120.0,1,1,4.225
06213450000220,OCEANS COMERCIO IMPORTACAO EXPORTACAO LTDA,1,506.0,20.0,1,1,25.3
19525260000109,COMPANHIA MANUFATORA DE TECIDOS DE ALGODAO,1,505.0,250.0,1,1,2.02
19585186000116,BIONORICA DO BRASIL DISTRIBUICAO E IMPORTACAO LTDA,1,495.0,20.0,1,1,24.75
14600578000193,MCG- SUPLEMENTOS ALIMENTARES LTDA,1,494.1,90.0,1,1,5.49
53859989000150,FABRICA DE ELASTICOS SAO JOSE LTDA,2,493.6,210.0,2,2,2.3504761904761904
06098484000130,CELESTE DISTRIBUIDORA DE MEDICAMENTOS LTDA,2,490.0,10.0,1,1,49.0
08916940000137,PURYS IMPORTADORA E EXPORTADORA LTDA,1,480.0,20.0,1,1,24.0
05797987000130,MEDONTEC - MANUTENCAO E REPARACAO EM EQUIPAMENTOS MEDICO HOSPITALARES E ODONTOLOGICOS LTDA,1,475.0,500.0,1,1,0.95
05007317000173,PLUMA ARTEFATOS DE PAPEL LTDA,1,455.85,15.0,1,1,30.39
11614477000183,ANA PAULA RUMAN PRODUTOS PARA SAUDE LTDA,1,450.0,500.0,1,1,0.9
08532500000186,GERACAO COMERCIO E SERVICOS LTDA,1,450.0,300.0,1,1,1.5
20444829000190,CMED DISTRIBUIDORA LTDA,1,450.0,300.0,1,1,1.5
06209557000113,AM MEDICAL COMERCIO DE MEDICAMENTOS E PRODUTOS HOSPITALARES LTDA,1,435.0,15.0,1,1,29.0
38048013000103,MICROMED BIOTECNOLOGIA S.A.,1,433.2,120.0,1,1,3.61
03618435000192,BRASILL INFORMATICA E PRODUTOS LTDA,1,425.5,25.0,1,1,17.02
05855974000170,BASTON INDUSTRIA DE AEROSSOIS LTDA,1,425.0,50.0,1,1,8.5
55212955000102,DRAKKAR INDUSTRIA DE DESCARTAVEIS E EPI LTDA,1,425.0,2500.0,1,1,0.17
05022486000182,MACRO LIFE IMPORTADORA DE PRODUTOS MEDICOS LTDA,1,423.5,350.0,1,1,1.21
54037700000180,ALEXANDRE A DE SOUZA,1,420.0,6000.0,1,1,0.07
04727762000145,CRISTIANE DE OLIVEIRA TELES,1,420.0,12.0,1,1,35.0
21943845000190,INTERA COMERCIAL LTDA,1,406.8,24.0,1,1,16.95
31396050000163,DM LOGISTICA HOSPITALAR LTDA.,1,404.91,900.0,1,1,0.4499
68567650000238,S S WHITE ARTIGOS DENTARIOS S/A,1,400.0,20.0,1,1,20.0
65861056000186,HICSOS LEFORT INTERNACIONAL DO BRASIL INDUSTRIA E COMERCIO LTDA,1,400.0,10.0,1,1,40.0
82914334000135,DAHUER LABORATORIO LTDA,7,395.0,34.0,2,2,11.617647058823529
82478140000134,"SALVI, LOPES & CIA. LTDA",1,393.0,15.0,1,1,26.2
58085796000102,WIRATH INDUSTRIA E COMERCIO LTDA,1,388.8,20.0,1,1,19.44
24481773000103,"GEMMINI GESTORA DE EQUIPAMENTOS, MATERIAIS, MEDICAMENTOS E IMPLANTES NACIONAIS E IMPORTADOS LTDA",1,387.0,180.0,1,1,2.15
08185734000102,QUALY QUIMICA LTDA,1,379.0,10.0,1,1,37.9
05915452000117,VOCO DO BRASIL LTDA,1,375.3,3.0,1,1,125.10000000000001
28145496000100,IGEMEDIC DISTRIBUIDORA HOSPITALAR LTDA,3,374.0,620.0,1,1,0.603225806451613
01793020000120,HOSPTECH COMERCIO DE EQUIPAMENTOS MEDICO-HOSPITALARES LTDA,1,367.91,100.0,1,1,3.6791
41041094000124,SOCC COMERCIO E CONFECCAO DE PRODUTOS DESCARTAVEIS LTDA,2,367.9,2200.0,1,1,0.16722727272727272
00895119000170,SANFARMA COMERCIO DE MEDICAMENTOS LTDA,2,360.2,136.0,2,2,2.648529411764706
76748284000160,INDUSTRIA DE MOVEIS ZILMO LTDA,1,360.0,2.0,1,1,180.0
08395950000174,INDUSTRIA DE PONTAS ABRASIVAS SCHELBLE LTDA,1,347.0,50.0,1,1,6.94
02238049000102,LUGI PLAST INDUSTRIA E COMERCIO DE PRODUTOS PLASTICOS LTDA,1,343.2,10.0,1,1,34.32
27710825000156,MINAS MED BRASIL LTDA,2,329.4,60.0,2,2,5.489999999999999
09663627000105,SHARK BRASIL S.A.,2,326.0,3.0,1,1,108.66666666666667
05264280000169,MEDICATTO COMERCIO DE PRODUTOS MEDICO HOSPITALARES LTDA,1,311.98,2.0,1,1,155.99
00787540000167,VERBENNA FARMACIA DE MANIPULACAO LTDA,1,300.0,15.0,1,1,20.0
20453993000326,SANITAS MOVEIS LTDA,1,298.8,1.0,1,1,298.8
08179551000176,CELLPUS INDUSTRIA E COMERCIO DE ARTEFATOS PLASTICOS LTDA,2,287.6,11.0,2,2,26.145454545454548
58822818000170,HITOPLAST INDUSTRIA E COMERCIO DE PLASTICOS LTDA,3,282.0,120.0,2,2,2.35
04889315000192,S & R DISTRIBUIDORA LTDA,1,278.0,2000.0,1,1,0.139
07705520000149,GILMED FABRICACAO DE MATERIAIS CIRURGICOS LTDA,1,275.0,250.0,1,1,1.1
04342595000203,FARMATER MEDICAMENTOS LTDA,3,272.13,29.0,1,1,9.383793103448276
02477745000171,FORCAMEDICA INDUSTRIA E COMERCIO DE MOVEIS HOSPITALARES LTDA,1,270.0,1.0,1,1,270.0
11134261000110,"CIMTECH INDUSTRIA, COMERCIO, IMPORTACAO E EXPORTACAO DE PRODUTOS ORTOPEDICOS LTDA",2,266.65,2.0,1,2,133.325
65769739000108,BENFER PRODUTOS PARA LABORATORIOS LTDA,1,265.65,1.0,1,1,265.65
08145250000121,MEDICALMED COMERCIO DE MATERIAIS MEDICOS LTDA,3,263.3,20037.0,1,1,0.013140689724010581
24380578005490,WHITE MARTINS GASES INDUSTRIAIS DO NORDESTE LTDA.,1,259.44,12.0,1,1,21.62
28820255000110,"SUPREMA DENTAL IMPORTACAO, EXPORTACAO E COMERCIO DE PRODUTOS ODONTOLOGICOS LTDA",1,259.2,30.0,1,1,8.639999999999999
33223157000135,MAKROFARMA QUIMICA FARMACEUTICA LTDA,1,259.2,12.0,1,1,21.599999999999998
82195744000173,NJ PLASTICOS IND E COM DE PRODUTOS P LABORATORIOS LTDA,1,255.0,500.0,1,1,0.51
09236133000136,S. A. MIAN LTDA,1,255.0,150.0,1,1,1.7
01999037000138,LUPLATEX INDUSTRIA E COMERCIO LTDA,1,253.0,100.0,1,1,2.53
93000917000177,METALURGICA MARINI LTDA,1,252.0,30.0,1,1,8.4
24365710000183,UNIVERSIDADE FEDERAL DO RIO GRANDE DO NORTE,1,252.0,600.0,1,1,0.42
43479500000241,ART VIDROS LTDA,1,241.5,50.0,1,1,4.83
73285553000101,SKY DENT INDUSTRIA E COMERCIO LTDA,1,235.44,12.0,1,1,19.62
06003551000195,QUALIVIDROS DISTRIBUIDORA LTDA,1,234.0,30.0,1,1,7.8
95422218000140,METALURGICA MOR SA,1,226.8,72.0,1,1,3.1500000000000004
09431344000120,FORMADEN INDUSTRIA E COMERCIO LTDA,1,225.6,80.0,1,1,2.82
13156592000187,ANIS INDUSTRIA DE COSMETICOS LTDA,1,220.0,50.0,1,1,4.4
29907666000100,"VYP MATERIAL HOSPITALAR COMERCIO, IMPORTACAO E EXPORTACAO LTDA",1,210.0,30.0,1,1,7.0
13074743000158,KOEN ODONTOLOGIA LTDA,1,207.9,90.0,1,1,2.31
90473216000167,PREVESUL EQUIPAMENTOS E ACESSORIOS PARA SEGURANCA NO TRABALHO LTDA,1,207.8464,8.0,1,1,25.9808
86046448000161,CONDOR S.A,2,205.65,33.0,2,2,6.231818181818182
33379884000196,LABORATORIO SIMOES LTDA,1,200.0,100.0,1,1,2.0
30203451000197,VILHEMED COM. ATACADISTA E VAREJISTA DE INSTRUMENTOS E MATERIAIS PARA USO MEDICO LTDA,1,200.0,2.0,1,1,100.0
11174696000199,DROGARIA BORTOLINI LTDA,1,194.0,4.0,1,1,48.5
31111412000122,LABORVIDA LABORATORIOS FARMACEUTICOS LTDA,2,181.76,256.0,1,1,0.71
05372902000172,PVVB MANIPULADOS LTDA,1,174.0,100.0,1,1,1.74
04966809000123,CAUMAQ - INDUSTRIA METALURGICA LTDA,2,172.48,2.0,1,1,86.24
29689057000121,P S M EQUIPAMENTOS MEDICOS LTDA,1,172.0,20.0,1,1,8.6
73013237000180,LOHCUS COMERCIO E TECNOLOGIA EM SAUDE LTDA,1,166.5,15.0,1,1,11.1
17914845000195,ALTEVIR AUGUSTO DEMBINSKI,1,150.0,3000.0,1,1,0.05
06020284000164,LEVISA DESCARTAVEIS LTDA,1,150.0,1000.0,1,1,0.15
01827550000141,GIRASSOL FARMACEUTICA & YELLOW COSMETIC LTDA,1,150.0,1.0,1,1,150.0
14683163000120,JFB DISTRIBUIDORA DE PRODUTOS FARMACEUTICOS E EQUIPAMENTOS HOSPITALARES LTDA,1,150.0,5.0,1,1,30.0
02629588000172,FIRST MEDICAL SERVICE LTDA,1,145.0,500.0,1,1,0.29
07620849000107,NOS@LIG PRODUTOS ODONTOLOGICOS LTDA,1,139.0,20.0,1,1,6.95
19444651000107,K.S. ARTIGOS ESPORTIVOS LTDA,2,132.92,33.0,2,2,4.027878787878787
07540203000110,MEDIFARR PRODUTOS PARA A SAUDE LTDA.,1,130.0,20.0,1,1,6.5
16656144000130,D M IMAGEM - COMERCIO DE PRODUTOS HOSPITALARES E SERVICOS DE EQUIPAMENTOS LTDA,1,129.6,20.0,1,1,6.4799999999999995
26685436000155,GOLD CARE COMERCIO DE MATERIAIS CIRURGICOS E HOSPITALARES LTDA,1,115.0,5.0,1,1,23.0
53595670000164,GLOBAL SUPLEMENTOS COMERCIO LTDA,1,113.4,540.0,1,1,0.21000000000000002
34743347000146,QUALITY IMPORTACAO E EXPORTACAO DE PRODUTOS PARA SAUDE LTDA.,1,110.0,10.0,1,1,11.0
64760614000154,ABC LAB PRODUTOS PARA LABORATORIOS LTDA,1,93.1,5.0,1,1,18.619999999999997
49383250000147,HISAMITSU FARMACEUTICA DO BRASIL LTDA,1,86.0,50.0,1,1,1.72
51533527000112,ATACADISTA DE FRALDAS MUNDIAL LTDA,3,85.896,120.0,1,1,0.7158
42893222000120,DISTRIBUIDORA DE PRODUTOS ODONTENOVENSE LTDA,2,79.08,120.0,2,2,0.659
17910389000105,PHS DO BRASIL LTDA,1,77.8,10.0,1,1,7.779999999999999
82226754000129,SANTA RITA SERVICOS ADMINISTRATIVOS LTDA,1,74.76,4.0,1,1,18.69
33060302009675,CENTRO AUDITIVO TELEX LTDA,1,72.0,1.0,1,1,72.0
65439382000280,FOLIUM ET VITAE FARMACIA DE MANIPULACAO E HOMEOPATIA LTDA,1,70.0,20.0,1,1,3.5
32910616000196,BS DISTRIBUIDORA HOSPITALAR LTDA,1,66.0,200.0,1,1,0.33
27089709000242,FIRSTLAB INDUSTRIA IMPORTACAO E EXPORTACAO DE PRODUTOS PARA LABORATORIOS LTDA,2,63.35,2.0,1,1,31.675
77929123000136,CROMOFARMA COMERCIAL FARMACEUTICA LTDA,1,62.28,1.0,1,1,62.28
76635689001407,O. V. D. IMPORTADORA E DISTRIBUIDORA LTDA,1,48.5,5.0,1,1,9.7
08846431000185,LUIZ FRANCISCO EMYGDIO,1,43.2,30.0,1,1,1.4400000000000002
35042079000106,RF LEITE DISTRIBUIDORA DE MEDICAMENTOS E PRODUTOS PARA SAUDE LTDA,1,40.92,10.0,1,1,4.0920000000000005
05956558000169,PERFURABRAG INDUSTRIA TECNICA DE PECAS LTDA,1,39.0,2.0,1,1,19.5
48544712000106,ESCOVAS VITORIA INDUSTRIA E COMERCIO LTDA,2,35.0,7.0,1,1,5.0
01136636000128,FORMAPLAS INDUSTRIA E COMERCIO DE PLASTICOS LTDA,1,30.0,2.0,1,1,15.0
04821942000191,POLIFER - INDUSTRIA E COMERCIO DE PRODUTOS PLASTICOS LTDA,1,26.0,5.0,1,1,5.2
75004192000103,QUIBRAS QUIMICA BRASILEIRA LTDA,1,11.64,1.0,1,1,11.64
75549436000133,LASA INDUSTRIA FARMACEUTICA LTDA,1,10.98,3.0,1,1,3.66
54375647020071,DROGAL FARMACEUTICA LTDA,1,4.68,1800.0,1,1,0.0026

