fornecedor_id,fornecedor,registros,valor_total,quantidade_total,instituicoes,fornecedores,preco_ponderado
11697594000310,AGILLE COMERCIO DE MEDICAMENTOS LTDA,26,22860561278.18,1808027.0,9,1,12643.92693150047
05005873000100,PORTAL LTDA,979,15064798403.6499,808765581.0,51,1,18.6269034656779
42227547000174,MED4 IMPORTADORA E DISTRIBUIDORA LTDA,78,13357079311.7684,9586531.0,17,1,1393.3172814825718
27817504000155,SP HOSPITALAR LTDA,198,3837039004.1549,214780155.0,21,1,17.864960587978437
60318797000100,ASTRAZENECA DO BRASIL LTDA.,213,3524279339.1232,460090643.0,21,1,7.659967427599261
47647493000110,G2 COMERCIO DE MEDICAMENTOS LTDA,25,2890725251.2,524450.0,15,1,5511.917725617313
56994502002779,NOVARTIS BIOCIENCIAS SA,248,2124579300.7681,97448960.0,14,1,21.801969982728394
51780468000268,JANSSEN-CILAG FARMACEUTICA LTDA,274,1986049216.8836,9384504.0,15,1,211.63070705533292
10586940000168,ONCOVIT DISTRIBUIDORA DE MEDICAMENTOS LTDA,532,1719996727.4492,96917665.0,37,1,17.746988925591634
04307650001298,ONCO PROD DISTRIBUIDORA DE PRODUTOS HOSPITALARES E ONCOLOGICOS LTDA.,409,1087297832.5686,95020954.0,52,1,11.44271644092944
44734671000151,CRISTALIA PRODUTOS QUIMICOS FARMACEUTICOS LTDA,6314,1041976632.8402,1399599496.0,202,1,0.7444820006138384
04274988000138,ATIVA COMERCIAL HOSPITALAR LTDA,443,1033484628.6492,149369093.0,53,1,6.918999157671795
09053134000145,ELFA MEDICAMENTOS S.A,327,991086122.811,70344624.0,46,1,14.089010168154427
33009945000204,PRODUTOS ROCHE QUIMICOS E FARMACEUTICOS S A,179,971374467.7402,10187150.0,13,1,95.35291693360755
00802002000102,ALTERMED MATERIAL MEDICO HOSPITALAR LTDA,6022,959915570.8519,498802507.0,186,1,1.9244401489182972
04307650001530,ONCO PROD DISTRIBUIDORA DE PRODUTOS HOSPITALARES E ONCOLOGICOS LTDA.,145,860153153.266,3410874.0,27,1,252.17969155882042
02424344000153,DISTRIBUICAO DE MEDICAMENTOS PAMED LTDA,78,819852991.66,17077377.0,10,1,48.008133313447374
73856593000166,"PRATI, DONADUZZI & CIA LTDA",2651,818731062.9592,4937729445.0,123,1,0.1658112442325604
56998982003122,BRISTOL-MYERS SQUIBB FARMACEUTICA LTDA.,107,759972004.723,2033950.0,22,1,373.64340555225056
33247743004450,GLAXOSMITHKLINE BRASIL LTDA,67,695382584.8804,9758887.0,10,1,71.25634151521582
10588595001092,SANOFI MEDLEY FARMACEUTICA LTDA,210,678795690.2153,69459822.0,19,1,9.772493949312164
04307650002502,ONCO PROD DISTRIBUIDORA DE PRODUTOS HOSPITALARES E ONCOLOGICOS LTDA.,336,677208286.0064,182743468.0,37,1,3.7057865510487082
12420164000904,CM HOSPITALAR S.A.,570,672380248.244,70879598.0,75,1,9.486231118918028
67729178000491,COMERCIAL CIRURGICA RIOCLARENSE LTDA,3688,668433402.7401,2034280317.0,188,1,0.32858470740446144
09944371000104,SULMEDIC COMERCIO DE MEDICAMENTOS LTDA,699,659999535.3035,677540764.0,96,1,0.9741104452624493
43295831000140,INTERLAB FARMACEUTICA LTDA,1543,651800560.518,118478432.0,68,1,5.501427977355406
18255796000199,M MAGALHAES PRODUTOS HOSPITALAR LTDA,159,623193181.8,5114187.0,12,1,121.85576745629363
12420164000580,CM HOSPITALAR S.A.,104,597694699.98,1467200.0,18,1,407.37097872137406
08231734000193,FUTURA COMERCIO DE PRODUTOS MEDICOS E HOSPITALARES LTDA,1089,574221115.9672,501174139.0,64,1,1.1457516884509478
11424477000200,LEO PHARMA LTDA,11,566132099.4841,639568303.0,4,1,0.8851784818424624
21595464000168,UNI HOSPITALAR CEARA LTDA,131,531512275.36,56544981.0,17,1,9.399813492907532
25341162000114,"MEGA DENTAL IMPORTACAO, EXPORTACAO E COMERCIO DE PRODUTOS ODONTOLOGICOS LTDA",667,507957665.36,1812160.0,19,1,280.3050863941374
60665981000975,UNIAO QUIMICA FARMACEUTICA NACIONAL S A,468,506145008.522,780649944.0,53,1,0.6483636006281454
58430828000160,BLAU FARMACEUTICA S.A.,126,494614644.2575,87766625.0,21,1,5.635566415565142
56994502002698,NOVARTIS BIOCIENCIAS SA,46,492521894.03,412057.0,12,1,1195.2761244924852
04307650002855,ONCO PROD DISTRIBUIDORA DE PRODUTOS HOSPITALARES E ONCOLOGICOS LTDA.,65,470443500.06,1146456.0,11,1,410.34588336578116
09944371000368,SULMEDIC COMERCIO DE MEDICAMENTOS LTDA,210,467947607.9256,125667310.0,33,1,3.7237019549921135
04027894000750,"DUPATRI HOSPITALAR COMERCIO, IMPORTACAO E EXPORTACAO LTDA.",1162,448837279.1617,145667365.0,63,1,3.081248014348993
18459628009767,BAYER S.A.,134,430103161.3597,9532306.0,20,1,45.120578521052515
12889035000102,INOVAMED HOSPITALAR LTDA,8589,416042198.3309,2384486670.0,278,1,0.1744787268325975
60831658001220,BOEHRINGER INGELHEIM DO BRASIL QUIMICA E FARMACEUTICA LTDA.,15,405612505.32,8158451.0,4,1,49.71685253977746
43640754000119,FUNDACAO PARA O REMEDIO POPULAR FURP,59,403300174.146,1705478657.0,1,1,0.23647330471752717
81706251000198,PROMEFARMA MEDICAMENTOS E PRODUTOS HOSPITALARES LTDA,7258,400406835.3769,1318272572.0,249,1,0.3037359980640635
05782733000149,CIAMED - DISTRIBUIDORA DE MEDICAMENTOS LTDA.,1812,390073149.0758,364939472.0,150,1,1.0688708101046411
61282661000141,LABORATORIO QUIMICO FARMACEUTICO BERGAMO LTDA,70,370220077.2456,44738343.0,11,1,8.27522997992125
33069212001237,MERCK S/A,25,365840314.55,27297643.0,10,1,13.40190120260566
04301884000175,AUROBINDO PHARMA INDUSTRIA FARMACEUTICA LIMITADA,79,359910160.9654,52922109.0,23,1,6.80075242211908
44734671002286,CRISTALIA PRODUTOS QUIMICOS FARMACEUTICOS LTDA,2659,355409144.9724,669614334.0,78,1,0.53076693094267
10588595001335,SANOFI MEDLEY FARMACEUTICA LTDA,30,352056094.88,1103199.0,4,1,319.12292784891935
57507378000365,EMS S/A,99,338766218.4157,217890891.0,16,1,1.5547516321629986
60831658002110,BOEHRINGER INGELHEIM DO BRASIL QUIMICA E FARMACEUTICA LTDA.,18,327883137.22,77629352.0,3,1,4.223700556201989
36325157000134,COSTA CAMARGO COM. DE PRODUTOS HOSPITALARES LTDA,677,321731555.4822,280104157.0,64,1,1.1486139974788023
07752236000123,MEDILAR IMPORTACAO E DISTRIBUICAO DE PRODUTOS MEDICO HOSPITALARES S/A,2897,302679953.6599,1372629378.0,196,1,0.22051105601493254
20301535000100,JB FARMA COMERCIO DE MEDICAMENTOS E REPRESENTACOES LTDA,5,290601080.0,66764400.0,1,1,4.352635236742935
05106015000152,CALL MED COMERCIO DE MEDICAMENTOS E REPRESENTACAO LTDA,97,290043386.5601,57853676.0,12,1,5.013395977813061
08157293000127,NATCOFARMA DO BRASIL LTDA,109,281153583.7602,3979218.0,29,1,70.65548652026605
02520829000140,DIMASTER - COMERCIO DE PRODUTOS HOSPITALARES LTDA.,4144,281095302.8597,939984948.0,248,1,0.2990423447288009
03652030000170,CENTERMEDI-COMERCIO DE PRODUTOS HOSPITALARES LTDA,5648,275816971.7029,2694663077.0,227,1,0.10235675623312813
03560974000118,MERCK SHARP & DOHME FARMACEUTICA LTDA.,2,273499587.6,18012.0,1,1,15184.298667554966
31673254001095,LABORATORIOS B BRAUN SA,53,273284491.21,47115348.0,16,1,5.800328402753174
65817900000171,AGLON COMERCIO E REPRESENTACOES LTDA,1595,270666440.1447,113438048.0,114,1,2.3860287171434753
05847630000110,SOMA/SP PRODUTOS HOSPITALARES LTDA,2540,265734037.2927,720741728.0,67,1,0.36869523016253053
28123417000160,PARTNER FARMA DISTRIBUIDORA DE MEDICAMENTOS LTDA,1151,256289424.975,441044613.0,65,1,0.5810963730669124
61072393003906,PFIZER BRASIL LTDA,67,243996013.22,24379988.0,5,1,10.008044844812884
00656468000139,SOMA/PR COMERCIO DE PRODUTOS HOSPITALARES LTDA,1996,239697936.5191,743294476.0,92,1,0.32248044921445107
05782733000300,CIAMED - DISTRIBUIDORA DE MEDICAMENTOS LTDA.,674,238522530.895,87422560.0,104,1,2.7283864816473002
07484373000124,UNI HOSPITALAR LTDA,410,235172992.16,45159713.0,27,1,5.207583851562564
18774815000193,AMGEN BIOTECNOLOGIA DO BRASIL LTDA.,63,225283083.8501,19778493.0,6,1,11.390305816024508
08077211000134,T S COMERCIAL DE MEDICAMENTOS E REPRESENTACAO LTDA,28,202324569.72,39837580.0,3,1,5.0787364523648275
04071245000160,"LICIMED DISTRIBUIDORA DE MEDICAMENTOS, CORRELATOS E PRODUTOS MEDICOS E HOSPITALARES LTDA",930,195220621.2708,1188630377.0,85,1,0.16423997320640576
02816696000154,PONTAMED FARMACEUTICA LTDA,5535,194736314.2355,568220652.0,182,1,0.3427124895057493
08778201000126,DROGAFONTE LTDA,3422,186638874.0362,805057770.0,158,1,0.23183289571405538
20202872000140,PROVIP DISTRIBUIDORA HOSPITALAR LTDA,133,181414375.2181,178039004.0,11,1,1.018958605374472
04307650002693,ONCO PROD DISTRIBUIDORA DE PRODUTOS HOSPITALARES E ONCOLOGICOS LTDA.,99,179591210.337,18624437.0,10,1,9.64277257546094
05400006000170,FABMED DISTRIBUIDORA HOSPITALAR LTDA,667,177252897.4818,435683703.0,20,1,0.4068384845732914
15800545000311,ABBVIE FARMACEUTICA LTDA.,34,173952888.0401,164518.0,17,1,1057.3486672589017
12499494000260,HOSPINOVA DISTRIBUIDORA DE PRODUTOS HOSPITALARES LTDA.,100,172125028.6308,3350018.0,13,1,51.380329488020664
05531725000120,SOMA/SC PRODUTOS HOSPITALARES LTDA,941,172104244.1942,747465635.0,16,1,0.23025037692094033
06628333000146,FARMACE - INDUSTRIA QUIMICO-FARMACEUTICA CEARENSE LTDA,254,169437162.13,143818096.0,33,1,1.1781352058088712
73856593001138,"PRATI, DONADUZZI & CIA LTDA",118,168575196.6167,1568640867.0,9,1,0.1074657687193228
56998701003301,ABBOTT LABORATORIOS DO BRASIL LTDA,70,164322572.299,270019401.0,11,1,0.6085583913246293
05439635000456,ANTIBIOTICOS DO BRASIL LTDA.,269,163826665.5105,188649146.0,55,1,0.8684198629263873
18269125000187,BIOHOSP PRODUTOS HOSPITALARES SA,1303,161448977.2384,38572103.0,76,1,4.1856410379905915
11563145000117,COMERCIAL MOSTAERT LIMITADA,54,159586613.68,3059472.0,6,1,52.161488544428586
04355394000151,PROHOSP DISTRIBUIDORA DE MEDICAMENTOS LTDA.,719,156901109.4966,117969425.0,76,1,1.3300150398851227
62969589001593,CSL BEHRING COMERCIO DE PRODUTOS FARMACEUTICOS LTDA,25,155996615.4206,1471517.0,7,1,106.0107463390501
25211499000107,MEDCOM COMERCIO DE MEDICAMENTOS HOSPITALARES LTDA,71,155740867.67,13742353.0,2,1,11.332911304927183
43940618000144,ELI LILLY DO BRASIL LTDA,60,152898744.832,7161973.0,15,1,21.34869048403282
82277955000740,NOVO NORDISK FARMACEUTICA DO BRASIL LTDA,46,149847097.252,1419820.0,7,1,105.53950307222043
15145035000196,RIOBAHIAFARMA COMERCIO E DISTRIBUICAO DE PRODUTOS MEDICOS E COSMETICOS LTDA,164,144218797.746,55215492.0,18,1,2.6119263366520395
13485130000103,PHARMA LOG PRODUTOS FARMACEUTICOS LTDA,832,143310903.0114,179531621.0,57,1,0.7982488110626484
31673254000951,LABORATORIOS B BRAUN SA,8,143041595.78,6482964.0,2,1,22.064227995096072
07847837000110,CIENTIFICA MEDICA HOSPITALAR LTDA,642,139437633.9824,180579601.0,33,1,0.7721671396449702
27479311000131,OXIGENIO MODELO INDUSTRIA E COMERCIO DE GASES LTDA,2,138733080.0,7400.0,1,1,18747.713513513514
03652030000332,CENTERMEDI-COMERCIO DE PRODUTOS HOSPITALARES LTDA,1832,137463333.8663,628860143.0,113,1,0.2185912645227064
10588595000363,SANOFI MEDLEY FARMACEUTICA LTDA,13,130820760.55,689529.0,5,1,189.72481295202957
12420164000157,CM HOSPITALAR S.A.,208,130131122.7002,10925910.0,47,1,11.910323506252569
20352354000102,GC LAB DIAGNOSTICOS LTDA,141,122989028.69,359039.0,5,1,342.55061063004297
24633934000129,CAMBER FARMACEUTICA LTDA.,5,122459772.62,1595742.0,2,1,76.74158643439854
24331585000190,MULTICARE PHARMACEUTICALS LTDA,41,120559972.815,1019665.0,12,1,118.23488382458945
12419620000149,"VIER PHARMA DISTRIBUIDORA HOSPITALAR, REPRESENTACAO E CONSULTORIA LTDA",149,119029372.2164,69596314.0,8,1,1.7102827057249037
34729047000102,NSA DISTRIBUIDORA DE MEDICAMENTOS LTDA,506,118636239.4543,135083299.0,50,1,0.8782450556992986
03402979000112,M.N.P. CUSTODIO COMERCIO DE PRODUTOS HOSPITALARES LTDA,19,116576116.83,105767232.0,3,1,1.1021950241640057
05782733000220,CIAMED - DISTRIBUIDORA DE MEDICAMENTOS LTDA.,149,115116415.1646,85212056.0,13,1,1.3509404721392944
74232034000148,LABORATORIOS FERRING LTDA,10,114900738.73,7623193.0,1,1,15.072521282092689
01107391001182,SUPPORT PRODUTOS NUTRICIONAIS LTDA,16,114110194.42,751003450.0,2,1,0.15194363543869205
64171697000146,ACCORD FARMACEUTICA LTDA,46,113212938.0301,29110980.0,14,1,3.889011569864704
49324221001690,FRESENIUS KABI BRASIL LTDA.,398,111233068.225,40981225.0,42,1,2.7142445894430924
21681325000157,MULTIFARMA COMERCIO E REPRESENTACOES LTDA.,354,110557420.7307,247023730.0,65,1,0.44755789547303815
15329061000174,DANIELA CRISTINA SOUZA SANTOS LTDA,108,109327895.3784,33989390.0,13,1,3.216530081251826
12420164000238,CM HOSPITALAR S.A.,22,109081910.89,2859802.0,5,1,38.14316896414507
20657155000102,ILG COMERCIAL LTDA,3325,99954113.2884,241177068.0,105,1,0.4144428577612528
08958628000459,ONCOEXO DISTRIBUIDORA DE MEDICAMENTOS LTDA,57,99522467.98,2426843.0,2,1,41.00902612159089
37931064000116,LEMED COMERCIO DE MATERIAL E MEDICAMENTOS HOSPITALARES EIRELI,98,99029814.5547,3461067.0,14,1,28.612510117457997
90909631000110,INSTRAMED INDUSTRIA MEDICO HOSPITALAR LTDA,6,98836134.0,209895.0,4,1,470.88369899235335
51780468000187,JANSSEN-CILAG FARMACEUTICA LTDA,50,95903989.84,483678.0,8,1,198.28065332721357
61363032001541,CHIESI FARMACEUTICA LTDA,42,94947910.012,25055543.0,9,1,3.789497198763563
02520829000302,DIMASTER - COMERCIO DE PRODUTOS HOSPITALARES LTDA.,457,94086241.2567,226479175.0,36,1,0.41542998934317027
02814497000700,CIMED INDUSTRIA S.A.,355,91179576.7735,1320960423.0,55,1,0.06902521467405083
05912018000183,MERCO SOLUCOES EM SAUDE S/A,445,90665547.1012,167191722.0,70,1,0.5422849051174914
01571702000198,HALEX ISTAR INDUSTRIA FARMACEUTICA SA,248,90345797.07,14449694.0,68,1,6.252436700043613
67729178000653,COMERCIAL CIRURGICA RIOCLARENSE LTDA,117,90130131.53,40271679.0,16,1,2.2380524916778364
67729178000572,COMERCIAL CIRURGICA RIOCLARENSE LTDA,554,89916712.3922,225659163.0,70,1,0.39846249182533744
61190096001679,EUROFARMA LABORATORIOS S.A.,6,89492378.52,56392044.0,1,1,1.5869681638069368
02873606000167,ALMINHANA COMERCIO E REPRESENTACAO LTDA,18,88159917.57,6032710001.0,7,1,0.014613650839404902
07752236000808,MEDILAR IMPORTACAO E DISTRIBUICAO DE PRODUTOS MEDICO HOSPITALARES S/A,97,85604908.75,32614893.0,7,1,2.6247183686912603
36958637000132,MEDKA DISTRIBUIDORA HOSPITALAR LTDA,86,85005998.8324,7056317.0,9,1,12.046794217493346
12418191000195,CONQUISTA DISTRIBUIDORA DE MEDICAMENTOS E PRODUTOS HOSPITALARES LTDA,816,84905838.5804,177903541.0,162,1,0.47725772125243987
25210463000370,PTC FARMACEUTICA DO BRASIL LTDA.,20,84728705.52,31324.0,7,1,2704.913341846507
18625083000170,SUL MINAS INDUSTRIA E COMERCIO DE CONFECCOES LTDA,2,84037980.0,7503000.0,2,1,11.200583766493402
12882932000194,EXOMED COMERCIO ATACADISTA DE MEDICAMENTOS LTDA,47,82610719.56,25185848.0,9,1,3.280045188869559
06294126000100,RS - PRODUTOS HOSPITALARES LTDA,2001,80565177.0385,393656804.0,41,1,0.20465841367370344
04470877000105,MEDIGRAM COMERCIO DE MEDICAMENTOS LTDA,1973,80415688.4339,105290790.0,92,1,0.7637485523083263
61613881000100,DAKFILM COMERCIAL LTDA,234,79290481.82,14490729.0,39,1,5.471807651637126
92265552000140,MULTILAB INDUSTRIA E COMERCIO DE PRODUTOS FARMAC LTDA,10,78612143.51,175639387.0,1,1,0.4475769635315341
27718661000103,ARMAZEM DOS MEDICAMENTOS LTDA,1451,77724596.1471,127111403.0,39,1,0.6114683208012424
61286647000973,SANDOZ DO BRASIL INDUSTRIA FARMACEUTICA LTDA.,11,77717679.2,763963.0,4,1,101.72963769187776
22862531000126,TOP NORTE COMERCIO DE MATERIAL MEDICO HOSPITALAR LTDA,665,76626213.4923,264707084.0,112,1,0.2894754924363868
00874929000140,MED CENTER COMERCIAL LTDA,1482,75833689.1012,94574359.0,114,1,0.8018419569854024
23637718000199,AIRMED LTDA,40,75372462.457,24643510.0,5,1,3.058511651018869
12420164000319,CM HOSPITALAR S.A.,356,74523652.612,38780753.0,57,1,1.9216659514579308
72677933000129,HMEDIC DISTRIBUIDORA DE MEDICAMENTOS LTDA,12,71444267.243,21325591.0,4,1,3.3501658754967214
06886136000127,MEDCOM COMERCIO REPRESENTACOES E SERVICOS LTDA,153,71426807.3145,7200751.0,8,1,9.919355260930423
41511821000170,DESTRA DISTRIBUIDORA DE MEDICAMENTOS LTDA,563,70330589.6518,347808496.0,84,1,0.20221067185144323
17159229000176,LABORATORIO TEUTO BRASILEIRO S/A,156,69084886.3942,356999338.0,47,1,0.19351544678270524
05816630000152,FUNDO ESTADUAL DE SAUDE DO ESTADO DA BAHIA,3,68794697.35,2165.0,1,1,31775.841732101613
35753111000153,NORD PRODUTOS EM SAUDE LTDA,90,67927794.239,7127260.0,22,1,9.530702435297716
11367967000122,CERTA MEDICAMENTOS COMERCIAL LTDA,16,66278462.0,795624.0,6,1,83.30374900706866
19570720000706,HIPOLABOR FARMACEUTICA LTDA,55,64810615.6735,395943984.0,10,1,0.1636863250673863
94389400000184,MCW PRODUTOS MEDICOS E HOSPITALARES LTDA,1179,63945727.9724,313635720.0,123,1,0.20388534817526524
41365113000178,NOVA MEDICAMENTOS LTDA,721,63649796.3397,75684130.0,97,1,0.8409926405932129
49324221000880,FRESENIUS KABI BRASIL LTDA.,41,62836810.95,15735622.0,9,1,3.993284215266483
57767729000105,DISTRIBUIDORA DE MEDICAMENTOS LEMES E CESA LTDA,85,60683886.174,2181040.0,1,1,27.823371498917947
26921908000121,HOSPFAR INDUSTRIA E COMERCIO DE PRODUTOS HOSPITALARES S.A.,34,59553789.352,18277170.0,13,1,3.258370379659433
20590555000148,AGIL MEDICAMENTOS LTDA,785,59226051.6792,107703672.0,106,1,0.549898165767273
45992062000165,GERMED FARMACEUTICA LTDA,20,58833173.538,89514724.0,6,1,0.6572457681710553
76386283000113,DIMEVA DISTRIBUIDORA E IMPORTADORA LTDA,1640,58583053.3567,83630707.0,156,1,0.7004969282000689
16665873000153,MARCA DISTRIBUIDORA DE MEDICAMENTOS E MATERIAIS HOSPITALARES LTDA,12,57897903.0,13048100.0,2,1,4.437266958407737
56994502009862,NOVARTIS BIOCIENCIAS SA,4,57032552.84,311824.0,1,1,182.8998179742419
56994502000130,NOVARTIS BIOCIENCIAS SA,27,56984546.2678,1182862.0,9,1,48.17514322702057
31474414000186,BUTERI COMERCIO E REPRESENTACOES LTDA,127,56919299.53,13901140.0,12,1,4.094577820955691
01107391001263,SUPPORT PRODUTOS NUTRICIONAIS LTDA,80,56203213.2044,38637332.0,8,1,1.454634942298811
11195057000100,AVAREMED DISTRIBUIDORA DE MEDICAMENTOS LTDA,1541,55473887.208,46652957.0,42,1,1.1890754793527878
12420164003687,CM HOSPITALAR S.A.,75,55012943.79,7164244.0,16,1,7.678820513371683
06081203000136,HOSP - LOG COMERCIO DE PRODUTOS HOSPITALARES LTDA,81,54869189.59,453191.0,13,1,121.07299039477837
07640617000110,DISTRIBUIDORA BRASIL COML DE PRODUTOS MEDICOS HOSPITALARES LTDA,385,53074086.1473,118816098.0,34,1,0.44669103800479965
31905076000190,RG2S DISTRIBUIDORA DE MEDICAMENTOS LTDA,550,51968925.5317,294210916.0,102,1,0.17663833224903186
94516671000153,CIRURGICA SANTA CRUZ COM. DE PRODUTOS HOSPITALARES LTDA.,790,51937775.7963,221464288.0,53,1,0.23451986893841775
04752991000110,BIOMM S/A,12,51643217.5,2434885.0,4,1,21.20971524322504
02513899000414,GRIFOLS BRASIL LTDA,9,51394214.72,56834.0,2,1,904.2864257310764
03945035000191,ACACIA COMERCIO DE MEDICAMENTOS LTDA,3122,51110473.8839,269108562.0,110,1,0.18992511239348825
53359824000461,BLANVER FARMOQUIMICA E FARMACEUTICA S.A.,11,50606672.26,9583374.0,4,1,5.280673827401498
17472278000164,GOLDENPLUS - COMERCIO DE MEDICAMENTOS E PRODUTOS HOSPITALARES LTDA,1526,50246968.7023,112081923.0,153,1,0.4483057334972741
10493969000103,TC ATUAL COMERCIO DE MEDICAMENTOS LTDA,59,50153120.92,3500612.0,22,1,14.326957949067193
21596736000144,ULTRAMEGA DISTRIBUIDORA HOSPITALAR LTDA,519,49216983.67,69537914.0,5,1,0.7077719310073063
49475833001765,BIOLAB SANUS FARMACEUTICA LTDA,66,48374510.219,80982123.0,13,1,0.5973480124619602
07752236000476,MEDILAR IMPORTACAO E DISTRIBUICAO DE PRODUTOS MEDICO HOSPITALARES S/A,70,46694358.1424,521837899.0,20,1,0.08948058052487291
14271474000182,FRAGNARI DISTRIBUIDORA DE MEDICAMENTOS LTDA.,1817,46621619.7514,62762778.0,72,1,0.7428227563700256
34027398000171,JETHAMED COMERCIO DE PRODUTOS HOSPITALARES LTDA,457,46288204.2063,161682157.0,65,1,0.2862913574705711
10448145000103,GRAMS & GRAMS LTDA.,1968,45171470.114,107694545.0,82,1,0.4194406514647515
35997345000146,HOSPIDROGAS COMERCIO DE PRODUTOS HOSPITALARES LTDA,1179,45166259.1598,205154472.0,25,1,0.2201573220387806
09053134000226,ELFA MEDICAMENTOS S.A,42,45125152.15,788999.0,17,1,57.19291424957446
61190096000869,EUROFARMA LABORATORIOS S.A.,21,44956385.69,11827484.0,2,1,3.8010100618187264
01772798000233,MEDTRONIC COMERCIAL LTDA,88,43410205.67,1987.0,11,1,21847.1090437846
61363032000146,CHIESI FARMACEUTICA LTDA,29,43239289.042,71262980.0,11,1,0.6067566784605416
96827563000127,MEDISIL MEDICAMENTOS LTDA,246,41681667.75,46712848.0,7,1,0.8922955789379402
59309302000199,INJEX INDUSTRIAS CIRURGICAS LTDA,57,41462706.352,268712067.0,13,1,0.15430161665199799
12420164002109,CM HOSPITALAR S.A.,47,40761413.59,4963294.0,12,1,8.212572857864153
28911309000152,ESPIRITO SANTO DISTRIBUIDORA DE PRODUTOS HOSPITALARES LTDA,165,40716297.036,30463799.0,61,1,1.3365469302105097
06106005000180,STOCK MED S.A,483,40544203.2462,200798969.0,102,1,0.20191439950172255
94516671000234,CIRURGICA SANTA CRUZ COM. DE PRODUTOS HOSPITALARES LTDA.,237,39857109.5787,250392964.0,34,1,0.1591782330541045
08958628000297,ONCOEXO DISTRIBUIDORA DE MEDICAMENTOS LTDA,61,38798775.5092,9669493.0,5,1,4.012493261973508
04380569000180,J R G DISTRIBUIDORA DE MEDICAMENTOS HOSPITALARES LTDA,110,38625683.2988,57314305.0,13,1,0.6739274479346823
09192829000108,ATONS DO BRASIL DISTRIBUIDORA DE PRODUTOS HOSPITALARES LTDA,335,38442641.881,253861057.0,79,1,0.15143181996992944
08674752000140,CIRURGICA MONTEBELLO LTDA,1383,38263191.026,87912066.0,64,1,0.4352439064052937
23864942000113,UNIQUE DISTRIBUIDORA DE MEDICAMENTOS LTDA,189,37863823.045,73317003.0,34,1,0.5164398638198564
05675713000179,SUPERFIO COMERCIO DE PRODUTOS MEDICOS E HOSPITALARES LTDA,93,37499212.48,28216328.0,8,1,1.328989813274073
43751565000113,RF PRODUTOS HOSPITALARES E ODONTOLOGICOS LTDA,259,37123338.78,15590845.0,10,1,2.381098572912501
00809672000142,FARMALIBRA COMERCIO DE PRODUTOS HOSPITALARES LTDA,105,36609995.878,1655885.0,5,1,22.10902078224031
10269296000102,SEMEAR DISTRIBUIDORA LTDA,149,35950070.5419,44606325.0,26,1,0.805941097857759
01440590000136,FRESENIUS MEDICAL CARE LTDA,3,35713708.0,2607600.0,2,1,13.696007056296978
11034934000160,NDS DISTRIBUIDORA DE MEDICAMENTOS LTDA,457,35407861.9007,319904106.0,42,1,0.11068273659701011
37140339000101,A.L.V. DISTRIBUIDORA DE PRODUTOS HOSPITALARES LTDA,24,34684028.28,529358.0,3,1,65.52092965441157
30584194000180,CROMO COMERCIO E DISTRIBUICAO DE MATERIAIS ODONTO-MEDICO HOSPITALARES LTDA.,12,34368450.185,149649017.0,8,1,0.2296603804955164
49324221000104,FRESENIUS KABI BRASIL LTDA.,93,33918841.2001,9034920.0,25,1,3.7541938611631314
64533797000175,VOLPI DISTRIBUIDORA DE DROGAS LTDA,32,33722568.5,94293747.0,9,1,0.3576331365853984
04372020000144,WERBRAN DISTRIBUIDORA DE MEDICAMENTOS LTDA,569,32917790.795,134230811.0,109,1,0.24523274909662882
35472743000149,HEALTH DISTRIBUIDORA DE MEDICAMENTOS LTDA,561,32603004.48,8732307.0,39,1,3.733607222009029
82225947000165,A G KIENEN & CIA LTDA,928,32441778.3605,83069109.0,121,1,0.3905396211785539
08958628000106,ONCOEXO DISTRIBUIDORA DE MEDICAMENTOS LTDA,56,32212996.5468,4362661.0,5,1,7.383795474092532
21881617000133,AUDAX MED PRODUTOS MEDICOS HOSPITALARES LTDA,51,31909796.23,1516141.0,1,1,21.046720740353305
64171697000499,ACCORD FARMACEUTICA LTDA,35,31707049.0,21352340.0,9,1,1.4849449287525396
00088317000121,VICTORIA COMERCIO DE PRODUTOS HOSPITALARES LTDA,294,31455707.813,30090107.0,28,1,1.0453837140891524
03402979000384,M.N.P. CUSTODIO COMERCIO DE PRODUTOS HOSPITALARES LTDA,13,31036319.8,27994100.0,5,1,1.1086736062241687
18279039000155,JN-MAXIMED COMERCIO DE PRODUTOS HOSPITALARES LTDA.,4,30948404.5,1591444.0,2,1,19.44674427752406
31378288000166,MEDICAMENTAL HOSPITALAR LTDA,41,30639501.7342,89705022.0,17,1,0.3415583771240812
35186943000135,SINERGIA FARMACEUTICA LTDA,483,30620684.24,80286616.0,36,1,0.38139213938223526
28820255000110,"SUPREMA DENTAL IMPORTACAO, EXPORTACAO E COMERCIO DE PRODUTOS ODONTOLOGICOS LTDA",513,30013819.83,1853532.0,13,1,16.19277133062715
04307650000135,ONCO PROD DISTRIBUIDORA DE PRODUTOS HOSPITALARES E ONCOLOGICOS LTDA.,53,29992387.68,5141190.0,8,1,5.833744265432711
17700763000148,MEDFUTURA DISTRIBUIDORA DE MEDICAMENTOS E PRODUTOS DE SAUDE LTDA,51,29974365.6732,3074609.0,14,1,9.749000823584398
75014167000100,NUNESFARMA DISTRIBUIDORA DE PRODUTOS FARMACEUTICOS LTDA,127,29553940.3497,238279049.0,68,1,0.12403079697409737
11634742000195,HRX PRODUTOS HOSPITALARES LTDA,465,29355407.48,20654427.0,6,1,1.4212646751226747
02513899000252,GRIFOLS BRASIL LTDA,12,29036495.5,108785.0,3,1,266.9163533575401
28857335000140,"MAXIMA DENTAL IMPORTACAO, EXPORTACAO E COMERCIO DE PRODUTOS ODONTOLOGICOS LTDA",745,28801620.3322,1667983.0,17,1,17.267334458564626
67729178000220,COMERCIAL CIRURGICA RIOCLARENSE LTDA,639,28784283.613,153132988.0,51,1,0.1879691893232045
56081482000106,DIMEBRAS COMERCIAL HOSPITALAR LTDA,1119,28452814.328,17511854.0,78,1,1.6247745286135895
44152616000153,UP DISTRIBUIDORA LTDA,170,27768993.6114,103273855.0,30,1,0.26888696671001583
25211499000379,MEDCOM COMERCIO DE MEDICAMENTOS HOSPITALARES LTDA,36,27754113.87,540968.0,5,1,51.30453903003505
35250918000173,L FERREIRA DA COSTA DISTRIBUIDORA DE MEDICAMENTOS,1413,27535085.6105,634773407.0,78,1,0.04337781845750826
44734671000828,CRISTALIA PRODUTOS QUIMICOS FARMACEUTICOS LTDA,670,27415020.258,49745610.0,66,1,0.5511043136871776
73856593001057,"PRATI, DONADUZZI & CIA LTDA",260,27185869.4871,310293557.0,9,1,0.08761338698083249
10869890000126,AR FIORENZANO DISTRIBUIDORA DE MEDICAMENTOS LTDA,234,26861141.707,13275205.0,46,1,2.023406923433574
31556536000111,DL DISTRIBUIDORA DE MEDICAMENTOS LTDA,54,26536592.6975,192076543.0,22,1,0.1381563426904242
15800545000400,ABBVIE FARMACEUTICA LTDA.,10,26529559.34,109605.0,4,1,242.04698088590848
04889315000192,S & R DISTRIBUIDORA LTDA,550,25768102.8152,31365183.0,42,1,0.8215511707742946
24586988000180,CIRURGICA NOSSA SENHORA LTDA,3391,25641829.4441,65909077.0,135,1,0.389048528840724
32910616000196,BS DISTRIBUIDORA HOSPITALAR LTDA,934,25514991.868,50018170.0,16,1,0.5101144617645947
55309074000104,CIRURGICA SAO JOSE LTDA,392,25459881.4722,42639323.0,33,1,0.597098632926231
03948933000101,REPRESS DISTRIBUIDORA DE MEDICAMENTOS LTDA,382,25246056.268,61196759.0,12,1,0.4125391063275099
03817043000152,PHARMAPLUS LTDA,653,24331848.87,30417458.0,36,1,0.7999303843864928
29228930000189,LIGIA MARIA CARNEIRO,600,24234929.275,45705047.0,64,1,0.5302462389985071
03485572000104,GEOLAB INDUSTRIA FARMACEUTICA S/A,75,24052095.479,346628786.0,23,1,0.06938862682627864
00175233000125,TRES LEOES MATERIAL HOSPITALAR LTDA,90,23947739.78,13298715.0,2,1,1.8007559211547883
51892897000146,JT MEDICAMENTOS LTDA,222,23881647.1586,43907420.0,46,1,0.5439091424319625
25279552000101,DISTRIBUIDORA DE MEDICAMENTOS BACKES LTDA,2418,23014673.4386,71231632.0,200,1,0.3230962536222671
05343029000190,MEDLEVENSOHN COMERCIO E REPRESENTACOES DE PRODUTOS HOSPITALARES LTDA,38,22425624.33,73893162.0,30,1,0.3034871390400102
07118264000193,QUALITY MEDICAL COMERCIO E DISTRIBUIDORA DE MEDICAMENTOS LTDA,369,22286151.74,34492372.0,19,1,0.6461182704396207
56994502000644,NOVARTIS BIOCIENCIAS SA,10,22283702.75,36818.0,2,1,605.2393598239992
44639493000180,EUGIA PHARMA INDUSTRIA FARMACEUTICA LIMITADA,35,22197815.46,3120664.0,10,1,7.113170613689907
04307650000305,ONCO PROD DISTRIBUIDORA DE PRODUTOS HOSPITALARES E ONCOLOGICOS LTDA.,46,22195352.08,787270.0,13,1,28.19280815984351
79846465000118,GOEDERT LTDA,24,22048304.01,960152.0,8,1,22.963347480398937
53452157000114,COLLECT IMPORTACAO E COMERCIO LTDA,2,22019638.89,357.0,2,1,61679.660756302525
28791011000156,FOX INDUSTRIA E COMERCIO DE MATERIAIS MEDICOS E HOSPITALARES LTDA,22,21481045.1,14245020.0,7,1,1.5079687568006224
43575877000113,DROGARIA NOVA ESPERANCA LTDA,29,21410850.0,41539.0,6,1,515.439707263054
67729178000149,COMERCIAL CIRURGICA RIOCLARENSE LTDA,570,21358952.856,59459690.0,54,1,0.3592173597945095
05216859000156,BIOBASE INDUSTRIA E COMERCIO LTDA,71,21296193.0,23535900.0,10,1,0.9048386932303417
14261377000109,MAIS SAUDE COMERCIO DE PRODUTOS HOSPITALARES LTDA,108,21148766.0158,34145718.0,6,1,0.6193680278095192
46381269000166,"NUTRI-ELE DISTRIBUIDORA DE NUTRICAO, CORRELATOS E PRODUTOS MEDICOS E HOSPITALARES LTDA",200,21068091.6381,13402521.0,36,1,1.5719499068943819
03828079000131,SICAFLA COMERCIO DE PRODUTOS FARMACEUTICOS LTDA,147,20916667.39,21832117.0,6,1,0.9580686742380503
00085822000112,ESPECIFARMA COM DE MEDICAMENTOS E PRO HOSPITALARES LTDA,176,20900075.661,17154584.0,19,1,1.2183376560457542
10596721000160,GEORGINI PRODUTOS HOSPITALARES LTDA,345,20858430.452,52132910.0,52,1,0.40010101972055656
82873068000735,GENESIO A MENDES & CIA LTDA,155,20786807.4092,1208170.0,24,1,17.205200765786273
07094705000164,HOSPSHOP PRODUTOS HOSPITALARES LTDA,378,20740869.15,22845046.0,31,1,0.9078935166074955
09034672000192,MAEVE PRODUTOS HOSPITALARES LTDA,69,20705017.84,38498237.0,20,1,0.5378172990103417
30981531000173,HM CIRURGICA LTDA,333,20496293.39,20027045.0,13,1,1.0234307352882066
30535468000141,FIVE MED DISTRIBUIDORA DE MEDICAMENTOS LTDA,187,20422753.9,7506217.0,6,1,2.720778509334329
49351786001071,BAXTER HOSPITALAR LTDA,37,20318725.2672,10911351.0,9,1,1.8621640223286742
04598413000170,RECOL DISTRIBUICAO E COMERCIO LTDA,108,19526651.2,5012946.0,3,1,3.8952446724939787
81887838000736,CM PFS HOSPITALAR S.A.,18,19496448.73,1871062.0,9,1,10.419990748569528
36452002000169,MASSAR PROTECAO E HIGIENE LTDA,1,19443500.0,972175.0,1,1,20.0
24614797000185,INDMED HOSPITALAR LTDA,350,19258307.58,33711797.0,35,1,0.5712631569299019
35067853000125,"TECHPHARMA HOSPITALAR COMERCIO, IMPORTACAO E EXPORTACAO LTDA",122,19245455.9924,9602287.0,47,1,2.0042575266079843
29614830000190,MEDITON FARMACEUTICA LTDA -,210,19096422.2489,43851214.0,32,1,0.435482179556078
08516958000141,DISTRIMED COMERCIO E REPRESENTACOES LTDA,1967,19042686.138,31116507.0,14,1,0.611980198741459
18459628000115,BAYER S.A.,14,19023629.16,334602.0,4,1,56.8544992558323
07233087000196,RAMO PRODUTOS FARMACEUTICOS LTDA,7,19001151.46,604601.0,5,1,31.4275885418648
10638214000141,GM FARMA COMERCIAL LTDA,307,18907126.066,8830404.0,12,1,2.141139416271328
04860635000110,FLORESTA COMERCIO DE ARTIGOS DE PERFUMARIA LTDA,214,18894966.18,1090030.0,7,1,17.334354265478932
23228076000174,CMH - CENTRAL DE MEDICAMENTOS HOSPITALARES LTDA,2676,18700825.0082,17882288.0,122,1,1.0457736173469525
02513899000171,GRIFOLS BRASIL LTDA,15,18594840.58,42358.0,10,1,438.9924118230322
33009945000123,PRODUTOS ROCHE QUIMICOS E FARMACEUTICOS S A,16,18240396.74,146173.0,6,1,124.78636095585367
01140868000150,CIRURGICA OLIMPIO LTDA,2177,18231626.861,75941584.0,56,1,0.24007435584962253
34999637000155,WL PHARMA COMERCIO DE MATERIAIS MEDICOS HOSPITALARES LTDA,10,18027105.27,116230.0,3,1,155.0985569130173
12014370000167,ABC DISTRIBUIDORA DE MEDICAMENTOS LTDA,735,17967452.6356,119806989.0,75,1,0.14996998744038215
36325157000215,COSTA CAMARGO COM. DE PRODUTOS HOSPITALARES LTDA,129,17821721.1572,193884841.0,15,1,0.09191910551274095
15031173000144,MERCANTIL BARRETO COMERCIAL DE PRODUTOS HOSPITALARES E SUPRIMENTOS LTDA,507,17600531.946,12968484.0,34,1,1.3571772881086177
33009945002339,PRODUTOS ROCHE QUIMICOS E FARMACEUTICOS S A,1,17276477.4,2262.0,1,1,7637.699999999999
26921908000202,HOSPFAR INDUSTRIA E COMERCIO DE PRODUTOS HOSPITALARES S.A.,66,17146767.44,2797419.0,25,1,6.129495595761665
06968107000104,R.A.P.-APARECIDA - COMERCIO DE MEDICAMENTOS LTDA,2335,16991653.4195,22981700.0,40,1,0.7393558100358112
05439635000103,ANTIBIOTICOS DO BRASIL LTDA.,35,16978032.94,17344026.0,19,1,0.9788980332478746
00358519000146,"RCC - DISTRIBUIDORA DE MEDICAMENTOS, CORRELATOS E PRODUTOS MEDICOS E HOSPITALARES LTDA",133,16823679.5244,11316837.0,53,1,1.4866061536805735
00735260000105,MED-SURGERY HOSPITALAR LTDA,3,16795800.0,71100.0,1,1,236.22784810126583
35153207000180,ESSENCIA HOSPITALAR LTDA,331,16411057.37,2706963.0,16,1,6.062534792680949
31504150000166,POSITIVA COMERCIAL LTDA,200,16333600.7367,77784391.0,9,1,0.20998558356907365
10436883000130,GLORIA FARMA PROMOCAO DE VENDAS LTDA,288,16294827.931,77803871.0,15,1,0.2094346685012626
29715704000122,MAIS SAUDE MARINGA PRODUTOS MEDICOS E NUTRICIONAIS LTDA,51,16155332.18,30806232.0,12,1,0.5244176626339762
23232280000169,ZUCK PAPEIS LTDA,620,16102101.3162,51238365.0,36,1,0.3142586871419492
00895119000170,SANFARMA COMERCIO DE MEDICAMENTOS LTDA,937,16091730.66,54556661.0,13,1,0.2949544632139419
01417694000120,DISTRIMIX DISTRIBUIDORA DE MEDICAMENTOS LTDA,470,16014162.138,88922274.0,34,1,0.1800916847673059
28093678000185,F&F DISTRIBUIDORA DE MEDICAMENTOS LTDA,1107,15836154.5246,38825633.0,138,1,0.4078788496403909
01541283000141,INDUSTRIA QUIMICA DO ESTADO DE GOIAS S A IQUEGO,4,15802855.0,45046250.0,3,1,0.3508139967255876
78742491000133,JOAOMED COMERCIO DE MATERIAIS CIRURGICOS S/A,187,15794352.42,8507795.0,12,1,1.8564566283038084
11260846000187,ANBIOTON IMPORTADORA LTDA,154,15686222.3624,14945860.0,37,1,1.0495362837869484
20202872000220,PROVIP DISTRIBUIDORA HOSPITALAR LTDA,106,15491758.026,15529671.0,6,1,0.997558675003482
21152532000114,I9 DISTRIBUICAO E COMERCIO LTDA,50,15269253.24,16562771.0,2,1,0.9219020923491607
38460625000109,JGM PRODUTOS PARA SAUDE LTDA,1589,15247436.637,7171222.0,33,1,2.126197827511127
67729178000734,COMERCIAL CIRURGICA RIOCLARENSE LTDA,27,15162777.5128,11368164.0,9,1,1.3337929953156904
27600270000190,LOGER DISTRIBUIDORA DE MEDICAMENTOS E MATERIAIS HOSPITALARES LTDA,574,15121068.756,41172760.0,28,1,0.3672590507898912
02228938000199,"D-X INDUSTRIA, COMERCIO, IMPORTACAO E EXPORTACAO LTDA",9,15077445.0,324.0,5,1,46535.32407407407
16970999000131,"DMC DISTRIBUIDORAS, COMERCIO D MEDICAMENTOS LTDA",467,14997257.625,23132665.0,90,1,0.6483151692638959
34707920000166,ONMED DISTRIBUIDORA DE MEDICAMENTOS LTDA,93,14634084.275,20979956.0,15,1,0.6975269287981347
35959514000153,TOLESUL DISTRIBUIDORA DE MEDICAMENTOS LTDA,590,14554798.1808,21577850.0,75,1,0.6745249494643814
60665981000541,UNIAO QUIMICA FARMACEUTICA NACIONAL S A,32,14544260.006,9619517.0,10,1,1.5119532514990097
07090403000118,TRIMEDCALL COMERCIO DE MATERIAIS MEDICOS E HOSPITALARES LTDA,14,14459763.1,125525.0,6,1,115.1942887870942
21998885000130,MEDIPHACOS INDUSTRIAS MEDICAS S/A,1,14400000.0,7200.0,1,1,2000.0
26364969000135,HOSPITALARES - DISTRIBUIDORA DE MEDICAMENTOS E CORRELATOS LTDA,182,14383573.975,66515082.0,16,1,0.216245301704657
01541283000303,INDUSTRIA QUIMICA DO ESTADO DE GOIAS S A IQUEGO,4,14353062.5,46005750.0,3,1,0.31198409981361025
82277955000155,NOVO NORDISK FARMACEUTICA DO BRASIL LTDA,17,14209824.11,154249.0,5,1,92.12263359892123
60665981000118,UNIAO QUIMICA FARMACEUTICA NACIONAL S A,46,14014520.33,7900731.0,17,1,1.7738257801714803
40420219000164,W.A MEDICAMENTOS SOLUCOES EM SAUDE LTDA,28,13833513.8,1071938.0,7,1,12.905143581065323
79250676000193,CIRURGICA JAW COMERCIO DE MATERIAL MEDICO HOSP LTDA,18,13827007.92,123224.0,5,1,112.21034798415893
10588595000797,SANOFI MEDLEY FARMACEUTICA LTDA,4,13712643.3,3990.0,4,1,3436.7527067669175
07316691000186,FORMULAS MAGISTRAIS MANIPULACOES ESPECIAIS LTDA,100,13701712.78,4366884.0,28,1,3.137640656358172
24602657000197,RALIC COMERCIO E DISTRIBUICAO LTDA,249,13649198.532,12237893.0,7,1,1.115322591233638
02626340000158,ART MEDICA COMERCIO E REPRESENTACOES DE PRODUTOS HOSPITALARES LTDA.,1,13500000.0,30000.0,1,1,450.0
44363661000580,GLENMARK FARMACEUTICA LTDA,7,13476735.8345,193083111.0,2,1,0.06979759008803209
05333542000108,TEVA FARMACEUTICA LTDA.,7,13405169.9,3585860.0,2,1,3.738341680935675
17019854000465,DROGARIAS FARMACESA LTDA,21,13303169.62,144084.0,1,1,92.32926362399711
10436813000182,MAIS SAUDE LTDA,1024,13293035.464,18015309.0,12,1,0.7378744080381857
27844493000100,MEDSAUDE DISTRIBUIDORA DE MEDICAMENTOS LTDA,61,13183698.74,3178152.0,5,1,4.148227882115141
38412948000127,UNIKA DISTRIBUIDORA DE MEDICAMENTOS LTDA,5,12947423.5,158341.0,2,1,81.76924169987558
29775313000101,SO SAUDE PRODUTOS HOSPITALAR LTDA,911,12840769.475,56433086.0,29,1,0.22753973573233263
20001049000176,LICIMASTER DISTRIBUIDORA DE MEDICAMENTOS E PRODUTOS MEDICO HOSPITALAR LTDA,8,12835914.79,16799.0,1,1,764.0880284540746
16622225000110,PAMP&VAMD-COMERCIO VAREJISTA LTDA,9,12823054.1004,11305263.0,2,1,1.1342552668080346
05215423000142,RCM COMERCIO DE MATERIAIS MEDICOS ODONTOLOGICOS LTDA,188,12735940.45,530904.0,2,1,23.98915896282567
12889035000293,INOVAMED HOSPITALAR LTDA,448,12626100.5433,99071877.0,33,1,0.12744384103371736
49851154000186,JABOQUE DISTRIBUIDORA DE PRODUTOS HOSPITALARES LTDA,10,12496159.36,17349.0,6,1,720.2812473341403
26401571000121,TRES PHARMA DISTRIBUIDORA E SERVICOS LTDA,85,12267578.88,4364190.0,12,1,2.8109635190035265
02600770000109,COMERCIAL VALFARMA LTDA,42,12053522.47,8249494.0,10,1,1.461122642188721
49324221002077,FRESENIUS KABI BRASIL LTDA.,65,11850648.34,2927852.0,24,1,4.047557164774722
31187918000115,ALLFAMED COMERCIO ATACADISTA DE MEDICAMENTOS LTDA,2738,11718258.0761,15046456.0,22,1,0.7788051934688142
18258209000115,CIRURGICA CERON IMPORTADORA E EXPORTADORA DE EQUIPAMENTOS HOSPITALARES E VETERINARIOS LTDA,26,11655666.66,64497.0,16,1,180.71641564723942
40600760000154,LEMAN MEDICAMENTOS E CIA LTDA,146,11608114.008,11731221.0,11,1,0.9895060376068271
11195977000128,MEDICAH COMERCIO DE MEDICAMENTOS LTDA,763,11538003.546,23994770.0,11,1,0.48085493405437935
09058502000148,FARMA VISION IMPORTACAO E EXPORTACAO DE MEDICAMENTOS LTDA,15,11450807.79,6780313.0,7,1,1.688831738298807
21581445000182,ALTAMED DISTRIBUIDORA DE MEDICAMENTOS LTDA,566,11397974.306,20057535.0,12,1,0.5682639619474676
40455009000101,ALMEIDA FARMACEUTICA LTDA,92,11346390.8833,1783308.0,24,1,6.36255256147564
92265552000905,MULTILAB INDUSTRIA E COMERCIO DE PRODUTOS FARMAC LTDA,1,11335834.62,17175507.0,1,1,0.6599999999999999
22635177000105,MEDICOM LTDA,60,11313071.0142,41586055.0,23,1,0.27204001471647166
04192876000138,CRISMED COMERCIAL HOSPITALAR LTDA.,130,11292869.2245,51161436.0,31,1,0.22073010664712384
38014290000103,ISABEL CRISTINA MORAES MARINHO E CIA LTDA,1687,11279932.398,31865828.0,10,1,0.3539820900935008
61286647000116,SANDOZ DO BRASIL INDUSTRIA FARMACEUTICA LTDA.,17,11041306.655,872155.0,11,1,12.659798608045588
10446719000104,BIOTEC BIOLOGICA INDUSTRIA FARMACEUTICA LTDA,8,11015348.0164,215651959.0,7,1,0.05107928565768327
36191620000100,MS HOSPITALAR LTDA,429,10889130.669,20260898.0,31,1,0.5374456092222566
02814497001260,CIMED INDUSTRIA S.A.,49,10820122.4225,199553799.0,9,1,0.05422158073021702
47190369000178,A.L.L COMERCIO DE MEDICAMENTOS E PRODUTOS PARA SAUDE LTDA,38,10787383.825,63152322.0,1,1,0.17081531578522163
17263792000190,REALMED DISTRIBUIDORA LTDA,591,10686207.997,7441338.0,45,1,1.436060019985653
02814497000107,CIMED INDUSTRIA S.A.,37,10643912.83,61735327.0,17,1,0.1724120264237039
11369348000177,FIX COM. ATAC. DE MEDICAMENTOS LTDA,57,10603504.05,1987652.0,1,1,5.334688391126817
21227039000116,LIFE CENTER COMERCIO E DISTRIBUIDORA DE MEDICAMENTOS LTDA,267,10573259.272,43565558.0,42,1,0.24269766662922118
32534969000139,CK COMERCIO DE PRODUTOS E MEDICAMENTOS HOSPITALARES LTDA,507,10565236.28,11707326.0,6,1,0.902446577467818
31342367000117,RM DISTRIBUIDORA DE MEDICAMENTOS LTDA,96,10496526.95,5529236.0,4,1,1.8983684093064574
04242860000192,MEDI-GLOBE BRASIL LTDA,7,10403516.0,136665.0,3,1,76.12421614897742
18809570000354,SUPPLEX COMERCIO E SERVICOS LTDA,26,10327108.0,3306120.0,1,1,3.12363374590154
32421421000182,MULTIHOSP COMERCIAL DE PRODUTOS HOSPITALARES LTDA,490,10276897.182,8410315.0,72,1,1.22193962794497
64815897000194,TRIUNFAL MARILIA COMERCIAL LIMITADA,346,10250104.541,7681445.0,17,1,1.3343979604097926
02916028000107,FRADEL-MED INDUSTRIA E COMERCIO DE APARELHOS MEDICOS LTDA,10,10152129.2,2359508.0,3,1,4.302646653454873
29565364000109,C G FARMA DISTRIBUIDORA LTDA,1103,10027163.14,32035414.0,5,1,0.31300245222365475
31912939000156,ATHOS RIO PRODUTOS MEDICOS HOSPITALARES LTDA,363,9919164.348,19578640.0,6,1,0.5066319390928072
30511964000165,"MEDICAL COMERCIO, IMPORTACAO E EXPORTACAO LTDA",1043,9761905.433,5448250.0,28,1,1.7917506415821594
30788967000140,C. O DE SOUZA,24,9725347.75,447297.0,3,1,21.742483741227865
05656727000145,MYLAN BRASIL DISTRIBUIDORA DE MEDICAMENTOS LTDA.,9,9589734.14,1016799.0,4,1,9.431297768782228
49228695000152,LUMAR COMERCIO DE PRODUTOS FARMACEUTICOS LTDA,1252,9521643.3508,39036208.0,62,1,0.24391824510208573
26419311000183,LUMANN DISTRIBUIDORA DE MEDICAMENTOS LTDA,992,9439841.2581,30480043.0,55,1,0.3097056411009656
21368399000138,ALIANCA HOSPITALAR LTDA,95,9434484.956,3280405.0,5,1,2.876012247268249
08160290000142,"FARMAGUEDES COMERCIO DE PRODUTOS FARMACEUTICOS, MEDICOS E HOSPITALARES LTDA",2060,9401438.036,11302088.0,26,1,0.8318319620233005
19391064000199,LUVERMED DISTRIBUIDORA DE MEDICAMENTOS LTDA,703,9368676.47,5035836.0,35,1,1.860401424907404
00339246000192,LONDRICIR COMERCIO DE MATERIAL HOSPITALAR LTDA,100,9175803.49,8570033.0,18,1,1.0706847324858608
08774906000175,HOSPDROGAS COMERCIAL LTDA,151,9168162.8384,211940979.0,38,1,0.043258094218768334
04949905000163,F CARDOSO E CIA LTDA,478,9145239.219,9399272.0,13,1,0.9729731429200049
21551379000874,BECTON DICKINSON INDUSTRIAS CIRURGICAS LTDA,8,9013130.16,56801488.0,5,1,0.15867771210500684
40724582000173,FIA COMERCIO DE PRODUTOS HOSPITALARES LTDA,281,9010317.66,14868593.0,39,1,0.6059966575183005
05980425000128,VAL MED PRODUTOS E EQUIPAMENTOS MEDICOS HOSPITALAR LTDA,840,8952585.2728,5495933.0,6,1,1.6289473093649431
21484336000147,MMH MED COMERCIO DE PRODUTOS HOSPITALARES LTDA,427,8951313.634,15332245.0,67,1,0.5838227626808729
32364822000148,TERRA SUL COMERCIO DE MEDICAMENTOS LTDA,503,8923450.774,7124001.0,89,1,1.2525897699902064
00545222000190,PROFARM COMERCIO DE MEDICAMENTOS E MATERIAL HOSPITALAR LTDA,1327,8798069.169,14259215.0,13,1,0.6170093633485434
23680034000170,D.ARAUJO COMERCIO ATACADISTA LTDA,818,8737385.36,12604399.0,11,1,0.6932012672718468
16647278000195,PARAMED DISTRIBUIDORA DE MEDICAMENTOS LTDA,1060,8733381.2596,7422047.0,10,1,1.176680942548599
85247385000149,PROSAUDE DISTRIBUIDORA DE MEDICAMENTOS LTDA,229,8674554.69,4243434.0,49,1,2.044229906721773
10749758000180,A.D. DAMINELLI LTDA,571,8637549.0836,9456792.0,62,1,0.9133698915657656
38412815000150,INOVACAO DISTRIBUIDORA HOSPITALAR LTDA,868,8617486.59,13128437.0,7,1,0.6563985179652384
61418042000131,CIRURGICA FERNANDES - COMERCIO DE MATERIAIS CIRURGICOS E HOSPITALARES - SOCIEDADE LIMITADA,165,8577591.1256,10444953.0,13,1,0.8212187384280236
46070868003699,LABORATORIOS PFIZER LTDA,5,8535965.1,172136.0,2,1,49.588494562439
18252904000170,"HEALTH CARE & DUBEBE COMERCIO, IMPORTACAO, EXPORTACAO DE PRODUTOS DE HIGIENE PESSOAL, COSMETICOS E PERFUMARIA LTDA",34,8404599.71,957033.0,14,1,8.781933026342875
30034749000110,MARCELA CAROLINE BASTOS SALDANHA EIRELI,840,8389167.0,35821727.0,11,1,0.23419214266246852
52808009000127,P & P DISTRIBUIDORA DE MEDICAMENTOS LTDA,636,8375419.59,12378526.0,35,1,0.6766087973640803
58950775000108,COTACAO COM REPRESENTACAO IMPORTACAO E EXPORTACAO LTDA,7,8318265.7,31430.0,5,1,264.6600604517977
31009591000191,GLOBOMED DISTRIBUIDORA DE MEDICAMENTOS LTDA,57,8296164.5,1487149.0,1,1,5.578569800336079
12499494000180,HOSPINOVA DISTRIBUIDORA DE PRODUTOS HOSPITALARES LTDA.,18,8252616.5,259460.0,4,1,31.806893162722577
10645510000170,DISTRIBUIDORA DE MEDICAMENTOS SAUDE & VIDA LTDA,1903,8210192.3468,14989951.0,18,1,0.5477130877078918
11101919000198,JC PRODUTOS FARMACEUTICOS E HOSPITALARES LTDA,34,8172012.75,13899802.0,25,1,0.5879229610608842
21297758000103,PRO SAUDE DISTRIBUIDORA DE MEDICAMENTOS LTDA,141,8118228.32,8657422.0,23,1,0.9377189098556129
03894963000174,"SAO MARCOS DISTRIBUIDORA DE MEDICAMENTOS, EQUIPAMENTOS E MATERIAIS HOSPITALARES E ODONTOLOGICOS LTDA",3022,8057397.2442,13817335.0,17,1,0.5831368526709383
48939276000166,MEDI HOUSE INDUSTRIA E COMERCIO DE PRODUTOS CIRURGICOS E HOSPITALARES LTDA,3,7980600.0,15240000.0,2,1,0.5236614173228347
06065614000138,SUPERMEDICA DISTRIBUIDORA HOSPITALAR LTDA,225,7968132.1258,4311390.0,29,1,1.8481585117096806
11224757000185,G2 PRODUTOS MEDICOS HOSPITALARES LTDA,17,7864680.0,60366.0,1,1,130.28327204055262
29101445000140,JORGE EDUARDO RIBEIRO SOARES LTDA,992,7805901.49,22949892.0,12,1,0.3401280271820016
68949239000146,UNITED MEDICAL LTDA,2,7735752.0,4272.0,2,1,1810.8033707865168
20918668000120,MEDICINALI PRODUTOS PARA SAUDE LTDA,210,7714502.273,1641478.0,31,1,4.699729312850979
21257684000181,KENAN MEDICAMENTOS LTDA,582,7705854.5383,6827129.0,26,1,1.128710844382756
61610283000188,VITAL HOSPITALAR COMERCIAL LTDA,138,7608541.8025,11819421.0,7,1,0.6437321931844208
07897039000100,DENTEMED EQUIPAMENTOS ODONTOLOGICOS LTDA,25,7605033.78,51936.0,7,1,146.43087222735676
43232006000105,W.A. COMERCIO DE MEDICAMENTOS LTDA,80,7575847.777,139086.0,14,1,54.46880187078498
25031668000127,SAMEH SOLUCOES HOSPITALARES LTDA,91,7503605.93,5998130.0,8,1,1.2509908804910863
47708998000147,ELTO AZEVEDO DA ROSA,11,7455600.0,5375100.0,1,1,1.3870625662778366
03602727000137,D L HOSPITALAR DISTRIBUIDORA DE MEDICAMENTOS LTDA,179,7455340.54,14743045.0,9,1,0.5056852597275528
49351786001152,BAXTER HOSPITALAR LTDA,13,7397813.23,1606455.0,5,1,4.605054750988979
21515353000102,BASCEL SOLUCOES LTDA,188,7379493.2369,18019400.0,42,1,0.4095304636613872
27764200000177,C B DISTRIBUIDORA DE PRODUTOS FARMACEUTICOS LTDA,77,7291005.5411,5939091.0,12,1,1.227629874857954
46388826000170,OCIAN COMERCIAL FARMACEUTICA UNIPESSOAL LTDA,43,7277170.4966,177033039.0,20,1,0.04110628466701066
23706033000157,MEDICAL CENTER DISTRIBUIDORA DE MEDICAMENTOS LTDA,622,7266141.6418,24206280.0,31,1,0.3001758899673969
07724173000444,PONTUAL FARMACEUTICA NR 2006 LTDA,6,7216503.08,40863.0,4,1,176.60238063774074
05333542000957,TEVA FARMACEUTICA LTDA.,3,7195786.555,3606584.0,1,1,1.9951806349165857
08676370000155,DISTRIBUIDORA DE MEDICAMENTOS PRO SAUDE LTDA,150,7145743.84,2223268.0,39,1,3.2140721856294427
49351786000180,BAXTER HOSPITALAR LTDA,7,7133776.13,1578951.0,4,1,4.518047824156671
11215901000117,CIRURGICA BIOMEDICA LTDA,65,6984674.51,940819.0,18,1,7.42403640870348
05283263000179,J&G PHARMA DISTRIBUIDORA DE MEDICAMENTOS LTDA,32,6972035.129,25407.0,1,1,274.41394611721176
09396523000173,PROMISSE COMERCIO DE MATERIAIS MEDICO HOSPITALARES LTDA,23,6960948.4,7491123.0,3,1,0.929226285564928
31908034000102,CIRURGICA SERRA MAR LTDA,453,6864755.44,19966448.0,26,1,0.3438145552979679
26437725000135,BIS COMERCIO & SERVICOS LTDA,216,6846951.5,7555812.0,3,1,0.9061834121865393
17700763000733,MEDFUTURA DISTRIBUIDORA DE MEDICAMENTOS E PRODUTOS DE SAUDE LTDA,15,6803530.725,5062132.0,5,1,1.3440050012524367
04550922000123,INTERATIVA NUTRICAO CLINICA LTDA,1,6796692.8568,167406228.0,1,1,0.040600000000000004
08183359000153,PRODIET NUTRICAO CLINICA LTDA,52,6754614.552,90000657.0,10,1,0.07505072492970802
34620735000130,GHOLDMED DISTRIBUIDORA DE PRODUTOS HOSPITALARES LTDA,283,6716882.07,3236494.0,47,1,2.0753574917796853
31301174000118,WESLEY DIONE GRANJA,5,6695088.16,6016742.0,2,1,1.1127431024963343
35854418000140,AGRESTEMED COMERCIO DE PRODUTOS MEDICOS HOSPITALARES LTDA,334,6681132.02,8033661.0,7,1,0.8316422637201146
01328535000159,CLASSMED - PRODUTOS HOSPITALARES LTDA,1269,6681124.8012,17987749.0,85,1,0.3714263969994244
49351786000261,BAXTER HOSPITALAR LTDA,1,6670004.4,1852779.0,1,1,3.6
40788766000105,CIRURGICA BRASIL DISTRIBUIDORA DE MEDICAMENTOS LTDA,764,6665330.24,16910485.0,34,1,0.39415370050001525
43607262000121,INPHARMA HOSPITALAR LTDA,551,6657087.676,7446352.0,53,1,0.8940065787918702
09260071000106,CIRURGICA KD LTDA,7,6626865.0,12707400.0,2,1,0.5214965295811889
30082076000174,ABSOLUTA SAUDE IMP. EXP. E COMERCIO DE PRODUTOS PARA SAUDE LTDA,655,6616933.8247,1263370.0,11,1,5.237526476566643
20419709000133,CIRURGICA ONIX LTDA,1105,6605519.2747,10971858.0,63,1,0.6020419945919825
04027894000164,"DUPATRI HOSPITALAR COMERCIO, IMPORTACAO E EXPORTACAO LTDA.",100,6590550.49,6196743.0,18,1,1.0635507217259133
16699864000183,SANTE MEDICA HOSPITALAR LTDA,33,6569464.28,557913.0,2,1,11.775069374615756
04860742000148,PARAFARMA MEDICAMENTOS E HOSPITALAR LTDA,901,6503390.97,5468275.0,10,1,1.1892947904046522
12164483000149,DUPAC COMERCIAL LTDA,25,6501596.0,1949660.0,4,1,3.334733235538504
28418133000100,MED VITTA COMERCIO DE PRODUTOS HOSPITALARES LTDA,370,6476020.47,1601767.0,27,1,4.0430477528879045
30553793000137,JASMED DISTRIBUIDORA DE MEDICAMENTOS LTDA,63,6439286.1596,5721403.0,2,1,1.1254732728318562
47365250000199,BONATTO DISTRIBUIDORA DE MEDICAMENTOS LTDA,29,6422387.3576,5110662.0,3,1,1.2566644707867591
42799163000126,BH FARMA COMERCIO LTDA,298,6407819.0021,19656408.0,34,1,0.3259913511207134
61190096000192,EUROFARMA LABORATORIOS S.A.,40,6405214.588,5442947.0,9,1,1.1767916512874368
52967925000100,ABC FARMACEUTICO LTDA,62,6350232.0208,7151452.0,15,1,0.887964013573747
33891594000127,EXCLUSIVE PRODUTOS HOSPITALARES LTDA,251,6344995.36,15969836.0,9,1,0.39731124101712756
05035244000123,SUN FARMACEUTICA DO BRASIL LTDA,12,6303157.88,4910300.0,2,1,1.2836604443720343
28643008000195,SANTO REMEDIO -COMERCIO DE PRODUTOS MEDICO-HOSPITALAR LTDA,794,6255375.665,33738191.0,64,1,0.1854093381888792
10782385000140,GB COMERCIO E DISTRIBUICAO LTDA,68,6246464.65,1401945.0,6,1,4.455570403974479
03606635000125,FLEX HOSPITALAR LTDA,47,6228875.82,6909299.0,3,1,0.9015206636736954
31499939000176,M.K.R. COMERCIO DE EQUIPAMENTOS LTDA,5,6150978.0,25.0,4,1,246039.12
38140640000170,A2 DISTRIBUIDORA BRASIL LTDA,71,6143096.99,3133505.0,23,1,1.9604554612167526
05194502000114,ALFALAGOS LTDA.,415,6104917.3443,20495637.0,41,1,0.2978642402917265
12409711000101,NUTRIMIX COMERCIAL LTDA,55,6093798.6,14006866.0,3,1,0.4350579637157948
07569029000138,CHOLMED COMERCIAL HOSPITALAR LTDA,31,6073695.73,576457.0,5,1,10.536251151430204
26089337000100,BELLPHARMA MEDICAMENTOS LTDA,301,6070926.3663,10124470.0,43,1,0.599629053797384
30754325000120,MEDSI DISTRIBUIDORA DE MEDICAMENTOS LTDA,125,6061097.8974,24237955.0,37,1,0.2500663895695821
45107793000180,PHOENIX DISTRIBUIDORA E IMPORTADORA DE PRODUTOS FARMACEUTICOS E CORRELATOS LTDA,49,6037587.4436,11540621.0,24,1,0.5231596673697195
32635445000134,VALE COMERCIO DE PRODUTOS MEDICOS E HOSPITALARES LTDA,1763,6024783.6567,5316562.0,46,1,1.1332104575663746
19079667000150,"W2 COMERCIO, IMPORTACAO E EXPORTACAO DE MEDICAMENTOS LTDA",88,6021514.61,1711123.0,2,1,3.5190425293798286
36099392000135,APOTEK DISTRIBUIDORA DE MEDICAMENTOS E MATERIAIS HOSPITALARES LTDA,476,6018638.9117,32100891.0,31,1,0.18749133510655513
18489967000144,LB COMERCIO E SERVICOS LTDA,28,6008790.35,334322.0,2,1,17.97306294530423
01857076000109,VALINPHARMA COMERCIO E REPRESENTACOES LTDA,228,5984738.01,8795946.0,32,1,0.680397311443249
73008682000152,LABINBRAZ COMERCIAL LTDA,118,5978834.61,3335274.0,4,1,1.7926067273633293
02248312000144,CEPALAB LABORATORIOS S.A,50,5973690.35,4085441.0,30,1,1.4621898468243697
06132785000132,MEDVIDA DISTRIBUIDORA DE MEDICAMENTOS HOSPITALAR LTDA,943,5941333.003,16687578.0,33,1,0.3560332723538431
15218561000139,"NNMED - DISTRIBUICAO, IMPORTACAO E EXPORTACAO DE MEDICAMENTOS LTDA",1700,5918040.1265,15254333.0,38,1,0.3879579740720227
06053353000136,SANTA BRANCA DISTRIBUIDORA DE MEDICAMENTOS LTDA,2,5903640.0,6201240.0,1,1,0.9520095980803839
14792179000171,SUPRA DISTRIBUIDORA LTDA,21,5874026.9,418446.0,10,1,14.037717889524576
19501429000271,MAWDSLEYS PHARMACEUTICALS DO BRASIL LTDA,3,5831039.3,27410.0,3,1,212.73401313389274
41500407000165,HENRIVIX COMERCIO DE MEDICAMENTOS E MATERIAIS HOSPITALARES LTDA,346,5824460.46,1129937.0,28,1,5.154677172267126
69950913000175,MED FARMACE DISTRIBUIDORA DE MEDICAMENTOS LTDA.,841,5796671.9292,18166165.0,10,1,0.31909167010208267
29010039000171,MONACO DISTRIBUIDORA DE MEDICAMENTOS LTDA,67,5788588.3912,23032467.0,12,1,0.25132298642607415
05159591000168,PRO-REMEDIOS DISTRIBUIDORA DE PRODUTOS FARMACEUTICOS E COSMETICOS LTDA,601,5787891.5316,14055947.0,54,1,0.4117752814235854
02209788000176,ESTRELA COMERCIO DE PRODUTOS MEDICOS E HOSPITALARES LTDA,35,5703819.69,20018.0,7,1,284.9345434109302
12951863000123,FAMED FARMACOLOGIA E MEDICINA AVANCADA LTDA,214,5693071.584,3595236.0,2,1,1.583504277326996
44656846000150,DF MEDICAL LTDA,289,5688989.27,1502004.0,23,1,3.7875992806943253
07946534000154,MT COMERCIAL MEDICA LTDA,41,5676930.18,12103654.0,8,1,0.46902614532768366
37454703000108,MFMED DISTRIBUIDORA DE MEDICAMENTOS E SERVICOS LTDA,3,5667084.0,6000.0,1,1,944.514
11896538000142,SOLUMED DISTRIBUIDORA DE MEDICAMENTOS E PRODUTOS PARA SAUDE LTDA,83,5629588.431,28392337.0,12,1,0.19827844502550107
25067657000105,MEDICAL CHIZZOLINI LTDA,31,5616568.04,320692.0,7,1,17.51390131340975
32350180000128,NOVA LINEA COMERCIO DE PRODUTOS FARMACEUTICOS LTDA,161,5616314.764,7893473.0,9,1,0.7115137739750298
10447355000187,VIVA FARMACEUTICA SA,114,5614432.24,4057962.0,23,1,1.3835595897645174
20182918000106,APG COMERCIAL LTDA,108,5613035.78,1362681.0,4,1,4.119112088595937
24067457000181,FORCE MEDICAL INDUSTRIA E DISTRIBUIDORA LTDA,23,5598400.98,4650810.0,4,1,1.203747514949009
10495121000105,VIA MEDICAMENTOS COMERCIO E CONSULTORIA EM SAUDE LTDA,343,5568601.38,970740.0,1,1,5.736449904196798
12927876000167,SOMA/MG PRODUTOS HOSPITALARES LTDA,581,5566860.0482,32907084.0,19,1,0.1691690472543845
25463374000174,MEDEFE PRODUTOS MEDICO- HOSPITALARES LTDA,456,5529489.64,6311396.0,39,1,0.876111979029679
03019611000170,MEDICAL FARM NORTE COMERCIO LTDA,710,5509412.033,968753.0,28,1,5.6871173900880825
42496258000170,METTA FARMACEUTICA LTDA,207,5506373.5535,17175076.0,45,1,0.3206025727921088
20653373000179,IASMINE SOARES BEZERRA,238,5496869.16,3409038.0,1,1,1.6124399786684689
37174625000260,MODENA PRODUTOS E SOLUCOES PARA SAUDE LTDA,14,5496825.318,84957.0,6,1,64.7012643808044
32116161000131,KADFAR MEDICAMENTOS LTDA,33,5488549.0,1509770.0,13,1,3.6353543917285416
34223536000198,LICITE SAUDE COMERCIO DE PRODUTOS HOSPITALARES LTDA,170,5431738.31,6961107.0,35,1,0.7802980632247141
26651036000129,JAC MED DIST DE MEDIC LTDA,150,5407462.56,3636392.0,5,1,1.4870406050832803
31673254001680,LABORATORIOS B BRAUN SA,5,5372478.43,1524326.0,2,1,3.524494386371419
60665981000207,UNIAO QUIMICA FARMACEUTICA NACIONAL S A,3,5366400.0,393000.0,2,1,13.654961832061069
03595984000199,JR LACERDA MATERIAL MEDICO HOSPITALAR LTDA,367,5358717.29,2863864.0,12,1,1.8711493597461333
71336101000186,VALE COMERCIAL LTDA,570,5349254.9039,5381739.0,11,1,0.9939640149587337
09485574000171,PROHOSPITAL COMERCIO HOLANDA LTDA,508,5331338.8304,6322799.0,6,1,0.8431928376024606
73679623000106,T C A FARMA COMERCIO LTDA,40,5321501.83,32759069.0,21,1,0.16244362225312325
10495738000120,GOIAS COMERCIO DE PRODUTOS FARMACEUTICOS LTDA,316,5318519.552,5901797.0,2,1,0.901169517013208
49475833000106,BIOLAB SANUS FARMACEUTICA LTDA,14,5317708.585,4441456.0,9,1,1.1972894890774557
41319803000190,GENERICA ITATIBA DISTRIBUIDORA DE MEDICAMENTOS LTDA,89,5265684.0986,1036857.0,34,1,5.078505617071593
82873068000573,GENESIO A MENDES & CIA LTDA,9,5226238.6,12084.0,3,1,432.49243627937767
23121920000163,MARYMED DISTRIBUIDORA DE MEDICAMENTOS E CORRELATOS LTDA,1153,5187599.599,2307961.0,40,1,2.2476981192489824
16682179000144,DISMENE DISTRIBUIDORA DE MEDICAMENTOS DO NORDESTE LTDA,781,5157214.49,17751027.0,10,1,0.29053048536290327
28387424000170,M MED COMERCIAL DE MEDICAMENTOS E PRODUTOS HOSPITALARES LTDA,151,5072113.38,3869671.0,11,1,1.3107350418162165
27325768000191,PREMIUM HOSPITALAR LTDA,98,5070323.95,4312760.0,20,1,1.1756564125988926
28547190000180,GRAZIELA VELANI ABUFARES COMERCIO DE MEDICAMENTOS LTDA,13,5051366.796,41751240.0,11,1,0.12098722806795678
00376959000126,IFAL IND E COM DE PRODUTOS FARMACEUTICOS LTDA,26,5029643.9,5817890.0,10,1,0.864513406063023
04063331000121,CIRURGICA UNIAO LTDA,646,4999345.0376,4057264.0,36,1,1.232196139467385
05439635000294,ANTIBIOTICOS DO BRASIL LTDA.,11,4987454.8,659020.0,2,1,7.567987011016357
38425512000172,MERCANTEX COMERCIO E REPRESENTACOES DE MATERIAL MEDICO HOSPITALAR LTDA,3,4957815.5,10325.0,2,1,480.1758353510896
06366038000169,MAXIMA COMERCIO DE PRODUTOS HOSPITALARES LTDA,42,4871593.98,1596020.0,1,1,3.0523389305898423
35253171000107,AMP COMERCIO DE PRODUTOS HOSPITALARES LTDA,72,4837586.6305,70014419.0,14,1,0.06909414802827972
51205028000104,GMC DISTRIBUIDORA DE MEDICAMENTOS LTDA,28,4836618.715,1935862.0,18,1,2.4984315591710566
51837171000100,"F&R HOSPITALAR IMPORTACAO, EXPORTACAO E DISTRIBUICAO LTDA",218,4833797.15,1523751.0,16,1,3.1723012158810726
24875483000136,ESSENCIAL RIO DISTRIBUIDORA DE PRODUTOS MEDICOS E HOSPITALARES LTDA,202,4829446.89,6372332.0,9,1,0.7578774756243083
55634901000127,"PRODUMED - SERVICOS,INDUSTRIA E COMERCIO LTDA.",5,4799533.26,45230.0,2,1,106.11393455671015
42092374000124,GALLI E LIOTTO COMERCIO DE PRODUTOS HOSPITALARES LTDA,335,4794260.915,6548682.0,68,1,0.732095544569121
56998701000116,ABBOTT LABORATORIOS DO BRASIL LTDA,7,4780729.09,4334843.0,3,1,1.1028609548258148
04355394000232,PROHOSP DISTRIBUIDORA DE MEDICAMENTOS LTDA.,17,4761073.52,838730.0,7,1,5.676527034921846
47893919000115,MG2 DISTRIBUIDORA DE MEDICAMENTOS LTDA,191,4757908.603,16261086.0,36,1,0.2925947629205085
34558660000104,APROMEDICA COMERCIO DE MEDICAMENTOS E PRODUTOS HOSPITALARES LTDA,167,4746828.17,1762545.0,2,1,2.6931670794220857
09340228000103,ART VITA DISTRIBUIDORA DE MEDICAMENTOS E ALIMENTOS LTDA,13,4725018.038,21278565.0,7,1,0.22205529545812885
33834782000113,D P AGUIAR LTDA,560,4719532.3,4692182.0,6,1,1.005828908597322
17174657000178,HYPOFARMA INSTITUTO DE HYPODERMIA E FARMACIA LTDA,29,4702421.225,1609803.0,13,1,2.9211159533185116
05344894000150,FUTURA COMERCIO DE MOVEIS E ELETRO LTDA,14,4698458.8,4174080.0,2,1,1.1256273957375038
21189554000159,TS FARMA DISTRIBUIDORA LTDA,611,4697868.0624,8578132.0,26,1,0.5476563035402113
29492182000147,FTTO COMERCIO DE PRODUTOS FARMACEUTICOS E HOSPITALARES LTDA,4,4678961.31,79407.0,1,1,58.92378896067097
09315996000107,COMERCIAL MARK ATACADISTA LTDA,444,4655922.525,36703898.0,48,1,0.1268509008225775
26847096000111,CIRURGICA ITAMBE LTDA,671,4644139.0948,3744561.0,43,1,1.2402359301397414
21608296000106,MAMED COMERCIAL LTDA,360,4626461.345,2901998.0,19,1,1.5942331266251732
11405384000149,ALFA MED SISTEMAS MEDICOS LTDA,6,4616466.42,104.0,5,1,44389.10019230769
55007465000166,SANTANA FARMA DISTRIBUIDORA DE MEDICAMENTOS LTDA,419,4614334.7126,19759174.0,14,1,0.23352872506715108
41516065000171,LIDER MED LTDA,1373,4611555.67,11960028.0,7,1,0.38558067506196475
34680592000151,BRASIL DEVICES EQUIPAMENTOS HOSPITALARES LTDA,36,4607428.54,24030.0,11,1,191.73651851851852
13861454000107,VILLA MED COMERCIO E IMPORTACAO PRODUTOS HOSPITALARES LTDA.,121,4579535.66,9443811.0,6,1,0.48492453523265133
26156923000120,EXPRESS DISTRIBUIDORA DE MEDICAMENTOS LTDA,1504,4572893.47,9196291.0,30,1,0.4972541071177499
03612312000144,NUTRIPORT COMERCIAL LTDA.,54,4515674.4652,1823132.0,8,1,2.4768774094250996
90251109000194,DIMACI MATERIAL CIRURGICO LTDA,123,4488265.37,7656527.0,6,1,0.5862012071530605
54388280000186,BELMED DISTRIBUIDORA DE MEDICAMENTOS LTDA,568,4473305.9433,19379726.0,34,1,0.2308240035643435
92037480000183,FARMAMED PRODUTOS HOSPITALARES LTDA,23,4473248.69,4624478.0,12,1,0.9672980799130194
02475985000137,COVAN - COMERCIO VAREJISTA E ATACADISTA DO NORTE LTDA,866,4472308.826,2103278.0,41,1,2.126351735719197
29349061000140,QUIRON PHARMA LTDA,9,4463639.18,8144.0,4,1,548.089290275049
37844479000152,BIOLINE FIOS CIRURGICOS LTDA,44,4457800.26,694181.0,5,1,6.421668498561614
24175423000100,EXCLUSIVA DISTRIBUIDORA DE MEDICAMENTOS LTDA,786,4427558.71,2289114.0,8,1,1.9341800845217845
60146737000149,VERTICE MEDICAMENTOS LTDA,66,4402958.2388,17498839.0,10,1,0.2516143064577027
06105362000123,ACCUMED PRODUTOS MEDICO HOSPITALARES LTDA,8,4395143.2,3101340.0,3,1,1.4171755434747562
02335871000191,DISPROFARMA COMERCIO LTDA,232,4379667.5,8601932.0,2,1,0.5091492818125044
70939574000105,FABRICA DE ARTEFATOS DE LATEX SAO ROQUE LTDA,6,4363550.0,5751000.0,2,1,0.7587463049904365
40274237000185,CLM FARMA COMERCIO E DISTRIBUIDORA DE MEDICAMENTOS LTDA,341,4362342.7845,5644556.0,53,1,0.7728407308741378
31673254000285,LABORATORIOS B BRAUN SA,5,4349398.0,1026025.0,2,1,4.239076045905314
33889341000119,"MF TRANSPORTE, INDUSTRIA E COMERCIO DE DESCARTAVEIS 2019 LTDA",4,4338300.0,3545000.0,1,1,1.2237799717912552
07654936000185,L A DOS SANTOS DISTRIBUIDORA DE MEDICAMENTOS,252,4332416.658,7684595.0,18,1,0.5637794389945078
26657071000155,NSB DISTRIBUIDORA E SERVICOS LTDA,73,4326678.45,3529640.0,2,1,1.2258129582620325
27130979000179,OPEN FARMA COMERCIO DE PRODUTOS HOSPITALARES LTDA,125,4321355.06,5548794.0,8,1,0.7787917626785207
20489064000105,PROSPER COMERCIO E DISTRIBUICAO LTDA,43,4318532.3,515165.0,20,1,8.382813855754952
54281055000146,DF ATACADISTA DE MEDICAMENTOS LTDA,6,4292700.9,7310.0,4,1,587.2367852257182
04439126000118,BRASIL MED DISTRIBUIDORA DE MEDICAMENTOS LTDA,209,4258258.4,6681615.0,1,1,0.6373097522081114
30766874000115,CIRURGICA PARANAVAI LTDA,432,4238069.377,3144842.0,35,1,1.3476255331746396
03924435000110,DIMENSAO COMERCIO DE ARTIGOS MEDICOS HOSPITALARES LTDA,495,4236389.984,6342845.0,48,1,0.6679006004403387
82873068000140,GENESIO A MENDES & CIA LTDA,144,4216877.5173,2482445.0,12,1,1.6986791317833831
38028373000143,R S LOBATO NETO LTDA,170,4213793.3,2737454.0,3,1,1.5393110897936548
39691295000125,MEDIAC MEDICAMENTOS E ACESSORIOS HOSPITALARES LTDA,806,4197811.464,11145134.0,6,1,0.37664970775586903
01578276000114,ASLI COMERCIAL LTDA,27,4185316.28,1931083.0,14,1,2.1673414762596948
43573889000109,PROVIDE HOSPITALAR LTDA,14,4168367.5,830679.0,8,1,5.018024411355048
14905502000176,EXCLUSIVA DISTRIBUIDORA DE MEDICAMENTOS LTDA,614,4164059.942,5600258.0,51,1,0.7435478761871328
10542138000176,LVR MATERIAIS HOSPITALARES LTDA,33,4146633.16,960955.0,2,1,4.315116899334516
21438123000189,BR SUL DISTRIBUIDORA DE MEDICAMENTOS LTDA,123,4145423.723,7670925.0,30,1,0.5404072811297204
34443180000106,FLAVIO QUEIROZ CASSIANO NORTEMED,82,4142838.29,1184664.0,12,1,3.4970576382839353
56998701003484,ABBOTT LABORATORIOS DO BRASIL LTDA,10,4135176.5,13105.0,5,1,315.5418924074781
19570720000110,HIPOLABOR FARMACEUTICA LTDA,23,4131473.99,66633801.0,13,1,0.062002676239345855
07832455000112,BRAGANTINA DISTRIBUIDORA DE MEDICAMENTOS LTDA,211,4115936.9744,2755301.0,4,1,1.4938248033155
41778326000121,MED & FARMA COMERCIO ATACADISTA MEDICAMENTOS LTDA,1181,4067374.28,4987171.0,14,1,0.8155674389348189
04362282000128,D E A FARMA DISTRIBUIDORA DE PRODUTOS FARMACEUTICOS LTDA,188,4066042.5,4242524.0,2,1,0.95840176743844
11311773000105,OKEY-MED DISTRIBUIDORA DE MEDICAMENTOS HOSPITALARES ODONTOLOGICOS IMPORTACOES E EXPORTACOES LTDA,65,4064033.94,4252055.0,7,1,0.9557811317116077
53705145000154,SIGGAMED DISTRIBUIDORA DE MEDICAMENTOS LTDA,18,4030982.5,1626770.0,2,1,2.4779056043571
10985550000160,I C L L MENDES EIRELI,734,4018404.8,6581167.0,5,1,0.6105915257886633
02520829000493,DIMASTER - COMERCIO DE PRODUTOS HOSPITALARES LTDA.,59,3993305.734,37593838.0,14,1,0.1062223477688019
10656587000145,CIRURGICA MS LTDA,249,3991266.5,2876660.0,6,1,1.3874654981819192
28345933000130,BRAMED COMERCIO HOSPITALAR DO BRASIL LTDA,23,3977183.7649,11119311.0,11,1,0.35768257267918846
47783547000174,SEND PHARMA DISTRIBUIDORA DE MEDICAMENTOS E MATERIAIS HOSPITALARES LTDA,114,3962237.9701,9879834.0,10,1,0.40104296996285566
25296849000185,TIDIMAR COMERCIO DE PRODUTOS MEDICOS HOSPITALARES LTDA,354,3921359.2986,14036351.0,23,1,0.2793717041273761
25101524000108,R&C DISTRIBUIDORA DE PRODUTOS FARMACEUTICOS LTDA,167,3909527.5186,12749518.0,33,1,0.3066412015418936
14665928000108,VOLPHARMA DISTRIBUIDORA DE PRODUTOS HOSPITALARES E FARMACEUTICOS LTDA,5,3903914.56,268728.0,4,1,14.527382929951475
11145401000156,L A DALLA PORTA JUNIOR LTDA,176,3861265.58,3522488.0,24,1,1.096175651982349
32181809000153,GUARIA COMERCIO E REPRESENTACAO DE PRODUTOS HOSPITALARES LTDA,97,3844051.8,16939400.0,6,1,0.22692963150997084
23312871000146,EXEMPLARMED COMERCIO DE PRODUTOS HOSPITALARES LTDA,400,3843393.996,4838983.0,106,1,0.7942565609343947
43564904000152,BR DISTRIBUICAO DE MEDICAMENTOS E MATERIAIS HOSPITALARES LTDA,504,3839293.7088,9178498.0,4,1,0.4182921550780967
05194502000467,ALFALAGOS LTDA.,96,3816600.672,9075316.0,17,1,0.4205474136658161
52568688000104,APS DISTRIBUIDORA DE MEDICAMENTOS LTDA,228,3778882.05,12051773.0,2,1,0.3135540347465887
44010437000181,CAZI QUIMICA FARMACEUTICA INDUSTRIA E COMERCIO LTDA,3,3775706.4004,100299858.0,3,1,0.03764418490403047
04419989000123,A. R. VERISSIMO LTDA,539,3770780.884,10156332.0,6,1,0.3712738894317358
37676047000180,ROSAFARM DISTRIBUIDORA DE MEDICAMENTOS LTDA,171,3758282.72,2653782.0,7,1,1.4161987382535568
18224182000140,HOSPMED COMERCIO LTDA,10,3727001.4,44717.0,5,1,83.34640964286513
11187037000197,DISTRIBUIDORA OMEGA LTDA,496,3716365.2,12125075.0,9,1,0.3065024505003062
39499710000143,MEDICOM RIO FARMA LTDA,65,3715661.025,13928223.0,14,1,0.266772080329271
11463608000179,ERIMAR INDUSTRIA E COMERCIO DE PRODUTOS PARA SAUDE LTDA,47,3712928.17,2872362.0,11,1,1.2926393574347523
50567060000169,DENTAL IPO LTDA,95,3707410.67,96040.0,16,1,38.602776655560184
09135378000177,CALLMED DISTRIBUIDORA DE PRODUTOS FARMACEUTICOS LTDA,265,3701178.35,1617177.0,15,1,2.2886662066057086
47271160000139,FAST PHARMA DISTRIBUIDORA E IMPORTADORA DE MEDICAMENTOS E PRODUTOS PARA SAUDE LTDA,15,3691420.08,6322.0,3,1,583.900677000949
28449930000146,MARCELLE HORTER,38,3680874.5,2389169.0,6,1,1.5406505358139169
32624131000136,COMERCIAL PROMOSTORE CONFECCOES LTDA,4,3669128.4,766140.0,2,1,4.789109562221004
13977860000121,ATECNOMED ASSISTENCIA E COMERCIO DE PRODUTOS HOSPITALARES LTDA,318,3658685.283,516277.0,27,1,7.086671075798456
06114172000172,MAX MED - PRODUTOS CIRURGICOS LTDA,125,3648040.11,2316712.0,3,1,1.5746627591172315
24626549000154,INSTRUMED INSTRUMENTOS MEDICOS HOSPITALARES LTDA,114,3645311.99,750646.0,1,1,4.856233151179118
02814497000298,CIMED INDUSTRIA S.A.,19,3641390.968,92625280.0,7,1,0.03931314397106276
26853028000165,CIRUMED COMERCIO LTDA,45,3636875.4,164086.0,4,1,22.164446692588033
04709243000154,"BS EQUIPAMENTOS, INDUSTRIA E COMERCIO LTDA",10,3610853.4,920.0,5,1,3924.840652173913
32743242000161,CAVALLI COMERCIO DE PRODUTOS MEDICOS E HOSPITALARES LTDA,596,3610748.833,5855969.0,70,1,0.6165928871891228
24702356000135,CAPITAL MEDH IMPORTACAO DISTRIBUICAO E REPRESENTACAO COMERCIAL LTDA,6,3580723.87,556645.0,1,1,6.432688463922249
05443348000177,CENTERMEDICA PRODUTOS HOSPITALARES LTDA,573,3579890.426,4173283.0,44,1,0.8578115660979617
36629597000185,SAFRAMED HOSPITALAR LTDA,621,3575558.9858,1352711.0,23,1,2.6432541657456765
09441460000120,PADRAO DISTRIBUIDORA DE PRODUTOS E EQUIPAMENTOS HOSPITALARES PADRE CALLOU LTDA,462,3568427.96,11138873.0,4,1,0.320358079313769
00236193000184,CIRURGICA RECIFE COMERCIO E REPRESENTACOES LTDA,827,3567220.81,13713653.0,12,1,0.26012185155917245
18812673000101,UNIMARCAS DISTRIBUICAO E COMERCIO LTDA,69,3565991.27,86696.0,1,1,41.132131470886776
00659050000185,CENTER MED COMERCIAL LTDA,388,3564457.05,11051586.0,16,1,0.32252900624399067
12812677000103,MC CIRURGICA PRODUTOS HOSPITALARES LTDA,29,3562187.04,7292188.0,2,1,0.4884935824474081
00064780000133,HS MED COMERCIO DE ARTIGOS HOSPITALARES LTDA,317,3560841.82,3729604.0,24,1,0.9547506437680783
17174657000844,HYPOFARMA INSTITUTO DE HYPODERMIA E FARMACIA LTDA,14,3558331.85,3228862.0,4,1,1.102039000118308
17854549000146,MAIS MED COMERCIO DE PRODUTOS HOSPITALAR LTDA,95,3548384.0,20562313.0,3,1,0.17256735660039801
29404097000180,OCTO FARMACO LTDA,67,3527317.2715,38164263.0,13,1,0.09242461387240727
14425382000100,MEDICAL LIFE COMERCIO LTDA,12,3515306.03,1046909.0,5,1,3.3577952142927416
35042079000106,RF LEITE DISTRIBUIDORA DE MEDICAMENTOS E PRODUTOS PARA SAUDE LTDA,239,3505105.24,12963564.0,19,1,0.27038129637806396
42441595000160,VITALMED COMERCIO IMPORTACAO EXPORTACAO E DISTRIBUICAO LTDA,65,3502918.9314,4943843.0,18,1,0.7085417015467522
19844928000180,ERIMED INDUSTRIA E COMERCIO DE PRODUTOS PARA SAUDE LTDA,15,3501252.56,3325904.0,6,1,1.0527220749606723
22355622000175,BIOMIG MATERIAIS MEDICO-HOSPITALARES LTDA,8,3487197.2,29720.0,3,1,117.33503364737551
48791685000168,C.B.S. MEDICO CIENTIFICA S/A,66,3472199.362,2962174.0,12,1,1.1721794067465314
06987995000102,BIOLAR IMPORTACAO E EXPORTACAO LTDA,102,3432000.0,5516250.0,2,1,0.6221617946974847
33992679000100,VITORIA TEIXEIRA DE OLIVEIRA,28,3423323.05,428902.0,4,1,7.981597311273903
53918116000170,DIGUINHO INDUSTRIA E COMERCIO DE FRALDAS LTDA,4,3414630.0,3139200.0,3,1,1.0877389143730887
03612312000497,NUTRIPORT COMERCIAL LTDA.,42,3399372.98,15434980.0,11,1,0.2202382497418202
06131363000142,WERLANG & BRANDALIZZE MEDICAMENTOS LTDA,11,3396308.6,3508330.0,4,1,0.9680698794013106
37333393000165,SEMINA INSUMOS ESTRATEGICOS LTDA,1,3391488.0,264960.0,1,1,12.8
33255787001163,IBF INDUSTRIA BRASILEIRA DE FILMES S/A.,6,3382333.85,17542.0,3,1,192.81346767757384
31151224000128,ANJOMEDI DISTRIBUIDORA DE MEDICAMENTOS LTDA,184,3369873.185,9562473.0,52,1,0.3524060339830502
38084429000187,A C COMERCIO ATACADISTA DE MEDICAMENTOS LTDA,247,3364407.31,4109788.0,2,1,0.818632812690095
33744332000130,ESTRELA COMERCIO ATACADISTA DE PRODUTOS PARA SAUDE LTDA,8,3353348.95,63800.0,1,1,52.56032836990596
14595725000184,NOVASUL COMERCIO DE PRODUTOS HOSPITALARES LTDA,375,3339231.6,8149690.0,89,1,0.40973725380965414
40951414000110,NF FARMACEUTICA E LOGISTICA LTDA,622,3298420.49,7725335.0,19,1,0.4269614832237049
14112327000160,"BIOFAC INDUSTRIA, COMERCIO E REPRESENTACAO LTDA",61,3295223.44,7819422.0,15,1,0.42141521969270873
19756096000140,PROMERCANTIL LTDA,12,3291024.376,116160.0,5,1,28.331821418732783
27168027000144,J B T INDUSTRIA E COMERCIO DE IMPORTACAO EXPORTACAO LTDA,54,3279271.8,3798432.0,3,1,0.8633224972830894
61072393000133,PFIZER BRASIL LTDA,3,3244212.94,43099.0,2,1,75.2735084340704
07729499000111,MEGA COMERCIO DE PRODUTOS HOSPITALARES LTDA,82,3244019.42,666356.0,3,1,4.8682977567546475
20480457000158,MAXI CONFORT IMPORTACAO E EXPORTACAO LTDA,4,3221523.95,2352970.0,1,1,1.3691309068963906
09182725000112,ATIVA MEDICO CIRURGICA LTDA,111,3205859.374,11035325.0,33,1,0.2905088317743247
14115388000180,ELLO DISTRIBUICAO LTDA,22,3202329.88,4727600.0,7,1,0.6773690413740587
05359481000140,CONEXAO MEDICA COMERCIAL LTDA,91,3174814.27,7094407.0,27,1,0.4475094634407076
31673254000102,LABORATORIOS B BRAUN SA,4,3153809.0,473503.0,3,1,6.6605892676498355
27191294000132,SIGEL DISTRIBUIDORA DE MEDICAMENTOS LTDA,12,3123481.8625,22662.0,5,1,137.82904697290618
32137731000170,A J COMERCIO ATACADISTA DE MEDICAMENTOS E PRODUTOS HOSPITALAR LTDA,69,3120853.8,3021148.0,2,1,1.0330026201960314
26543386000171,RCA DIST. DE PRODUTOS HOSPITARES E COM. DE EQUIPAMENTOS DE INFORMATICA LTDA,120,3116599.0,4187000.0,2,1,0.7443513255314067
07943870000143,MED-SUR COM. DE MATERIAL HOSPITALAR LTDA,14,3109907.84,13809.0,1,1,225.20876529799406
04880586000187,CIRURGICA REAL - COMERCIAL HOSPITALAR E FARMACEUTICA LTDA,914,3109391.54,6070696.0,9,1,0.5121968782492156
05580502000152,LIFE PRODUTOS E EQUIPAMENTOS DE LIMPEZA E HOSPITALARES LTDA,1,3100000.0,500000.0,1,1,6.2
32680580000100,HEALTHS GARDENS DISTRIBUIDORA DE MEDICAMENTOS E PRODUTOS PARA A SAUDE SOCIEDADE LTDA,2,3088575.6,106140.0,1,1,29.099072922555116
23326462000107,JUNIOR COMERCIO E SERVICO LTDA,81,3076420.8,2082510.0,3,1,1.4772657994439402
01722296000117,PANORAMA COMERCIO DE PRODUTOS MEDICOS E FARMACEUTICOS LTDA,345,3058046.97,1616182.0,12,1,1.8921426980377212
06294654000151,HOSPITAL MATERNO INFANTIL DE BARRA MANSA,4,3039227.6745,6816905.0,1,1,0.44583688264689036
01687725000162,CENTRO ESPECIALIZADO EM NUTRICAO ENTERAL E PARENTERAL - CENEP LTDA,4,3034145.02,601130.0,2,1,5.047402425432103
36945737000124,AC MED DISTRIBUIDORA SOCIEDADE LTDA,743,3033109.77,8600804.0,4,1,0.35265421348980863
18606861000183,SALUTE DISTRIBUIDORA DE MEDICAMENTOS E PRODUTOS HOSPITALARES LTDA,83,3019460.35,9112900.0,2,1,0.3313391291465944
04274988000219,ATIVA COMERCIAL HOSPITALAR LTDA,21,2983708.598,3940769.0,6,1,0.7571386696352921
05003408000130,CRISTALFARMA COMERCIO REPRESENTACAO IMPORTACAO E EXPORTACAO LTDA,77,2974612.3,2071403.0,4,1,1.4360374586693172
52991377000153,WL MAIS SAUDE SOLUCOES EM SAUDE LTDA,2,2960827.2,23760.0,1,1,124.6139393939394
56795674000184,G.O MEDICAL LTDA,136,2950364.75,1135866.0,15,1,2.597458459008369
26657981000138,VISAO MATERIAL MEDICO HOSPITALAR LTDA,81,2922349.09,2103997.0,8,1,1.3889511677060375
09053134000900,ELFA MEDICAMENTOS S.A,7,2922035.2,39094.0,2,1,74.74382769734487
47292400000181,SPECIAL MED COMERCIAL HOSPITALAR LTDA,14,2908684.28,34410.0,7,1,84.5302028480093
36846568000175,IMPERIO MEDICAMENTOS E MATERIAL HOSPITALARES LTDA,502,2904337.31,4132375.0,2,1,0.7028252058440969
30936479000133,DORA MEDICAMENTOS LTDA,509,2901715.3942,7071228.0,22,1,0.41035523026552106
34093466000109,DMB - DISTRIBUIDORA DE MEDICAMENTOS BELTRAO LTDA,159,2895006.375,6701944.0,33,1,0.4319651693598156
37730050000134,MEDCOM SAUDE DENTALMEDICA COMERCIO E DISTRIBUIDORA DE MEDICAMENTOS E MATERIAIS HOSPITALARES LTDA,284,2892474.168,4602070.0,3,1,0.6285159000189046
09137934000225,NORDICA DISTRIBUIDORA HOSPITALAR LTDA,38,2875593.55,10177709.0,9,1,0.2825383934635977
28289799000105,SOS DISTRIBUIDORA IMPORTADORA E EXPORTADORA DE PRODUTOS PARA SAUDE LTDA,442,2862249.84,4900450.0,30,1,0.5840789805017906
35741003000160,D3 BRAZIL SUPRIMENTOS LTDA,29,2855407.4,1434380.0,1,1,1.9906910302709184
04851958000147,R.P.4 DISTRIBUIDORA DE MEDICAMENTOS LTDA,457,2837595.2396,1548077.0,33,1,1.8329806848108976
29868059000188,HOSPITALMED LTDA,423,2825170.842,6168251.0,15,1,0.45801813869117847
43025186000146,WF DISTRIBUIDORA DE MEDICAMENTOS LTDA,71,2824483.533,5682331.0,28,1,0.4970642387780648
21940274000130,JOSIANE CRISTINA FUSCO CARRARO,227,2823280.742,3843587.0,28,1,0.7345432123690709
37509082000104,MSO BIOMED PRODUTOS LABORATORIAIS LTDA,2,2820960.0,12008.0,1,1,234.92338441039308
02527107000118,G V S DO BRASIL LTDA,1,2820000.0,600000.0,1,1,4.7
14115388000261,ELLO DISTRIBUICAO LTDA,19,2801311.79,672705.0,3,1,4.164249990709152
03475822000117,BLUE OCEAN CONFECCOES S.A.,1,2800850.0,2015000.0,1,1,1.39
04922653000189,NORDESTE HOSPITALAR IMPORTACAO E EXPORTACAO LTDA,328,2794675.174,4675538.0,5,1,0.5977226950139214
28004857000107,DANIEL FERRARI ABRANTES - DISTRIBUIDORA DE MEDICAMENTOS,91,2785444.397,10726569.0,16,1,0.2596771061650748
51764149000188,ALAGOAS MEDICAMENTOS DISTRIBUIDORA LTDA,748,2758532.7,4310572.0,2,1,0.6399458586934634
31368706000134,DROGAMIX DISTRIBUIDORA DE MEDICAMENTOS LTDA,524,2735322.336,11466689.0,7,1,0.23854508794997406
02223342000104,STARMED ARTIGOS MEDICOS E HOSPITALARES LTDA,157,2732916.6,1850721.0,8,1,1.4766767114005839
23993232000193,MEDIAL SAUDE DISTRIBUIDORA DE PRODUTOS MEDICOS HOSPITALAR LTDA,312,2719633.16,2949233.0,4,1,0.9221493045819033
53000455000173,LYF DISTRIBUIDORA DE MEDICAMENTOS E MATERIAIS HOSPITALARES LTDA.,170,2716947.2465,19660267.0,15,1,0.13819482952596726
24868172000140,CASTROMED MEDICAMENTOS E MATERIAIS MEDICOS E HOSPITALARES LTDA,284,2716454.22,6532498.0,6,1,0.41583697691143573
12891104000112,VIANA FARMA COMERCIO E REPRESENTACOES LTDA,126,2702084.368,11896086.0,10,1,0.2271406215456075
30888187000172,PEROLA IMPORTADORA E DISTRIBUIDORA HOSPITALAR LTDA,198,2700009.856,2033037.0,38,1,1.3280672491449985
41488836000164,B L C COMERCIO DE MATERIAIS LTDA,209,2685625.824,2380641.0,3,1,1.128110380355543
23552212000187,ROCHE DIABETES CARE BRASIL LTDA,3,2669280.0,4262064.0,3,1,0.6262881082968252
33673687000185,J J SOUZA COMERCIO DE PRODUTOS MEDICOS HOSPITALARES LTDA,231,2662558.42,1279547.0,10,1,2.0808601950534054
22351840000131,PHARMA BRA COMERCIO DE PRODUTOS FARMACEUTICOS LTDA,199,2659788.79,6851403.0,4,1,0.38821082192946466
47063094000101,CIRULABOR PRODUTOS CIRURGICOS LTDA,126,2654077.012,1425863.0,14,1,1.8613829042481642
41851336000145,BRAVA INDUSTRIA E COMERCIO LTDA,9,2629243.4,977110.0,4,1,2.690836650940017
00647694000153,R N F DE SOUZA & CIA LTDA,369,2621481.78,795017.0,26,1,3.297390848246012
01733345000117,NOELI VIEIRA DISTRIBUIDORA DE SOROS E EQUIPAMENTOS MEDICOS LTDA,65,2620725.3,1910089.0,23,1,1.372043553991463
26605573000132,CENUTRI COMERCIO E SERVICOS LTDA,66,2612799.37,70890.0,3,1,36.85709366624348
21783698000139,VISAO DISTRIBUIDORA DE MEDICAMENTOS LTDA,95,2599666.34,6307460.0,21,1,0.41215740408976037
04099395000182,SANTISA LABORATORIO FARMACEUTICO S.A,30,2587885.696,32437697.0,17,1,0.07978019204014392
05343029000270,MEDLEVENSOHN COMERCIO E REPRESENTACOES DE PRODUTOS HOSPITALARES LTDA,31,2583177.4,9099520.0,15,1,0.2838806222745815
16743543000139,POSTERARI ASSESSORIA TECNICA LTDA,8,2578302.35,35826.0,7,1,71.96735192318428
09427563000135,FRACMA COMERCIAL DE PRODUTOS PARA HIGIENE LTDA.,11,2572010.5,2161250.0,6,1,1.1900569115095432
97528178000141,MUNDIAL DISTRIBUIDORA DE MEDICAMENTOS LTDA,530,2570803.78,1243913.0,2,1,2.066707060702798
70104344000126,ENDOMED COM E REP DE MEDICAMENTOS LTDA,1096,2570307.23,5849385.0,16,1,0.4394149521701854
05740310000166,FARMACIA PEREIRA GARCIA LTDA,507,2560101.51,1415061.0,1,1,1.8091810247049418
09029404000182,COPERMED COMERCIAL IMPORTADORA LTDA,2,2557512.48,927600.0,2,1,2.7571285899094438
66000787000108,WAMA PRODUTOS PARA LABORATORIO LTDA,17,2552606.3,112628.0,15,1,22.664047128600345
04890798000145,ORTOM INDUSTRIA TEXTIL LTDA,16,2552394.3,5058882.0,9,1,0.5045372277906462
05161069000110,BRAINFARMA INDUSTRIA QUIMICA E FARMACEUTICA S.A.,8,2540520.8,56908380.0,5,1,0.044642296969268844
27463638000115,DANIEL DA SILVA DISTRIBUIDORA,62,2531227.948,317415.0,19,1,7.974506396988169
43519181000170,ARSERVE PHARMA EPP LTDA,40,2529997.6,617957.0,13,1,4.0941321159886535
33160739000110,HOSP MEDICAL - COMERCIO DE MATERIAL MEDICO E MEDICAMENTOS HOSPITALARES LTDA,580,2527408.05,6095537.0,4,1,0.41463255001159044
07160019000144,VITALE COMERCIO S.A.,9,2524059.18,24325.0,1,1,103.7639950668037
15229287000101,VIVRE COMERCIO DE PRODUTOS HOSPITALARES LTDA,45,2520989.05,1131845.0,7,1,2.2273271075103036
04389760000193,PRADO PHARMA LTDA,221,2515473.2174,1963600.0,4,1,1.2810517505601955
62077080000130,SAUDENORD COMERCIO HOSPITALAR LTDA,136,2506959.55,7871118.0,6,1,0.3185010757048744
01925587000102,NUTRIC - NUTRICIONAL COMERCIO LTDA,12,2504449.76,61593.0,2,1,40.66127254720504
33688692000161,DISMART DISTRIBUIDORA HOSPITALAR LTDA,117,2496804.21,567387.0,11,1,4.400531224719636
45295469000133,LLT DISTRIBUICAO DE PRODUTOS MEDICOS LTDA,1,2494440.0,6396.0,1,1,390.0
83929976000170,R C ZAGALLO MARQUES & CIA LTDA,102,2485214.5,2595050.0,6,1,0.957674996628196
34351642000157,ALPHAMED COMERCIO DE PRODUTOS HOSPITALARES LTDA,107,2478541.7,837520.0,24,1,2.959382104307957
21949562000156,YVMED PROMOCAO DE VENDAS LTDA,191,2475843.077,19696577.0,9,1,0.12569915457899106
04307650000488,ONCO PROD DISTRIBUIDORA DE PRODUTOS HOSPITALARES E ONCOLOGICOS LTDA.,2,2474670.6,7020.0,2,1,352.5171794871795
04086552000115,BIOPLASMA PRODUTOS PARA LABORATORIOS E CORRELATOS LTDA,9,2469136.0,37662.0,6,1,65.56040571398226
03460198000184,DISTRIBUIDORA VIDA LTDA,327,2466727.4772,3777412.0,6,1,0.6530205011261678
29032903000136,PLENA MEDICA HOSPITALAR LTDA,971,2464792.7346,1740375.0,22,1,1.4162423239819004
42017679000171,ALFA HOSPITALAR DISTRIBUIDORA MATERIAL MEDICO E HOSPITALAR LTDA,257,2463897.264,538480.0,4,1,4.575652325063141
29230269000146,R F BARILE LTDA,131,2456632.45,2963575.0,4,1,0.828942223496959
30571825000127,PDL NETO COMERCIO ATACADISTA DE MEDICAMENTOS LTDA,182,2453578.3,2116453.0,2,1,1.1592878745712756
26129177000186,AS3 HOSPITALAR LTDA,202,2435548.33,697530.0,17,1,3.491675383137643
39707683000157,GTMED DISTRIBUIDORA DE MATERIAIS E EQUIPAMENTOS HOSPITALARES E ODONTOLOGICOS LTDA,112,2432049.0705,735176.0,24,1,3.308118151979934
23720752000122,JARDIM DISTRIBUIDORA DE COSMETICOS LTDA,34,2428703.6,1945736.0,10,1,1.2482184633475457
10903996000107,N. A. DO NASCIMENTO ALMEIDA,100,2422346.34,108505.0,11,1,22.324743928851202
01884446000199,TECNOVIDA COMERCIAL LTDA,3,2407208.0,47590.0,2,1,50.58222315612524
30584194000261,CROMO COMERCIO E DISTRIBUICAO DE MATERIAIS ODONTO-MEDICO HOSPITALARES LTDA.,2,2400340.0,25103000.0,2,1,0.09561964705413696
17159229000257,LABORATORIO TEUTO BRASILEIRO S/A,16,2396205.26,1159600.0,7,1,2.0664067437047255
23141314000100,CIRURGICA AL-STYN LTDA,213,2387548.3008,1330986.0,5,1,1.7938192443797305
30203451000197,VILHEMED COM. ATACADISTA E VAREJISTA DE INSTRUMENTOS E MATERIAIS PARA USO MEDICO LTDA,95,2385870.53,149834.0,6,1,15.923425457506305
32708161000120,PROLINE MATERIAL HOSPITALAR LTDA,87,2374691.974,875389.0,30,1,2.7127276833499163
03530984000291,CABORONGA COMERCIAL LTDA,7,2366890.16,141065.0,3,1,16.77872016446319
08304991000108,P S DISTRIBUIDORA DE PRODUTOS DA SAUDE LTDA.,1,2364000.0,1200000.0,1,1,1.97
33255787000191,IBF INDUSTRIA BRASILEIRA DE FILMES S/A.,33,2358390.94,45715.0,11,1,51.588995734441646
16553940000148,MEDMAX COMERCIO DE MEDICAMENTOS LTDA,323,2342993.53,5109138.0,34,1,0.4585888128290917
08588015000124,JARDIM MEDICA LTDA,345,2336889.98,1791194.0,11,1,1.3046548726715252
85477586000132,ECO-FARMAS COMERCIO DE MEDICAMENTOS LTDA,724,2326622.8214,1801126.0,50,1,1.2917601663625975
52521823000166,PH2 PHARMA COMERCIO E SERVICOS LTDA,1,2325600.0,32300.0,1,1,72.0
15068089000103,KFMED DISTRIBUIDORA DE MEDICAMENTOS LTDA,236,2323988.044,4155136.0,28,1,0.5593049286473416
60665981000622,UNIAO QUIMICA FARMACEUTICA NACIONAL S A,25,2318701.35,969315.0,7,1,2.3921030315222604
15361503000160,ALFA & OMEGA MEDICAL LTDA,91,2301204.4,998471.0,8,1,2.304728329615983
04216957000120,DISK MED PADUA DISTRIBUIDORA DE MEDICAMENTOS LTDA,493,2294167.034,4096098.0,26,1,0.5600859730406841
00029372000736,GE HEALTHCARE DO BRASIL COMERCIO E SERVICOS PARA EQUIPAMENTOS MEDICO-HOSPITALARES LTDA,5,2286020.0,49656.0,4,1,46.037135492186245
03755215000534,DIVCOM S/A,13,2267857.65,2214100.0,6,1,1.024279684747753
26457348000104,C.A. HOSPITALAR LTDA,148,2260921.909,446269.0,12,1,5.06627596584123
02537890000109,COFARMINAS COMERCIO DE PRODUTOS FARMACEUTICOS LTDA,266,2245278.1064,3927667.0,12,1,0.5716569419963555
26396672000151,BRASMED DISTRIBUIDORA DE PRODUTOS HOSPITALARES LTDA,121,2241920.65,6038082.0,11,1,0.3712968207453956
05657559000102,AGLAMED-MATERIAL MEDICO HOSPITALAR LTDA,1,2240000.0,4000.0,1,1,560.0
41554303000133,ITA MED PRODUTOS MEDICOS HOSPITALARES LTDA,37,2236263.95,2093303.0,4,1,1.0682944370690723
24826631000122,FARMA 2 PRODUTOS PARA SAUDE LTDA,130,2228060.958,1501127.0,18,1,1.4842587988891014
09676256000198,MEDICAMENTOS DE AZ LTDA,493,2227348.3305,11880226.0,48,1,0.1874836665985984
03250803000192,FAMA DISTRIBUIDORA HOSPITALAR LTDA,24,2222712.0,154096.0,2,1,14.42420309417506
17700763000300,MEDFUTURA DISTRIBUIDORA DE MEDICAMENTOS E PRODUTOS DE SAUDE LTDA,9,2220059.63,39985120.0,5,1,0.05552214498793551
27455068000111,ESFIGMED COMERCIAL HOSPITALAR LTDA,133,2194096.32,491187.0,36,1,4.466926689835032
29043834000166,3MED DISTRIBUIDORA DE MEDICAMENTOS LTDA.,165,2188003.54,4721927.0,54,1,0.4633708949757165
51045579000140,FJS DISTRIBUIDORA DE MATERIAIS E EQUIPAMENTOS HOSPITALARES E ODONTOLOGICOS LTDA,242,2185631.34,4572979.0,4,1,0.4779447576732803
12589567000124,DROGA NOVA BARRINHA LTDA,48,2179142.03,554890.0,8,1,3.927160392149795
51685649000124,KASMEDI DISTRIBUIDORA DE MEDICAMENTOS LTDA,153,2172455.73,2016532.0,42,1,1.0773227154342206
13229567000186,VENEZA DISTRIBUIDORA DE PRODUTOS HOSPITALARES LTDA,42,2159582.456,1876304.0,15,1,1.1509768438376722
48479110000104,YUMED COMERCIO LTDA,47,2153162.92,626815.0,3,1,3.435085184623852
96845896000189,COMPRATES COMERCIAL FARMACEUTICA E HOSPITALAR LTDA,59,2139804.31,2017146.0,1,1,1.0608078493078836
35880234000155,D M COMERCIAL MEDICA LTDA,434,2126279.4,6029109.0,7,1,0.3526689267021047
31504080000146,ESTEVIA DISTRIBUIDORA DE MEDICAMENTOS LTDA,85,2124238.47,4179956.0,6,1,0.5081963709665844
49520521000169,INTERMED EQUIPAMENTO MEDICO HOSPITALAR LTDA,2,2117750.0,39.0,2,1,54301.282051282054
47238417000150,POPIA DISTRIBUIDORA DE MEDICAMENTOS LTDA,13,2113523.9,3314470.0,1,1,0.6376657203112412
06670152000188,MERCURIO - COMERCIO DE PRODUTOS MEDICOS HOSPITALARES LTDA,4,2099342.16,13000.0,1,1,161.48785846153848
29910022000170,UNIAO FARMA COMERCIAL LTDA,36,2095357.16,383114.0,9,1,5.469278491519495
06175908000112,BIO LOGICA DISTRIBUIDORA LTDA,446,2093876.7976,160967.0,16,1,13.008112206849852
02456955000183,NATULAB LABORATORIO S.A,21,2078821.0,4918230.0,9,1,0.42267665399950793
29025383000134,4FR ASSESSORIA E SERVICOS LTDA.,10,2072800.92,690.0,1,1,3004.059304347826
40801743000185,FARMACIA TRUZZI LTDA,2,2072700.0,25545.0,1,1,81.13916617733412
16752682000129,LEMOS - DISTRIBUIDORA HOSPITALAR LTDA,102,2065731.71,4283499.0,6,1,0.48225334241936324
25106470000165,ROYAL MED HOSPITALAR LTDA,226,2064878.48,1917932.0,24,1,1.0766171480532156
11872656000110,HDL LOGISTICA HOSPITALAR LTDA.,10,2064378.4764,78264.0,5,1,26.377114336093225
29426310000154,CIRURGICA ITAMARATY COMERCIAL LTDA,191,2063729.6499,1439351.0,43,1,1.4337917922035697
30526342000100,MKM DISTRIBUIDORA DE MEDICAMENTOS LTDA,25,2055176.694,10151465.0,8,1,0.2024512416680745
79250676000274,CIRURGICA JAW COMERCIO DE MATERIAL MEDICO HOSP LTDA,15,2046324.5116,898310.0,6,1,2.277971425899745
26570361000167,PORTAL DISTRIBUIDORA HOSPITALAR LTDA,10,2044024.65,14884.0,3,1,137.33033122816445
32380176000102,T.F. ALEXANDRE DISTRIBUIDORA DE MEDICAMENTOS,361,2028047.74,4024378.0,8,1,0.5039406685952462
24325781000152,MD FARMA DISTRIBUIDOR ATACADISTA LTDA,260,2027151.66,8931580.0,12,1,0.226964507959398
03634617000157,AZULPHARMA DISTRIBUIDORA DE MEDICAMENTOS LTDA,116,2023501.661,4888027.0,22,1,0.4139710482368449
37407347000163,NEWARIS LIFESCIENCES LTDA,4,2019290.7,1658480.0,3,1,1.217555050407602
25034906000158,FLYMED COMERCIO DE PRODUTOS HOSPITALARES LTDA,297,2018060.311,6912409.0,83,1,0.29194746882020434
05932624000160,MEGAMED COMERCIO LTDA,41,2011735.3,5110680.0,2,1,0.3936335869199402
36997011000135,TOTAL SERVICOS HOSPITALARES E PRODUTOS LTDA,3,2007462.476,1677004.0,1,1,1.1970528847873947
26921908000555,HOSPFAR INDUSTRIA E COMERCIO DE PRODUTOS HOSPITALARES S.A.,8,1999462.4,846840.0,4,1,2.361086391762316
31580603000133,GLO COMERCIO DE PRODUTOS MEDICOS E HOSPITALARES LTDA,18,1996818.0,30600.0,2,1,65.25549019607843
47866974000116,AGRESTE FARMA LTDA,118,1983744.52,7920454.0,2,1,0.25045843584218785
05882795000122,MEGAFRAL INDUSTRIA E COMERCIO LTDA,1,1982200.0,1870000.0,1,1,1.06
07344756000105,PRO-SAUDE COMERCIO DE PRODUTOS HOSPITALARES LTDA,405,1978522.7,1242966.0,37,1,1.5917753985225662
41977198000145,MAXXI VIX COMERCIO ATACADISTA E REPRESENTACAO LTDA,6,1975956.56,1039274.0,2,1,1.9012854742830092
04210418000184,NOSSA PHARMACIA LTDA,715,1972073.6048,3024000.0,26,1,0.6521407423280423
50531688000104,K M KRUPINSKI MAIS SAUDE ATACADO DE MEDICAMENTOS,27,1966003.84,2938710.0,8,1,0.6690023309547387
28467781000148,VEM EMPREENDIMENTOS COMERCIAIS LTDA,212,1957021.5725,5414972.0,4,1,0.36140936139651325
32861890000112,LIDER DISTIBUIDORA DE PRODUTOS FARMACEUTICOS LTDA,103,1946778.7,4191067.0,10,1,0.464506699606568
33586468000169,JNS COMERCIO E SERVICOS LTDA,131,1942236.12,3240864.0,2,1,0.59929578038449
05431736000138,ASTRA CIENTIFICA LTDA,21,1940978.2,10688614.0,8,1,0.18159306716474183
10201443000102,SHELL LIFE MATERIAL HOSPITALAR LTDA,1,1937000.0,13.0,1,1,149000.0
15439366000139,EREFARMA PRODUTOS PARA SAUDE LTDA,187,1918201.966,1522707.0,19,1,1.2597314952909522
02977362000162,A COSTA COMERCIO ATACADISTA DE PRODUTOS FARMACEUTICOS LTDA,1197,1902600.7201,5899997.0,17,1,0.3224748622923029
19086670000109,DICOREL DISTRIBUIDORA DE MEDICAMENTOS LTDA,365,1902543.56,3599673.0,6,1,0.5285323305755828
03246587000101,SUFRAMED COMERCIO DE MATERIAL MEDICO HOSPITALAR LTDA,491,1900783.9755,3589056.0,5,1,0.5296055496208474
04968644000129,J. B. DE OLIVEIRA JUNIOR DISTRIBUIDORA,118,1896627.6,4746274.0,6,1,0.3996034784338199
80392566000145,AABA COMERCIO DE EQUIPAMENTOS MEDICOS LTDA,265,1893179.93,696350.0,20,1,2.718718934443886
28766510000193,DESAFIO FARMA DISTRIBUIDORA DE MEDICAMENTOS LTDA,85,1882333.74,2658164.0,2,1,0.7081330346810806
00203590000150,SIDD COMERCIAL DISTRIBUIDORA DE MEDICAMENTOS LTDA,31,1881087.92,616702.0,9,1,3.0502380728455556
26395502000152,DENTAL UNIVERSO EIRELI,300,1871486.33,148142.0,19,1,12.633056999365474
18836913000108,CIRURTECH COMERCIO E MANUTENCAO DE MATERIAIS CIRURGICOS LTDA,23,1870013.2,57136.0,5,1,32.72915849901988
33221055000180,RAMOS & PESSOA LTDA,419,1867775.49,1758729.0,19,1,1.062003008991152
36028477000122,HIPERFAR MATERIAIS HOSPITALAR E MEDICAMENTOS LTDA,77,1865454.45,4674967.0,3,1,0.3990305065255006
31651640000195,FAITHCARE MEDICAL LTDA,2,1862914.0,7138.0,1,1,260.9854300924629
63822597000170,PONTES HOSPITALAR LTDA,21,1858763.4,753949.0,1,1,2.465370204085422
27656480000108,PROATIVA HOSPITALAR LTDA,142,1856337.84,2511511.0,23,1,0.7391318771846909
46242310000113,IMPACTA MED DISTRIBUIDORA DE MEDICAMENTOS E MATERIAIS HOSPITALARES LTDA,43,1844180.26,3682720.0,4,1,0.5007658089672851
31434320000183,RAVIMED FARMACEUTICA LTDA,15,1837972.882,9850640.0,6,1,0.18658410844371534
31950325000169,QUALIMAGE COMERCIO SERVICOS E REPRESENTACOES LTDA,13,1833151.83,33379.0,5,1,54.919315437850145
24595557000180,AGIL PRODUTOS PARA SAUDE LTDA,293,1818767.2172,386245.0,8,1,4.708843395254307
42946717000170,ULTRA MED DISTRIBUIDORA DE MEDICAMENTOS LTDA,106,1818727.4788,3249555.0,31,1,0.5596850888198538
10267695000126,MEDICALL FARMA DISTRIBUIDORA DE PRODUTOS E SERVICOS PARA SAUDE LTDA,99,1816234.06,1326938.0,1,1,1.3687407098146258
30518878000184,MEDIC & NUTRE COMERCIO LTDA,28,1814899.35,2709878.0,3,1,0.6697347076141436
36392321000126,"IS7 IMPORTACAO, EXPORTACAO E COMERCIO LTDA",8,1813887.9,51190.0,4,1,35.434418831803086
33068320000132,ASCLEPIOS EQUIPAMENTOS HOSPITALARES LTDA,61,1812548.8,3030.0,15,1,598.2009240924093
02433631000120,ASPEN PHARMA INDUSTRIA FARMACEUTICA LTDA,7,1809851.5,1054326.0,5,1,1.7165957208681186
10918870000106,UNIVERSAL PRODUTOS HOSPITALARES LTDA,13,1809439.0,236606.0,1,1,7.647477240644785
18964366000146,RONDOLAB COMERCIO E SERVICOS LTDA,531,1806363.698,390376.0,18,1,4.627240655163227
37844754000138,W. ARAUJO DISTRIBUIDORA DE MEDICAMENTOS LTDA,89,1799416.12,3291202.0,21,1,0.5467352414102812
21632425000193,SALVADOR DISTRIBUIDORA DE MEDICAMENTOS LTDA,90,1796870.0,3632608.0,5,1,0.4946501246487372
39610184000147,CIRURGICA ASSIS DISTRIBUIDORA DE PRODUTOS PARA SAUDE LTDA,152,1796047.673,3707480.0,24,1,0.48443893776905067
02494715000173,COOPERATIVA UNIMED CENTRAL DE COOPERATIVAS UNIMED DO RIO GRANDE DO SUL LTDA,30,1786619.12,824878.0,4,1,2.1659192268432426
27789446000101,AGUIA DISTRIBUIDORA DE MEDICAMENTOS E SUPRIMENTOS LTDA,345,1786576.2083,1058496.0,18,1,1.68784408094126
09412526000153,ALESSANDRO REZENDE SANTOS LTDA,288,1775579.503,504143.0,3,1,3.5219759135800754
60831658000177,BOEHRINGER INGELHEIM DO BRASIL QUIMICA E FARMACEUTICA LTDA.,4,1773002.7,8685.0,3,1,204.14538860103627
06230386000104,SOROMED MARILIA LTDA,78,1758648.083,91499.0,8,1,19.22040768751571
12047164000153,GLOBAL HOSPITALAR IMPORTACAO E COMERCIO SA,58,1755971.3564,7308230.0,22,1,0.24027313814699316
71957310000147,GREINER BIO-ONE BRASIL PRODUTOS MEDICOS HOSPITALARES LTDA,35,1755643.0,3105150.0,5,1,0.5653971627779656
63919385000105,DROGA VEN LTDA,97,1737239.5,661500.0,1,1,2.6262123960695387
11738593000104,MC EQUIPAMENTOS HOSPITALARES E SERVICOS LTDA,48,1734318.22,347163.0,5,1,4.995688538237082
30547487000198,DISTRIBUIDORA DE MEDICAMENTOS BOEING LTDA,526,1728265.63,2088692.0,16,1,0.8274391963965965
08719794000150,CENTRAL DISTRIBUIDORA DE MEDICAMENTOS LTDA,2,1715838.24,16356.0,2,1,104.90573734409391
22139078000124,BULA BRASIL DISTRIBUIDORA DE PRODUTOS MEDICO HOSPITALARES LTDA,5,1711877.2,168920.0,4,1,10.134248164811744
06974929000106,NOROESTE MEDICAMENTOS LTDA,342,1702112.912,1838350.0,14,1,0.9258916484891343
11697594000239,AGILLE COMERCIO DE MEDICAMENTOS LTDA,2,1700076.0,59200.0,2,1,28.7175
37556213000104,AHCOR COMERCIO DE PRODUTOS ODONTOLOGICOS LTDA,156,1693660.38,1113013.0,6,1,1.5216896657990517
03434334000161,MEDIMPORT COMERCIO DE PRODUTOS HOSPITALARES LTDA,58,1692502.6,2451140.0,13,1,0.6904960956942484
44127150000136,ASTRA MEDICAL SUPPLY PRODUTOS MEDICOS E HOSPITALARES LTDA,8,1691014.0,5283943.0,3,1,0.32002881181723575
59225268000174,SOQUIMICA LABORATORIOS LTDA,56,1685556.11,2225493.0,13,1,0.7573854916640943
04624944000190,RICARDO MOTTA DE ANDRADE,32,1685473.9,49229.0,1,1,34.237419000995345
22554493000144,ABM HOSPITALAR LTDA,49,1684224.54,1794844.0,1,1,0.9383682035876099
49074484000102,CALIXTO MEDICAMENTOS LTDA,64,1680636.55,3980688.0,4,1,0.4221975070641055
10978106000118,CIRURGICA FAMED DISTRIBUIDORA DE PRODUTOS HOSPITALARES LTDA,299,1680159.79,1210982.0,11,1,1.3874358082944256
01422569000108,DROGARIA E FARMACIA NUNES PEREIRA LTDA,76,1671905.0,316300.0,1,1,5.285820423648435
55643555000143,RIOQUIMICA S.A.,6,1667398.97,973451.0,3,1,1.712874063512185
07294636000132,MD MATERIAL HOSPITALAR LTDA,45,1665617.8,776271.0,8,1,2.145665366862861
67739748000181,MDF MATERIAL MEDICO HOSPITALAR LTDA,5,1664521.4,33559.0,3,1,49.599851008671294
39639612000164,RILAB HOSPITALAR LTDA,35,1664243.3,114745.0,2,1,14.503841561723823
40657992000149,LICI EXPRESS DISTRIBUIDORA LTDA,19,1651213.2,1980480.0,4,1,0.8337439408628211
13193395000138,AB IMPORT IMPORTACAO E EXPORTACAO LTDA,71,1649996.5,203819.0,11,1,8.095400821316952
13630407000144,"ALCANCE NORDESTE, COMERCIO IMPORTACAO & EXPORTACAO DE MEDICAMENTOS LTDA",64,1641628.4279,1873749.0,16,1,0.8761197086162554
33851567000120,UNIAO SUL COMERCIAL DE ARTIGOS DA SAUDE LTDA,19,1638580.34,1613253.0,5,1,1.015699546196412
58426628000133,SAMTRONIC INDUSTRIA E COMERCIO LTDA,18,1636336.6,85807.0,7,1,19.069966319764124
58295213002111,PHILIPS MEDICAL SYSTEMS LTDA,6,1626950.0,56.0,2,1,29052.678571428572
06059923000103,CELIA DA CUNHA FRANCA LTDA,343,1620369.114,1050400.0,1,1,1.5426210148514852
78451614000187,A.P. TORTELLI COM PRODUTOS MEDICOS HOSPITALARES LTDA,10,1615717.49,510167.0,7,1,3.1670364606099572
05375249000103,DENTAL ALTA MOGIANA - COMERCIO DE PRODUTOS ODONTOLOGICOS LTDA.,11,1613399.8001,199.0,5,1,8107.5366839195985
10960950000111,BDP BRASIL DISTRIBUIDORA DE PRODUTOS OPME LTDA,2,1610600.0,40750.0,2,1,39.523926380368096
30153811000436,GUERBET IMAGEM DO BRASIL LTDA,3,1606307.9,12150.0,3,1,132.20641152263374
07640617000200,DISTRIBUIDORA BRASIL COML DE PRODUTOS MEDICOS HOSPITALARES LTDA,115,1603725.44,3535120.0,7,1,0.4536551630496277
22706161000138,AVANTE BRASIL COMERCIO LTDA,1,1591524.0,80380.0,1,1,19.8
00468680000172,LABOTEK COMERCIO E DISTRIBUICAO DE PRODUTOS HOSPITALARES LTDA,25,1588410.0,1017000.0,1,1,1.561858407079646
08819724000173,LAGEAN COMERCIO E REPRESENTACAO LTDA,39,1588370.59,1233662.0,5,1,1.2875249379489682
52179963000106,LOGMEDI COMERCIO DE MEDICAMENTOS LTDA,76,1586608.38,7175108.0,9,1,0.22112675934634013
04759433000186,FERNAMED LTDA,186,1574459.8308,631886.0,39,1,2.4916833587071086
61828536000194,OESTE SUL CIRURGICA LTDA,166,1566828.3887,4435839.0,11,1,0.35322030143564725
24994990000199,FOXMED MEDICAMENTOS E PRODUTOS HOSPITALARES LTDA,89,1566427.08,2443335.0,6,1,0.6411020510900061
61100244000130,FANEM LTDA,3,1564911.73,81.0,1,1,19319.897901234566
46440212000190,BRAXTER HOSPITALAR LTDA,68,1553770.57,2219103.0,4,1,0.700179563544369
54541915000133,MEDSHOP HOSPITALAR LTDA,9,1553333.05,220130.0,1,1,7.0564350611002595
49601107000427,FRESENIUS HEMOCARE BRASIL LTDA.,5,1550316.64,108396.0,3,1,14.302341783829661
07768887000101,MDF DISTRIBUIDORA DE PRODUTOS FARMACEUTICOS E HOSPITALARES LTDA,25,1550110.7,174693.0,13,1,8.873341805338509
40136720000101,DF2MED PRODUTOS HOSPITALARES LTDA,70,1543669.44,5272343.0,10,1,0.2927862318517593
25165389000156,PHARMTECH DISTRIBUIDORA DE MEDICAMENTOS E MATERIAL HOSPITALAR LTDA,48,1540403.862,457210.0,2,1,3.3691386058922594
09007162000126,MAUES LOBATO COMERCIO E REPRESENTACOES LTDA,15,1535872.0,269540.0,3,1,5.698122727610002
38909503000157,OPEM REPRESENTACAO IMPORTADORA EXPORTADORA E DISTR.LTDA,2,1520400.0,20700.0,2,1,73.44927536231884
72899016000512,ESSITY DO BRASIL INDUSTRIA E COMERCIO LTDA,2,1504500.0,1525000.0,2,1,0.9865573770491803
18872656000160,INOVA COMERCIAL HOSPITALAR LTDA,152,1502577.1928,1117256.0,9,1,1.344881739547606
63776421000129,H. LIMA LOBIANCO & CIA LTDA,353,1487025.55,1562579.0,19,1,0.9516482366651542
11872656000200,HDL LOGISTICA HOSPITALAR LTDA.,2,1485465.0,6700.0,2,1,221.71119402985076
14200301000173,J C S DE SOUZA COMERCIO LTDA,12,1463140.0,79100.0,2,1,18.497345132743362
27080739000107,PRIME SOLUCOES EM SAUDE LTDA,119,1461869.56,679158.0,3,1,2.1524734450599126
19423875000124,M D G COMERCIAL LTDA.,175,1452550.5876,5778419.0,12,1,0.2513750885146958
52946285000151,MASLAM DO BRASIL LTDA,2,1448994.0,78324.0,1,1,18.5
05993698000107,1000MEDIC DISTRIBUIDORA IMPORTADORA EXPORTADORA DE MEDICAMENTOS LTDA,6,1448000.0,19700.0,2,1,73.50253807106598
21830581000169,DISTRIMED COMERCIO DE MEDICAMENTOS E MATERIAL HOSPITALAR LTDA,232,1439391.2299,724628.0,2,1,1.9863864353847767
06194440000103,ODONTOMEDI - PRODUTOS ODONTOLOGICOS E HOSPITALARES LTDA,291,1437433.96,401519.0,21,1,3.5799898883988055
31317338000103,PAC SAUDE DISTRIBUIDORA LTDA,179,1437057.11,2434961.0,6,1,0.5901766434862817
29907666000100,"VYP MATERIAL HOSPITALAR COMERCIO, IMPORTACAO E EXPORTACAO LTDA",517,1430999.576,981487.0,37,1,1.4579913702372012
31085156000146,MACMED SOLUCOES EM SAUDE LTDA.,48,1425788.94,176618.0,18,1,8.07272724184398
26697721000196,LUCINEIDE DE SOUSA CARVALHO LTDA,478,1424457.42,1554511.0,6,1,0.9163379480749895
05782733000491,CIAMED - DISTRIBUIDORA DE MEDICAMENTOS LTDA.,10,1423880.544,155505.0,6,1,9.156493643291212
10368534000129,CIRURGICA PARMA LTDA,6,1418439.0,1488.0,3,1,953.2520161290323
07626776000160,CIRURGICA SAO FELIPE PRODUTOS PARA SAUDE LTDA,162,1411631.47,51981.0,17,1,27.15668167214944
58229293000163,DISTRIBUIDORA DE MEDICAMENTOS SANTE LTDA,65,1409408.349,5590207.0,3,1,0.2521209588482144
07336942000194,DIGEMAN - DISTRIBUIDORA GERAL DE MEDICAMENTOS ANANINDEUA LTDA,22,1408615.0,652500.0,2,1,2.1587969348659004
15772566000109,L.D. FARMACEUTICA LTDA,3,1408392.0,250400.0,3,1,5.624568690095846
11858797000189,BALSAMO DISTRIBUIDORA DE MEDICAMENTOS LTDA,93,1406345.085,968951.0,4,1,1.4514099113371057
10696551000195,HOLY MED COMERCIO DE PRODUTOS MEDICOS HOSPITALARES LTDA,102,1404442.72,343897.0,6,1,4.0839051227547785
39749232000182,FORCE FARMA DISTRIBUIDORA DE MEDICAMENTOS LTDA,153,1395533.938,3490089.0,38,1,0.39985626097214144
41347974000123,ZAFRA DISTRIBUIDORA DE MEDICAMENTOS E PRODUTOS HOSPITALARES LTDA,125,1393687.49,2313155.0,50,1,0.6025050158765841
30974186000140,ONCO LOG MEDICAMENTOS ESPECIAIS LTDA,2,1387756.0,29949.0,2,1,46.337306754816524
24079703000115,J F FARMA DISTRIBUIDORA DE PRODUTOS FARMACEUTICOS LTDA,30,1381203.34,1428661.0,4,1,0.9667817207861068
27908285000110,XISMED DISTRIBUIDORA LTDA,11,1380340.4,1947786.0,4,1,0.7086714864980034
44734671000402,CRISTALIA PRODUTOS QUIMICOS FARMACEUTICOS LTDA,50,1379959.246,1893134.0,8,1,0.7289284572565915
34875727000134,LOBATO COMERCIO DE PRODUTOS HOSPITALARES LTDA,64,1377846.49,771503.0,1,1,1.7859249931626966
31097402000180,ADL MED COMERCIO DE MEDICAMENTOS LTDA,137,1375662.44,7666125.0,24,1,0.17944690961861434
23493764000161,P G LIMA COM LTDA,69,1374463.55,2053147.0,1,1,0.6694423487456086
06907776000176,SAGRES-PRODUTOS FARMACEUTICOS LIMITADA,4,1374087.04,266744.0,1,1,5.151332513571065
04162170000123,ESTRATTI VEGETALI FARMACIA E MANIPULACAO LTDA,59,1373923.7,674025.0,19,1,2.0383868550869773
68949239000570,UNITED MEDICAL LTDA,2,1373513.8,770.0,2,1,1783.784155844156
05356421000173,ALPHA IMPORTADORA E EXPORTADORA LTDA,17,1369204.0,83410.0,1,1,16.415345881788756
92132786000119,CRISTAL DISTRIBUIDORA DE MEDICAMENTOS LTDA,11,1365673.6,675495.0,4,1,2.0217375406183615
35015209000103,HYPERMEDICAL PRODUTOS MEDICOS LTDA,17,1360461.88,13607.0,1,1,99.98250018372896
04187384000154,LEISTUNG EQUIPAMENTOS LTDA.,3,1359200.0,26.0,2,1,52276.92307692308
55979736000145,ALLIAGE S/A INDUSTRIAS MEDICO ODONTOLOGICA,10,1355790.67,165.0,6,1,8216.913151515151
26107229000113,LIZ HOSPITALAR COMERCIO ATACADISTA LTDA,75,1354570.1,386880.0,1,1,3.501266801075269
34772843000128,NOVA OESTE DISTRIBUIDORA DE MEDICAMENTOS LTDA,120,1353516.45,646907.0,54,1,2.0922890771007268
31401798000107,DENTAL BH BRASIL COMERCIO DE PRODUTOS ODONTO-MEDICO-HOSPITALAR LTDA,579,1351262.942,219076.0,22,1,6.168009923496869
15302324000151,AFS COMERCIO DE PRODUTOS FARMACEUTICOS LTDA,268,1348241.12,6299476.0,6,1,0.2140243283727091
14249047000289,ATLANTICO LIFE COMERCIO DE PRODUTOS HOSPITALARES LTDA,76,1339271.75,6388638.0,2,1,0.20963337568977927
30949099000133,VFB BRASIL LTDA,178,1338614.9,2427177.0,19,1,0.5515110352479444
24658613000189,INTEGRA SOLUCOES MEDICAS LTDA,34,1327851.53,4824329.0,8,1,0.275240666629494
49059257000108,J & A COMERCIO E REPRESENTACOES DE PRODUTOS MEDICO-HOSPITALARES LTDA,60,1326688.5,197426.0,13,1,6.719927973012673
03946428000110,DISTRIBUIDORA DE MEDICAMENTOS BRASIL MIRACEMA LTDA,27,1302645.0,1700570.0,3,1,0.7660049277595159
39032974000192,VIC PHARMA INDUSTRIA E COMERCIO LTDA,7,1288146.342,490736.0,4,1,2.624927337713149
01549986000116,MICRO COMERCIO E SERVICOS LTDA,9,1282560.6,1992.0,1,1,643.8557228915663
08849206000100,DENTAL OPEN - COMERCIO DE PRODUTOS ODONTOLOGICOS LTDA.,301,1281786.1541,249184.0,14,1,5.143934418341466
11232365000168,ALAGOAS COMERCIAL MEDICA LTDA,201,1272947.0,7684442.0,2,1,0.16565249630357026
24399184000172,CIRURGICA PLENA PRODUTOS HOSPITALARES LTDA,122,1272285.3,599037.0,27,1,2.1238843343566427
20227117000110,SP HEALTH INDUSTRIA E COMERCIO LTDA,6,1271048.75,428975.0,3,1,2.962990267498106
07086868000103,GRANDESC MATERIAIS HOSPITALARES LTDA,21,1270320.74,1042219.0,7,1,1.2188616212139676
17892706000108,GLOBAL COMERCIAL LTDA,53,1269718.0,658610.0,4,1,1.927875373893503
83157032000122,METROMED COM DE MATERIAL MEDICO HOSPITALAR LTDA,190,1254393.27,1056902.0,30,1,1.1868586396846632
24711499000294,FOUR MED DISTRIBUIDORA HOSPITALAR IMPORTADORA LTDA,2,1248079.8,98500.0,1,1,12.670860913705583
11308834000185,VIDA BIOTECNOLOGIA LTDA,12,1244217.6,335170.0,9,1,3.712198585792285
35041852000101,BIONUTRI COMERCIO E REPRESENTACOES DE PRODUTOS MEDICO-HOSPITALARES LTDA,71,1234419.97,511686.0,15,1,2.4124560179485073
24484451000100,RIO FARMA DISTRIBUIDORA DE MEDICAMENTOS LTDA,115,1234391.1134,752588.0,7,1,1.6401950514757078
04369147000104,ABA MED S.A.,19,1229364.3,1598610.0,2,1,0.7690207742976711
13287059000154,JAMARI COMERCIO E EMPREENDIMENTOS LTDA,446,1228597.2992,373279.0,35,1,3.291364633960121
35676420000177,ONIX FARMA PRODUTOS HOSPITALARES LTDA,17,1225886.31,182170.0,1,1,6.729353406159082
12735479000193,BELMEDICAL COMERCIO DE PRODUTOS HOSPITALARES LTDA,28,1217670.0,1928000.0,2,1,0.6315715767634855
34180445000112,DISMATH DISTRIBUIDORA DE MATERIAIS MEDICOS E HOSPITALARES LTDA,19,1217548.87,942473.0,11,1,1.2918660481520428
16755344000140,ORGANIZACAO EXITO KIFARMA LTDA,5,1216827.0,128700.0,2,1,9.454755244755244
26325797000190,EREMIX INDUSTRIA DE ALIMENTOS ESPECIAIS LTDA,22,1215723.4,2709020.0,8,1,0.44876870602653357
03652030000685,CENTERMEDI-COMERCIO DE PRODUTOS HOSPITALARES LTDA,55,1214061.84,2864785.0,10,1,0.42378811673476374
33398831000112,FENIX COMERCIO DE PRODUTOS HOSPITALARES LTDA,141,1207855.73,1713897.0,31,1,0.7047423094853424
03748673000112,ELLO DISTRIBUIDORA DE MEDICAMENTOS LTDA,447,1204839.76,2166035.0,7,1,0.5562420551837806
40710180000110,FARMABES MATERIAIS HOSPITALARES LTDA,32,1203456.17,1829113.0,5,1,0.6579452280968972
30109731000130,IMPACTO MED EIRELI,35,1201853.6,1613360.0,2,1,0.7449382654832152
41340103000188,EREMED DISTRIBUIDORA DE MEDICAMENTOS LTDA,51,1200677.65,17825927.0,25,1,0.06735569207705158
02794555000420,COLOPLAST DO BRASIL LTDA,14,1199966.1,156800.0,5,1,7.652845025510205
11327892000156,CLAUDETE DOS SANTOS POSSAMAI & CIA LTDA,24,1197535.24,1691636.0,4,1,0.7079154380729661
76730076000134,J R EHLKE E CIA LTDA,1,1192800.0,840000.0,1,1,1.42
74068008000126,NORT MED PRODUTOS HOSPITALARES LTDA,140,1191974.1104,232794.0,3,1,5.120295670850623
17771867000143,DBV COMERCIO IMPORTACAO E EXPORTACAO DO BRASIL LTDA,35,1190000.1712,1925753.0,4,1,0.6179401881757421
10193608000133,MEDPLUS COMERCIO E REPRESENTACAO LTDA,28,1186527.8,1601880.0,4,1,0.7407095412889855
03679808000135,BIO INFINITY COMERCIO HOSPITALAR E LOCACAO LTDA,9,1180919.94,43333.0,3,1,27.25220824775575
83646307000191,C J A PARENTE,51,1179606.6,1175276.0,4,1,1.0036847514966698
22771751000144,VEV COMERCIO DE MEDICAMENTOS LTDA EM RECUPERACAO JUDICIAL,47,1179522.855,2121962.0,8,1,0.5558642685401529
04267668000150,DINAMO EXPRESS INDUSTRIA E COMERCIO LTDA,1,1179360.0,147420.0,1,1,8.0
07055280000184,F WILTON CAVALCANTE MONTEIRO LTDA,257,1178769.8,1510375.0,3,1,0.780448431680874
33202407000150,RR MEDICAL LTDA,159,1176824.17,909502.0,3,1,1.2939214757086845
21810980000168,INNOVATIVE MEDICINES BRASIL SP DISTRIBUICAO DE MEDICAMENTOS LTDA,4,1166469.84,11424.0,2,1,102.10695378151262
01536135000139,TIRADENTES MEDICO HOSPITALAR LTDA,3,1164002.4,4987.0,2,1,233.40733908161218
44037882000135,THIAGO G. DISTRIBUIDORA DE MEDICAMENTOS E LOGISTICA LTDA,128,1158171.0,4953350.0,2,1,0.23381570048553
37778759000100,CWBCARE PRODUTOS MEDICO HOSPITALARES LTDA,130,1156300.61,878697.0,19,1,1.3159264342543562
21340481000154,CDR BRASIL COMERCIAL LTDA,35,1149365.25,5105899.0,5,1,0.2251053634237575
40074135000116,ANA LUCIA LIMA ARAGAO DISTRIBUIDORA DE MEDICAMENTOS LTDA,88,1145656.03,2329697.0,1,1,0.49176181709466943
46709597000149,PROGRESSO MED DISTRIBUIDORA LTDA,55,1144999.4362,8206365.0,19,1,0.13952577495639057
04522343000177,FARMACIA DE MANIPULACAO IDEAL FORMULAS LTDA,16,1138531.992,192340.0,4,1,5.919371903920142
53611125000114,CENTROVALE SOLUCOES PARA SAUDE LTDA,132,1130133.872,1558052.0,1,1,0.7253505479919797
14646435000112,ULTRA MEDKA PRODUTOS PARA SAUDE LTDA,30,1128659.59,769501.0,7,1,1.4667422004649768
21116490000166,F B COMERCIO DE PRODUTOS E EQUIPAMENTOS LTDA,228,1122841.7696,275256.0,4,1,4.079263556834365
36441185000117,OK BIOTECH COMERCIO E DISTRIBUICAO DE MATERIAIS ODONTO-MEDICO HOSPITALARES LTDA.,9,1117433.0,4961290.0,7,1,0.22523033323994365
03889336000145,PRO-VIDA COMERCIO DE EQUIPAMENTOS LTDA,19,1114449.0,1834191.0,12,1,0.6075970277904537
34761779000180,NUCLEO COMERCIO DE PRODUTOS PARA SAUDE LTDA,28,1111365.2,1710170.0,7,1,0.6498565639673248
30572915000132,BCPHARMA COMERCIO DE MEDICAMENTOS LTDA,22,1110840.65,222655.0,7,1,4.989066717567537
07396733000136,MARINGA HOSPITALAR DISTR. DE MEDICAMENTOS E CORRELATOS LTDA,23,1110741.39,1773751.0,12,1,0.6262104376544396
17406286000102,MAIS SAUDE MATERIAL HOSPITALAR LTDA,5,1110541.92,6160816.0,1,1,0.18025890076898904
15345613000138,HOTTSILVA DISTRIBUIDORA LTDA,30,1106348.5,559030.0,10,1,1.9790503193030786
19769575000100,NOVA MEDICA COMERCIO E SERVICOS DE PRODUTOS HOSPITALARES LTDA.,1,1099903.2,40980.0,1,1,26.84
34282929000172,ROMA DISTRIBUIDORA DE MATERIAIS HOSPITALARES LTDA,61,1096370.0164,1696351.0,4,1,0.6463108262382019
37374797000105,PONTOMEDI DISTRIBUIDORA DE MEDICAMENTOS LTDA,113,1092832.33,617384.0,26,1,1.7701014765526804
20273404000166,BIODIAG DIAGNOSTICA E HOSPITALAR LTDA,57,1090826.8,362209.0,3,1,3.0115949631290224
28145496000100,IGEMEDIC DISTRIBUIDORA HOSPITALAR LTDA,52,1082850.1428,1130827.0,5,1,0.9575736543255512
31030858000122,MEDIC LIFE DISTRIBUIDORA DE MEDICAMENTOS LTDA,47,1081917.7,1658773.0,30,1,0.6522397579415627
12824334000169,C.M. ORATHES CONFECCOES E EQUIPAMENTOS LTDA,2,1067980.0,252000.0,2,1,4.238015873015873
04724729000161,MAXLAB PRODUTOS PARA DIAGNOSTICOS E PESQUISAS LTDA,244,1066908.82,353360.0,19,1,3.0193253905365633
37573478000110,STAR MEDICAMENTOS E MATERIAL HOSPITALAR LTDA,124,1062769.77,2071769.0,4,1,0.512976963165295
38823439000197,VITALEEP DISTRIBUIDORA DE MEDICAMENTOS IMPORTADOS LTDA,2,1061805.4,50.0,1,1,21236.107999999997
33318076000119,APOIO IDEAL MEDICAMENTOS LTDA,3,1056942.0,274.0,3,1,3857.4525547445255
11044066000108,GOLDEN FARM DISTRIBUIDORA LTDA,85,1054946.992,8742156.0,10,1,0.12067354917940153
01298443000254,MAGNAMED TECNOLOGIA MEDICA S/A,2,1052662.5,21.0,2,1,50126.78571428572
09222411000104,CENTRALMIX COMERCIAL LTDA,71,1049112.9995,240990.0,9,1,4.353346609817835
23906560000105,FARMA LINE SERVICOS ADMINISTRATIVOS LTDA,16,1046468.56,12142.0,2,1,86.18584747158623
13333090000931,NIPRO MEDICAL CORPORATION PRODUTOS MEDICOS LTDA.,2,1044971.2,83216.0,1,1,12.557335127860027
18192961000100,ULTRA MEDICAL COMERCIO DE MATERIAIS HOSPITALARES LTDA,12,1042792.5,435340.0,1,1,2.3953519088528505
32053182000155,DENTAL RONDONIA COMERCIO DE PRODUTOS PARA SAUDE LTDA,229,1041069.538,268805.0,15,1,3.8729545134949124
26965609000199,CECHETTI & KEDIZ - COMERCIO E DISTRIBUIDORA DE MEDICAMENTOS LTDA,44,1040222.18,12578416.0,18,1,0.08269898053936203
10566711000181,DIFE DISTRIBUIDORA DE MEDICAMENTOS LTDA,209,1038663.5484,300403.0,32,1,3.4575671627780014
00156820000177,HOSPMED LTDA,83,1034434.972,2496957.0,2,1,0.41427824828381105
07865568000114,LUSMED COMERCIO DE PRODUTOS MEDICOS HOSPITALARES LTDA,103,1034041.108,1038978.0,5,1,0.995248319021192
05487170000166,PB FARMA DISTRIBUIDORA DE MEDICAMENTOS LTDA,17,1033881.0,1926462.0,1,1,0.53667344593353
39339941000190,SUEVIT DISTRIBUIDORA E IMPORTADORA HOSPITALAR LTDA,14,1026958.0,418500.0,2,1,2.4539020310633215
10633441000184,FUSAO COMERCIO DE PRODUTOS ODONTOLOGICOS LTDA,277,1025627.131,763422.0,11,1,1.3434602762299228
59233783000449,STERIS SOLUTIONS DO BRASIL IMPORTACAO E COMERCIALIZACAO DE PRODUTOS DA SAUDE LTDA.,2,1025332.58,3.0,1,1,341777.5266666667
05893097000122,CENUT - CENTRO ESPECIALIZADO DE NUTRICAO LTDA,23,1013886.87,26945.0,2,1,37.62801521618111
18917657000183,MEDH DISTRIBUIDORA DE MEDICAMENTOS LTDA,246,1013776.89,2337803.0,10,1,0.4336451317754319
37920081000158,PONTES E GUEDES DISTRIBUIDORA DE MEDICAMENTOS LTDA,76,1011707.65,4729501.0,18,1,0.21391424803589215
05399786000185,UNICHEM FARMACEUTICA DO BRASIL LTDA.,5,1003753.21,7390010.0,4,1,0.1358256903576585
06170280000162,INOVAMEDICA COMERCIO DE PRODUTOS MEDICOS LTDA,41,1003697.86,4074365.0,10,1,0.2463446107552956
17756574000197,MANZATOS FARMA LTDA,97,1002627.1764,4288945.0,8,1,0.2337701174531266
13123772000162,VERTICAL RJ SOLUCOES PARA SAUDE LTDA,3,1000693.42,11087.0,1,1,90.25826824208534
09560267000108,BETANIAMED COMERCIAL LTDA,17,999559.77,555248.0,8,1,1.800204179033513
03968926000163,MASIF ARTIGOS MEDICOS E HOSPITALARES LTDA,118,992533.12,1473523.0,4,1,0.6735783017978002
20637873000117,MEDIC VET DISTRIBUIDORA DE MEDICAMENTOS LTDA,55,990287.89,2968235.0,23,1,0.3336285334550667
29494115000161,MEDICAM DISTRIBUIDORA DE MEDICAMENTOS E NUTRICAO LTDA,23,988453.32,26951.0,4,1,36.675942265593115
18574431000127,VACCARIN & ALFF LTDA,17,984717.09,7200930.0,3,1,0.13674859913927784
67423152000178,IBG INDUSTRIA BRASILEIRA DE GASES LTDA,2,984000.0,324300.0,2,1,3.0342275670675303
33069212000850,MERCK S/A,3,983162.12,130.0,1,1,7562.785538461539
07032320000172,MEDICAL CENTER COMERCIO DE PRODUTOS HOSPITALARES LTDA,20,980843.0,985000.0,4,1,0.995779695431472
12255403000160,IMEX MEDICAL COMERCIO E LOCACAO LTDA,5,978060.2,339.0,4,1,2885.133333333333
03134249000188,MULTIFARMA COMERCIO DE PRODUTOS MEDICOS LTDA,10,977664.31,4090708.0,6,1,0.23899635710982062
18716271000103,REAL NUTRICAO COMERCIO E SERVICOS LTDA,8,967342.56,300440.0,3,1,3.219752895752896
32282308000163,J DE BRITO - DISTRIBUIDORA DE MEDICAMENTOS E CORRELATOS LTDA,195,967060.935,276733.0,20,1,3.494563116794889
05400006000250,FABMED DISTRIBUIDORA HOSPITALAR LTDA,6,966310.3,2868000.0,3,1,0.3369282775453278
08036308000107,A. GALDINO DA PAZ LTDA,73,965812.6,2974417.0,1,1,0.32470652232017233
22480778000188,CIRURGICA CALIFORNIA LTDA,15,964181.42,7813404.0,1,1,0.12340094279010788
58635830000175,FARMARIN INDUSTRIA E COMERCIO LTDA,11,963162.868,4949104.0,5,1,0.19461358419625047
07472938000153,ARAUJO COMERCIO DE PRODUTOS FARMACEUTICOS LTDA,71,963002.82,3746755.0,4,1,0.2570231627101318
23504746000138,LJR DISTRIBUIDORA DE MEDICAMENTOS LTDA,40,962189.6,2746510.0,1,1,0.35033173008654617
36757380000150,MEDSANTA COMERCIO DE MEDICAMENTOS E MATERIAIS MEDICOS LTDA,116,960196.3,761396.0,13,1,1.2610997431034574
72208200000145,QUEBEC COMERCIAL LTDA,1,959920.0,8000.0,1,1,119.99
24564626000199,TEMPO COMERCIAL DISTRIBUIDORA DE MEDICAMENTOS LTDA,266,959299.618,1815404.0,9,1,0.5284221132045539
57532343000114,LM FARMA INDUSTRIA E COMERCIO LTDA,23,955788.76,37218.0,13,1,25.68082003331721
31498120000194,BELLAMED PRODUTOS HOSPITALARES LTDA,10,950377.416,889800.0,2,1,1.0680798111935266
47888974000117,DISTRIBUIDORA NORTE ALIMENTOS LTDA,6,946280.0,52300.0,1,1,18.093307839388146
43231355000102,MEDICINALE DISTRIBUIDORA DE MEDICAMENTOS E MATERIAIS HOSPITALARES LTDA,74,939135.18,9121515.0,30,1,0.1029582454230465
52202744000192,NACIONAL COMERCIAL HOSPITALAR S.A.,195,937043.6,661292.0,15,1,1.4169891666616259
22968511000134,MCS ATACADISTA DE MEDICAMENTOS E PRODUTOS FARMACEUTICOS LTDA,39,935881.85,3120795.0,5,1,0.2998857182224401
03596923000146,MEDIMAC COMERCIO DE ARTIGOS MEDICOS LTDA,36,934733.208,3083179.0,18,1,0.30317189109033243
07752236001014,MEDILAR IMPORTACAO E DISTRIBUICAO DE PRODUTOS MEDICO HOSPITALARES S/A,3,934169.55,5962295.0,2,1,0.15667952524992473
30153811000193,GUERBET IMAGEM DO BRASIL LTDA,1,930453.7,1210.0,1,1,768.9699999999999
20344116000155,NEVALLI ARTIGOS MEDICOS E ORTOPEDICOS LTDA,31,930247.89,208432.0,8,1,4.4630761591310355
13056315000100,CENTRAX COMERCIAL LTDA,84,929802.9788,591413.0,3,1,1.5721720334182712
20227692000112,DISTRIBUIDORA MEDICAL LTDA,84,922590.603,8158887.0,10,1,0.11307799740332229
16902612000100,DISTRIMEDICA COMERCIO DE PRODUTOS MEDICOS E ODONTOLOGICOS LTDA,129,917806.78,105610.0,2,1,8.690529116560931
38329458000161,BIOMED DISTRIBUIDORA DE MEDICAMENTOS LTDA,68,917304.22,2948056.0,30,1,0.31115562933675617
37206499000106,QUALITY COMERCIO DE ARTIGOS HOSPITALARES LTDA,11,915989.4,782267.0,3,1,1.1709421463515655
05885332000114,NRX MEDICAL SYSTEMS COMERCIO ATACADISTA E SERVICOS MANUTENCAO E REPRESENTACAO DE EQUIPAMENTO APARELHOS ODONTO MEDICOS HOSPITALARES LTDA,10,912480.0,855450.0,1,1,1.0666666666666667
09222369000113,DENTAL MARIA LTDA,198,912256.76,30973.0,12,1,29.45329028508701
29866886000132,GREEN DISTRIBUIDORA DE MEDICAMENTOS LTDA,28,911090.5,5040000.0,3,1,0.1807719246031746
10731996000169,M & A SUPRA COMERCIAL LTDA,26,910298.0,1311300.0,3,1,0.6941950735910928
05746444000194,"CIRURGICA PARANA - DISTRIBUIDORA, IMPORTADORA E EXPORTADORA DE EQUIPAMENTOS LTDA",263,905205.58,442640.0,16,1,2.0450153171877825
24118004000137,ANGULAR PRODUTOS PARA SAUDE LTDA,81,900463.71,1500343.0,17,1,0.6001719006920417
10807173000170,MEDPOA COMERCIO DE MATERIAL HOSPITALAR LTDA,25,900210.5,157352.0,14,1,5.720998144287966
14966026000101,BARRA COMERCIO DE EQUIPAMENTOS LTDA,9,897790.82,657716.0,1,1,1.365012893102798
61812902000117,NEXXA FARMACEUTICA LTDA,33,896835.9974,876527.0,8,1,1.0231698480480351
00995371000150,STOCK COMERCIAL HOSPITALAR LTDA - EM RECUPERACAO JUDICIAL,4,896583.0,68700.0,3,1,13.050698689956333
02446667000148,"ODONTOLOGIC INDUSTRIA E COMERCIO, IMPORTACAO EXPORTACAO LTDA",1,892197.0,300.0,1,1,2973.99
42529374000149,DISTRIBUIDORA DE MEDICAMENTOS INTRAMED LTDA,90,888933.8,990256.0,25,1,0.8976808017320774
54426937000152,CREMONESI & RODRIGUES LTDA,173,885568.7076,290063.0,6,1,3.0530219559199208
52969017000155,TARGET MEDICAMENTOS E PRODUTOS HOSPITALARES LTDA,28,882300.09,4056332.0,5,1,0.2175118037675417
39906592000140,COMERCIAL RIFARMA DE MEDICAMENTOS LTDA,56,880020.96,3777784.0,15,1,0.23294634102955594
27250886000188,DAMIL COMERCIO DE PRODUTOS HOSPITALARES LTDA,35,878743.54,778543.0,12,1,1.1287026407019265
03505263000140,PRODUVALE PRODUTOS HOSPITALARES LTDA,94,878671.845,1307578.0,15,1,0.67198426786012
36121635000194,CG HOSPITALAR DISTRIBUIDORA DE PRODUTOS HOSPITALARES LTDA,90,878134.36,359804.0,8,1,2.4405908772553944
02472743000190,DIMALAB ELETRONICS DO BRASIL LTDA,44,876461.34,32659.0,5,1,26.836747604029515
27943693000102,FACIL PRODUTOS HOSPITALARES LTDA,19,873506.65,686865.0,1,1,1.27172974310818
21504525000134,DENTAL PRIME - PRODUTOS ODONTOLOGICOS MEDICOS HOSPITALARES LTDA,357,862180.088,478979.0,17,1,1.800037346104944
21043162000187,BIOTECHMAX HOSPITALAR LTDA,3,861600.0,1150000.0,1,1,0.7492173913043478
03996962000130,SOUZA & GOMES FARMACIA LTDA,61,860630.66,606384.0,2,1,1.419283259452756
04286678000133,FARMACIA RSF LTDA,43,856560.0,246000.0,1,1,3.481951219512195
33772464000175,ATIVIDADE COMERCIO DE MEDICAMENTOS E PRODUTOS HOSPITALARES LTDA,72,855954.9,500404.0,6,1,1.7105276936235523
08713696000105,LINE BRASIL INDUSTRIA COMERCIO E DISTRIBUICAO DE PRODUTOS PARA SAUDE E AMBIENTES CONTROLADOS LTDA,31,855627.5,346200.0,3,1,2.4714832466782206
00098242000160,PRONTOFAR LTDA,4,855100.0,6500.0,1,1,131.55384615384617
40060710000121,JOAO VITOR RAMALHO DE OLIVEIRA FARMACIA,5,853026.0,302100.0,1,1,2.8236544190665342
44607099000160,LA VIE MEDICAL LTDA,24,850391.4,599980.0,1,1,1.4173662455415181
38086197000104,JMX DISTRIBUIDORA DE PRODUTOS FARMACEUTICOS E HOSPITALARES LTDA,28,849396.5,612250.0,2,1,1.3873360555328706
31374700000170,SOIN VIE FARMACEUTICA E NUTRICAO LTDA,14,849262.64,7246460.0,6,1,0.11719689889960064
29127216000102,AF EMPREENDIMENTOS LTDA,2,848250.0,261.0,1,1,3250.0
10641724000178,C. PARRA VIEIRA,43,844339.56,536466.0,10,1,1.5738920267081233
49648233000194,SSZ DISTRIBUIDORA DE MEDICAMENTOS LTDA,11,840246.97,280425.0,4,1,2.9963340287064275
29312896000126,BHDENTAL COMERCIAL LTDA,56,837346.93,14448.0,21,1,57.95590600775194
32441650000169,C.H.L. PRODUTOS MEDICOS HOSPITALARES LTDA,44,835369.0736,2632779.0,3,1,0.31729555484907773
42040380000138,BIMEX RS COMERCIO DE MEDICAMENTOS LTDA,43,832903.205,1335440.0,5,1,0.62369197043671
05382899000178,DISTRIBUIDORA SENADOR DE MEDICAMENTOS HOSPITALARES LTDA,80,832315.768,708173.0,3,1,1.1753000580366662
21971041000103,K.C.R.S. COMERCIO DE EQUIPAMENTOS LTDA,5,832062.0,1034.0,3,1,804.7021276595744
18161599000100,UBIMED DISTRIBUIDORA MEDICO HOSPITALAR LTDA,280,829287.12,429896.0,3,1,1.9290412564899417
50687433000135,DROGAREMA III DROGARIA E PERFUMARIA LTDA,34,828966.7108,199404.0,1,1,4.157222075785842
17624789000154,LINEA-RJ COMERCIO LTDA,4,827811.6,2287080.0,1,1,0.36195130909281703
07700245000170,CIRURGICA VITORIA COMERCIO DE MEDICAMENTOS LTDA,24,827428.64,52636.0,3,1,15.719823694809635
08618163000144,CIRURGICA KLG LTDA,138,826124.412,1149416.0,11,1,0.7187340458110901
14622553000352,"HMD BRASIL COMERCIAL, IMPORTADORA, EXPORTADORA E REPRESENTACOES LTDA",3,825440.0,6416000.0,3,1,0.12865336658354115
29032826000114,DATA - MEDICAL PRODUTOS MEDICOS HOSPITALARES LTDA,57,825037.77,488177.0,10,1,1.690038182872196
39509826000116,INNOVAKIR IMPORTACAO EM SAUDE LTDA,25,825007.38,51862.0,4,1,15.907743241679842
46053404000144,DIFAPI COMERCIO E SERVICOS LTDA,78,822134.8,1640380.0,4,1,0.5011855789512186
22437236000122,PRIMAZIA MATERIAIS MEDICO HOSPITALARES LTDA,83,821638.77,137310.0,10,1,5.983823246668123
33324795000142,PROLICITA DISTRIBUIDORA DE MEDICAMENTOS LTDA,70,820940.1279,2870247.0,26,1,0.2860172409900611
54550756000133,"S A MEDICAMENTOS, HOSPITALARES E ODONTOLOGICOS LTDA",117,816884.2,504733.0,5,1,1.618448169626317
32786481000107,BELOFARMA LTDA,81,812495.6,1758473.0,3,1,0.46204610477385777
17499185000123,JC MEDICA COMERCIO DE PRODUTOS MEDICO-HOSPITALARES LTDA,12,812188.17,141667.0,1,1,5.733079475107118
35215257000145,DENTAL PREMIUM LTDA,239,809584.92,32927.0,12,1,24.587266377137304
06209557000113,AM MEDICAL COMERCIO DE MEDICAMENTOS E PRODUTOS HOSPITALARES LTDA,16,804926.1,1783335.0,6,1,0.4513600080747588
21551379002141,BECTON DICKINSON INDUSTRIAS CIRURGICAS LTDA,6,797718.4,992876.0,2,1,0.8034421216748113
41227287000174,ORTHOFACOS PRODUTOS PARA ORTOPEDIA E OFTALMOLOGIA LTDA,11,796627.13,57362.0,9,1,13.8877153864928
11619992000156,PRIOM TECNOLOGIA EM EQUIPAMENTOS LTDA,58,795786.8,66117.0,9,1,12.036039142731825
24774241000156,MEDEVICES PRODUTOS MEDICOS E HOSPITALARES LTDA,31,794374.93,33395.0,9,1,23.787241503219047
38201387000117,VWL DISTRIBUIDORA DE MEDICAMENTOS E MATERIAIS MEDICO-HOSPITALARES LTDA,52,794139.26,719699.0,5,1,1.1034324905272899
18110143000111,DENTAL CAMARGO COMERCIO LTDA,103,791862.1,169803.0,1,1,4.663416429627274
11495858000190,ALG BRASIL COMERCIO E INDUSTRIA DE PRODUTOS LTDA,2,791580.0,79785.0,2,1,9.921413799586388
25210463000109,PTC FARMACEUTICA DO BRASIL LTDA.,1,790668.0,600.0,1,1,1317.78
31807361000178,G.A. MED. DISTRIBUIDORA LTDA,113,789841.19,209608.0,3,1,3.768182464409755
31509165000117,ULTRAMED DISTRIBUIDORA DE MEDICAMENTOS LTDA,20,787783.27,118082.0,6,1,6.67149328432784
12095582000116,NOSSA DENTAL PRODUTOS ODONTOLOGICOS LTDA.,25,787172.91,42376.0,7,1,18.575913488767227
41683262000185,VERO MEDICAMENTOS LTDA,21,784917.17,933451.0,8,1,0.8408766716196138
03612312000306,NUTRIPORT COMERCIAL LTDA.,13,783928.64,3409088.0,3,1,0.22995259729288303
29186223000177,FIELDS-MED COMERCIO LTDA,35,781801.65,588812.0,5,1,1.327761068048885
57507378000608,EMS S/A,13,779533.6,3859126.0,7,1,0.20199744709035153
11318264000104,WEL DISTRIBUIDORA DE MEDICAMENTOS E PRODUTOS PARA A SAUDE LTDA,83,779510.548,660167.0,11,1,1.1807778153103683
56998982000107,BRISTOL-MYERS SQUIBB FARMACEUTICA LTDA.,4,778590.62,1034.0,3,1,752.9889941972921
78688660000102,COMERCIAL DENTARIA HOSPITALAR FONTANNA LTDA,63,777819.05,655560.0,4,1,1.1864955915553115
18483775000120,DU BOM DISTRIBUICAO DE PRODUTOS MEDICO-HOSPITALAR LTDA,128,777591.74,840351.0,5,1,0.9253178017280874
02365705000138,TECNYMAGEM SUPRIMENTOS HOSPITALARES LTDA,8,777270.0,22800.0,1,1,34.09078947368421
04054617000140,REAL DIAGNOSTICA COMERCIO DE PRODUTOS E EQUIPAMENTOS LABORATORIAIS LTDA,2,776720.0,176160.0,1,1,4.4091734786557675
33315644000128,M & D COMERCIAL HOSPITALAR LTDA,223,776270.395,1007257.0,11,1,0.7706775877457293
02799882000122,LOTUS INDUSTRIA E COMERCIO LTDA.,12,774350.07,55518.0,4,1,13.94772992542959
11018062000147,ADISUL COMERCIAL LTDA,9,773497.06,4378752.0,3,1,0.17664783481686108
02507452000190,SC -BRINDES LTDA,11,772579.3,52740.0,3,1,14.648830109973456
10910334000156,GUARAILHA DISTRIBUIDORA DE ALIMENTOS LTDA,4,770717.76,1289819.0,1,1,0.5975394687161532
16686340000158,CRIS BELLA FARMACIA E MANIPULACAO LTDA,15,770217.75,108803.0,7,1,7.0790120676819575
33808504000191,NEOBEL DISTRIBUIDORA DE MEDICAMENTOS LTDA,20,767832.9564,1144868.0,8,1,0.6706737863229648
06023734000172,C R G DE MELO JUNIOR COMERCIO E DISTRIBUIDORA DE MEDICAMENTOS,176,767727.59,2975196.0,2,1,0.2580426936578296
48885640000152,F R DISTRIBUIDORA DE MEDICAMENTOS LTDA,33,767410.325,2313479.0,5,1,0.33171268250111624
30881804000108,MAGNUS MED COMERCIO DE PRODUTOS HOSPITALARES E MEDICAMENTOS LTDA,161,767016.96,129553.0,27,1,5.920487831235093
47454600000193,GREEN MED DISTRIBUIDORA E IMPORTADORA DE MEDICAMENTOS E PRODUTOS PARA SAUDE LTDA.,38,761868.73,1379445.0,3,1,0.5523009108735759
02956130000128,DIMENSAO DISTRIBUIDORA DE MEDICAMENTOS LTDA,100,757765.13,516090.0,4,1,1.4682809781239707
40256200000124,"MEDS COMERCIO DE MEDICAMENTOS, PRODUTOS E EQUIPAMENTOS HOSPITALARES LTDA",145,757673.06,2661868.0,11,1,0.2846396064718461
72150550000106,JULIANO DE COSTA LTDA,217,757648.851,456818.0,20,1,1.6585354583225704
09017578000125,MEDCARE DO BRASIL ASSESSORIA LTDA.,2,754200.0,3500.0,1,1,215.4857142857143
02881877000164,POLAR FIX INDUSTRIA E COMERCIO DE PRODUTOS HOSPITALARES LTDA,12,753469.55,79431.0,5,1,9.485837393460992
07295038000188,MAX MEDICAL COMERCIO DE PRODUTOS MEDICOS E HOSPITALARES LTDA,36,752260.03,280253.0,9,1,2.6842175819705765
73663650000190,RANBAXY FARMACEUTICA LTDA,7,752157.39,806546.0,3,1,0.9325660160734788
26043097000103,FATO IMPORTADORA E EXPORTADORA DE INSTRUMENTOS CIRURGICOS LTDA,44,747290.25,19219.0,8,1,38.8828893282689
01326495000106,DISNORMA COMERCIO ATACADISTA DE MEDICAMENTOS E MATERIAL MEDICO HOSPITALAR LTDA,5,746590.0,256000.0,1,1,2.9163671875
05348580000126,DROGA ROCHA DISTRIBUIDORA DE MEDICAMENTOS LTDA,224,746567.06,2405177.0,3,1,0.31040004955976214
20740209000107,RCA MATERIAIS MEDICOS LTDA,15,745463.5,6322850.0,3,1,0.11789991854938833
63796718000156,DL SAUDE LTDA,52,744306.152,467790.0,9,1,1.591111721071421
26145871000197,OPEN MEDICAL COMERCIO IMPORTACAO E EXPORTACAO LTDA,7,743100.06,52093.0,2,1,14.264873591461425
26754510000148,HORUS FARMA DISTRIBUIDORA DE MEDICAMENTOS LTDA,105,739225.34,2151184.0,10,1,0.34363649971364607
56982062000109,GIRASSOL REPRESENTACOES DE MEDICAMENTOS E PRODUTOS HOSPITALARES LTDA,29,738251.3,2073076.0,4,1,0.3561139581954545
34788645000152,VIP FARMA COMERCIO DE MEDICAMENTOS LTDA,11,736984.16,21561.0,4,1,34.181353369509765
34298816000165,KM MATERIAIS MEDICOS LTDA,3,733000.0,900.0,1,1,814.4444444444445
20226846000151,ALLMED DISTRIBUIDORA E COMERCIO DE PRODUTOS FARMACEUTICOS LTDA,215,726686.26,1373744.0,5,1,0.528982299467732
34638788000188,ANTONIO CARLOS OLIVEIRA MARTINS,140,724997.44,549822.0,7,1,1.318603911811459
38827087000148,MODERNA HOSPITALAR COMERCIO DE MATERIAIS MEDICOS E ORTOPEDICOS LTDA,70,723400.1,307506.0,2,1,2.3524747484601924
11142575000165,BELINUTRI DISTRIBUIDORA DE MEDICAMENTOS LTDA,3,721978.8,5214.0,1,1,138.46927502876872
06166072000190,CIRURGICA ESTRELA IPIGUA PRODUTOS HOSPITALAR LTDA,23,721816.06,139236.0,1,1,5.1841194805940995
16586871000250,SINERGIA MEDICAMENTOS LTDA,27,720717.51,955813.0,8,1,0.7540361032963561
08328835000187,M.U. BACKES & CIA LTDA,18,719823.1,34770.0,5,1,20.702418751797527
54843246000154,MED OESTE DISTRIBUIDORA DE MEDICAMENTOS LTDA,24,718539.6,432160.0,8,1,1.6626703072935949
15800545000150,ABBVIE FARMACEUTICA LTDA.,5,715314.8916,10284.0,5,1,69.55609603267212
01417694000472,DISTRIMIX DISTRIBUIDORA DE MEDICAMENTOS LTDA,135,703111.07,1962956.0,12,1,0.35818992886238915
42081183000167,HEALTH EXPERIENCE PRODUTOS MEDICOS ODONTOLOGICOS E FARMACEUTICOS LTDA,6,703050.0,79300.0,2,1,8.865699873896595
33264996000100,ARBA DISTRIBUIDORA DE PRODUTOS HOSPITALARES LTDA,31,702849.8,649819.0,4,1,1.081608571002079
01057428000214,DESCARPACK DESCARTAVEIS DO BRASIL LTDA,1,702000.0,6500.0,1,1,108.0
04230084000100,DISTRIBUIDORA DE MEDICAMENTOS CEDRO LTDA,46,698698.9,70768.0,1,1,9.873090945059914
04780117000196,EUTICA ATACADISTA DE MEDICAMENTOS E MATERIAL HOSPITALAR LTDA,160,695930.64,3184823.0,2,1,0.21851469924702252
13085369000196,CAPROMED FARMACEUTICA LTDA,99,694836.61,354854.0,29,1,1.958091524965197
36830917000160,C&C HOSPITALAR LTDA,37,691222.75,467015.0,2,1,1.4800868280462083
35626812000121,ATLANTICO BC PRODUTOS PARA SAUDE LTDA,80,685652.5,1208550.0,6,1,0.5673348227214431
46344793000167,L N SILVA DISTRIBUIDORA LTDA,14,680627.28,581484.0,3,1,1.1705004436923458
93305910000163,FUFAMED COMERCIO E IMPORTACAO MEDICO HOSPITALAR LTDA,7,680624.6,1300520.0,4,1,0.5233480453972257
21670010000104,COMERCIAL CIRURGICA IPERO LTDA,146,679547.7776,635096.0,3,1,1.0699922178694246
57711832000133,APEX FARMA HOSPITALAR LTDA,124,675534.58,123802.0,2,1,5.456572430170756
14842681000140,MSR EXPRESS MEDICAMENTOS ESPECIAIS LTDA,8,674894.12,4133.0,5,1,163.29400435518994
24768176000156,STRAFER PRODUTOS MEDICO HOSPITALARES LTDA,9,674577.97,13883.0,4,1,48.59021609162285
02683235000150,CENTRO OESTE COMERCIO E SERVICOS LTDA,3,673729.74,177719.0,2,1,3.790983181314322
19458719000280,FLASH PRESTACAO DE SERVICOS E COMERCIO LTDA,6,672908.75,53575.0,6,1,12.56012599160056
26231202000138,BRAVONUTRI COMERCIO DE PRODUTOS NUTRICIONAIS LTDA,17,668689.0,4605450.0,4,1,0.1451951492253743
02121800000196,ICOFA INDUSTRIA E COMERCIO DE FRALDAS E ABSORVENTES LTDA,12,668664.4,871564.0,4,1,0.767200572763446
10630293000225,ONCORIO DISTRIBUIDORA DE MEDICAMENTOS LTDA,1,668304.0,65520.0,1,1,10.2
35517881000105,MEDICAR MED LTDA,95,667721.0,2273400.0,1,1,0.2937103017506818
79430682000122,FARMACIA E DROGARIA NISSEI S.A,3,665803.448,930.0,2,1,715.9176860215053
50775426000195,MED SAUDE DISTRIBUIDORA LTDA,53,664427.27,1696048.0,5,1,0.3917502747563748
40061543000133,CREDPHARMA COMERCIO DE MEDICAMENTOS LTDA,15,664294.12,805346.0,12,1,0.8248555527686237
17602864000186,DELTA INDUSTRIA E COMERCIO LTDA,8,661190.0,347000.0,1,1,1.9054466858789625
41141956000190,PATOMEDI DISTRIBUIDORA DE MEDICAMENTOS E PRODUTOS HOSPITALARES LTDA,95,655834.544,1872423.0,32,1,0.3502598205640499
05804216000123,D + DISTRIBUIDORA LTDA,16,654991.59,280925.0,1,1,2.3315532259499867
10696932000174,T.D. & V. COMERCIO DE PRODUTOS ODONTOLOGICOS E HOSPITALARES LTDA,13,654852.85,261755.0,7,1,2.5017778074917385
10377864000180,CARE MED DISTRIBUIDORA DE MEDICAMENTOS E PRODUTOS PARA SAUDE LTDA,5,653553.0,218200.0,1,1,2.9952016498625116
88484969000126,SULLAB DISTRIB PROD DIAGNOSTICOS HOSP E FARM LTDA,1,651000.0,21000.0,1,1,31.0
00799666000151,BRASFARMA COMERCIO DE MEDICAMENTOS LTDA,34,648394.0,569600.0,1,1,1.1383321629213483
10779833000156,MEDICAL MERCANTIL DE APARELHAGEM MEDICA LTDA,17,647305.2,947326.0,4,1,0.6832971965300223
07886202000121,MATTOS OLIVEIRA COMERCIO DE MEDICAMENTOS LTDA,8,647041.2,2924160.0,1,1,0.22127421208141823
11768299000145,COMEPI PRODUTOS COMERCIAIS LTDA,6,646348.0,97600.0,5,1,6.622418032786885
43603551000152,AM CIANORTE DISTRIBUIDORA LTDA,65,645263.78,666490.0,3,1,0.9681522303410404
05412147000102,DENTAL OESTE LTDA,110,643692.7619,222010.0,15,1,2.8993863425070945
04310364000129,EMBRAST INDUSTRIA E COMERCIO LTDA,5,641043.2,3292550.0,2,1,0.19469505398551273
30222814000131,VITAMEDIC INDUSTRIA FARMACEUTICA LTDA,10,634779.8,6711780.0,6,1,0.09457696765984583
30641249000147,FABIO LUIZ BORGES - MEDICAMENTOS,129,634662.9,1273093.0,2,1,0.49852045372961756
59479274000158,2M DISTRIBUIDORA DE MEDICAMENTOS LTDA,32,630336.836,2379618.0,4,1,0.26488992603014433
18324343000177,BELFAR LTDA,107,629944.47,2730449.0,4,1,0.23071094534268904
03132196000166,PLACIDOS COMERCIAL LTDA,4,628893.46,731099.0,1,1,0.8602028726615684
23009866000169,SUPER CENTER CAMPOS DE PRODUTOS MEDICOS E DE TECNOLOGIA LTDA,9,627746.11,48350.0,2,1,12.983373526370217
63478895000194,JOSE NERGINO SOBREIRA,96,625863.25,263860.0,17,1,2.371951982111726
01122234000174,IMPORT SERVICE MATERIAL MEDICO HOSPITALAR LTDA,54,624792.054,18847.0,4,1,33.15074303602695
10732241000189,LAMED DISTRIBUIDORA DE MEDICAMENTOS LTDA,39,624550.0,900120.0,2,1,0.6938519308536639
07563176000109,WEBERTH B. SOUSA,71,623748.8,1009828.0,1,1,0.6176782580795938
41350665000102,DISTRISOL DISTRIBUIDORA DE MATERIAL LTDA,57,623362.05,111355.0,1,1,5.597970903866014
27256185000156,MEDBRANDS COMERCIO E DISTRIBUIDORA LTDA,6,622966.0,77760.0,4,1,8.01139403292181
10897919000183,ALFA COMERCIO ATACADISTA LTDA,1,622080.0,1728000.0,1,1,0.36
73665598000101,COMERCIO DE MEDICAMENTOS YUMIFARMA LTDA,17,621760.29,161295.0,3,1,3.8548020087417467
32694553000188,NUTRIPLAN COMERCIAL LTDA,14,616399.02,7090403.0,2,1,0.08693427157807533
34921773000122,SUPERA MED HOSPITALAR LTDA,41,612130.88,276781.0,12,1,2.211607299634007
82873068000816,GENESIO A MENDES & CIA LTDA,1,610454.5,4870.0,1,1,125.35
00072182000106,ROSSI PRODUTOS HOSPITALARES LTDA,74,609349.66,39371.0,8,1,15.477119199410735
18500770000169,NUTRICAO ORIGINAL LTDA,11,608579.5,7780450.0,6,1,0.07821906187945428
05155425000193,VASCONCELOS INDUSTRIA FARMACEUTICA E COMERCIO LTDA,16,606726.2,89460.0,15,1,6.78209479096803
02896042000188,REALMED COMERCIO DE PRODUTOS MEDICOS E HOSPITALARES LTDA,3,606700.0,10460.0,1,1,58.0019120458891
04451626000175,PHOSPODONT LTDA,272,606579.07,1091166.0,7,1,0.5558998997402778
03411908000186,GREEN FARMACEUTICA LTDA,109,602276.4,888217.0,16,1,0.6780734887983455
04910323000173,MOVEIS ANDRADE - INDUSTRIA E COMERCIO DE MOVEIS HOSPITALARES LTDA,2,601200.0,66.0,2,1,9109.09090909091
09210219000190,PAULO JOSE MAIA ESMERALDO SOBREIRA,181,600787.08,444668.0,13,1,1.3510913310604764
05618222000196,EXFARMA LTDA,3,599871.3,184500.0,1,1,3.251334959349594
33660094000184,J.N.S. TEXTIL LTDA,20,597472.0,1392600.0,13,1,0.42903346258796493
10757876000130,SR PRODUTOS MEDICOS LTDA,6,596142.4354,2590164.0,3,1,0.23015625087832275
27342692000102,VILEM FARMACIA DE MANIPULACAO LTDA,16,595083.0,285350.0,1,1,2.085449448046259
11088993000111,"TATA COMERCIO DE EQUIPAMENTOS PARA SAUDE, ODONTO-MEDICO LTDA.",2,594540.0,80.0,2,1,7431.75
23217514000107,HUBNET E-COMMERCE LTDA,3,588000.0,7000.0,1,1,84.0
05022486000182,MACRO LIFE IMPORTADORA DE PRODUTOS MEDICOS LTDA,16,587660.35,25263.0,5,1,23.261700906463997
27330244000199,MC MEDICALL PRODUTOS MEDICO HOSPITALARES LTDA,141,586447.77,235858.0,12,1,2.4864442588337052
12340717000161,POINT SUTURE DO BRASIL IND DE FIOS CIRURGICOS LTDA,15,586394.1,175610.0,3,1,3.339183987244462
42043318000108,FL SHELF REPRESENTANTES COMERCIAIS E AGENTES DO COMERCIO DE MERCADORIAS LTDA,27,585562.4,35490.0,1,1,16.499363200901662
01009452000105,D C S VASCONCELOS,46,584721.0001,603501.0,3,1,0.9688815761697163
33846912000138,KYF MED COMERCIO LTDA,34,584638.68,884073.0,3,1,0.6613013631227286
76472349000198,DIMEBRAS - DISTRIBUIDORA DE MEDICAMENTOS BRASIL LTDA,29,582288.46,5428827.0,14,1,0.10725861406156431
03817702000150,VOLUS INSTITUICAO DE PAGAMENTO LTDA,137,581410.69,70452.0,2,1,8.252578918980298
54299218000118,NOVA HOSPITALAR LTDA,31,580315.25,355375.0,1,1,1.632965881111502
28725094000185,DANUTRE PRODUTOS ESTETICOS LTDA,1,580000.0,145000.0,1,1,4.0
12305387000173,RDF - DISTRIBUIDORA DE PRODUTOS PARA SAUDE LTDA,225,579317.6,943966.0,7,1,0.6137060021229578
13994852000193,HIPERDENTAL COMERCIO E REPRESENTACAO DE PRODUTOS ODONTOLOGICOS E MEDICO - HOSPITALAR LTDA,151,578177.16,483693.0,12,1,1.1953391097245567
08978089000177,W M COMERCIO E SERVICOS IMP E EXP LTDA,27,577629.43,124081.0,1,1,4.6552609182711295
41990236000108,RCMED DISTRIBUIDORA LTDA,26,576441.54,1152288.0,3,1,0.500258216695826
14683163000120,JFB DISTRIBUIDORA DE PRODUTOS FARMACEUTICOS E EQUIPAMENTOS HOSPITALARES LTDA,45,575813.8,1164920.0,3,1,0.4942947155169454
14169319000150,HTEC PRIME SERVICOS DE MANUTENCAO E COMERCIO DE PRODUTOS HOSPITALARES LTDA,147,575609.44,44844.0,2,1,12.835818392650074
82291311000111,AMARILDO BASEGGIO & CIA LTDA,416,573619.5966,598815.0,21,1,0.9579245620099698
03840189000119,RS MED LTDA,14,573216.14,23318.0,5,1,24.582560253881123
79733572000130,CIRUPAR - COMERCIO DE EQUIPAMENTOS MEDICOS CIRURGICOS LTDA,43,572800.29,74042.0,13,1,7.736153669538911
36146166000168,MEDICAL.COM DISTRIBUIDORA DE MEDICAMENTOS LTDA,17,567531.92,250206.0,3,1,2.2682586348848552
39500536000101,FAROMED COMERCIO DE MATERIAIS HOSPITALARES LTDA,7,567187.8,99260.0,2,1,5.714162804755189
23236167000151,NORTH MED DISTRIBUIDORA DE PRODUTOS MEDICOS E HOSPITALARES LTDA.,16,566571.54,1378678.0,2,1,0.4109527677963963
09660958000345,S3 MED DISTRIBUIDORA DE MEDICAMENTOS LTDA - EM RECUPERACAO JUDICIAL,1,564000.0,12000.0,1,1,47.0
04355394000313,PROHOSP DISTRIBUIDORA DE MEDICAMENTOS LTDA.,21,563766.3,2202350.0,6,1,0.25598397166662884
41098601000166,MC FARMA LTDA,14,563282.5,1137450.0,7,1,0.4952151742933755
07079067000102,KYLIMEDI MATERIAL MEDICO LTDA,3,561600.0,91000.0,1,1,6.171428571428572
37154876000100,TYTO SAUDE LTDA,1,559800.14,39674.0,1,1,14.110000000000001
18096092000110,PILTZ & SANTOS LTDA,38,558945.713,36016.0,1,1,15.519372306752555
40895512000188,SOMA DISTRIBUIDORA DE PRODUTOS HOSPITALARES LTDA,54,557929.752,1377602.0,10,1,0.40500068379691667
04707391000130,J E S FONSECA COMERCIO EPP LTDA,21,554927.0,469060.0,1,1,1.1830618684176863
47110418000115,FPMED DISTRIBUIDORA DE PRODUTOS HOSPITALARES LTDA,1,554400.0,3600.0,1,1,154.0
32593430000150,M. CARREGA COMERCIO DE PRODUTOS HOSPITALARES LTDA,47,553665.75,10724.0,9,1,51.62866001491981
08836350000102,AWR DISTRIBUIDORA DE PRODUTOS HOSPITALARES LTDA,152,553003.056,180972.0,12,1,3.05573821364631
18010556000124,M. DE FREITAS GODINHO LTDA,57,548497.5,64964.0,1,1,8.443099254971985
30008649000110,LIZ COMERCIO ATACADISTA DE PRODUTOS HOSPITALARES LTDA,16,547717.0,356650.0,2,1,1.5357269031263143
40787152000109,CIRUFARMA COMERCIAL LTDA,125,547478.09,1051848.0,6,1,0.5204916394764262
06983028000172,S CERON DE OLIVEIRA,4,546454.6,8846.0,1,1,61.7742030296179
32695863000117,BIOMED MATERIAIS MEDICOS HOSPITALARES LTDA,92,546102.9,156040.0,1,1,3.4997622404511666
08563277000134,DISTRIBUIDORA DE MEDICAMENTOS MAXIMUS LTDA,141,543843.0,933600.0,1,1,0.5825224935732648
07150093000180,NEWDIAG PRODUTOS MEDICOS E DIAGNOSTICOS LTDA.,1,540800.0,160000.0,1,1,3.38
34686134000120,SNOP CORRELATOS INDUSTRIA E COMERCIO LTDA,28,538445.0,314730.0,18,1,1.7108156197375528
25321906000139,BROILO DISTRIBUIDORA DE PRODUTOS FARMACEUTICOS LTDA,35,538302.74,5133662.0,16,1,0.10485745652908196
03407436000198,SULMED - ARTIGOS HOSPITALARES LTDA,50,537740.7,513590.0,4,1,1.047023306528554
44223526000106,DISTRIBUIDORA AGUA BOA LTDA,115,537322.03,63109.0,14,1,8.51419021058803
36178933000110,AMAZONIA MEDICAMENTOS E PRODUTOS HOSPITALARES LTDA,183,537188.034,284829.0,7,1,1.8860018958743667
13123772000243,VERTICAL RJ SOLUCOES PARA SAUDE LTDA,5,535795.0,8611.0,1,1,62.22215770526071
03978166000175,DR.REDDY'S FARMACEUTICA DO BRASIL LTDA,1,534875.0,9725.0,1,1,55.0
28924885000134,QUEST INTERNATIONAL LOGISTICS LTDA,2,534000.0,1710000.0,2,1,0.312280701754386
23523598000107,BB MEDICA HOSPITALAR LTDA,511,529619.07,280331.0,1,1,1.8892632994567136
02375705000119,DENTAL SUL AMERICA COMERCIAL LTDA,26,529352.9,5633.0,8,1,93.97353097816439
55980684000127,ADIUM S.A.,2,528882.0,600.0,1,1,881.47
29220512000145,MCN COMERCIO E IMPORTACAO DE PRODUTOS CIRURGICOS LTDA,76,524127.6891,14525.0,6,1,36.08452248537005
71015853000145,DIAMED LATINO AMERICA S.A,28,523806.58,85783.0,1,1,6.1061816443817545
08173123000136,ORGANICA BRASIL COMERCIAL LTDA,3,519780.0,3264.0,1,1,159.24632352941177
32138304000106,INOVACOES COMERCIO DE MEDICAMENTOS E PRODUTOS PARA SAUDE LTDA,82,517517.828,1768645.0,17,1,0.2926069550418541
02357251000153,LIFEMED INDUSTRIAL DE EQUIPAMENTOS E ARTIGOS MEDICOS E HOSPITALARES S.A.,8,516870.0,28440.0,2,1,18.174050632911392
12395255000180,ODONTOMEDICA COMERCIO ATACADISTA DE MEDICAMENTOS LTDA,235,516196.635,1850563.0,5,1,0.2789403197837631
34479558000113,CIRURGICA PREMIUM DISTRIBUIDORA DE PRODUTOS HOSPITALARES LTDA,68,514798.62,184077.0,6,1,2.796648250460405
21473588000170,MULTMED-EQUIPAMENTOS MEDICAMENTOS E PRODUTOS HOSPITALARES LTDA,111,514045.58,133628.0,3,1,3.8468403328643697
19924663000120,RIOS E CAMBRAIA PRODUTOS DE DIETA LTDA,12,513782.0,22080.0,1,1,23.26911231884058
81887838000655,CM PFS HOSPITALAR S.A.,4,512616.0,148800.0,2,1,3.445
30554501000180,RIO AMAZONAS COMERCIO E DISTRIBUICAO DE MEDICAMENTOS LTDA,6,512199.0,20725.0,1,1,24.714065138721352
04548553000134,PROSSERV - COMERCIO E SERVICOS LTDA,1,512157.24,138796.0,1,1,3.69
46613581000138,SRL DISTRIBUIDORA DE MEDICAMENTOS E MATERIAIS HOSPITALARES LTDA,59,511366.6,254160.0,1,1,2.011986937362291
00029372000140,GE HEALTHCARE DO BRASIL COMERCIO E SERVICOS PARA EQUIPAMENTOS MEDICO-HOSPITALARES LTDA,2,510750.0,5750.0,1,1,88.82608695652173
01226416000195,NUTRIMED SERV. MEDICOS EM NUTRICAO PARENT. E ENTERAL LTDA,4,508500.0,14760.0,1,1,34.451219512195124
10438280000178,KASA MED DISTRIBUIDORA DE MEDICAMENTOS E MATERIAIS HOSPITALARES LTDA,19,507488.54,584943.0,2,1,0.8675863118286739
09034672000354,MAEVE PRODUTOS HOSPITALARES LTDA,6,507289.6,611770.0,2,1,0.8292162087058862
02564852000137,LOBIANCO COMERCIO DE MEDICAMENTOS LTDA,185,506157.4,299952.0,15,1,1.6874613271456766
32713461000106,ULTRAMED DISTRIBUIDORA LTDA,12,504316.4,13180.0,1,1,38.26376327769348
10316418000166,UNO HEALTHCARE ASSESSORIA ADUANEIRA E COMERCIO EXTERIOR LTDA,1,503800.8,24.0,1,1,20991.7
33735524000180,M.G. DOMINGUES DISTRIBUIDORA DE MEDICAMENTOS LTDA,60,499697.866,169390.0,10,1,2.949984450085601
48883478000133,HIPERMED MEDICAMENTOS LTDA,45,499424.0,888468.0,1,1,0.5621181629501569
07642426000198,EQUILIBRIUM DISTRIBUIDORA DE MEDICAMENTOS LTDA,1,499200.0,20000.0,1,1,24.96
03315618000139,DISTRIBUIDORA NOGUEIRA DE MEDICAMENTOS LTDA,151,499006.83,952771.0,4,1,0.5237426726884005
16720709000100,NORTEPHARMA PRODUTOS FARMACEUTICOS EXPORTACAO E IMPORTACAO LTDA,76,496849.81,167507.0,3,1,2.966143564149558
21719710000146,PATOS DISTRIBUIDORA LTDA,28,496571.0,9547.0,3,1,52.013302608149154
03526176000170,DENTMED - MATERIAIS MEDICOS E ODONTOLOGICOS LTDA,47,496406.25,222378.0,3,1,2.232263308420797
41113359000152,DPNT COMERCIO E DISTRIBUICAO LTDA,8,495960.0,225200.0,3,1,2.202309058614565
33511513000116,DROGA SOL DISTRIBUIDORA DE MEDICAMENTOS LTDA,154,495409.74,235749.0,8,1,2.101428807757403
07490167000127,LOPES E SOUZA SOLUCOES INTEGRADAS LTDA,9,495079.0,382700.0,3,1,1.2936477658740528
63872493000170,I F S NASCIMENTO & CIA LTDA,11,495051.5,16025.0,1,1,30.89244929797192
37141903000100,MEDBOX DISTRIBUIDORA DE MEDICAMENTOS E MATERIAL HOSPITALAR LTDA,20,492443.96,171641.0,1,1,2.8690345546809914
01470743000198,BLUMEDICA PRODUTOS MEDICOS E CIRURGICOS LTDA,55,490008.18,646349.0,12,1,0.7581170234656509
08234423000188,AGMASHI COMERCIO DE MATERIAL MEDICO E SERVICOS DE COBRANCAS LTDA,1,490000.0,10000.0,1,1,49.0
74400052000191,COMERCIAL 3 ALBE LTDA,12,488875.15,6099.0,5,1,80.15660764059682
55953399000117,S&J DISTRIBUIDORA LTDA,58,488842.52,152804.0,2,1,3.1991474045182065
32743252000105,MEDICAL CL 23 COMERCIO DE PRODUTOS MEDICOS LTDA,14,488209.99,15903.0,2,1,30.699238508457523
37462691000155,NEW MEDIC - COMERCIO REPARACAO E REPRESENTACAO DE EQUIPAMENTOS MEDICOS HOSPITALAR LTDA,1,487500.0,5000.0,1,1,97.5
17700085000113,CCP MED DISTRIBUIDORA LTDA,4,487428.0,109700.0,2,1,4.443281677301732
30249069000114,BRASIL DISTRIBUIDORA DE MEDICAMENTOS E EQUIPAMENTOS HOSPITALARES LTDA,249,486898.63,531591.0,8,1,0.9159271507606411
06282624000125,MEDCEDRAL COMERCIO DE PRODUTOS MEDICOS E HOSPITALARES LTDA,333,486411.342,1274116.0,9,1,0.38176378131975425
31495759000116,SIRIO PHARMA LTDA,27,486340.4414,570157.0,9,1,0.8529938971195653
25725813000170,EQUIPAR MEDICO E HOSPITALAR LIMITADA,110,485435.776,225216.0,10,1,2.155423131571469
47774122000107,"SULDONORTE DISTRIBUIDORA, IMPORTADORA E EXPORTADORA LTDA",69,484332.6,145232.0,4,1,3.334889005177922
84551191000170,SILVA & SILVA PRODUTOS FARMACEUTICOS LTDA,119,484289.3508,478642.0,16,1,1.011798694640253
06098484000130,CELESTE DISTRIBUIDORA DE MEDICAMENTOS LTDA,107,480978.88,196353.0,3,1,2.449562166098812
31321329000188,CHM COMERCIO DE MEDICAMENTOS LTDA,53,477224.121,272126.0,9,1,1.7536880746418937
44779242000109,P H COMERCIO DE PRODUTOS MEDICOS HOSPITALARES LTDA,192,477034.2064,228561.0,15,1,2.087119877844427
11157952000130,DELTA MED ESCRITORIO ADMINISTRATIVO LTDA,66,476237.02,1752756.0,1,1,0.2717075394407436
01184342000171,A C P CORREA & CIA LTDA,12,473913.0,181408.0,3,1,2.6124151084847416
43269791000162,IMPERIUM MED DISTRIBUIDORA DE MEDICAMENTOS E PRODUTOS HOSPITALARES LTDA,25,472710.95,257787.0,10,1,1.8337268752885134
30815452000192,ANKER DISTRIBUIDORA LTDA,2,471900.0,545000.0,1,1,0.8658715596330275
06629745000109,NOVAFARMA INDUSTRIA FARMACEUTICA LTDA,5,471680.0,109800.0,3,1,4.295810564663023
07238104000188,IDEAL FARMA COMERCIO DE MEDICAMENTOS LTDA,6,466662.15,325105.0,3,1,1.4354197874532844
07788510000114,"IN-DENTAL PRODUTOS ODONTOLOGICOS, MEDICOS E HOSPITALARES LTDA",255,466177.054,140684.0,6,1,3.313646569617014
43732317000125,KFP COMERCIO DE MATERIAIS LTDA,21,465537.8,445320.0,3,1,1.0454006107967304
04183656000148,DISTRICENTER DISTRIBUIDORA DE MEDICAMENTOS LTDA,15,465445.56,1508288.0,7,1,0.30859196652098275
03648990000167,MC SURGICAL PRODUTOS MEDICO HOSPITALARES LTDA,6,464775.1,10110.0,2,1,45.9718199802176
13442393000135,G F DOS SANTOS LTDA,32,464664.16,20041.0,5,1,23.18567736140911
30226102000190,SAO LUCAS DISTRIBUIDORA DE PRODUTOS FARMACEUTICOS E HOSPITALARES LTDA,29,462672.132,688112.0,1,1,0.6723791068895761
38408899000159,EQUIMED EQUIPAMENTOS MEDICOS HOSPITALARES LTDA,25,462548.5,3246.0,8,1,142.49799753542823
22889282000162,ALMED ALDENIO DISTRIBUIDORA DE MEDICAMENTOS E MATERIAL MEDICO - HOSPITALAR LTDA,41,459517.2,162660.0,2,1,2.825016599040944
04932432000191,ELMED DISTRIBUIDORA DE MEDICAMENTOS LTDA,36,458862.3,3582248.0,9,1,0.1280933927522606
29568915000180,SPECIALTY PHARMA BRASIL INTERMEDIACAO DE NEGOCIOS E CONSULTORIA LTDA,1,458711.28,6.0,1,1,76451.88
14461796000194,MSR MEDICAL LTDA,12,456213.2,6243660.0,4,1,0.07306823241496174
35301424000170,AOL MEDICAL COMERCIO DE MEDICAMENTOS E MATERIAIS MEDICOS E HOSPITALARES LTDA,7,455379.5,16209.0,4,1,28.0942377691406
18609208000178,MELHOR FARMA DISTRIBUIDORA HOSPITALAR LTDA,67,454803.8,1325690.0,1,1,0.34306949588516167
04356109000117,J A OLIVEIRA COMERCIO,260,454737.62,195601.0,4,1,2.324822572481736
47869078000100,DIPROMED COMERCIO E IMPORTACAO LTDA,94,449877.35,378900.0,1,1,1.1873247558722617
40328532000177,DISTRIBUIDORA DE MEDICAMENTOS BANDEIRANTE LTDA,123,448406.2,504500.0,4,1,0.888813082259663
10381442000189,BELLA FARMA MEDICAMENTOS LTDA,122,447693.67,1053503.0,3,1,0.42495718569382335
42067051000180,CT COMERCIO DISTRIBUIDORA HOSPITALAR LTDA,26,446436.0,61220.0,1,1,7.292322770336491
04385090000137,MAURO ROBERTO RODRIGUES DE MOURA,166,445425.2,193892.0,2,1,2.297285086543024
13835264000107,DROGAMED COMERCIO E MANUTENCAO DE APARELHOS ELETRO MEDICOS LTDA,62,445001.9,2079630.0,1,1,0.21398128513245146
26640161000133,SAVIMED COMERCIO DE PRODUTOS MEDICOS LTDA,14,442445.25,8033000.0,4,1,0.05507845761234906
61374161000130,BAUMER S A,1,438000.0,3.0,1,1,146000.0
04718347000125,LONGEVITA PRODUTOS HIGIENICOS LTDA - EM LIQUIDACAO,7,436674.2,395460.0,4,1,1.104218378597077
45992528000122,DLW COMERCIAL DISTRIBUIDORA LTDA,2,436664.4,968510.0,1,1,0.4508620458229652
05247406000197,TORRE FORTE ATACADO E VAREJO LTDA,64,436053.78,290402.0,9,1,1.501552262036763
04508780000136,A. M. B. FARMACEUTICA COMERCIO E DISTRIBUICAO LTDA,20,435358.34,437786.0,3,1,0.994454687906877
09603161000144,CONVATEC BRASIL LTDA,6,434095.0,59550.0,1,1,7.28958858102435
39904528000120,MASTERMED REPRESENTACOES LTDA,265,432588.1078,499888.0,1,1,0.8653700584931024
38170314000105,LIDER DISTRIBUIDORA PRODUTOS HOSPITALARESLTDA,55,432384.92,1232459.0,7,1,0.3508310783563591
00683826000100,BIONEFRO COMERCIO DE MATERIAL HOSPITALAR LTDA,11,430983.9,211475.0,1,1,2.0379898333136306
34396122000160,SC COMERCIO DE PRODUTOS HOSPITALARES LTDA,22,430601.92,7786.0,5,1,55.304639095812995
41836567000180,KANIA COMERCIO DE PRODUTOS HOSPITALARES LTDA,13,424441.998,437350.0,7,1,0.9704858763004459
19125796000137,NORDMARKET COMERCIO DE PRODUTOS HOSPITALARES LTDA,4,423769.7,40250.0,3,1,10.528439751552796
28546470000174,SOUZA MED COMERCIO DE MATERIAIS MEDICO-HOSPITALAR LTDA,102,423045.5,191513.0,4,1,2.208964926662942
44328371000172,"VERO MEDICAL IMPORTACAO, EXPORTACAO E COMERCIO DE PRODUTOS MEDICOS LTDA",9,421550.0,31774.0,2,1,13.267136652609052
02946060000127,PROLINE INDUSTRIA E COMERCIO LTDA,21,421489.9,50970.0,12,1,8.269372179713557
05159591000249,PRO-REMEDIOS DISTRIBUIDORA DE PRODUTOS FARMACEUTICOS E COSMETICOS LTDA,2,420720.0,54000.0,2,1,7.791111111111111
13008903000160,MILLENIUM COMERCIO SERVICO LTDA,11,419940.5,13620.0,4,1,30.832635829662262
10542511000199,ONCOTECH HOSPITALAR COMERCIO DE MEDICAMENTOS LTDA EM RECUPERACAO JUDICIAL,4,418947.6,35100.0,2,1,11.935829059829059
38259748000186,MIAMIMED PRODUTOS ODONTOLOGICOS LTDA,48,418859.61,36481.0,19,1,11.481582467585866
26436496000134,CEARENSE COMERCIO DE PRODUTOS HOSPITALARES EIRELI,215,418734.84,503557.0,2,1,0.8315540048097833
50910673000157,Z4 HOSPITALAR LTDA,15,418669.815,1461935.0,1,1,0.2863805948964899
42180406000143,GUERBET PRODUTOS RADIOLOGICOS LIMITADA,3,418634.0,3875.0,3,1,108.03458064516128
87651345000193,G GOTUZZO E CIA LTDA,96,418204.36,675821.0,10,1,0.6188093592830054
41381952000180,ROCHA E GOES DISTRIBUIDORA DE MEDICAMENTOS E MATERIAIS MEDICO HOSPITALARES LTDA,74,416728.5,2411900.0,1,1,0.17278017330735104
46116717000102,CIRURGICA PRIME LTDA,151,416528.98,158694.0,9,1,2.6247304876050763
26125547000107,V & A DESCARTAVEIS LTDA,15,416423.2,4859.0,3,1,85.7014200452768
08798468000185,"DIEX DISTRIBUIDORA, ATACADISTA, IMPORTADORA, EXPORTADORA DE MEDICAMENTOS E PRODUTOS PARA SAUDE LTDA",3,415643.0,103200.0,2,1,4.027548449612403
02377937000106,R.C - MOVEIS LTDA,5,415622.5,76.0,4,1,5468.7171052631575
26760171000102,DRM - DISTRIBUIDORA REGIONAL DE MEDICAMENTOS LTDA,84,415313.825,306270.0,5,1,1.3560382179122996
16849094000108,ADAINERS MEDICAL LTDA,59,414461.32,186398.0,5,1,2.2235287932273953
04654861000144,INDALABOR INDAIA LABORATORIO FARMACEUTICO LTDA,38,414192.1158,187811.0,8,1,2.2053666494507778
05888612000186,DISACRE COMERCIO E REPRESENTACOES IMPORTACAO E EXPORTACAO LTDA,7,413239.2,135060.0,3,1,3.059671257219014
04394210000162,FARMACIA FARMA FLORIDA LTDA,26,412668.6,568710.0,1,1,0.7256221976051063
11705404000105,CENUTRI - CENTRO ESPECIALIZADO DE NUTRICAO LTDA.,2,411647.04,1680.0,1,1,245.028
33886742000115,BIOPHAR MEDICAMENTOS LTDA,13,411250.0,322500.0,2,1,1.2751937984496124
19848316000166,BIOMEDICAL PRODUTOS CIENTIFICOS MEDICOS E HOSPITALARES S A,27,410635.05,152471.0,5,1,2.6932010021577875
02923414000118,SYSMEX DO BRASIL INDUSTRIA E COMERCIO LTDA,2,410500.0,145000.0,1,1,2.831034482758621
13547970000153,ELISVANDIA MATOS DONINI LTDA,130,410402.62,27494.0,14,1,14.92698843384011
11994394000167,ORTO MEDICAL MATERIAIS CIRURGICOS LTDA,2,409104.0,2200.0,1,1,185.95636363636365
07499258000123,M P - COMERCIO DE MATERIAIS HOSPITALARES LTDA.,1,407500.0,250000.0,1,1,1.63
28199997000170,MOGI MEDICAL EQUIPAMENTOS LTDA,36,407178.7552,197814.0,16,1,2.0583920005661884
18545564000175,GOLD NUTRI COMERCIO DE PRODUTOS NUTRICIONAIS E HOSPITALARES LTDA,6,405454.0,3300.0,1,1,122.86484848484848
36730875000196,ALIANCA DISTRIBUIDORA DE MEDICAMENTOS LTDA,12,405017.2,458516.0,6,1,0.8833218470020676
15250965000100,GOLDEN CLEAN PRODUTOS COMERCIAIS LTDA,4,404915.5,61432.0,4,1,6.59127978903503
43962576000142,UNAMED PRODUTOS HOSPITALARES LTDA,3,404772.0,76380.0,3,1,5.299450117831893
03359898000268,REDE BRASIL EMPREENDIMENTOS FARMACEUTICOS LTDA,2,404730.0,7218.0,2,1,56.072319201995015
52339425000123,N M LICITACOES LTDA,1,403320.0,1500.0,1,1,268.88
12561565000127,MEGA MEDICAL - COMERCIO DE MATERIAIS CIRURGICOS LTDA,77,400923.7777,1427.0,1,1,280.9556956552207
29740150000113,TECH MED DISTRIBUIDORA DE MEDICAMENTOS E MATERIAIS HOSPITALARES LTDA,3,399805.98,140378.0,2,1,2.848067218510023
08924875000191,BIOVALIC COMERCIO DE EQUIPAMENTOS MEDICOS LTDA.,12,399020.06,21471.0,7,1,18.584139537049975
04598413000332,RECOL DISTRIBUICAO E COMERCIO LTDA,11,398335.7,309341.0,2,1,1.2876912533417815
31396050000163,DM LOGISTICA HOSPITALAR LTDA.,383,397148.0098,133165.0,5,1,2.98237532234446
63615058000160,GILSON MONTEIRO DA SILVA LTDA,3,395040.0,158000.0,2,1,2.500253164556962
29829415000154,LIGTH DISTRIBUIDORA LTDA,6,393679.98,7809.0,1,1,50.413622742988856
07947536000168,ODONTOMED CANAA LTDA,198,393576.02,26483.0,10,1,14.861459049201375
12082502000198,PRIME MATERIAL MEDICO HOSPITALAR LTDA,60,391948.14,111273.0,3,1,3.5224011215658786
26583983000120,HENRIQUE DE OLIVEIRA PRADO,9,391776.45,8655.0,3,1,45.26590987868284
37297457000110,NOVA SAUDE COMERCIO LTDA,44,390466.63,174507.0,9,1,2.2375413593724036
39448478000114,DISTRIBUIDORA DE MEDICAMENTOS PARANA LTDA,69,389508.614,1649204.0,20,1,0.2361797655111193
41550166000169,CURAMED - PRODUTOS HOSPITALARES LTDA,91,388743.74,586782.0,20,1,0.6625011332999308
11201854000152,J. A. COMERCIO DE MATERIAIS CIRURGICOS LTDA,97,388650.6,782530.0,4,1,0.49665904182587245
31123992000178,MR MED COMERCIO DE PRODUTOS HOSPITALARES LTDA,17,388089.71,197833.0,8,1,1.9617036085991721
21870007000134,MC PRODUTOS MEDICO HOSPITALARES LTDA,63,388044.45,135592.0,4,1,2.8618535754321788
06347171000178,X-TEC COMERCIO E SERVICOS LTDA,8,388019.6,1404.0,1,1,276.36723646723647
40273753000195,FARMA MEDICAL DISTRIBUIDORA DE MEDICAMENTOS E CORRELATOS LTDA,1,388000.0,200000.0,1,1,1.94
04106730000122,EMPORIO HOSPITALAR COMERCIO DE PRODUTOS CIRURGICOS HOSPITALARES LTDA.,14,387030.56,205023.0,5,1,1.8877421557581344
03955303000156,MHOR ZAGO HOSPITALAR LTDA,7,385449.0,1091210.0,1,1,0.353230817166265
01449930000190,SIEMENS HEALTHCARE DIAGNOSTICOS LTDA.,1,385000.0,1.0,1,1,385000.0
26093205000152,CYN SERVICE DIAGNOSTICA LTDA,42,383779.9,83909.0,10,1,4.573763243513807
22525517000137,JF COMERCIO DE MATERIAL E MEDICAMENTOS HOSPITALES LTDA,22,383189.59,56825.0,8,1,6.743327584689838
26898423000164,SILITEC PRODUTOS HOSPITALARES LTDA,11,382867.06,255851.0,3,1,1.4964454311298372
30713471000108,FARMACIA MOURA LTDA,127,382770.0,642840.0,1,1,0.5954358782900877
16926052000123,KILL & OHASHI LTDA,78,382671.24,90992.0,1,1,4.205548180059785
41414934000157,VMB DISTRIBUIDORA DE MEDICAMENTOS E MATERIAL MEDICO HOSPITALAR LTDA,4,381521.0,417820.0,4,1,0.9131228758795653
08435077000104,DUTRAMED DISTRIBUIDORA LTDA,48,380996.45,214466.0,11,1,1.776488814077756
00331788002910,AIR LIQUIDE BRASIL LTDA,1,380000.0,5.0,1,1,76000.0
22739986000159,BRA MEDICAL SOLUTION COMERCIO DE EQUIPAMENTOS PARA SAUDE LTDA,21,379852.0,110002.0,1,1,3.4531372156869877
59231530000193,KOLPLAST C I S.A.,1,378400.0,22.0,1,1,17200.0
10279430000148,ROSILENE VIEIRA LOPES,26,378042.31,349612.0,7,1,1.081319605734357
53557733000198,LIGHT BRASIL LTDA,6,376691.2,12980.0,2,1,29.0208936825886
00890752000175,BRIUTE COMERCIO DE PRODUTOS E EQUIPAMENTOS HOSPITALARES LTDA,2,375800.0,20000.0,1,1,18.79
24595488000105,MS SAUDE DISTRIBUIDORA DE MATERIAL HOSPITALAR LTDA,77,375612.07,118285.0,4,1,3.1754835355285964
54565478000198,SISPACK MEDICAL LTDA.,12,375410.0,29448.0,9,1,12.748234175495789
02956455000100,MARTELL COMERCIO DE PRODUTOS HOSPITALARES LTDA,7,373440.0,26904.0,1,1,13.880463871543265
05895525000156,OBJETIVA PRODUTOS E SERVICOS P/ LABORATORIOS LTDA,223,372305.74,199870.0,6,1,1.8627394806624304
16921603000166,NOVO NORDISK PRODUCAO FARMACEUTICA DO BRASIL LTDA.,3,371391.72,2034.0,3,1,182.5917994100295
00596529000110,GENETICA COMERCIO IMPORTACAO E EXPORTACAO LTDA,4,370500.0,24700.0,1,1,15.0
35937997000195,BIOMULT DISTRIBUIDORA DE MEDICAMENTOS LTDA,45,370411.48,1388679.0,2,1,0.26673657483118846
27672644000182,PROMEDI DISTRIBUIDORA LTDA,140,369999.77,21082.0,6,1,17.550506118964044
14313995000155,POLO REPRESENTACOES LTDA,8,369385.6,836120.0,4,1,0.441785389656987
04937243000101,OLYMPUS OPTICAL DO BRASIL LTDA.,4,369000.0,4.0,1,1,92250.0
07455576000192,VIDA FORTE NUTRIENTES INDUSTRIA E COMERCIO DE PRODUTOS NATURAIS LTDA,7,368390.0,3073460.0,3,1,0.11986165429190554
18429105000126,FRANHAN & ROGANTI LTDA,35,367781.04,6697.0,1,1,54.917282365238165
02607956000181,ANGEOMED COMERCIO DE PRODUTOS MEDICO HOSPITALAR LTDA,71,365746.69,1570328.0,9,1,0.23291101604250833
12391412000189,NOROMED DISTRIBUIDORA DE MEDICAMENTOS E MATERIAIS HOSPITALARES LTDA,36,365705.1,512028.0,7,1,0.7142287140547001
15767687000162,FORMULA ATIVA - FARMACIA DE MANIPULACAO LTDA,2,365600.0,42000.0,1,1,8.704761904761904
30553090000109,E.M. SERVICOS EM SAUDE E DIAGNOSTICO CLINICOS LABORATORIAIS LTDA,9,364907.52,4824.0,1,1,75.64417910447762
19416856000170,SMART COMERCIO DE PRODUTOS FARMACEUTICOS LTDA,23,364868.32,90056.0,2,1,4.051571466642978
33164783000106,BCM ATACADISTA LTDA,75,364608.11,3930.0,4,1,92.77560050890585
13163794000156,MONTALTEC SERVICOS LTDA,77,360088.98,107686.0,5,1,3.3438792414984304
07377489000164,FOX BRASIL COMERCIO DE MATERIAL HOSPITALAR LTDA,103,359073.75,89936.0,6,1,3.992547478206725
46962122000321,CQC - TECNOLOGIA EM SISTEMAS DIAGNOSTICOS LTDA,19,358887.5,5039300.0,14,1,0.07121772865278908
47181976000171,SUPERMED COMERCIO DE PRODUTOS MEDICOS E HOSPITALARES LTDA,178,358677.9,205318.0,10,1,1.7469384077382404
01645409000390,AUTO SUTURE DO BRASIL LTDA.,2,357700.98,784.0,1,1,456.25124999999997
32386986000176,SERTAO MEDICAMENTOS & HOSPITALARES & ODONTOLOGICOS LTDA,35,356837.9,439960.0,1,1,0.8110689608146195
52932346000121,VTR COMERCIAL LTDA,10,356286.56,1372402.0,4,1,0.2596080157271703
84487131000135,MAPEMI - BRASIL MATERIAIS MEDICOS E ODONTOLOGICOS LTDA,4,355027.0,14910.0,2,1,23.811334674714956
06881482000112,BIOMED PRODUTOS MEDICOS E HOSPITALARES LTDA,44,354565.0,1376350.0,5,1,0.25761252588367783
03278118000174,G.J.F. FRANCA,24,353394.05,7695.0,1,1,45.925152696556204
09390408000191,DMAX - DISTRIBUIDORA DE MEDICAMENTOS E MATERIAL HOSPITALAR LTDA.,6,353209.09,5688.0,1,1,62.09723804500704
09070307000133,LICIT RIB COMERCIO ATACADISTA E VAREJISTA LTDA,5,353145.0,169700.0,3,1,2.0809958750736595
27029310000195,OLINDA MATERIAIS HOSPITALARES LTDA,103,352132.74,133449.0,3,1,2.6387064721354223
16845253000104,MBR FERNANDES COMERCIO DE PRODUTOS PARA SAUDE LTDA,131,352056.87,94724.0,9,1,3.716659663865546
07269677000179,RINALDI & COGO LTDA,52,351891.08,461082.0,10,1,0.763185463756989
10013769000106,PRISMA DISTRIBUIDORA DE MEDICAMENTOS LTDA,84,351437.7,1553955.0,2,1,0.22615693504638165
46388662000181,FULLFARMA COMERCIO DE PRODUTOS FARMACEUTICOS LTDA,10,349945.1,790892.0,2,1,0.4424688832356377
32669289000122,SUPPLYMED DISTRIBUIDORA DE MEDICAMENTOS LTDA,6,349864.16,442000.0,2,1,0.7915478733031673
18702558000184,A FAVARIN DISTRIBUIDORA LTDA,54,349411.94,360514.0,12,1,0.9692049129853487
11372104000143,D&D PRODUTOS DE HIGIENE E LIMPEZA LTDA,15,349269.0,31640.0,11,1,11.038843236409608
19316524000114,DELTA SHOP - DISTRIBUIDORA DE PRODUTOS HOSPITALARES LTDA,172,348853.0,15836.0,30,1,22.02911088658752
26984213000199,R.A. MARTINS - DISTRIBUIDORA LTDA,74,348507.04,103502.0,10,1,3.3671527120248883
45075197000166,AIR PURE COMERCIO DE GASES LTDA,3,348500.0,19000.0,2,1,18.342105263157894
04254647000109,LUCIANO JOSE DE MORAIS,167,346550.0,874370.0,1,1,0.3963425094639569
22684331000120,CARMO DISTRIBUIDORA HOSPITALAR LTDA,9,346436.48,25978.0,3,1,13.335764108091462
27066602000106,TS MEDICAL COMERCIO E SERVICO DE MATERIAL MEDICO HOSPITALAR E IMPORTACAO LTDA,32,344959.3,17832.0,12,1,19.34495850157021
33551382000109,AMC SAUDE COMERCIAL HOSPITALAR LTDA,16,344393.16,709184.0,3,1,0.48561890849201333
26628908000138,URSA COMERCIAL LTDA,54,342388.199,688.0,11,1,497.6572659883721
00970175000121,M.S DIAGNOSTICA LTDA,107,342175.15,67427.0,3,1,5.074749729336913
00941837000135,J BASILIO COMERCIO DE GASES LTDA,3,342050.0,26550.0,2,1,12.883239171374765
34186181000104,DLM HOSPITALAR LTDA,15,341197.48,11148.0,6,1,30.60616074632221
08675528000172,ARL COMERCIO E SERVICOS DE METAIS LTDA,11,339683.0,895.0,1,1,379.5340782122905
15434359000144,UNICARE COMERCIO E SERVICOS LTDA,8,339376.0,43910.0,3,1,7.728900022773856
19430036000133,PERFIL HOSPITALAR LTDA,228,339261.2,22154.0,9,1,15.313767265505101
14633154000206,ECO DIAGNOSTICA LTDA,3,338266.4,173690.0,2,1,1.9475295065922047
11923577000191,J.B COMERCIO E SERVICOS LTDA,9,337571.6,65972.0,1,1,5.116892014794154
04847959000118,REALMED HOSPITALAR LTDA,140,336826.53,185641.0,4,1,1.8143973044747659
28834487000127,GMB COMERCIO E SERVICOS LTDA,2,335973.75,19425.0,1,1,17.295945945945945
02160869000129,DL NUTRICAO CLINICA LTDA,45,334477.58,179097.0,1,1,1.867577793039526
04234179000100,DISTRIBEN DISTRIBUIDORA DE PRODUTOS FARMACEUTICOS E HOSPITALARES LTDA,35,333758.88,374072.0,5,1,0.8922316559378943
28590769000126,SERVBOX SERVICOS ADMINISTRATIVOS LTDA,12,333329.4,515870.0,4,1,0.6461499990307636
84683481012264,CIA LATINO AMERICANA DE MEDICAMENTOS,20,333274.3548,4658300.0,1,1,0.07154420170448446
48346338000126,GOLDEN MED IMPORTADORA E DISTRIBUIDORA LTDA,30,332483.824,58890.0,3,1,5.6458452029207
03779851000172,NOVA PREDILETA GESTAO E ADMINISTRACAO LTDA,22,330409.5,1577478.0,7,1,0.20945426814193288
35474953000176,LAMED COMERCIO E REPRESENTACAO LTDA.,53,329742.36,16492.0,3,1,19.994079553723015
05329222000176,SELLENE COMERCIO E REPRESENTACOES LTDA,11,329682.2,280440.0,3,1,1.1755890743117958
57365116000141,ROSICLER CIRURGICA LTDA.,63,328777.0204,598255.0,5,1,0.5495600043459729
08088996000140,CIRURGICA ALIANCA PRODUTOS HOSPITALARES LTDA,2,328584.0,300800.0,2,1,1.0923670212765957
28039635000111,GYROMED COM. E DISTRIB. DE MEDICAMENTOS E PROD. HOSPITALARES LTDA,118,327911.2,215646.0,3,1,1.5205995010341022
47259102000190,UNIAO MED LTDA,36,327709.4,2371680.0,1,1,0.13817606085137962
10675016000158,K MEDICA PRODUTOS MEDICO HOSPITALAR LTDA,62,324820.24,3931200.0,4,1,0.08262623117623118
13042708000157,ZELO COMERCIO E DISTRIBUIDORA DE PRODUTOS HOSPITALARES LTDA,28,323375.4432,586762.0,5,1,0.5511185850481115
37882886000154,VERDE DISTRIBUIDORA DE MEDICAMENTOS LTDA,110,322957.31,2229344.0,20,1,0.14486652127262548
53518891000139,CATARINENSE HOSPITALAR LTDA,5,322040.7,53976.0,3,1,5.966368385949311
26794414000123,HELIOMED DISTRIBUIDORA HOSPITALAR LTDA,131,320975.58,494571.0,2,1,0.6489979800675737
34016593000104,PENEDO DISTRIBUIDORA & SERVICOS LTDA,47,320494.82,75012.0,2,1,4.2725806537620645
39840107000183,MASTERMEDIC DISTRIBUIDORA LTDA,161,320375.466,156150.0,6,1,2.0517160806916426
21433209000119,DROGARIA BARRA LIMA LTDA,5,320222.25,228225.0,2,1,1.4030989155438711
21699583000160,KYLIMP HOSPITALAR LTDA,8,318828.245,137060.0,3,1,2.3261946957536845
94876364000183,VIALI ATACADISTA E DISTRIBUIDORA DE MEDICAMENTOS LTDA,9,318323.559,1635753.0,2,1,0.19460368344120416
15161670000167,FACIMED COMERCIO LTDA,22,316304.88,119348.0,5,1,2.650273821094614
26385056000103,PAULA GONCALVES DA SILVA,10,315835.0,310250.0,2,1,1.0180016116035455
54258488000180,FARMACIA FRUTAL LTDA,140,314678.13,13183.0,2,1,23.86999393157855
17739128000174,FARMACIA DE MANIPULACAO DE ALAGOAS LTDA,1,314100.0,90000.0,1,1,3.49
04340683000187,J DE R L PARRIAO LTDA,12,313040.0,778100.0,1,1,0.40231332733581804
13558306000100,"SEEGER E SAVIAN COMERCIO DE PRODUTOS MEDICOS, HOSPITALARES E FITNESS LTDA",9,312495.49,96561.0,1,1,3.2362495210281583
28013023000150,W D DISTRIBUIDORA E COMERCIO ATACADISTA DE MEDICAMENTOS LTDA,19,311085.45,70100.0,6,1,4.437738231098431
54860907000150,ODONTOMASTER EQUIPAMENTOS LTDA,29,311032.72,1223.0,8,1,254.31947669664757
43352606000107,MORETI DISTRIBUIDORA DE PRODUTOS MEDICOS E ODONTOLOGICOS LTDA,89,310915.692,139293.0,7,1,2.2320984686954835
07590023000142,HAND LIFE SUPRIMENTOS MEDICOS E FISIOTERAPICOS LTDA,3,310730.25,396.0,2,1,784.6723484848485
19558081000178,ELEDA LAB INDUSTRIA E COMERCIO DE PRODUTOS NATURAIS E ORGANICOS LTDA,3,309916.4,166008.0,3,1,1.8668762951183078
29496518000140,MN NUTRICAO LTDA,21,309142.24,1431916.0,3,1,0.215894116693996
48435293000166,CHECK SAFE COMERCIO E DISTRIBUICAO DE MATERIAIS ODONTO-MEDICO HOSPITALARES LTDA,7,308925.2,2230050.0,4,1,0.13852837380327795
04027894000326,"DUPATRI HOSPITALAR COMERCIO, IMPORTACAO E EXPORTACAO LTDA.",10,308654.67,69294.0,5,1,4.454276993679106
41532061000187,STAR MIX PRODUTOS ODONTOLOGICOS MEDICOS HOSPITALARES LTDA,45,308558.38,86705.0,1,1,3.558714953001557
37397169000137,H&E EQUIPAMENTOS DE PROTECAO INDIVIDUAL DO BRASIL LTDA,1,308000.0,2800000.0,1,1,0.11
29022681000170,BKP COMERCIO E SERVICOS MEDICOS E HOSPITALARES LTDA,6,307550.0,1830.0,1,1,168.0601092896175
12057503000182,HOSPVIDA LTDA,39,307416.2,465680.0,10,1,0.660144734581687
48368182000184,OUROMED DISTRIBUIDORA DE MEDICAMENTOS LTDA,84,307379.275,991400.0,17,1,0.31004566774258624
11877124000176,PREVIX PRODUTOS PARA SAUDE LTDA,22,306606.5,310455.0,4,1,0.9876036784719202
29004099000181,BONIN & BONIN LTDA,29,306555.74,33374.0,12,1,9.185465931563492
47238488000153,POPIA COMERCIO ATACADISTA LTDA,18,304819.44,94484.0,1,1,3.226148765928623
12918336000389,BE CARE COMERCIO DE PRODUTOS MEDICO HOSPITALARES LTDA,4,304508.5,173580.0,3,1,1.7542833275723009
05743288000108,HOSPCOM EQUIPAMENTOS HOSPITALARES LTDA,3,303220.0,24.0,3,1,12634.166666666666
32998325000100,F.G.I. COMERCIO DE PRODUTOS HOSPITALARES LTDA,25,303148.85,150897.0,2,1,2.0089786410597954
75466250000110,FARMACIA CENTRAL DE ITAGUAJE LTDA,134,302587.54,299362.0,2,1,1.0107747142255863
61129409000105,OPHTHALMOS LTDA,9,300652.66,10858.0,4,1,27.689506354761463
05075964000112,CINCO - CONFIANCA INDUSTRIA E COMERCIO LTDA.,7,300553.8,2400.0,1,1,125.23075
45053942000176,MATHEUS COMERCIO ATACADISTA LTDA,10,299847.64,340202.0,3,1,0.8813811794169347
96261607000102,KIDY BIRIGUI CALCADOS INDUSTRIA E COMERCIO LTDA,1,299700.0,30000.0,1,1,9.99
37885137000180,AMB DISTRIBUIDORA DE MEDICAMENTO E MATERIAIS HOSPITALARES LTDA,7,299389.2,571.0,4,1,524.324343257443
49221673000160,VITORIA FARMA COMERCIO E REPRESENTACOES LTDA,4,299300.0,85650.0,1,1,3.494454173963806
00857492000136,SOGAMAX DISTRIBUIDORA DE PRODUTOS FARMACEUTICOS LTDA,12,298494.2,243010.0,2,1,1.2283206452409365
60860141000106,EPG COMERCIAL LTDA,23,297675.2997,2027604.0,4,1,0.1468113594666414
14336329000132,SOL-MILLENNIUM BRASIL IMPORTACAO E EXPORTACAO LTDA,3,296500.0,1930000.0,3,1,0.15362694300518134
81887838000302,CM PFS HOSPITALAR S.A.,4,296284.2,79650.0,1,1,3.7198267419962336
13576534000102,MEDMAIA COMERCIO DE PRODUTOS MEDICOS LTDA,126,294456.35,29898.0,1,1,9.848697237273395
13470384000158,CMC PRODUTOS HOSPITALARES LTDA,25,292365.1,52085.0,6,1,5.613230296630507
11776334000178,DENTAL SHOW - COMERCIO DE PRODUTOS ODONTOLOGICOS E HOSPITALARES LTDA,123,291765.23,48169.0,10,1,6.057116195063214
11670904000140,DENTAL REDENCAO COM. DE PROD. ODONTOLGICOS LTDA,80,291381.99,123349.0,2,1,2.362256605242037
39239472000137,MG35 ATACADO DA SAUDE LTDA,34,291093.915,697910.0,3,1,0.417093772836039
08093976000168,HOFFMANN & GOMES LTDA,22,291003.1,12901.0,1,1,22.55663126889388
09224765000180,LIFE MED PRODUTOS HOSPITALARES LTDA,10,290310.8,58120.0,2,1,4.995024088093599
84750918000148,J MARCAL SERVICOS DE PROTESE ODONTOLOGICA,69,288914.63,44056.0,4,1,6.557895178863265
49958552000104,PVH GASES MEDICINAIS E INDUSTRIAIS LTDA,8,288704.0,16640.0,3,1,17.35
44463156000184,SERVIMED COMERCIAL LTDA,89,288132.7782,128195.0,11,1,2.247613231405281
18123155000180,JUMEL DISTRIBUIDORA LTDA,9,287481.76,873621.0,1,1,0.32906919590989686
05997927000161,MEDIC STOCK COMERCIO DE PRODUTOS MEDICOS HOSPITALARES LTDA,11,286043.8,78380.0,3,1,3.649448838989538
53317125000106,SAMED HOSPITALAR LTDA,16,285925.56,388931.0,3,1,0.7351575472256004
33932094000196,CH SOUZA PRODUTOS MEDICOS E HOSPITALARES LTDA,133,285276.4,356901.0,5,1,0.7993152162644543
28069066000157,OESTE MED COMERCIO E IMPORTACAO DE PRODUTOS HOSPITALARES LTDA,39,283396.9,150430.0,4,1,1.8839121185933658
21777287000130,C. G. LIMA DISTRIBUIDORA LTDA,7,282893.17,197747.0,2,1,1.4305813488953056
44134704000122,L.E. COMERCIO DE MEDICAMENTOS E MATERIAIS HOSPITALARES LTDA,64,281631.99,436375.0,4,1,0.645389836723002
52500975000182,PROXY FARMA MEDICAMENTOS LTDA,2,281488.234,1204540.0,2,1,0.2336894034237136
31538876000110,DROGARIA POPULAR MELHOR PRECO RGS LTDA,7,281204.0,153640.0,3,1,1.830278573288206
07118503000105,ATHOS COMERCIAL HOSPITALAR LTDA,38,280699.24,366172.0,7,1,0.7665775646417531
09204127000105,POLLO HOSPITALAR LTDA,63,280567.5,26687.0,4,1,10.513264885524787
36514912000129,NEILA MEDEIROS SALGADO,7,279765.44,153456.0,1,1,1.823098738400584
34758599000149,MEDICAL DA AMAZONIA LTDA,69,279177.63,159577.0,16,1,1.7494853894984868
12240308000193,FUNDO MUNICIPAL DE SAUDE DO MUNICIPIO DE MIGUEL PEREIRA,40,278125.205,1212193.0,1,1,0.22943970555843832
31585556000110,PROMOMED LOGISTICA E DISTRIBUICAO LTDA,11,277979.36,113294.0,4,1,2.4536106060338585
23510282000172,DISTRIBUIDORA E DENTAL FLORIANO LTDA,230,277767.07,27706.0,4,1,10.025520464881254
34915637000120,E DE A CAVALCANTE E CIA LTDA,18,277573.56,299476.0,1,1,0.9268641226675928
37714493000131,FARMAMED COMERCIO DE MEDICAMENTOS LTDA,40,277475.02,96031.0,18,1,2.8894317459986882
37156206000115,DISTRIBUIDORA DE MEDICAMENTOS E DROGARIA 23 LTDA,93,277130.18,815664.0,2,1,0.33976021989446636
01987265000198,VALLITECH INDUSTRIA E COMERCIO DE ARTEFATOS METALICOS LTDA,1,276681.6,30.0,1,1,9222.72
24384602000158,MZZ - COMERCIO DE PRODUTOS PARA SAUDE LTDA,50,276578.1,163409.0,9,1,1.6925512058699337
30680100000177,JTH COMERCIO LTDA,2,275775.0,45250.0,2,1,6.094475138121547
03330630000112,WELLINGTON MORALES LAUREANO,337,275430.5,40249.0,1,1,6.843163805311933
38204744000109,D&M SAUDE LTDA,6,274929.47,22676.0,1,1,12.124248985711764
03782783000109,DISTRIBUIDORA NOGAMI LTDA,73,274807.87,14136.0,1,1,19.4402850877193
16586871000179,SINERGIA MEDICAMENTOS LTDA,26,274546.5,2281240.0,6,1,0.1203496782451649
33760101000110,DA CRUZ DISTRIBUIDORA LTDA,30,273961.65,103709.0,3,1,2.641638141337782
01706665000188,MEDPLUS COMERCIO DE ARTIGOS MEDICOS LTDA,1,273917.7,810.0,1,1,338.17
04971211000122,ODONTOSUL LTDA,232,273464.59,32042.0,8,1,8.534566818550653
10854165000184,F & F DISTRIBUIDORA DE PRODUTOS FARMACEUTICOS LTDA,46,273184.54,353170.0,9,1,0.7735213636492341
00097489000161,L A VIDAL IMPORTACAO E EXPORTACAO LTDA.,16,272383.71,219928.0,1,1,1.2385131042886763
10541396000138,CYN FARMA DISTRIBUIDORA LTDA,96,272118.08,53621.0,10,1,5.074841573264207
12711015000147,TY CARE INDUSTRIA E COMERCIO LTDA,14,272108.0,1336436.0,1,1,0.20360720603156454
11872436000197,BIO DIAGNOSTICA DISTRIBUIDORA DE PRODUTOS HOSPITALARES E LABORATORIAIS LTDA,1,272000.0,2.0,1,1,136000.0
48036003000101,IMPHAR ASSESSORIA DE IMPORTACAO LTDA,1,271629.12,16.0,1,1,16976.82
23420875000148,G. M. VALENCIA - PRODUTOS HOSPITALARES,106,270995.06,155184.0,13,1,1.7462822198164758
46884097000143,GOLDEN PRODUTOS ODONTOLOGICOS LTDA,153,270772.8,21468.0,7,1,12.612856344326438
11226885000168,TORRES VALPORTO COMERCIO E DISTRIBUICAO DE PRODUTOS MEDICOS LTDA,3,270446.0,1238420.0,2,1,0.21837987112611232
45763951000150,SLIM MED PRODUTOS HOSPITALARES LTDA,13,269862.8,24814.0,2,1,10.875425163214315
33791137000160,MINAS SOLUCOES EM IMAGENS LTDA,5,269553.14,1333.0,2,1,202.21540885221307
23552212000268,ROCHE DIABETES CARE BRASIL LTDA,7,269190.03,11119.0,2,1,24.20991366130048
10468162000102,FARMACEUTICA DISTRIBUIDORA LTDA,11,268805.0,693400.0,1,1,0.38766224401499855
03580760000103,PH COMERCIO E IMPORTACAO DE PRODUTOS HOSPITALARES LTDA,5,268321.6,13110.0,2,1,20.466941266209
57050993000123,E.A. MELO PRODUTOS PARA SAUDE LTDA,9,267093.6995,115580.0,2,1,2.3108989401280495
04956527000145,ORION COMERCIO DE ARTIGOS MEDICOS LTDA,22,267008.83,4210.0,4,1,63.42252494061758
38007920000104,V & V NUTRICAO HOSPITALAR LTDA,10,266682.0,4251370.0,5,1,0.06272848517066264
20442743000129,REPUBLIC COMERCIO E SERVICOS LTDA,17,265639.3,5912.0,2,1,44.93222259810555
08583229000108,CARLA DE OLIVEIRA CORREA,10,265570.0,51108.0,4,1,5.196251076152461
08049349000120,DROGARIA MELO COELHO LTDA,69,265525.552,319048.0,1,1,0.8322432737393747
08158687000108,ISIS GUTERRES MOREIRA RAMOS,10,264685.1,188171.0,1,1,1.406620042408235
30644818000108,CALMED DISTRIBUIDORA E SERVICOS TECNICOS LTDA,11,264224.4,101.0,4,1,2616.0831683168317
27806274000129,PROMEDI DISTRIBUIDORA DE PRODUTOS HOSPITALARES LTDA,37,263701.3298,60812.0,17,1,4.336337068341774
73416497000105,EMPROMED MATERIAL HOSPITALAR LTDA,18,263514.0,12624.0,1,1,20.874049429657795
54858014000501,ESSITY SOLUCOES MEDICAS DO BRASIL COMERCIO E DISTRIBUICAO LTDA.,9,263101.5,5310.0,3,1,49.54830508474576
48097911000105,LOVIAN MEDICAMENTOS LTDA,15,261737.6595,233235.0,8,1,1.1222057559971703
13656820000188,SMITH & NEPHEW COMERCIO DE PRODUTOS MEDICOS LTDA.,3,260960.0,4500.0,2,1,57.99111111111111
05109384000107,M M LOBATO DISTRIBUIDORA DE MEDICAMENTOS LTDA,5,260559.5,11075.0,2,1,23.52681715575621
05993698000379,1000MEDIC DISTRIBUIDORA IMPORTADORA EXPORTADORA DE MEDICAMENTOS LTDA,4,260110.0,2460.0,3,1,105.73577235772358
34813172000104,A F R DISTRIBUIDORA DE PRODUTOS LTDA,7,259545.37,74615.0,4,1,3.478461033304295
09607807000161,INJEFARMA CAVALCANTI E SILVA DISTRIBUIDORA LTDA,5,258625.0,80300.0,2,1,3.2207347447073476
29081842000105,ELITEMED DIST. LTDA,11,258498.625,774872.0,4,1,0.3336017109922671
32321488000145,PLAY PHARMA COMERCIO DE PRODUTOS HOSPITALARES LTDA,20,257630.6,188641.0,1,1,1.365719011243579
03696880000170,CIRURGICA MOSQUEIRA LTDA,1,257600.0,80000.0,1,1,3.22
03062090000133,MED - CARE COMERCIO DE MATERIAIS MEDICOS LTDA,16,257584.9,42203.0,4,1,6.103473686704737
23302414000170,HIPERDROGAS COMERCIO DE MEDICAMENTOS LTDA,11,257096.71,74660.0,2,1,3.443566970265202
11541499000160,ORTONUTRE - COM. DE PRODUTOS HOSPITALARES LTDA,37,255296.4,336733.0,3,1,0.7581567592127888
19805789000186,PRO HEALTH DISTRIBUIDORA DE MEDICAMENTOS LTDA,2,254385.0,29750.0,2,1,8.550756302521009
22870240000180,LOBIANCO FARMACIA E DROGARIA LTDA,65,253870.27,158377.0,8,1,1.6029491024580589
03620716000180,CMOS DRAKE DO NORDESTE S.A,5,253304.38,515.0,3,1,491.8531650485437
85081446000140,JOHNNY FELIPE CONTESINI DE OLIVEIRA LTDA,29,252494.72,5580.0,7,1,45.24994982078853
32875635000129,W.M.W COMERCIAL E MATERIAIS DE LIMPEZA LTDA.,2,252460.0,62000.0,1,1,4.071935483870968
60409075000152,NESTLE BRASIL LTDA.,7,252373.6,3722000.0,2,1,0.06780591080064481
00192190000196,OFTALMOPHARMA INDUSTRIA E COMERCIO DE PRODUTOS FARMACEUTICOS LTDA,12,252210.0,15540.0,6,1,16.22972972972973
05944604000100,EDWARDS LIFESCIENCES COMERCIO DE PRODUTOS MEDICO-CIRURGICOS LTDA.,3,252154.0,3142.0,1,1,80.25270528325908
28788905000197,DUMALE PRODUTOS PARA SAUDE LTDA,6,250614.5,55970.0,3,1,4.4776576737537965
32654902000138,PLENA DISTRIBUIDORA DE MATERIAIS ELETRICOS E HIDRAULICOS LTDA,4,249935.65,11305.0,4,1,22.108416629809817
09478023000180,ODONTOMED COMERCIO DE PRODUTOS MEDICO HOSPITALARES LTDA,159,249566.63,29488.0,10,1,8.463328472599024
18466544000109,PROTECTOR PRODUTOS HOSPITALARES LTDA,4,249197.5,94250.0,1,1,2.6440053050397876
26234900000197,HOSPILAR COMERCIO DE MATERIAL MEDICO HOSPITALAR EIRELI,16,248299.7,107123.0,4,1,2.31789344958599
06150220000188,DENTSUL COMERCIO DE MATERIAIS ODONTOLOGICOS LTDA,30,247821.9,18300.0,1,1,13.542180327868852
10460674000122,MAX-MEDICAL COMERCIO DE PRODUTOS MEDICOS HOSPITALARES LTDA,16,247388.0,26121.0,3,1,9.470847211056238
51287327000127,HC GROUP DO BRASIL IMPORTACAO DISTRIBUICAO LTDA,1,247303.65,10555.0,1,1,23.43
52685881000125,CIRURGICA MEDPLUS - DISTRIBUIDORA DE MEDICAMENTOS E PRODUTOS HOSPITALARES LTDA,23,247255.474,87165.0,8,1,2.836637113520335
29602808000120,DIAMANTE MATERIAL MEDICO HOSPITALAR LTDA,36,246822.02,1661664.0,1,1,0.14853906686309626
49059156000137,ROCCO DISTRIBUIDORA LTDA,2,246792.0,150000.0,1,1,1.64528
74626607000118,FABRIMED COMERCIAL LTDA,2,246550.0,43000.0,1,1,5.7337209302325585
11888791000154,DISTRIBUIDORA FLAMED HOSPITALAR LTDA,11,246545.5,44580.0,3,1,5.530406011664423
02305767000154,MAT MED HOSPITALAR LTDA,6,246200.0,32350.0,2,1,7.6105100463678514
18337759000120,DISTRIBUIDORA MERISIO LTDA,145,245777.18,327422.0,4,1,0.7506434509593124
36685847000102,IREMEDFARMA DISTRIBUIDORA HOSPITALAR LTDA,25,243045.0,995900.0,1,1,0.2440455869063159
14241216000153,BRUMA COMERCIO DE MEDICAMENTOS LTDA,126,242995.8,497290.0,1,1,0.48864002895694664
44577516000179,LABJ IMPERIU'S PHARMA DISTRIBUIDORA DE MEDICAMENTOS LTDA,53,242323.0,394520.0,1,1,0.6142223461421474
05199015000144,DISTRIBUIDORA DE PRODUTOS E EQUIPAMENTOS ODONTOLOGICOS LTDA,99,242162.45,71080.0,1,1,3.40689997186269
21008058000151,FERNANDO UNIFORMES LTDA,3,242125.82,34674.0,3,1,6.982921497375555
03656245000160,S T IRAJA AGRICOLA LTDA,1,240600.0,1200.0,1,1,200.5
23151775000163,NUTRIRE COMERCIO DE PRODUTOS NUTRICIONAIS E HOSPITALARES LTDA,5,240478.0,4575.0,1,1,52.563497267759566
08617050000124,CENTER NUTRI COMERCIO DE PRODUTOS PARA NUTRICAO ENTERAL LTDA,4,240349.55,1394756.0,3,1,0.17232372544014865
03951140000133,DE PAULI COMERCIO REPRESENTACAO IMPORTACAO E EXPORTACAO LTDA,9,239523.55,409683.0,4,1,0.5846558192553755
23401205000184,R & C PRODUTOS PARA A SAUDE LTDA.,8,239521.47,23914.0,3,1,10.015951743748431
09460388000188,GLT DISTRIBUIDORA HOSPITALAR LTDA,4,239500.0,30500.0,1,1,7.852459016393443
30337889000168,ALFA COMERCIO DE PRODUTOS HOSPITALARES LTDA,8,238880.66,111670.0,1,1,2.1391659353452135
50628978000170,UNA DISTRIBUIDORA HOSPITALAR LTDA,3,238286.8,25860.0,2,1,9.214493426140757
09213849000118,ELFORT IMPORTACAO E DISTRIBUICAO DE PRODUTOS LTDA,1,237960.0,90000.0,1,1,2.644
09039151000128,CANAA COMERCIO DE MATERIAL HOSPITALAR LTDA,1,237000.0,60000.0,1,1,3.95
27105456000172,MEDICENTRO COMERCIO DE MEDICAMENTOS LTDA,34,236591.13,101721.0,6,1,2.325882856047424
26527362000129,ESFERA MASTER COMERCIAL LTDA,14,236455.7,1640.0,5,1,144.1803048780488
28843779000126,DROGARIA SANTA ALICE DE VASSOURAS LTDA,47,236265.39,17790.0,3,1,13.280797639123104
60659463000191,ACHE LABORATORIOS FARMACEUTICOS SA,7,236160.0,1080920.0,4,1,0.21848055360248678
40878085000120,MULTICENTER COMERCIO LTDA,6,235962.0,324000.0,1,1,0.7282777777777778
00956869000104,COM REP MACIEL CAVALCANTI LTDA,66,234931.43,110300.0,2,1,2.1299313689936534
33665884000152,MEDMAIS SAUDE DISTRIBUIDORA HOSPITALAR LTDA,41,234688.26,188795.0,3,1,1.2430851452633809
05818423000137,AMCOR FLEXIBLES BRASIL LTDA,5,233984.0,3900.0,1,1,59.99589743589743
14595915000100,FENIXMED COMERCIAL LTDA,36,233694.79,243342.0,4,1,0.9603553435083134
05964983000108,D & V COMERCIO DE MATERIAL HOSPITALAR LTDA,59,233367.4,114970.0,3,1,2.0298112551100287
14927939000100,MEDPRO MEDICAMENTOS E MATERIAIS HOSPITALARES LTDA,69,233061.51,186633.0,4,1,1.2487690279854045
21112395000194,CIRURGICA LAJEADENSE LTDA,32,231703.58,186909.0,5,1,1.2396598344649
10462477000142,ASSUM PRETO PRODUCOES CULTURAIS E COMERCIO DE MATERIAIS PARA USO MEDICO LTDA,20,231528.3,56824.0,6,1,4.074480853160636
55163042000135,SEMINA INDUSTRIA E COMERCIO LTDA,2,230519.0,17200.0,2,1,13.402267441860465
19056683000127,BIOFAR HOSPITALAR LTDA,14,230054.9,883760.0,1,1,0.2603137729700371
12828039000180,PREMIER COMERCIO DE PRODUTOS HOSPITALARES LTDA,44,228769.58,62675.0,2,1,3.650093019545273
26240632000116,DENTAL HIGIX PRODUTOS ODONTOLOGICOS MEDICOS HOSPITALARES LTDA.,277,228685.904,24608.0,22,1,9.293152795838752
33546315000198,K. S. EQUIPAMENTOS HOSPITALARES LTDA,7,227850.0,777.0,3,1,293.2432432432432
31997707000148,CUIDA PRODUTOS PARA A SAUDE LTDA,15,227000.5,244350.0,3,1,0.9289973398813178
14724626000155,NUTRISOLUTION NUTRICAO E COMERCIO DE PRODUTOS HOSPITALARES E ONCOLOGICOS LTDA,1,226980.0,4500.0,1,1,50.44
10208087000140,CIRURGICA MEDCENTER MARILIA LTDA,24,225844.7,657890.0,5,1,0.3432864156621928
10807944000129,CIRUMAX COMERCIO DE MATERIAIS HOSPITALARES LTDA,3,225747.95,232.0,2,1,973.0515086206897
12942081000128,FIBRA BOLSAS INDUSTRIA E COMERCIO LTDA,5,225515.0,13050.0,3,1,17.280842911877393
02298254000163,RIOPASA - DISTRIBUIDORA DE MEDICAMENTOS LTDA,2,225397.2,5796000.0,1,1,0.03888840579710145
40368186000150,GFS COMERCIO E SERVICOS LTDA,9,225057.88,3472.0,1,1,64.82081797235023
34274065000147,BIOFARMACEUTICA PRODUTOS MEDICO HOSPITALARES LTDA,11,224529.8,450565.0,2,1,0.498329430825741
53204333000107,VERITAS FARMA DISTRIBUIDORA LTDA,10,224128.21,60346.0,4,1,3.714052464123554
27011022002076,BL INDUSTRIA OTICA LTDA,2,224037.408,43752.0,2,1,5.1206209544706525
61485900000160,SG TECNOLOGIA CLINICA LTDA,6,223769.24,820461.0,3,1,0.27273598623213047
10596721000240,GEORGINI PRODUTOS HOSPITALARES LTDA,16,222868.9,218590.0,6,1,1.019575003431081
26436406000105,CENTRAL DAS FRALDAS DISTRIBUIDORA LTDA,12,221960.0,965600.0,2,1,0.22986743993371997
12441715000169,NOVA SICILIANO INDUSTRIA E COMERCIO DE PLACAS METALICAS LTDA,1,221850.0,130500.0,1,1,1.7
61853683000114,BOAZ SAUDE E SEGURANCA LTDA,2,221548.0,301450.0,1,1,0.7349411179300049
22341240000192,FBC DE NITEROI COMERCIO E SERVICOS LTDA,9,221121.5,942050.0,1,1,0.23472374077809033
66437831000133,HTS - TECNOLOGIA EM SAUDE COMERCIO IMPORTACAO E EXPORTACAO LTDA,7,221021.0,6408.0,5,1,34.49141697877653
42834634000190,BR MEDICAMENTOS LTDA,13,220870.8,403770.0,4,1,0.547021324021101
08702862000178,MUNICIPIO DE CABACEIRAS,2,220771.998,637111.0,1,1,0.3465204618975343
46328269000100,FUFA PR COMERCIO DE PRODUTOS HOSPITALARES LTDA,8,219355.5,4860.0,2,1,45.13487654320988
05581873000159,BEATI COMERCIO E MANUTENCAO EM EQUIPAMENTOS PARA SAUDE LTDA,20,219172.5,250300.0,2,1,0.8756392329204954
58690444000186,GAROAMED COMERCIO E DISTRIBUICAO DE MEDICAMENTOS LTDA,84,217975.26,256160.0,1,1,0.8509340256089944
32198434000134,SULLAB COMERCIO DE PRODUTOS HOSPITALARES LTDA,22,217808.46,102625.0,2,1,2.1223723264311816
88212113029183,COMERCIO DE MEDICAMENTOS BRAIR LTDA,164,217643.3652,39283.0,1,1,5.540395723340885
00938703000165,HOLLISTER DO BRASIL LTDA,3,217500.0,8430.0,2,1,25.800711743772244
27292082000141,MEDINOVE COMERCIO DE PRODUTOS HOSPITALARES LTDA,7,217269.9,600660.0,1,1,0.3617186095295175
05330520000186,UNIBIO DISTRIBUIDORA E SERVICOS LTDA,8,216787.76,3381.0,2,1,64.11942028985507
26383079000170,NUTRIENTES MED DISTRIBUIDORA DE MEDICAMENTOS LTDA,23,216590.0,23550.0,1,1,9.197027600849257
17507347000128,MARQUI & MOURA LTDA,79,216319.16,49864.0,1,1,4.338183057917536
18519219000167,POUSO FARMA HOSPITALAR LTDA,81,215881.9,297849.0,9,1,0.7248031720771263
05003408000483,CRISTALFARMA COMERCIO REPRESENTACAO IMPORTACAO E EXPORTACAO LTDA,7,215697.0,39350.0,2,1,5.481499364675985
34380863000153,SOU MAIS SAUDE COMERCIO DE EQUIPAMENTOS MEDICOS LTDA,163,215566.33,205580.0,6,1,1.0485763692966241
00891001000173,ENDO-TEC COM.E REPRESENTACAO DE MAT.CIRURGICOS LTDA,1,215404.0,98.0,1,1,2198.0
40802993000130,J. S. NUNES LTDA,4,215008.0,303400.0,1,1,0.7086618325642716
16838363000130,N.M.LEMES RIBAS DE SOUZA,8,214731.62,20092.0,1,1,10.687418873183356
13120044000105,WANDERLEY & REGIS COMERCIO E PRODUTOS MEDICO-HOSPITALAR LTDA,26,214293.202,351775.0,3,1,0.6091768943216544
35934545000150,MA COMERCIO DE PRODUTOS PARA SAUDE LTDA,8,214084.0,12500.0,3,1,17.12672
20159008000102,MARMED DISTRIBUIDORA DE MEDICAMENTOS E MATERIAL HOSPITALAR LTDA,21,213871.19,551498.0,7,1,0.3878004815973947
17211630000108,EXCELENCIA DISTRIBUIDORA DE PRODUTOS E SERVICOS LTDA,5,213821.8,242947.0,1,1,0.8801170625692023
55972087000150,JP INDUSTRIA FARMACEUTICA S/A,4,213375.7,13805.0,4,1,15.45640709887722
02814497000379,CIMED INDUSTRIA S.A.,6,213221.84,6930216.0,2,1,0.030766983309033945
13500765000132,DESTAQUE COMERCIAL DE PRODUTOS EM GERAL LTDA,18,212626.9,31963.0,2,1,6.652282326439946
35979061000127,MEDIC LAR COMERCIO DE PRODUTOS FARMACEUTICOS LTDA,17,212541.14,103220.0,2,1,2.0591081185816704
50093442000106,M. F. BROGLIO COMERCIO DE MEDICAMENTOS LTDA,5,211934.0,117100.0,1,1,1.809854824935952
57102735000143,PENNAMED DISTRIBUIDOR ATACADISTA LTDA,25,211353.0,357000.0,2,1,0.5920252100840336
59403410000126,INTERJET COMERCIAL LTDA,6,211099.6,92540.0,2,1,2.281171385346877
16632133000110,DROGUISTA CEARENSE LTDA,12,210932.25,462930.0,1,1,0.4556461020024626
24857483000103,INVICTA PHARMA DROGARIA LTDA,2,210000.0,1000.0,2,1,210.0
23400003000207,GMED FARMACEUTICA LTDA,11,209430.0,46900.0,2,1,4.46545842217484
17189700000179,DISTRIBUIDORA DE MOVEIS MH LTDA,8,209255.2988,211.0,4,1,991.7312739336493
26554718000113,LFP COMERCIO DE PRODUTOS PARA SAUDE LTDA,9,208723.5,1952550.0,3,1,0.10689790274256741
02005077000180,KORAL PRODUTOS MEDICOS CORRELATOS E DESCARTAVEIS LTDA,4,207356.6,18440.0,3,1,11.244934924078091
24794078000193,ECEGH SERVICOS DE GESTAO HOSPITALAR LTDA,12,207012.33,82356.0,1,1,2.5136277866822088
46738254000102,NUTRIFARMA CIANORTE LTDA,5,206728.8,2334270.0,2,1,0.08856250562274287
48003490000106,C.M.K COMERCIO DE MEDICAMENTOS LTDA,21,205809.64,88593.0,4,1,2.323091440633007
01640262000183,CITOPHARMA MANIPULACAO DE MEDICAMENTOS ESPECIAIS LTDA,6,205775.2,16230.0,5,1,12.678693776956255
10454996000169,"LIFETEC COMERCIO, MANUTENCAO E LOCACAO DE MATERIAL MEDICO LTDA",18,205252.88,5048.0,2,1,40.66023771790808
94271293000195,COMERCIAL CANDIMEDICA MEDICAMENTOS HUMANOS LTDA,10,204469.0,75000.0,4,1,2.726253333333333
02786436000183,HUMANA ALIMENTAR - DISTRIBUIDORA DE MEDICAMENTOS E PRODUTOS NUTRICIONAIS LTDA.,8,204251.0,9746.0,2,1,20.957418428073055
54694355000157,MONTE DISTRIBUIDORA DE PRODUTOS HOSPITALARES LTDA,28,203789.96,147896.0,1,1,1.3779274625412452
03137251000100,JOILDA DE SOUSA CARVALHO,11,203230.0,318000.0,1,1,0.6390880503144654
36078616000122,W M COMERCIO E REPRESENTACOES HOSPITALAR LTDA,11,203155.52,1404224.0,2,1,0.14467458183309784
24728467000110,NS KARYDI INDUSTRIA E COMERCIO LTDA.,5,202010.1,20245.0,2,1,9.97827117806866
35514416000102,QUALIMMED - COMERCIO ATACADISTA DE MEDICAMENTOS E MATERIAIS HOSPITALARES LTDA,4,200937.0,74850.0,3,1,2.6845290581162327
28834716000103,CARMED DISTRIBUIDORA DE MEDICAMENTOS LTDA,21,200810.0,409600.0,3,1,0.4902587890625
16776949000118,START MED DISTRIBUIDORA LTDA,18,200771.0,460916.0,3,1,0.43559130080101366
33561946000186,LOBOFARMA COMERCIO VAREJISTA DE MEDICAMENTOS LTDA,196,200471.64,464285.0,12,1,0.431785735054977
25386146000148,LOTUS MEDICAL LTDA,17,199678.6,113183.0,7,1,1.764210172905825
13644713000130,ROMED INDUSTRIA E COMERCIO DE EQUIPAMENTOS MEDICOS LTDA,3,197597.1,2491.0,1,1,79.32440786832598
00826788000190,PEDS TREINAMENTOS E ASSESSORIA EMPRESARIAL LTDA,5,197388.46,244323.0,4,1,0.8078996246771691
43556958000176,ALTERNATIVA DISTRIBUIDORA HOSPITALAR LTDA,7,197234.4,2850.0,3,1,69.20505263157895
46796127000160,ID FARMA LTDA,11,196661.0,698520.0,6,1,0.2815395407432858
82292574000145,DENTAL RRK LTDA,40,196231.61,14261.0,2,1,13.760017530327465
41194774000188,L R DISTRIBUIDORA DE MEDICAMENTOS LTDA,60,196016.6,154970.0,1,1,1.2648680389752855
08765948000140,GIL FARMA COMERCIAL FARMACEUTICOS LTDA,15,195530.4,783960.0,3,1,0.24941374559926527
43548244000116,MAX PHARMA COMERCIO LTDA,24,195432.85,142774.0,3,1,1.3688266070853237
35457889000115,R. BELMIRO LTDA,25,194197.7,65482.0,7,1,2.96566537369048
27937238000102,A & S COMERCIO DE PRODUTOS E MATERIAIS HOSPITALARES LTDA,5,193612.5,13450.0,1,1,14.394981412639405
04064641000160,DIMEDONT DISTRIBUIDORA DE MEDICAMENTOS E EQUIPAMENTOS LTDA,55,193253.8,618938.0,2,1,0.3122345049100233
29700587000123,PRIORITTA PRODUTOS HOSPITALARES LTDA,217,192854.586,61946.0,28,1,3.113269395925484
17545961000184,ICARAI DO BRASIL INDUSTRIA QUIMICA LTDA,4,192540.0,5650.0,1,1,34.077876106194694
11082598000121,BESINS HEALTHCARE BRASIL COMERCIAL E DISTRIBUIDORA DE MEDICAMENTOS LTDA,3,192520.0,25500.0,1,1,7.5498039215686275
23121810000100,G A - MEDICAL LTDA,16,192303.94,116638.0,4,1,1.6487246009019358
53976974000171,PROMED DISTRIBUIDORA DE MATERIAIS E EQUIPAMENTOS HOSPITALARES E ODONTOLOGICOS LTDA,6,192278.66,235162.0,2,1,0.8176434117757121
39241426000172,MELO COMERCIO DE MEDICAMENTOS E MATERIAIS HOSPITALAR LTDA,37,192105.0156,434584.0,6,1,0.442043461333137
36577844000147,MEDICAL TECH COMERCIO E REPRESENTACAO COMERCIAL DE EQUIPAMENTOS E SUPRIMENTOS MEDICOS LTDA,78,191994.054,262512.0,5,1,0.7313724858292192
22627453000185,A C L ASSISTENCIA E COMERCIO DE PRODUTOS PARA LABORATORIOS LTDA,37,191214.63,126966.0,15,1,1.5060301970606305
26756192000154,CIRURGICA SOUZA RIO PRETO LTDA,102,191129.8,38135.0,2,1,5.011926052183034
41568143000181,SEABRA HOSPITALAR LTDA,49,191072.5,580550.0,1,1,0.32912324519851865
13414166000104,CMF DISTRIBUIDORA DE MEDICAMENTOS LTDA,11,190836.7,41775.0,2,1,4.568203470975464
06889652000105,AURION EQUIPAMENTOS ELETRONICOS LTDA,2,190779.8,31.0,1,1,6154.187096774193
11138620000108,A C - MATERIAIS MEDICOS LTDA,13,190571.35,458883.0,6,1,0.41529398561289044
20220317000140,HD- MIYAHARA COMERCIO E SERVICOS LTDA,1,190500.0,3.0,1,1,63500.0
02911193000168,APOGEU CENTER COMERCIAL DE PRODUTOS HOSPITALARES E MEDICAMEN,116,188498.22,124809.0,3,1,1.510293488450352
21153043000187,H. F. E. COMERCIO DE MATERIAL MEDICO HOSPITALAR LTDA,150,186823.1,45345.0,14,1,4.120037490351748
33472974000127,AMPLA DISTRIBUIDORA DE MEDICAMENTOS E MATERIAIS HOSPITALARES LTDA,2,186657.12,624.0,1,1,299.13
10193608000214,MEDPLUS COMERCIO E REPRESENTACAO LTDA,7,186070.0,200300.0,2,1,0.9289565651522715
05656062000170,MULTICOM COMERCIO MULTIPLO DE ALIMENTOS LTDA,1,185395.2,510.0,1,1,363.52000000000004
84972926000139,J. RIBEIRO COMERCIO ATACADISTA LTDA,94,184944.61,37484.0,14,1,4.93396142354071
82478140000134,"SALVI, LOPES & CIA. LTDA",209,184455.32,121356.0,22,1,1.5199522067306108
17676642000108,HORTOPLUS PRODUTOS ODONTOLOGICOS E HOSPITALARES LTDA,92,184409.95,95232.0,12,1,1.9364284064180108
11388997000115,STRA NEGOCIOS EM SAUDE E BEM ESTAR LTDA,7,184062.5,9112.0,5,1,20.20001097453907
01130257000120,L D NANDI LTDA,18,183400.79,200525.0,2,1,0.9146031168183518
06076833000112,ABL - SAUDE LTDA,4,183382.0,602300.0,3,1,0.3044695334550888
28846752000197,INNOVAPHARMA LABORATORIO E MANIPULACAO LTDA,1,182390.0,14030.0,1,1,13.0
08117794000180,COMERCIAL DE EQUIPAMENTOS MEDICO HOSPITALARES SERRA DAS ARARAS LTDA,4,182299.8,120.0,1,1,1519.165
42241234000170,POWER MED MATERIAL HOSPITALAR LTDA,13,182243.72,316226.0,3,1,0.5763084629347366
21879362000174,FARMASHOPPING DISTRIBUIDORA DE COSMETICOS E MEDICAMENTOS LTDA,31,182007.8,77275.0,3,1,2.355325784535749
04050750000129,RTS RIO S/A,1,182005.76,8.0,1,1,22750.72
04124669000146,TECNO4 PRODUTOS HOSPITALARES LTDA.,5,181982.5,24500.0,2,1,7.4278571428571425
23866426000128,HOSPBOX DISTRIBUIDORA DE PRODUTOS HOSPITALARES LTDA,15,181756.6,571724.0,7,1,0.3179096906899133
24568268000192,ROBERTA MARTINS DA SILVA,3,181240.0,29800.0,2,1,6.081879194630872
11674540000177,EQUIPOS COMERCIAL LTDA,38,180206.2,668.0,5,1,269.7697604790419
24259043000154,"MAIORCA SOLUCOES EM SAUDE, SEGURANCA E PADRONIZACAO LTDA",15,180166.3,27890.0,2,1,6.459888849049838
00733472000153,DINAMICA MERCANTIL LTDA,39,180152.52,46463.0,2,1,3.8773329315799665
10504370000110,PACTUAL COMERCIAL LTDA,2,180039.0,521.0,1,1,345.56429942418424
00740696000192,PMH PRODUTOS MEDICOS HOSPITALARES LTDA,1,180000.0,10000.0,1,1,18.0
19281319000160,LMS BIOMEDICAL COMERCIO DE PRODUTOS HOSPITALARES LTDA,2,179655.0,30500.0,2,1,5.890327868852459
23829339000109,INFINITI CONFECCAO LTDA,28,179173.03,706857.0,19,1,0.25347846877091124
07790854000168,GLOBALMIX DISTRIBUIDORA DE MEDICAMENTOS E CORRELATOS LTDA,52,178437.82,402030.0,1,1,0.44384205158818996
31804909000126,VIMALAB COMERCIO DE EQUIPAMENTOS PARA LABORATORIOS LTDA,9,178162.5,13290.0,1,1,13.405756207674944
17927869000189,JAMED COMERCIO E SERVICOS LTDA,15,178084.2,364820.0,2,1,0.4881426456882847
02582267000160,"NAYR INDUSTRIA, COMERCIO E DISTRIBUICAO DE PRODUTOS LTDA",2,175720.0,413000.0,2,1,0.4254721549636804
07127606000131,ELISMED COMERCIAL DE EQUIPAMENTOS E MATERIAIS MEDICOS LTDA,19,175470.8195,228793.0,5,1,0.766941381510798
14322092000130,SUPLEMEDIC COMERCIAL UNIPESSOAL LTDA,7,174236.36,1298100.0,2,1,0.1342241429781989
04521989000130,MUNDIAL EMPREENDIMENTO LTDA,45,173868.8,64440.0,1,1,2.6981502172563623
49479022000175,VERSA COMERCIAL LTDA,1,172950.0,1.0,1,1,172950.0
21589394000135,IMPERIO INDUSTRIA E COMERCIO DE BANDEIRAS LTDA,9,172545.3,27980.0,4,1,6.166736954967834
24039450000156,HDX COMERCIAL LTDA,6,172488.69,227.0,2,1,759.8620704845815
45774742000102,CASSOLE AGUIAR DROGARIA LTDA,152,172469.9504,39239.0,1,1,4.395370687326385
31958700000117,H C IMPORTACOES EXPORTACOES LTDA,4,170948.32,135.0,3,1,1266.283851851852
07309478000147,GETFARMA DISTRIBUIDORA DE MEDICAMENTOS LTDA,18,170887.4092,31817.0,2,1,5.370946638589433
22265663000170,N1 DISTRIBUIDORA S/A,9,170798.78,201311.0,3,1,0.8484324254511676
27162761000104,S2 DOCTOR DISTRIBUIDORA LTDA,5,170744.6,70.0,1,1,2439.2085714285713
43433429000185,NORDIC COMERCIO E REPRESENTACAO DE PRODUTOS MEDICOS E HOSPITALARES LTDA,10,170679.6,100500.0,1,1,1.6983044776119403
05922826000121,DELF DISTRIBUIDORA DE MEDICAMENTOS LTDA,8,170637.0,105385.0,3,1,1.6191773022726195
29515361000152,NORTE NUTRI PRODUTOS MEDICOS E NUTRICAO LTDA,13,170168.0,4397200.0,4,1,0.038699172200491225
12424049000150,LIDER COMERCIO DE MEDICAMENTOS E MATERIAIS HOSPITALARES LTDA,10,170086.6,432200.0,1,1,0.39353678852383156
22312374000185,S A XINGU LTDA,41,169875.92,419398.0,1,1,0.4050470436196644
11204121000171,HEALTH - MED INDUSTRIA E COMERCIO DE ARTIGOS HOSPITALARES LTDA,1,169824.0,96.0,1,1,1769.0
07415503000177,A&A GOLD PHARMA INDUSTRIA LTDA,1,169290.0,27000.0,1,1,6.27
04959327000146,PRODUTOS FARMACEUTICOS VIEIRA LTDA,361,168408.16,61733.0,1,1,2.728008682552282
02136854000125,E.C. DOS SANTOS COMERCIAL LTDA,291,167225.7845,74559.0,7,1,2.2428651738891348
52280387000180,RPS COMERCIO DE PRODUTOS COSMETICOS LTDA,3,166810.0,18770.0,1,1,8.887053809270112
05864669000145,DISMAP - PRODUTOS PARA A SAUDE LTDA,5,166418.5,22336.0,2,1,7.450684992836676
05209279000131,CONFIANCE MEDICAL PRODUTOS MEDICOS S.A.,2,165622.57,2.0,1,1,82811.285
10802526000149,GENESIS COMERCIO REPRESENTACAO E SERVICOS LTDA,5,165468.0,1027200.0,2,1,0.16108644859813084
27358419000176,L.E. ALMEIDA COMERCIO DE PRODUTOS MEDICOS HOSPITALARES LTDA,37,164999.9,1362313.0,9,1,0.12111746713126866
30778749000125,G.P. VEZONO LTDA,3,164250.0,75.0,2,1,2190.0
14533317000106,PRIMUS PHARMA LTDA,6,164041.2,419240.0,1,1,0.39128232038927585
16699864000264,SANTE MEDICA HOSPITALAR LTDA,2,163508.16,6924.0,1,1,23.61469670710572
48512178000148,NV NUTRICAO LTDA,6,163396.0,2000.0,1,1,81.698
08002459000136,MUNDIAL HOSPITALAR PRODUTOS PARA SAUDE LTDA,1,163352.28,1092.0,1,1,149.59
20450255000163,A. N. GARCIA DA SILVA LTDA,2,163296.0,3168.0,1,1,51.54545454545455
30008165000170,BIOLIFE BRASIL LTDA,3,163193.9,622.0,3,1,262.36961414790994
11089732000116,STOKMED PRODUTOS HOSPITALARES LTDA,22,163076.78,20447.0,5,1,7.9755846823494885
14575367000148,SUPPORTE COMERCIAL HOSPITALAR LTDA,1,162535.0,500.0,1,1,325.07
25528763000130,ENIFAR COMERCIO ATACADISTA DE INSTRUMENTOS E MATERIAIS MEDICOS HOSPITALARES LTDA,5,162371.92,17066.0,3,1,9.514351341849292
18435186000177,DROGARIA COELHO & HIPOLITO LTDA,57,161757.45,191577.0,2,1,0.8443469205593575
08597121000174,FUNDO ESTADUAL DE SAUDE DO PARANA - FUNSAUDE,3,161333.999,3302.0,2,1,48.85947880072683
07707978000137,NEWCARE COMERCIO DE MATERIAIS CIRURGICOS E HOSPITALARES LTDA,13,161206.32,412600.0,2,1,0.39070848279205045
20138626000176,PHARMED COMERCIO E DISTRIBUICAO DE PRODUTOS HOSPITALARES LTDA,59,161101.43,36237.0,11,1,4.445771725032425
55076740000101,MASTER DISTRIBUIDORA E SERVICOS LTDA,10,160237.96,27135.0,3,1,5.905213193292795
09313037000144,M. L. DE LUCENA & CIA LTDA,2,159808.2,1660.0,1,1,96.27000000000001
22847311000123,MEGA MED PRODUTOS MEDICOS E HOSPITALARES LTDA,3,159570.15,36225.0,1,1,4.404973084886128
27634076000125,REMORA PRODUTOS PARA SAUDE LTDA,81,159082.91,29177.0,6,1,5.452339514000754
04159536000105,VUELO PHARMA LTDA,7,159029.5,1950.0,4,1,81.55358974358974
35100944000115,IASMINI COMERCIO DE EQUIPAMENTOS MEDICOS LTDA.,5,158950.0,7660.0,2,1,20.75065274151436
46218314000166,PRIMEMED EQUIPAMENTOS LTDA,18,158813.0,3416.0,7,1,46.49092505854801
03188198000177,BIO-RAD LABORATORIOS BRASIL LTDA.,7,158541.8,264.0,1,1,600.5371212121212
19570720000382,HIPOLABOR FARMACEUTICA LTDA,5,158049.0,319500.0,5,1,0.4946760563380282
22218845000190,NUTRIMINAS COMERCIO DE NUTRICOES DIETETICAS E MATERIAIS HOSPITALARES LTDA,16,157772.192,373004.0,7,1,0.42297721204062155
53405255000109,HIGIVITAL COMERCIO DE PRODUTOS COSMETICOS LTDA,2,157500.0,30000.0,1,1,5.25
23025775000117,NUTTRE COMERCIO DE ALIMENTOS E MEDICAMENTOS LTDA,7,157359.4,5720.0,1,1,27.510384615384613
43728100000141,BC MED HOSPITALAR LTDA,2,157300.0,7150.0,1,1,22.0
46672090000168,INTEGRALMED DISTRIBUIDORA LTDA,24,157273.5,106048.0,3,1,1.4830406985515994
42377383000161,MEDCAMP MEDICAMENTOS E MATERIAIS HOSPITALAR LTDA,8,157235.94,43825.0,1,1,3.587813804905876
09944371000520,SULMEDIC COMERCIO DE MEDICAMENTOS LTDA,12,156185.44,157784.0,3,1,0.9898686812351062
01324654000133,IMPORT HOSPITALAR LTDA,3,155755.0,282700.0,2,1,0.5509550760523523
69299360000132,DROGARIA BARAO LTDA,5,155458.5,22090.0,2,1,7.037505658669081
42198801000153,GEMELI MEDICAL LTDA,47,155108.12,30119.0,8,1,5.1498429562734485
03302477000110,ROSSANE SERAFIM MATOS,3,154887.5,5771.0,2,1,26.838936059608386
33247743000110,GLAXOSMITHKLINE BRASIL LTDA,1,154703.586,220062.0,1,1,0.7030000000000001
07555270000108,VEC HOSPITALAR LTDA,21,154598.7,42085.0,3,1,3.6734869906142333
02520218000100,ANDREONI TEXTIL LTDA,2,154575.0,24200.0,2,1,6.387396694214876
14804690000146,GABRIEL LEITZKE GOTUZZO,16,154520.02,636638.0,2,1,0.24271253051184502
09260831000177,ATACAMED COMERCIO DE PRODUTOS FARMACEUTICOS E HOSPITALARES LTDA,92,153854.22,272346.0,2,1,0.5649219008173426
40613881000130,MB COMERCIO DE PRODUTOS NUTRICIONAIS E HOSPITALARES LTDA,2,153750.0,1920030.0,2,1,0.0800768737988469
24622755000196,YARA KEIKO NAGAO LEAL,52,153347.71,1979.0,1,1,77.48747347145023
58430828000593,BLAU FARMACEUTICA S.A.,3,152516.0,7450.0,3,1,20.47194630872483
28729142000103,NORTELAB COMERCIO ATACADISTA DE PRODUTOS LABORATORIAIS LTDA,13,152455.0,5950.0,3,1,25.62268907563025
01402400000196,CHRISPIM NEDI CARRILHO LTDA,11,152330.8,112349.0,7,1,1.355871436327871
20699933000126,THALMEC - MED COMERCIAL LTDA,35,152064.2,130930.0,2,1,1.1614160238295272
18588224000121,NACIONAL COMERCIO E REPRESENTACAO LTDA,34,151610.5,169830.0,4,1,0.8927191897780133
10792345000189,TRIER MED PRODUTOS HOSPITALARES EIRELI,1,151465.09,1.0,1,1,151465.09
11229270000195,"MEDFARMA COMERCIO DE MEDICAMENTOS, MATERIAIS E EQUIPAMENTOS HOSPITALARES LTDA",9,151305.2,127060.0,2,1,1.1908169368802142
24652465000195,ALIVIO DISTRIBUIDORA HOSPITALAR LTDA,26,150804.42,27329.0,3,1,5.518109700318344
31146994000182,ASIA INDUSTRIA E IMPORTACAO DE EQUIPAMENTOS E MAQUINAS LTDA,9,150502.8,188790.0,1,1,0.7971968854282535
71505564000124,EMIGE MATERIAIS ODONTOLOGICOS LTDA,99,150370.556,39791.0,12,1,3.7790092231911743
26581761000178,HIGIBEST COMERCIO E SERVICOS LTDA,11,148349.5,10635.0,5,1,13.949177244945933
24826631000203,FARMA 2 PRODUTOS PARA SAUDE LTDA,43,148253.41,193180.0,3,1,0.767436639403665
17252670000106,VITALMEDICA DISTRIBUIDORA DE MOVEIS E EQUIPAMENTOS HOSPITALARES LTDA,11,148245.6,1274450.0,2,1,0.1163212366118718
20121311000116,W TEDESCO REFRIGERACAO LTDA,4,148245.0,211.0,1,1,702.5829383886256
14676091000194,AGNUS COMERCIO DE MAQUINAS E EQUIPAMENTOS LTDA,4,148079.05,7.0,4,1,21154.149999999998
37205854000114,M B DE ARAUJO XAVIER - MBX PRODUTOS MEDICOS HOSPITALARES E ODONTOLOGICOS,195,147842.83,10456.0,12,1,14.139520849273143
17252970000268,SYNTEC LOG LTDA,3,147453.225,719250.0,1,1,0.2050096976016684
20331303000102,NOVA BIO - INDUSTRIA E COMERCIO LTDA,3,147286.9,59725.0,3,1,2.466084554206781
19338456000194,ALFRS INDUSTRIA DE MOVEIS LTDA,2,147000.0,66.0,1,1,2227.2727272727275
28675331000140,DIABETICOS EIRELI,63,146939.33,25366.0,5,1,5.792767089805251
25386019000149,FARMODONTO PRODUTOS HOSPITALARES LTDA,14,146915.0,62678.0,5,1,2.343964389418935
33618090000138,ANCORA DISTRIBUIDORA DE MEDICAMENTOS LTDA,4,146892.16,27320.0,2,1,5.376726207906296
15414528000184,OLIVEIRA FARMA & CIA LTDA,121,146293.74,164875.0,1,1,0.8873009249431387
02477571000147,DENTAL MED SUL ARTIGOS ODONTOLOGICOS LTDA,30,146271.4302,40368.0,5,1,3.6234500148632582
15725489000136,FABRICIO DE RAMOS & CIA. LTDA,16,146243.8,55190.0,1,1,2.649824243522377
45293736000133,ATUAL COMERCIO ATACADISTA DE PRODUTOS PARA A SAUDE LTDA,2,145060.0,9125.0,2,1,15.896986301369862
08939548000103,INFAN INDUSTRIA QUIMICA FARMACEUTICA NACIONAL S/A,2,144060.0,31000.0,1,1,4.647096774193549
33836848000104,M. A. M COMERCIO E DISTRIBUIDORA DE MEDICAMENTOS LTDA,46,143144.0,1459400.0,1,1,0.09808414416883651
26735921000196,NEW RIBE COMERCIAL LTDA,1,143000.0,5000.0,1,1,28.6
03321370000119,BRIATO COMERCIO MEDICO-HOSPITALAR E SERVICOS LTDA,38,141928.3,80621.0,2,1,1.7604383473288596
33089180000260,PRLV INDUSTRIA DE SUPLEMENTOS ALIMENTARES LTDA,1,141000.0,3000.0,1,1,47.0
22654814000182,RGN INSTRUMENTOS E EQUIPAMENTOS MEDICOS LTDA,26,140549.94,7554.0,9,1,18.60602859412232
05593067000109,UBER MEDICA E HOSPITALAR LTDA,3,140535.0,1350.0,1,1,104.1
08667233000154,MULTIMED DISTRIBUIDORA DE EQUIPAMENTOS HOSPITALAR LTDA,2,140500.0,45000.0,1,1,3.1222222222222222
14224864000100,HL MED COMERCIAL DE PRODUTOS HOSPITALARES LTDA,3,140292.0,7664.0,2,1,18.305323590814197
16366888000110,DIPROM - DISTRIBUIDORA DE PRODUTOS ODONTOLOGICOS E MATERIAIS LTDA,60,140176.374,105235.0,13,1,1.3320318715256332
04013164000104,ORLA DISTRIBUIDORA DE PRODUTOS LTDA,4,140146.2,103500.0,1,1,1.3540695652173915
41665545000102,DNA MED BRASIL LTDA,6,140096.24,1060453.0,3,1,0.13210980590370341
12694747000176,NUTRICLIN SAUDE COMERCIO DE PRODUTOS NUTRICIONAIS LTDA,8,138701.86,883366.0,3,1,0.15701516698627746
11262969000157,SUPRAMIL COMERCIAL LTDA,19,138478.72,6267.0,3,1,22.096492739747887
35310607000152,CLEAN MED DISTRIBUIDORA DE PRODUTOS HOSPITALARES LTDA,11,138052.0,263642.0,3,1,0.5236343223006956
44291264000117,LYON FARMA-HOSPITALAR IMPORTACAO E EXPORTACAO LTDA,1,137854.5102,13746.0,1,1,10.028699999999999
40175705000164,CEI COMERCIO EXPORTACAO E IMP DE MAT MEDICOS LTDA,15,137283.0,2434.0,5,1,56.402218570254725
08380296000125,VISAMED COMERCIO DE MATERIAL HOSPITALAR LTDA,1,136999.98,13.0,1,1,10538.460000000001
04666364000166,CDH - CENTRO DE DIAGNOSTICO HUMANO LTDA,1,136612.9,1.0,1,1,136612.9
50248780001303,ABBOTT DIAGNOSTICOS RAPIDOS S.A.,1,136400.0,10000.0,1,1,13.64
10831701000126,LARMED DISTRIBUIDORA DE MEDICAMENTOS E MATERIAL MEDICO HOSPITALAR LTDA,34,136371.6,271636.0,2,1,0.5020380214699083
27840072000101,FARMACIA SANTA MARIA LTDA,322,135936.1041,1266.0,2,1,107.37448981042654
53269359000125,INMINAS DISTRIBUIDORA DE MEDICAMENTOS LTDA,5,135189.25,1178450.0,3,1,0.11471784971784972
62916416000101,SINAFAR SISTEMA NACIONAL FARMACEUTICO LTDA,12,134289.112,759952.0,1,1,0.17670736046487145
19859630000144,LR DISTRIBUIDORA DE PRODUTOS MEDICOS LTDA,42,134141.9,7870.0,5,1,17.044714104193137
29791821000175,MAGNA INDUSTRIA DE MATERIAIS HOSPITALARES LTDA,7,134040.8,31962.0,3,1,4.193755084162443
05515873000150,CIRUROMA COMERCIAL LTDA,2,133750.0,205000.0,1,1,0.6524390243902439
42650279000107,LONDRIHOSP IMPORTACAO E EXPORTACAO DE PRODUTOS MEDICO HOSPITALARES LTDA,29,133548.54,402.0,6,1,332.2102985074627
17581504000145,SOMEDICA CIRURGICA RIO PRETO LTDA,2,133500.0,2080.0,2,1,64.1826923076923
23349869000141,IDEALE TECNOLOGIA EM SAUDE LTDA,20,133491.87,20123.0,1,1,6.633795656711226
62969589000511,CSL BEHRING COMERCIO DE PRODUTOS FARMACEUTICOS LTDA,1,132456.0,120.0,1,1,1103.8
43144036000151,GEOMED DISTRIBUIDORA DE MEDICAMENTOS LTDA,19,132297.2,128690.0,6,1,1.0280301499728028
41103222000117,JANDAMED PRODUTOS HOSPITALARES LTDA,37,132163.784,320161.0,7,1,0.41280413292062434
03155958000140,MEDPEJ - EQUIPAMENTOS MEDICOS LTDA,5,131970.24,15.0,3,1,8798.016
31600475000142,JM DE PAULA PRODUTOS FARMACEUTICOS LTDA,13,131969.78,3176.0,2,1,41.55219773299748
20627681000120,CENTER DENT SERVICO DE PROTESE DENTARIA LTDA,3,131760.0,71600.0,2,1,1.8402234636871508
26291613000119,PHARMAVIT DISTRIBUIDORA LTDA,7,131720.488,513760.0,3,1,0.2563852538150109
21129833000127,T M DANTAS LTDA,79,130845.33,294857.0,1,1,0.44375860162722947
08671559000155,RECIFARMA COMERCIO DE PRODUTOS FARMACEUTICOS LTDA,6,130540.0,6800.0,1,1,19.19705882352941
33013528000154,SNC DISTRIBUIDORA LTDA,40,130513.47,71158.0,4,1,1.8341362882599286
24206960000170,DROGA SANTOS LTDA,37,130076.35,148688.0,2,1,0.8748274911223501
52994236000194,QUANTUM DISTRIBUICAO E LOGISTICA LTDA,2,129880.0,260000.0,1,1,0.49953846153846154
14775446000100,VITORIA DISTRIBUIDORA DE MEDICAMENTOS E MATERIAL HOSPITALAR LTDA,15,129523.64,13025.0,2,1,9.94423339731286
05048534000101,NORTEMED DISTRIBUIDORA DE PRODUTOS MEDICOS LTDA,22,129510.7,4821.0,1,1,26.863866417755652
01154827000112,FENIX DISTRIBUIDORA DE MATERIAIS HOSPITALARES LTDA,2,129312.0,31800.0,2,1,4.0664150943396224
48036918000117,DENTAL PVH COMERCIO DE PRODUTOS PARA A SAUDE LTDA,100,128974.6,26672.0,6,1,4.835580383923215
51336832000114,DROGARIA AMARAL SOCIEDADE UNIPESSOAL LTDA,57,128847.48,7366.0,1,1,17.492191148520227
53710803000104,STP COMERCIAL LTDA,2,128393.28,13207.0,1,1,9.721608238055577
11050321000117,GIGANTE PRODUTOS MEDICOS LTDA,3,128367.0,9.0,2,1,14263.0
09608095000103,MEDMACH SOLUCOES HOSPITALARES LTDA,11,128322.26,135473.0,1,1,0.9472164933233929
40238923000109,POLLYANNA TAMARA MORAIS E SILVA MOURA LTDA,2,128107.12,23.0,1,1,5569.874782608696
38120208000117,PARANA MED COMERCIO ATACADISTA DE EQUIPAMENTO MEDICO E HOSPITALAR LTDA,14,127850.36,115048.0,9,1,1.1112784229191295
13835671000114,NOVAMED APUCARANA COMERCIO DE PRODUTOS HOSPITALARES LTDA,3,127409.0,250210.0,2,1,0.5092082650573518
18031325000105,I. S. COSTA CENTRAL TELEMEDICINA LTDA,95,126838.55,12565.0,7,1,10.094592120970951
16619378002747,CIMED & CO. S.A.,3,126363.42,1551078.0,2,1,0.08146812732821947
63848345000110,POLYMEDH. LTDA,15,126332.11,11669.0,3,1,10.826301311166338
30859081000140,EIDIANE ALVES SANTANA,17,126135.6,12949.0,1,1,9.740952969341262
53482429000129,LPS DISTRIBUIDORA DE MEDICAMENTOS LTDA,33,126110.72,190487.0,1,1,0.6620437090195131
59250290000174,PAULO CARNEIRO DE LUCENA EM RECUPERACAO JUDICIAL EM RECUPERACAO JUDICIAL,11,125126.5,8385.0,1,1,14.922659511031604
13465838000100,H B S PRODUTOS PARA SAUDE LTDA,4,124939.12,13952.0,1,1,8.954925458715596
13458946000148,LEVEL FARMACEUTICA LTDA,14,124822.2,2315.0,3,1,53.91887688984881
30461442000104,PRECISION COMERCIAL DISTRIBUIDORA DE PRODUTOS MEDICO HOSPITALARES LTDA,13,124819.4,21100.0,4,1,5.9156113744075824
32493837000106,FIRST LINE COMERCIO DE MATERIAL HOSPITALAR LTDA,5,124581.6,2640.0,1,1,47.190000000000005
09100467000188,W.N. DIAGNOSTICA LTDA,46,124337.0,50689.0,2,1,2.4529385073684624
07540203000110,MEDIFARR PRODUTOS PARA A SAUDE LTDA.,1,123998.0,2.0,1,1,61999.0
40814479000114,R2 MEDCAL DISTRIBUIDORA PRODUTOS HOSPITALARES LTDA,3,123978.29,57301.0,1,1,2.1636322228233364
19308719000112,S & B DISTRIBUIDORA E IMPORTADORA DE MEDICAMENTOS LTDA,10,123674.87,253475.0,2,1,0.48791742775421637
15321837000100,A & C COMERCIO VAREJISTA DE MEDICAMENTOS LTDA,38,123488.73,3161.0,1,1,39.06634925656438
02193224000192,MEDICAL CENTER IMPORTADORA LTDA,10,123411.0,232000.0,3,1,0.5319439655172413
14420817000123,FACIL MED DISTRIBUIDORA DE MEDICAMENTOS E PRODUTOS HOSPITALARES LTDA,30,123103.1,99555.0,6,1,1.2365335744061072
20035686000163,ORTOBENS DISTRIBUIDORA DE PRODUTOS HOSPITALARES LTDA,6,123046.618,195965.0,4,1,0.6279009925241752
10842393000134,LIVE HEALTHCARE SUPPLIES LTDA,3,123000.0,8200.0,1,1,15.0
48712647000172,NOVAMED PRODUTOS MEDICOS HOSPITALARES LTDA,14,122786.14,55867.0,6,1,2.1978294878908837
04360651000143,ANA MARIA PIRES BELEM,8,122770.0,3757.0,2,1,32.67766835240884
27205945000104,ODONTOMED T/A LTDA,7,122769.33,679.0,6,1,180.80902798232697
51116518000126,"RX COMERCIO DE MEDICAMENTOS, DISTRIBUIDORA E SERVICOS LTDA",21,122494.4,58100.0,4,1,2.10833734939759
44038095000108,LOPES & ISHIKAWA DISTRIBUIDORA DE MEDICAMENTOS LTDA,8,122489.5,3620.0,2,1,33.83687845303867
31662268000112,MEDPRIME MEDICAMENTOS LTDA,10,122211.94,8776.0,2,1,13.925699635369188
33927594000130,FARMACIA E DISTRIBUIDORA DE MEDICAMENTOS VARILLI LTDA,49,122006.0,247500.0,1,1,0.49295353535353537
54804330000169,DROGA MAX DISTRIBUIDORA DE MEDICAMENTOS LTDA,9,121996.0,583400.0,1,1,0.20911210147411724
11054242000184,DENTAL COSTA PRODUTOS ODONTOLOGICOS LTDA,96,121783.15,4926.0,1,1,24.7225233455136
37416741000168,M K P LADISLAU,22,121705.0,2810.0,1,1,43.311387900355875
24009233000113,M.R. HOSPITALAR LTDA,18,121558.24,23052.0,1,1,5.273218809647753
26397154000152,3P MEDICAL LTDA,1,121400.0,10000.0,1,1,12.14
08145933000189,FAMADER FARMACIA DE MANIPULACAO LTDA,8,121389.25,18536.0,3,1,6.548837397496763
90108283000182,CONTATTI COMERCIO E REPRESENTACOES LTDA,1,120997.8,126.0,1,1,960.3000000000001
13977106000191,EBD BIOTECH IMPORTACAO E COMERCIO DE PRODUTOS MEDICOS HOSPITALARES LTDA,5,120876.0,11000.0,5,1,10.988727272727273
33613876000162,SILVANDRO DIEGO DE ALBUQUERQUE FERREIRA E CIA LTDA,8,120653.45,19754.0,4,1,6.107798420573048
06954360000109,MASTER COMERCIAL LTDA,1,120000.0,1000000.0,1,1,0.12
03033345000130,LABNORTE CIRURGICA E DIAGNOSTICA IMPORTACAO E EXPORTACAO LTDA,9,119480.0,1147000.0,1,1,0.10416739319965126
49830015000176,VITAE DIAGNOSTICA LTDA,11,119340.66,664.0,2,1,179.72990963855423
16611943000190,BOA VISTA HOSPITALAR COMERCIO DE MEDICAMENTOS LTDA,6,119268.98,282779.0,1,1,0.42177453064053555
07277723000181,PH HOSPITALAR LTDA,2,119100.0,17000.0,1,1,7.0058823529411764
60619202003597,MESSER GASES LTDA.,1,119000.0,700.0,1,1,170.0
30984346000132,DISTRIBUIDORA KLEAN LTDA,2,118950.0,13000.0,1,1,9.15
50354750000130,ASPEN SERVICE COMERCIO LTDA,3,118883.0,86100.0,2,1,1.3807549361207898
31558431000100,SALUD COMERCIO VAREJISTA DE PRODUTOS ALIMENTICIOS E DESCARTAVEIS LTDA,3,118692.15,8859.0,1,1,13.397917372163901
08863966000164,ORTOSANI PRODUTOS PARA SAUDE LTDA.,1,118660.0,3400.0,1,1,34.9
11059063000130,MK NE LTDA,1,118620.0,3000.0,1,1,39.54
20782880000102,"NORDESTE MEDICAL, REPRESENTACAO, IMPORTACAO E EXPORTACAO DE PRODUTOS HOSPITALARES LTDA",1,118250.0,500.0,1,1,236.5
27376632000100,EXATA DISTRIBUIDORA DE MEDICAMENTOS - EIRELI,42,117522.054,29513.0,7,1,3.9820436417849763
34444108000195,PLG DISTRIBUIDORA DE PRODUTOS HOSPITALARES LTDA,3,117467.92,18.0,3,1,6525.995555555555
11401085000136,MEDPLUS LTDA,59,117305.2,8930.0,2,1,13.136080627099664
32737279000187,NOEM MEDICAL IMPORTACAO E EXPORTACAO DE PRODUTOS MEDICOS-HOSPITALARES LTDA,6,117293.76,24629.0,4,1,4.762424783791465
36412960000106,M3 CARE SERVICO E COMERCIO DE MATERIAS HOSPITALARES LTDA,1,116941.2,5129.0,1,1,22.8
42587791000148,CSMED PRODUTOS MEDICO-HOSPITALARES LTDA,48,116193.9,249840.0,6,1,0.4650732468780019
07729330000161,DROGARIA BIOFARMA JUSSARA LTDA,164,115862.688,9731.0,1,1,11.906555133079847
08882699000172,"MENER MEDICAMENTOS, PERFUMARIA E ALIMENTOS LTDA",3,115680.0,165000.0,1,1,0.7010909090909091
48156453000138,ANDRADE'S COMERCIAL DE MATERIAIS DE CONSTRUCAO LTDA,2,115644.88,18.0,1,1,6424.7155555555555
40649293000157,ANA JULIA MARTINS FALEIROS DE ANDRADE LTDA,58,115543.24,7316.0,3,1,15.793225806451614
09251627000190,K.C.R. INDUSTRIA E COMERCIO DE EQUIPAMENTOS LTDA,10,115528.0,885.0,7,1,130.5401129943503
08973252000109,LIMP SAFE COMERCIO DE EQUIPAMENTOS LTDA,6,115268.0,153300.0,3,1,0.75191128506197
12666139000158,QUALITY CIENTIFICA LTDA,1,114390.0,12300.0,1,1,9.3
25288745000129,NEW MEDIC COMERCIO ATACADISTA DE MEDICAMENTOS E MATERIAL HOSPITALAR LTDA,3,114190.0,16000.0,1,1,7.136875
22803038000135,FEMAP COMERCIO DE PRODUTOS HOSPITALARES LTDA,38,113895.35,82789.0,6,1,1.3757304714394425
16809398000141,HOPE COMERCIO E SERVICOS LTDA,3,113750.0,4250.0,2,1,26.764705882352942
46996390000100,PROHOSP SUL DISTRIBUIDORA DE MEDICAMENTOS LTDA,3,113607.9,142450.0,1,1,0.7975282555282555
37970604000170,C R VIEIRA PRODUTOS HOSPITALARES,38,113480.0,159060.0,5,1,0.7134414686281906
06029006000178,MDA INDUSTRIA E COMERCIO LTDA,8,113305.8,184300.0,3,1,0.6147900162778079
35370125000198,NPMEDICAL PRODUTOS MEDICOS E HOSPITALARES LTDA,7,113237.18,90664.0,2,1,1.2489762198888201
03326125000102,DONEGATE DISTRIBUIDORA LTDA,4,112773.5,71366.0,1,1,1.580213266821736
30036611000150,ECOFARMA COMERCIO DE MEDICAMENTOS LTDA,45,112679.81,154535.0,8,1,0.7291539780632219
28537922000151,RBR COMERCIO DE PRODUTOS MEDICO HOSPITALARES LTDA,17,112524.72,30479.0,6,1,3.691877030086289
29843853000177,R2 S ABRAHAO COMERCIO E SERVICOS LTDA,10,112354.4,43326.0,3,1,2.593232700918617
23605544000182,ESSENZA INDUSTRIA QUIMICA LTDA,1,112320.0,48000.0,1,1,2.34
07211319000105,DROGARIA FERREIRA LTDA,10,111954.0,3922.0,2,1,28.545130035696072
16482201000102,ATOS MEDICAL BRASIL - COMERCIO E DISTRIBUICAO DE PRODUTOS MEDICO-HOSPITALARES LTDA.,9,111811.742,770.0,2,1,145.21005454545454
14080070000101,MAC CLEAN COMERCIO E SERVICOS LTDA,2,111536.25,18375.0,2,1,6.07
26918586000161,DROGARIA DUARTE LTDA,9,111065.474,21950.0,2,1,5.059930478359909
14416886000163,COBERMED COMERCIO DE MATERIAIS MEDICOS LTDA,3,111034.5,41985.0,2,1,2.644623079671311
84859552000220,STERMAX PRODUTOS MEDICOS LTDA,1,111000.0,37.0,1,1,3000.0
20610628000116,"MEDICAL PRIME COMERCIO, IMPORTACAO E EXPORTACAO DE PRODUTOS PARA SAUDE LTDA",73,110965.2,152372.0,3,1,0.7282519097997007
37053176000111,HGM DISTRIBUICAO DE PRODUTOS MEDICOS HOSPITALARES LTDA,100,110948.43,68955.0,6,1,1.608997607135088
24562614000125,VIVA CARE MATERIAL MEDICO HOSPITALAR LTDA.,23,110691.6,123450.0,4,1,0.8966512758201701
35369804000147,OMEGA DISTRIBUIDORA DE MEDICAMENTOS LTDA,75,110103.66,225780.0,1,1,0.48765904863141113
19061289000187,MARES SERVICOS E COMERCIO DE EQUIPAMENTOS LTDA,25,109959.48,31019.0,3,1,3.5449073148715304
05028965000106,ALPHAMEDI COMERCIO E REPRESENTACOES LTDA,21,109925.48,6539.0,4,1,16.810747820767702
12400900000105,RIFEV SOLUCOES INTEGRADAS LTDA,2,109916.74,7144.0,1,1,15.385881858902577
27860256000125,VITALSUL DISTRIBUIDORA DE MEDICAMENTOS LTDA,4,109890.0,3030000.0,2,1,0.036267326732673265
04128313000180,CENTRO-OESTE PRODUTOS INDUSTRIAIS LTDA,1,109791.0,1100.0,1,1,99.81
49957234000110,INOVA CARE PRODUTOS PARA SAUDE LTDA,1,109754.25,305.0,1,1,359.85
33921755000188,"HIT CARE NORDESTE IMPORTACAO, COMERCIO E SERVICOS DE PRODUTOS MEDICOS, ODONTOLOGICOS E HOSPITALARES LTDA",1,109690.0,1.0,1,1,109690.0
05746252000188,STERI GRAU PRODUTOS HOSPITALARES LTDA,5,109612.8,33260.0,1,1,3.2956343956704752
07628070000138,INDUSTRIA E COMERCIO COLCHOES ORTHOVIDA LTDA,2,109028.48,228.0,1,1,478.1950877192982
22244564000102,DX COMERCIO E DISTRIBUIDORA LTDA,2,108960.0,12000.0,2,1,9.08
34896253000107,SUPERA COMERCIO E DISTRIBUICAO DE PRODUTOS NUTRICIONAIS LTDA,2,108960.0,133200.0,1,1,0.818018018018018
39835028000184,UNIAO NUTRICIONAL LTDA,9,108831.368,794884.0,4,1,0.1369147800182165
13081833000176,BIOMED DISTRIBUIDORA HOSPITALAR LTDA,29,108612.02,282560.0,5,1,0.38438568799547
74127473000190,DIMERIOS COMERCIO DE MATERIAIS CIRURGICOS LTDA,12,108576.0,14400.0,3,1,7.54
24103721000195,ROYAL ATACADISTA E COMERCIO LTDA,6,108416.88,89.0,5,1,1218.167191011236
05136679000164,RJD HOSPITALAR LTDA,7,108077.2,19392.0,1,1,5.573287953795379
31097573000109,SHOPMED BRASIL COMERCIO DE MEDICAMENTOS LTDA,7,108073.95,493363.0,2,1,0.21905564462677582
26318479000100,BEDALM PHARMA DO BRASIL LTDA.,1,108000.0,2400000.0,1,1,0.045
95433397000111,COMERCIO DE MATERIAIS MEDICOS HOSPITALARES MACROSUL LTDA,6,107940.0,94.0,5,1,1148.2978723404256
07809370000113,GRACIFARMA FARMACIA LTDA,5,107614.2,22809.0,3,1,4.7180586610548465
17562075000320,CIFARMA CIENTIFICA FARMACEUTICA LTDA,7,107605.275,58550.0,1,1,1.83783561058924
31230522000103,ANA CAROLINA A DE A RUELLA,3,107432.5,620.0,1,1,173.27822580645162
23844833000134,SUSTENTARE LTDA,3,106969.0,1200.0,1,1,89.14083333333333
31219338000162,JLF DISTRIBUIDORA DE MEDICAMENTOS LTDA,7,106234.17,518805.0,2,1,0.20476705120420968
80965023000170,OSMAR DA SILVA E CIA LTDA,6,105965.0,96500.0,1,1,1.0980829015544042
82641325004377,CREMER S.A.,11,105808.4,263470.0,1,1,0.40159562758568335
27672908000106,WIENSKOSKI & FAIOLA LTDA,107,105614.4,255858.0,1,1,0.4127852167999437
27029083000106,ODONTOMASTER COMERCIO DE PRODUTOS PARA SAUDE LTDA,64,105516.2,348658.0,3,1,0.3026352471476346
58598368000183,KONIMAGEM COMERCIAL LTDA,3,105360.0,399.0,3,1,264.0601503759398
31770650000140,BRUMED COMERCIO ATACADISTA E MANUTENCAO DE EQUIPAMENTOS HOSPITALARES LTDA,9,104933.2,28.0,3,1,3747.6142857142854
01708499000159,DECARES COMERCIO LTDA,2,104011.5,504925.0,1,1,0.20599395949893548
27347244000100,REDALMUS COMERCIAL LTDA,28,103860.93,24834.0,2,1,4.182207054844165
43463126000105,LIVMED MATERIAIS E EQUIPAMENTOS HOSPITALARES LTDA,46,103599.25,32461.0,2,1,3.1914990296047563
30679381000148,DISTRIBUIDORA LIMPOLI LTDA,3,103556.4,21240.0,1,1,4.875536723163841
74194747000164,FARMACIA FLORACELL LTDA,2,103500.0,150000.0,1,1,0.69
19142596000192,VITALABE EQUIPAMENTOS LABORATORIAIS LTDA,2,103454.1,4670.0,1,1,22.152912205567453
29196670000107,RHODES DISTRIBUIDORA DE MATERIAIS HOSPITALARES LTDA,9,103187.2,115928.0,5,1,0.8900973017735145
35854326000160,MULTIMED COMERCIO DE MATERIAL HOSPITALAR LTDA,1,103107.5,250.0,1,1,412.43
61068755000112,SANVAL COMERCIO E INDUSTRIA LTDA,8,101691.93,476200.0,5,1,0.2135487820243595
05638301000169,TECMEDIC COMERCIO DE PRODUTOS MEDICOS LTDA.,3,101606.6,50.0,1,1,2032.132
79805263000128,KSS COMERCIO E INDUSTRIA DE EQUIPAMENTOS MEDICO LTDA,1,101600.0,2.0,1,1,50800.0
10571984000114,ASTRA FARMA COMERCIO DE MATERIAL MEDICO HOSPITALAR LTDA,7,100167.0,25880.0,2,1,3.8704404945904174
10782968000170,NUTRI HOSPITALAR LTDA,2,100160.28,836.0,2,1,119.80894736842104
23708186000133,VIVAMED COMERCIO DE MEDICAMENTOS E MATERIAL HOSPITALAR LTDA,34,100041.36,22816.0,5,1,4.384701963534362
44239382000186,PHOENIX INDUSTRIA E COMERCIO DE EQUIPAMENTOS CIENTIFICOS LTDA,1,100000.0,1.0,1,1,100000.0
10769989000156,CASA HOSPITALAR IBIPORA LTDA,1,99999.9999,1.0,1,1,99999.9999
26383168000117,PROSAUDE MATERIAL MEDICO HOSPITALAR LTDA,14,99972.76,18177.0,2,1,5.499959289211641
27904458000121,ESSENCIAL CIRURGICA ARTIGOS MEDICOS E ORTOPEDICOS LTDA,11,99766.3,8391.0,1,1,11.889679418424503
02662841000190,MASTERMED COMERCIAL LTDA,6,99654.9,4110.0,5,1,24.24693430656934
25101992000174,UGHC BRASIL IMPORTADORA LTDA,1,99580.0,1532.0,1,1,65.0
62413869000115,GIGANTE RECEM NASCIDO LTDA.,9,99409.82,382.0,3,1,260.23513089005235
17290835000126,M & R COMERCIO LTDA,147,99394.81,270990.0,2,1,0.36678405107199524
09073397000116,ECOGLOBAL COMERCIO ODONTO HOSPITALAR LTDA,1,98989.0,1100.0,1,1,89.99
43134552000103,ALP COMERCIO DE PRODUTOS PARA SAUDE LTDA,2,98980.0,20.0,1,1,4949.0
09721729000121,G D C DA SILVA COSTA LTDA,17,98766.6,13891.0,9,1,7.110114462601685
03716644000179,CASA DO BOI PRODUTOS AGROPECUARIOS LTDA,3,98655.7,1240.0,2,1,79.56104838709678
48886756000106,SILVANO CORDEIRO DOS SANTOS,87,98630.3892,9088.0,1,1,10.85281571302817
60442241000112,FERMED COMERCIO DE PRODUTOS HOSPITALARES LTDA.,2,98600.0,2800.0,1,1,35.214285714285715
07848730000196,LN DISTRIBUIDORA E COMERCIO LTDA,1,98500.0,50000.0,1,1,1.97
25773037000183,PHARMASCIENCE INDUSTRIA FARMACEUTICA S.A,3,98350.92,393888.0,3,1,0.24969260297343407
24237168000183,"TARCAL COMERCIO DE MAQUINAS, APARELHOS E EQUIPAMENTOS LTDA",2,98311.87,6.0,1,1,16385.311666666665
07185228000142,MEDICAL FARMA MEDICO HOSPITALAR LTDA,82,98033.5853,76618.0,1,1,1.2795111501213814
10396394000100,DIAGNOLAB LABORATORIOS LTDA,98,98006.0,14961.0,3,1,6.550765323173585
06086578000199,M. G. GIACOMETTI DROGARIA LTDA,182,97974.288,26009.0,1,1,3.7669379061094235
32867087000195,A & J COMERCIO LTDA,37,97803.0,59382.0,2,1,1.6470142467414368
34440014000148,DEFERTEX INDUSTRIA E COMERCIO LTDA,12,97486.99,113850.0,6,1,0.8562757136583224
21831246000185,TECH-SUL MEDICAL INDUSTRIA E COMERCIO LTDA,41,97082.63,8527.0,15,1,11.385320745866073
34715539000149,QALYCARE DISTRIBUIDORA E IMPORTADORA LTDA,5,97022.0,61900.0,3,1,1.5673990306946688
36780625000160,DROGARIA ALEGRIA LTDA,1,97000.0,5000.0,1,1,19.4
14722938000120,PROCIFAR DISTRIBUIDORA DE MATERIAL HOSPITALAR LTDA,1,96900.0,255000.0,1,1,0.38
06356085000121,TECSS - TECNOLOGIA A SERVICO DA SAUDE LTDA,2,96881.95,50.0,1,1,1937.639
13324282000124,KASVI IMPORTACAO E DISTRIBUICAO DE PRODUTOS PARA LABORATORIOS LTDA,1,96804.4,31430.0,1,1,3.0799999999999996
31131938000174,MEDIC PRODUTOS PARA SAUDE LTDA,2,96438.0,5.0,1,1,19287.6
25287284000170,ZHC PHARMA LTDA,9,96430.32,6264.0,1,1,15.394367816091956
07071740000168,FARMACIA IRMAOS NOGUEIRA LTDA,1,96030.0,1000.0,1,1,96.03
12655453000135,FORLAB COMERCIO DE EQUIPAMENTOS E MATERIAIS PARA LABORATORIOS LTDA,1,96000.0,24000.0,1,1,4.0
09058456000187,MINDRAY DO BRASIL - COMERCIO E DISTRIBUICAO DE EQUIPAMENTOS MEDICOS LTDA,1,96000.0,1.0,1,1,96000.0
58252084000130,58.252.084 GUILHERME BEZERRA SOARES,9,95850.0,175800.0,1,1,0.5452218430034129
04506487000130,HELIANTO FARMACEUTICA LTDA,4,95740.0,4150.0,3,1,23.069879518072288
22291182000130,VITAMED COMERCIO E DISTRIBUIDORA DE MEDICAMENTOS LTDA,69,95421.95,218155.0,2,1,0.4374043684536224
03812429000171,POLYSUTURE INDUSTRIA E COMERCIO LTDA,10,95314.35,11862.0,2,1,8.035268082953971
60857270000145,CLARA NUTRI LTDA,3,95150.0,2200.0,1,1,43.25
21995406000121,SANEVITTA COMERCIO E REPRESENTACOES DE PRODUTOS MEDICOS LTDA,5,95142.72,37488.0,1,1,2.5379513444302177
34369780000163,J. RIBEIRO COMERCIO ATACADISTA DE PECAS E ACESSORIOS AUTOMOTIVOS EIRELI,7,95084.35,5380.0,1,1,17.673671003717473
91083212000135,DENTARIA E DISTRIBUIDORA HOSPITALAR PORTO ALEGRENSE LTD,37,94743.5,12232.0,4,1,7.7455444735120995
26476191000156,HIROMED PRODUTOS HOSPITALARES LTDA,3,94570.0,1120.0,2,1,84.4375
05905525000190,BIOSUL PRODUTOS DIAGNOSTICOS LTDA,6,94460.0,12900.0,5,1,7.322480620155039
20740314000138,J M M PAULA GARCIA DISTRIBUIDORA,13,94436.52,111.0,3,1,850.7794594594595
10801805000198,MEDCOSTA COMERCIO DE PRODUTOS MEDICOS LTDA,2,94365.0,235.0,1,1,401.5531914893617
27117540000106,DISTRIBUIDORA HOSPITALAR RAMOS E MENDONCA LTDA,9,93532.4,56256.0,4,1,1.6626208759954493
17523381000196,DROGARIA CRISOSTIMO LTDA,6,93250.8,19560.0,1,1,4.767423312883436
45203145000128,LICITAMED PRIME COMERCIAL LTDA,1,93120.0,12.0,1,1,7760.0
36327075000129,FORTCLEAN COMERCIO DE EQUIPAMENTOS LTDA,10,91698.3,160910.0,3,1,0.5698732210552483
29544048000142,MSI COMERCIO DE MATERIAIS E EQUIPAMENTOS HOSPITALARES LTDA,1,91200.0,80000.0,1,1,1.14
29587965000104,GS HOSPITALAR LTDA,49,90710.9,257955.0,2,1,0.35165397065379617
31133295000106,FACIOLI & FACIOLI COMERCIO DE PRODUTOS HOSPITALARES LTDA,12,90694.0,18380.0,10,1,4.934385201305767
52196947000113,VIEIRA FARMA FARMACIA DO TRABALHADOR LTDA,7,90538.0,22400.0,4,1,4.041875
14766081000140,MEDGRAN INDUSTRIA E COMERCIO DE PRODUTOS HOSPITALARES LTDA,8,90517.3,69280.0,4,1,1.306543013856813
08697852000191,ENDOGERAIS EQUIPAMENTOS MEDICOS LTDA,32,90474.46,3242.0,6,1,27.906989512646515
36148696000145,CANNABR DISTRIBUIDORA DE MEDICAMENTOS LTDA,10,89825.872,132600.0,3,1,0.6774198491704374
42705829000130,HUB HEALTH DISTRIBUIDORA DE PRODUTOS HOSPITALARES LTDA,2,89748.12,63.0,2,1,1424.5733333333333
49539365000188,GHC MED DISTRIBUIDORA LTDA,3,89642.9,12850.0,2,1,6.976101167315175
54408078000179,VG COMERCIO LTDA,1,89499.9,15.0,1,1,5966.66
05049432000100,COMERCIO E REPRESENTACOES PRADO LTDA,3,89122.0,35080.0,3,1,2.5405359179019382
26332803000137,AUMED HOSPITALARES LTDA,23,89115.9,65290.0,1,1,1.3649241844080255
04712762000171,CONSORCIO INTERMUNICIPAL DE DESENVOLVIMENTO SUSTENTAVEL DA REGIAO DOS CAMPOS DE CIMA DA SERRA - CONDESUS,3,89051.4,37620.0,1,1,2.3671291866028707
28787127000111,SHIGEMOTO COMERCIAL LTDA,5,88947.28,75503.0,2,1,1.1780628584294663
13240906000125,AFH EQUIPAMENTOS HOSPITALARES LTDA.,7,88738.58,696.0,3,1,127.49795977011495
65762692000231,LIGIA MARIA MAGALHAES GERVASIO JOAO,22,88682.0401,413063.0,6,1,0.21469373945378792
26551165000145,GUSTAVO NICOLINO,188,88253.11,23848.0,3,1,3.7006503690036903
29196977000108,SORAGGE E SOSSAI MANUTENCAO E MATERIAL HOSPITALAR LTDA,29,88226.3,16102.0,4,1,5.479213762265557
28273249000190,NEO INDUSTRIA E COMERCIO DE PRODUTOS HOSPITALARES LTDA,1,88060.0,119000.0,1,1,0.74
27252621000119,KL COMERCIO E SERVICOS LTDA,2,87984.0,4550.0,1,1,19.337142857142858
40382970000113,"HEALTH-CARE COMERCIO DE MATERIAL MEDICO, CIRURGICO E HOSPITALAR LTDA.",8,87800.4,7758.0,2,1,11.317401392111368
43307039000169,ALAMO DISTRIBUIDORA MEDICO HOSPITALAR LTDA,6,87522.28,103949.0,3,1,0.8419732753561843
24262316000110,STAFF MEDICAL DISTRIBUIDORA LTDA,12,86735.2,41108.0,8,1,2.1099348058772014
06204131001653,PEROLA DISTRIBUICAO E LOGISTICA S/A,12,86728.5,71550.0,1,1,1.2121383647798742
29346301000153,LABORATORIO FARMACEUTICO VITAMED LTDA,26,86430.1,74120.0,2,1,1.1660833783054507
02165865000133,SUPRAMED COMERCIO DE PRODUTOS ODONTO MEDICO-HOSPITALAR LTDA,13,86099.7,2490.0,2,1,34.57819277108434
02501297000528,PHARLAB INDUSTRIA FARMACEUTICA S.A,2,85920.0,31200.0,2,1,2.753846153846154
18362195000185,ARLIMED DISTRIBUIDORA HOSPITALAR LTDA,5,85865.0,24850.0,3,1,3.4553319919517103
05110475000154,PERLAND PHARMACOS LTDA,1,85813.5,15055.0,1,1,5.7
36280113000135,REPROMED COMERCIO E REP DE MATERIAL HOSPITALAR LTDA,1,85680.0,510000.0,1,1,0.168
11780793000125,SAMYRAS EQUIPAMENTOS MEDICOS LTDA.,7,85565.0,3320.0,2,1,25.772590361445783
48647564000147,DROGARIA NOSSA SENHORA DAS DORES LTDA,108,85297.6236,25362.0,1,1,3.3632057251005443
10362909000143,QUALITY LIFE COMERCIO HOSPITALAR LTDA,3,85244.68,452.0,1,1,188.59442477876104
26189890000115,HORIZON MEDICAL COMERCIO DE PRODUTOS HOSPITALARES LTDA,2,85239.0,5125.0,1,1,16.632
31863595000132,VESTSEG - SOLUCOES EM VESTIMENTAS PROFISSIONAIS LTDA,1,85200.0,20000.0,1,1,4.26
07415772000133,"MICROSUTURE INDUSTRIA, COMERCIO, IMPORTACAO, EXPORTACAO E REPRESENTACAO DE MATERIAIS CIRURGICOS LTDA",6,84987.12,20088.0,2,1,4.230740740740741
17357402000140,CONTRATA COMERCIO DE PRODUTOS EM GERAL LTDA,6,84877.5,55060.0,2,1,1.5415455866327643
43286062000114,INFINITA COMERCIO E SERVICOS LTDA,22,84845.65,1650.0,2,1,51.42160606060606
58513433000120,RAFAEL STOLLBERG LTDA,33,84658.62,143662.0,1,1,0.5892902785705336
54516661008005,JOHNSON & JOHNSON DO BRASIL INDUSTRIA E COMERCIO DE PRODUTOS PARA SAUDE LTDA.,14,84534.12,20568.0,2,1,4.109982497082847
09601610000115,COSMODERMA INDUSTRIA E COMERCIO LTDA,2,84325.2,6708.0,1,1,12.570840787119856
51221610000156,SCIENCE MEDICAL PRODUTOS HOSPITALARES LTDA,1,84270.0,159000.0,1,1,0.53
16917181000155,CCAF COMERCIO DE MEDICAMENTOS E MATERIAL HOSPITALAR LTDA,21,84224.38,12280.0,3,1,6.858662866449512
19717412000175,DROGARIA PIUMHI LTDA,79,84092.82,139446.0,1,1,0.6030493524375028
30450392000151,KAIROS HOSPITALAR DISTRIBUIDORA DE MEDICAMENTOS LTDA,1,84000.0,10000.0,1,1,8.4
27230285000103,HEMI SOLUCOES E SERVICOS LTDA,2,84000.0,14000.0,2,1,6.0
66969262000177,"UNIT - INDUSTRIA, COMERCIO, IMPORTACAO E EXPORTACAO LIMITADA",7,83819.2,815.0,5,1,102.84564417177914
48495866000147,BEMED COMERCIO ATACADISTA DE PRODUTOS DE HIGIENE PESSOAL LTDA,24,83539.7,129288.0,1,1,0.646152001732566
16643051000171,MALVAGLIA COMERCIAL LTDA,5,83440.0,6000.0,2,1,13.906666666666666
19691725000100,SERRAMED PRODUTOS HOSPITALARES LTDA,10,83345.0,34400.0,4,1,2.4228197674418603
08282077000103,BIOSYSTEMS NE COMERCIO DE PRODUTOS LABORATORIAIS E HOSPITALARES LTDA,1,83020.0,2800.0,1,1,29.65
33829829000150,VIRTUS COMERCIO DE PRODUTOS MEDICOS LTDA,3,82849.72,113800.0,1,1,0.7280291739894552
34055837000150,CIRURGICAS MULLET IMPORTADORA E EXPORTADORA DE EQUIPAMENTOS HOSPITALARES E ODONTOLOGICOS LTDA,3,82618.98,17.0,2,1,4859.94
35797782000116,TERAMED PRODUTOS PARA SAUDE LTDA,1,82560.0,32.0,1,1,2580.0
35909317000120,IBITURUNA COMERCIO DE PRODUTOS FARMACEUTICOS LTDA,4,82505.0,4450.0,2,1,18.54044943820225
37070092000196,DISTRIBUIMED - DISTRIBUIDORA DE PRODUTOS HOSPITALARES LTDA,1,82460.0,10850.0,1,1,7.6
45157605000129,VRM IMPORT LTDA,3,82361.0,147.0,3,1,560.2789115646259
22077847000107,JOSE DANTAS DINIZ FILHO,8,82124.6,14232.0,4,1,5.770418774592468
03952368000148,HOSPLIFE COMERCIO DE EQUIPAMENTOS HOSPITALARES LTDA,7,81997.0,11.0,2,1,7454.272727272727
22065938000122,CCK COMERCIAL LTDA,1,81920.0,125.0,1,1,655.36
28167665000103,SOS COMERCIO DE MATERIAIS MEDICOS HOSPITALARES LTDA,4,81915.8,2080.0,3,1,39.38259615384616
15038394000144,CLAUDIA CRISTIANI OLIVEIRA FERREIRA,9,81040.35,23342.0,6,1,3.4718683060577504
51420204000112,BL DISTRIBUIDORA LTDA,4,80812.5,6850.0,1,1,11.797445255474452
30490772000110,LIFECENTER COMERCIO DE PRODUTOS PARA SAUDE LTDA,5,80300.0,592300.0,3,1,0.13557318926219822
21752958000109,SANTOS E GIULIANI LTDA,4,80188.5,312.0,1,1,257.0144230769231
01056338000128,ENDOCIRURGICA - COMERCIO DE PRODUTOS MEDICOS LTDA.,2,80160.0,510.0,2,1,157.1764705882353
18213121000187,"NOVA ERA SAUDE , COMERCIO VAREJISTA DE EQUIPAMENTOS DE FISIOTERAPIA LTDA",2,80032.0,270800.0,1,1,0.2955391432791728
06127890000183,CONKAST EQUIPAMENTOS TECNOLOGICOS LTDA,4,79828.07,125.0,1,1,638.6245600000001
16970346000152,YLLER BIOMATERIAIS S.A.,1,79650.0,1770.0,1,1,45.0
05689439000197,LUAT COMERCIO DE COMPRESSORES E PECAS LTDA,1,79649.44,26.0,1,1,3063.44
13078518000190,"FUNDACAO BAIANA DE PESQUISA CIENTIFICA E DESENVOLVIMENTO TECNOLOGICO, FORNECIMENTO E DISTRIBUICAO DE MEDICAMENTOS - BAHIAFARMA",3,79483.0,16100.0,1,1,4.936832298136646
46849303000184,INTERLAB DISTRIBUIDORA DE PRODUTOS CIENTIFICOS LTDA.,7,79216.42,10132.0,2,1,7.818438610343466
03307478000157,MAX FILMES COMERCIO LTDA,1,78980.0,2000.0,1,1,39.49
33598456000154,JMS DISTRIBUIDORA LTDA,19,78799.0,167420.0,2,1,0.4706665870266396
26685436000155,GOLD CARE COMERCIO DE MATERIAIS CIRURGICOS E HOSPITALARES LTDA,2,78600.0,100400.0,1,1,0.7828685258964143
30597921000144,IS 8 INTERNATIONAL SUPPLIES IMPORTACAO E COMERCIO DE PRODUTOS HOSPITALARES LTDA,12,78282.0,24712.0,12,1,3.167772741987698
46263981000160,MENDES & DOURADO COMERCIO DE MEDICAMENTOS LTDA,1,78280.0,2000.0,1,1,39.14
27311107000107,SC MED DISTRIBUIDORA MEDICO HOSPITALAR LTDA,10,78054.5,16835.0,5,1,4.636441936441936
38398257000116,PGSA COMERCIAL LTDA,2,78048.56,47054.0,2,1,1.658701916946487
01478274000153,N.F.N.A. FARMACEUTICA LTDA,1,78000.0,6.0,1,1,13000.0
10855398000100,EXITUSMED COMERCIO DE PRODUTOS MEDICO HOSPITALARES LTDA,4,77851.04,274.0,3,1,284.1278832116788
28431575000188,HOSPITEC COMERCIO REPRESENTACOES LTDA,1,77499.978,370.0,1,1,209.45940000000002
07978004000198,DENTAL MED EQUIPAMENTOS E MATERIAIS ODONTOLOGICOS E HOSPITALARES LTDA,58,77074.2,116380.0,6,1,0.662263275476886
33511641000160,VIDA NATURALIS COMERCIO ATACADISTA LTDA,57,77011.0,252800.0,1,1,0.30463212025316455
31509020000116,NUTRIVITTA HOSPITALAR LTDA,2,76960.0,1020.0,1,1,75.45098039215686
25249213000182,VIVA MED DISTRIBUIDORA E IMPORTADORA DE PRODUTOS MEDICOS LTDA.,2,76250.0,10000.0,1,1,7.625
18656923000323,SERVNUTRI COMERCIO DE PRODUTOS NUTRICIONAIS LTDA,11,75742.93,1493.0,1,1,50.73203616878767
26725081000180,"C M DISTRIBUIDORA, SERVICOS E LOCACOES LTDA",12,75258.0,216100.0,1,1,0.34825543729754743
03624188000137,EDIVALDO BATISTA DOS SANTOS EMBALAGENS LTDA,8,74695.9,8120.0,1,1,9.199002463054187
01202521000194,PLASTIC WAY PRODUTOS PARA A SAUDE LTDA,3,74204.67,3881.0,2,1,19.119987116722495
21596355000165,DENTAX COMERCIO DE PRODUTOS ODONTOLOGICOS LTDA,63,74002.12,3325.0,4,1,22.256276691729322
22652688000127,J C N COMERCIO E EMPREENDIMENTOS LTDA,1,74000.0,185000.0,1,1,0.4
26892450000120,JPH BARROS COMERCIAL LTDA,1,73990.0,500.0,1,1,147.98
01294500000146,CENTERMED CIRURGICA LTDA,18,73832.1,312305.0,7,1,0.23641023998975363
21296343000115,HASSEN RAAD DISTRIBUIDORA DE MEDICAMENTOS E PRODUTOS NUTRICIONAIS LTDA,1,73800.0,738000.0,1,1,0.1
05973242000185,OMEGA MED PRODUTOS MEDICO HOSPITALARES LTDA,29,73485.65,8782.0,1,1,8.367757913914826
04614288000145,DISK LIFE COMERCIO DE PRODUTOS CIRURGICOS LTDA,1,73482.5,5950.0,1,1,12.35
00535818000109,M MARCHIORE COMERCIAL FARMACEUTICA LTDA,2,73425.0,12500.0,1,1,5.874
28651151000129,LIDYFARMA COMERCIO DE PRODUTOS FARMACEUTICOS LTDA,3,72786.0,28200.0,1,1,2.581063829787234
12991532000117,JUARES LIMA DOS SANTOS,31,72421.5,8670.0,2,1,8.353114186851212
44598531000101,SAUDE BRASIL IMPORTACAO E EXPORTACAO DE PRODUTOS HOSPITALARES LTDA,2,72300.0,984000.0,1,1,0.07347560975609756
11643096000394,MYLAN LABORATORIOS LTDA.,8,71968.5,1010.0,2,1,71.25594059405941
07308989000144,VIGILANTE DA GLICOSE COMERCIO DE PRODUTOS PARA DIABETICOS LTDA,4,71910.0,603590.0,4,1,0.1191371626435163
07978528000189,MEG-LAB MATERIAL HOSPITALAR LTDA,2,71781.6,7980.0,2,1,8.995187969924812
11617468000146,DROGARIA MACACU LTDA,2,71589.6,2160.0,1,1,33.14333333333334
02684044000103,CEZAR MARIANO,20,71508.9,2473.0,1,1,28.915851192883135
12973088000107,3A DISTRIBUIDORA DE MEDICAMENTOS LTDA,28,71451.0,16250.0,2,1,4.396984615384615
27985664000103,EUROMED COMERCIO DE MEDICAMENTOS LTDA,64,71180.36,93295.0,2,1,0.7629600728870787
29468746000106,WWT COMERCIAL IMPORTADORA E EXPORTADORA DE PRODUTOS PERSONALIZADOS LTDA,1,70890.0,5100.0,1,1,13.9
17599911000180,DROGARIA NOSSA SENHORA APARECIDA DE ITAMOGI LTDA,21,70665.2,78400.0,2,1,0.9013418367346938
05536092000142,COMPANHIA HOSPITALAR LTDA,1,70549.05,41745.0,1,1,1.6900000000000002
55311052000170,TM COMERCIO DE PRODUTOS PARA SAUDE LTDA,4,70312.0,1550.0,2,1,45.36258064516129
09609356000100,GNATUS PRODUTOS MEDICOS E ODONTOLOGICOS LTDA,4,70191.2,416.0,2,1,168.72884615384615
44385344000131,VITALCURE PRODUTOS MEDICOS NUTRICIONAIS LTDA,1,70060.0,31.0,1,1,2260.0
31614778000114,EQAT SOLUCOES HOSPITALARES LTDA,1,70000.0,1.0,1,1,70000.0
55126981000100,GFE DO BRASIL LIMITADA,1,70000.0,100.0,1,1,700.0
26304688000197,LAGOLD COMERCIO HOSPITALAR LTDA,1,69809.6,1084.0,1,1,64.4
37348946000153,OG MED EQUIPAMENTOS DE PROTECAO LTDA,1,69000.0,300000.0,1,1,0.23
36403055000190,MLJ DISTRIBUIDORA LTDA,2,68900.0,230000.0,1,1,0.2995652173913044
59043023000126,LIFE GOLD HOSPITALAR LTDA,57,68833.96,5813.0,4,1,11.841383106829522
26518793000129,RESENDE DIAGNOSTICOS LTDA,2,68650.0,2000.0,1,1,34.325
07047086000157,NEWCHEM INDUSTRIA QUIMICA LTDA,1,68000.0,400000.0,1,1,0.17
08474646000112,FORTECARE INDUSTRIA DE PRODUTOS MEDICOS LTDA,6,67896.0,6694.0,4,1,10.142814460711085
35848045000103,PRINCE MED DISTRIBUIDORA DE PRODUTOS HOSPITALARES LTDA,1,67600.0,20000.0,1,1,3.38
20995679000103,MC MURA PEREIRA COMERCIO DE PRODUTOS FARMACEUTICOS,5,67574.4,5956.0,4,1,11.345601074546675
21573367000174,E DA PASCOA ASSIS,27,67489.47,1961.0,6,1,34.41584395716471
03661563000119,HOSPIMEDICAL MATERIAIS MEDICOS HOSPITALARES LTDA,20,65937.11,20653.0,3,1,3.1926165690214496
43219256000105,LIFE CLEAN COMERCIO DE EQUIPAMENTOS LTDA,5,65701.0,76200.0,2,1,0.8622178477690289
53317162000114,MEDRIO DISTRIBUIDORA HOSPITALAR LTDA,1,65574.588,348801.0,1,1,0.188
31246364000180,MED RIOS COMERCIO DE MEDICAMENTOS E MATERIAIS HOSPITALARES LTDA,3,65540.0,2230.0,2,1,29.390134529147982
17737428000114,HOSPITRONICA - COMERCIO DE EQUIPAMENTOS MEDICO HOSPITALAR LTDA,9,65062.9996,22.0,3,1,2957.409072727273
38756680000140,DKT DO BRASIL PRODUTOS DE USO PESSOAL LTDA,1,65000.0,1000.0,1,1,65.0
01623403000150,BIOTEXTIL INDUSTRIA E COMERCIO LTDA,1,64887.0,2515.0,1,1,25.8
47869078000453,DIPROMED COMERCIO E IMPORTACAO LTDA,16,64772.0,28150.0,2,1,2.3009591474245115
11958200000178,MEDYLOG LOGISTICA E DISTRIBUICAO LTDA,2,64770.0,15432.0,2,1,4.1971228615863145
42794327000122,SAMMED DROGARIA E MEDICAMENTOS ESPECIAIS LTDA,2,64508.8,2720.0,1,1,23.716470588235296
01178574000117,ABC DATASAUDE SERVICOS FARMACEUTICOS LTDA,4,64500.0,430000.0,2,1,0.15
03213418000175,BUNKER COMERCIAL LTDA,1,64500.0,5.0,1,1,12900.0
24864422000173,C E C IMPORTACAO E COMERCIO DE PRODUTOS MEDICOS LTDA,39,64401.19,469.0,7,1,137.31597014925373
28921456000103,ALM COMERCIO DE PRODUTOS PARA SAUDE LTDA,5,64300.0,2100.0,1,1,30.61904761904762
09505300000105,PROTFLEX PRODUTOS INDUSTRIAIS LTDA,2,64122.0,1530.0,1,1,41.909803921568624
21544672000138,W&J DISTRIBUIDORA DE MEDICAMENTOS E MATERIAL HOSPITALAR LTDA,2,64095.0,3810.0,2,1,16.822834645669293
27270402000162,CRISANTO ABILIO DE SOUSA NETTO,73,63425.9,106710.0,1,1,0.594376347108987
45216228000151,GM COMERCIAL HOSPITALAR LTDA,76,63406.99,66115.0,2,1,0.9590409135597066
42837716000198,IN VITRO DIAGNOSTICA LTDA,22,63371.36,351.0,1,1,180.54518518518518
53942344000186,ALL SERV COMERCIO E SERVICOS LTDA,12,63279.0,17350.0,2,1,3.647204610951009
30016004000129,ALINE DE FRANCA MANGUEIRA LTDA,7,63194.9,1530.0,5,1,41.303856209150325
37174427000116,AB MED DISTRIBUICAO DE MEDICAMENTOS LTDA,70,63191.32,179001.0,1,1,0.35302216188736374
53741290000190,SUPRA LTDA,4,62998.0,540.0,2,1,116.66296296296296
10778913000197,"METAL SOLUTION DO BRASIL MOVEIS, EQUIPAMENTOS E PRODUTOS PARA SAUDE LTDA",3,62887.75,240.0,1,1,262.03229166666665
02608793000151,"EXCELLENCE MEDICAL COMERCIO, IMPORTACAO E EXPORTACAO LTDA",14,62749.4,2750.0,2,1,22.817963636363636
08393709000106,SILVA E DELGADO COMERCIO DE PRODUTOS MEDICOS E HOSPITALARES LTDA,9,62162.1,19074.0,2,1,3.2589965397923875
34707374000163,SPV COMERCIAL LTDA,7,62012.36,8046.0,1,1,7.7072284364901815
16624414000121,WESLEY REGO BADARO,2,61866.0,980.0,1,1,63.128571428571426
28530912000194,HOSPMEDICA DISTRIBUIDORA DE MEDICAMENTOS LTDA,30,61749.23,33409.0,1,1,1.8482813014457182
43239945000173,HOSPGYN DISTRIBUIDORA LTDA,61,61647.0,127000.0,1,1,0.48540944881889764
09381459000157,ES INDUSTRIA DE CONFECCOES LTDA,8,61609.6,1788.0,2,1,34.45727069351231
23654188000197,ARAUCCOM INDUSTRIAL LTDA,1,61413.75,7725.0,1,1,7.95
15626139000112,EBERSON ANTONIO CHMIEL MEDICAMENTOS,19,61357.0,101600.0,3,1,0.6039074803149607
07415627000152,TKL IMPORTACAO E EXPORTACAO DE PRODUTOS MEDICOS E HOSPITALARES LTDA,1,61200.0,45000.0,1,1,1.36
03919932000120,MUNIZ & ROCHA LTDA,8,61154.32,235.0,2,1,260.2311489361702
19427051000203,LABORATORIO DE ANALISE CLINICA VILHENA LTDA,1,61000.0,25000.0,1,1,2.44
37585703000139,HIGIA FABRICACAO DE ACESSORIOS PARA SEGURANCA LTDA,1,60984.0,6600.0,1,1,9.24
14504853000175,PASSOS COMERCIAL HOSPITALAR LTDA,29,60879.7,7170.0,2,1,8.490892608089261
04459117000199,SAMTEC BIOTECNOLOGIA LTDA,5,60798.36,142672.0,3,1,0.4261407984748234
16926786000102,REAG-LAB COMERCIO DE PRODUTOS MEDICOS E HOSPITALARES LTDA,2,60756.0,20350.0,1,1,2.9855528255528254
43575877000466,DROGARIA NOVA ESPERANCA LTDA,14,60613.206,257706.0,4,1,0.23520292891900071
12185204000123,VITANET COMERCIO DE EQUIPAMENTOS & TRANSPORTES RODOVIARIOS LTDA,1,60580.0,1.0,1,1,60580.0
40618304000131,FOCCUS DISTRIBUIDORA DE EQUIPAMENTOS LTDA,5,60442.6,896.0,2,1,67.45825892857142
31940808000182,DELCA ARTIGOS MEDICOS LTDA,2,60415.0,14750.0,1,1,4.095932203389831
11157931000114,SUPRIMED COMERCIO DE MATERIAIS HOSPITALARES LTDA,4,60396.65,7.0,2,1,8628.092857142858
10450805000190,FLUKKA FARMACIA DE MANIPULACAO LTDA,4,60395.0,934.0,4,1,64.6627408993576
64711500000114,UCB BIOPHARMA LTDA.,3,60272.69,5665.0,1,1,10.639486319505737
21324430000139,CERQUEIRA COMERCIO LTDA,15,60236.75,62765.0,4,1,0.9597187923205608
04299175000100,RIMACRI COMERCIAL LTDA,1,60200.0,700.0,1,1,86.0
31111756000131,ALEXANDRE SOUSA DA SILVA DROGARIA,28,60086.6178,3048.0,1,1,19.713457283464567
09944371000287,SULMEDIC COMERCIO DE MEDICAMENTOS LTDA,1,60027.0,5100.0,1,1,11.77
22283196000101,BH LABORATORIOS LTDA,1,60000.0,1.0,1,1,60000.0
13937131002357,BAHIA SECRETARIA DE SAUDE DO ESTADO,1,60000.0,3000.0,1,1,20.0
18712730000180,WILL COMERCIAL LTDA,8,59946.68,12632.0,3,1,4.745620645978468
42375447000195,CONCEPT HOSPITALAR PRODUTOS MEDICOS LTDA,1,59850.0,30.0,1,1,1995.0
32258056000137,"LICITATRADE SERVICO, COMERCIO E IMPORTACAO LTDA",4,59805.0,8700.0,3,1,6.874137931034483
35335996000170,C. OLIVEIRA PINTO JUNIOR LTDA,8,59729.6,15960.0,4,1,3.742456140350877
00949616000103,COLLERE COMERCIO DE MEDICAMENTOS LTDA.,3,59550.0,61000.0,1,1,0.9762295081967213
00671994000178,GIROGAZ COMERCIAL DE OXIGENIO LTDA,5,59460.0,911.0,2,1,65.2689352360044
03749855000108,R.A.M MARQUES COMERCIO DE PRODUTOS MEDICOS LTDA,10,59427.62,1318.0,2,1,45.089241274658576
15864150000110,FARMACIA E DROGARIA GUIOMAR LTDA,55,59384.8,24088.0,2,1,2.4653271338425773
06867357000158,DISTRIBUIDORA PARANHOS ARTIGOS PARA LABORATORIOS LTDA,3,59378.0,800.0,1,1,74.2225
10842256000108,GROW QUIMICA E FARMACEUTICA LTDA.,1,59298.0,600.0,1,1,98.83
07969641000106,MARQ TECH COMERCIO E SERVICOS LTDA,49,59263.0,3591.0,1,1,16.50320245057087
41774511000148,CENTRAL LIFE DISTRIBUIDORA DE PRODUTOS PARA SAUDE LTDA,21,59241.5,20055.0,1,1,2.9539516330092246
38049647000180,ANOVA PRODUTOS HOSPITALARES LTDA,1,59200.0,20000.0,1,1,2.96
24922642000106,ECO VIDA COMERCIO E INDUSTRIA DE EMBALAGENS PLASTICA LTDA,1,59000.0,10000.0,1,1,5.9
30323616000164,QUICKBUM E-COMMERCE LTDA,11,58975.2,102.0,8,1,578.1882352941176
27839404000120,AJS COMERCIAL LTDA,8,58682.0,10426.0,3,1,5.628428927680798
04948894000105,GPACK ECO EMBALAGENS LTDA,2,58600.0,200000.0,1,1,0.293
07295190000160,DBI COMERCIO E IMPORTACAO LTDA,1,58500.0,225000.0,1,1,0.26
48849683000182,LIFEPAR DISTRIBUIDORA LTDA,4,58491.2,32.0,3,1,1827.85
02715655000171,CIRURCENTER PRODUTOS HOSPITALARES LTDA,5,58204.0,1024200.0,1,1,0.056828744385862134
14779687000110,JOSE CARLOS DE SOUZA PRODUTOS FARMACEUTICOS LTDA,10,57897.2601,3642.0,4,1,15.897106013179572
19877178000143,CRUZEL COMERCIAL LTDA,3,57654.0,3570.0,3,1,16.149579831932773
29084363000134,DENTAL CONCEITO COMERCIO DE PRODUTOS ODONTOLOGICOS MEDICOS E HOSPITALARES LTDA,34,57609.2608,5313.0,2,1,10.84307562582345
05119925000170,J.C.M. GUTIERREZ - MEDICAMENTOS,7,57601.05,79470.0,1,1,0.7248150245375614
02881877000407,POLAR FIX INDUSTRIA E COMERCIO DE PRODUTOS HOSPITALARES LTDA,1,57500.0,115000.0,1,1,0.5
07404103000166,HUMANAS DISTRIBUIDORA BIOMEDICA LTDA,16,57406.8,18444.0,1,1,3.1124918672739104
03426484000123,SALDANHA RODRIGUES LTDA,7,57191.5,173100.0,4,1,0.33039572501444253
84683481019943,CIA LATINO AMERICANA DE MEDICAMENTOS,3,57164.0,12780.0,2,1,4.472926447574335
70220801000148,DROGAMEDICA HELIOPOLIS LTDA,11,57138.0,76656.0,1,1,0.7453819661865999
75566190000108,EDEZIO BALLAROTI & CIA LTDA,10,57118.1,9870.0,1,1,5.7870415400202635
03362758000168,APOTEK COMERCIAL LTDA,2,57100.0,65000.0,1,1,0.8784615384615385
38049999000136,D MED DISTRIBUIDORA DE MATERIAL HOSPITALAR LTDA,3,57090.0,3300.0,3,1,17.3
57161373000161,MTK HOSPITALAR LTDA,27,57051.95,14969.0,9,1,3.8113401028792837
15182741000108,BCR COMERCIO DE PRODUTOS NUTRICIONAIS E HOSPITALARES LTDA,7,56968.8,2353.0,2,1,24.21113472163196
27187758000137,BML HOSPITALAR LTDA,7,56924.65,2433.0,3,1,23.396896835182904
29689057000121,P S M EQUIPAMENTOS MEDICOS LTDA,2,56900.0,3.0,2,1,18966.666666666668
34739557000160,A. P. DA SILVA & SILVA COM. DE MEDICAMENTOS LTDA,19,56881.2,7155.0,4,1,7.949853249475891
34236576000174,SUPREMA DISTRIBUIDORA DE MEDICAMENTOS E MATERIAL MEDICO HOSPITALAR LTDA,102,56807.5,76388.0,2,1,0.7436704718018537
09236133000136,S. A. MIAN LTDA,48,56793.7,41994.0,1,1,1.3524241558317853
05923871000109,ALPHARAD MATERIAIS PARA DIAGNOSTICOS LTDA,5,56743.0,7815.0,4,1,7.260780550223928
30540358000178,BIOGRAM COMERCIO DE INSUMOS FARMACEUTICOS LTDA,10,56593.0,28580.0,3,1,1.9801609517144856
01831385000100,BLISFARMA INDUSTRIA ALIMENTICIA LTDA,3,56500.0,650.0,1,1,86.92307692307692
57202418000107,AIMARA COMERCIO E REPRESENTACOES LTDA,1,56400.0,3000.0,1,1,18.8
20371330000109,"MUNDI EQUIPAMENTOS MEDICOS, ODONTOLOGICOS E VETERINARIOS LTDA",10,56337.63,99.0,6,1,569.0669696969696
25123729000186,PLACIDO- COMERCIO DE MATERIAIS CIRURGICOS E HOSPITALAR LTDA,41,56242.12,27831.0,3,1,2.0208443821637743
34771531000108,DISTRIBEM MED. E MAT. HOSP. LTDA,3,56000.0,24000.0,1,1,2.3333333333333335
21234107000174,B. C. OLIVEIRA COMERCIO E SERVICOS LTDA.,2,55980.0,28800.0,1,1,1.94375
02776642000102,PESENTI & PELAIS LTDA,2,55900.0,7.0,2,1,7985.714285714285
06697493000147,REINALDO PERSONA FARMACIA DE MANIPULACAO LTDA,17,55834.2,177900.0,5,1,0.31385160202360873
02419460000184,LABTECH PRODUTOS PARA LABORATORIOS E HOSPITAIS LTDA,8,55692.0,20080.0,2,1,2.7735059760956173
13889622000164,MOMILLI COMERCIAL LTDA,2,55410.0,8100.0,1,1,6.840740740740741
49512159000184,CREARE TECH LTDA,9,55329.6,106.0,1,1,521.9773584905661
37107761000157,PMW COMERCIO DE PRODUTOS HOSPITALARES LTDA,5,55220.41,101648.0,1,1,0.5432513182748309
93327161000175,PRHODENT COMERCIO DE PRODUTOS HOSPITALARES E DENTARIOS LTDA,70,55148.7,6641.0,5,1,8.304276464387893
10972948000162,BRAZMIX COMERCIO VAREJISTA E ATACADISTA LTDA,6,54862.8,38000.0,2,1,1.4437578947368421
04282320000132,C. A. B NASCIMENTO LTDA,34,54730.0,90125.0,1,1,0.6072676837725381
23359559000108,ABASANTOS DISTRIBUIDORA LTDA,1,54500.0,5000.0,1,1,10.9
22680187000154,NUTRI CARE PRODUTOS PARA SAUDE LTDA,8,54451.35,4850.0,5,1,11.227082474226803
73318693000139,V P - MEDICAMENTOS LTDA,60,54438.35,25478.0,4,1,2.1366806656723445
23700376000104,CACOAL GASES COMERCIO E DISTRIBUICAO LTDA,1,54320.0,8000.0,1,1,6.79
12313826000190,RET FARMA DISTRIBUIDORA DE MEDICAMENTOS E PRODUTOS HOSPITALARES LTDA,9,54282.0,81000.0,2,1,0.6701481481481482
19907582000112,SERRANA DISTRIBUIDORA DE PRODUTOS PARA SAUDE LTDA,4,54210.0,192600.0,1,1,0.2814641744548287
03197867000177,NUTRI CARE LTDA,1,54172.8,144.0,1,1,376.20000000000005
47211350000160,GLITTERS PRODUTOS MEDICOS LTDA,2,54126.6,30.0,1,1,1804.22
36602953000177,DIOMA PRODUTOS MEDICOS HOSPITALARES LTDA,1,54000.0,100000.0,1,1,0.54
10795950000103,LANCELETTE BIOMEDICAL LTDA,2,53990.0,115000.0,2,1,0.46947826086956523
02858842000104,DML DISTRIBUICAO LTDA,1,53985.0,500.0,1,1,107.97
07936090000176,BIOMED DISTRIBUIDORA HOSPITALAR E LABORATORIAL NOSSA SENHORA DA CONCEICAO LTDA,62,53792.88,91834.0,3,1,0.5857621360280506
31375959000135,INFRAMED SOLUCOES TECNOLOGICAS LTDA,1,53720.0,10.0,1,1,5372.0
08822673000139,COMERCIAL 3V - MEDICAMENTOS E PERFUMARIA LTDA,124,53584.46,21557.0,1,1,2.4857104420837777
27401513000160,DEVANT CARE COMERCIAL LTDA,9,53550.4,27560.0,4,1,1.9430478955007258
07164711000140,FUFA-SC COMERCIO E REPRESENTACAO LTDA,5,53408.4,18510.0,2,1,2.885380875202593
22846832000166,ALTS COMERCIO DE MATERIAIS E EQUIPAMENTOS HOSPITALARES LTDA,2,53395.0,1700.0,1,1,31.408823529411766
63777940000101,TECNOMED DISTRIBUIDORA DE PRODUTOS FARMACEUTICOS E MEDICO-HOSPITALARES LTDA,8,53318.0,16500.0,2,1,3.2313939393939393
07490775000131,VEBRA SOLUCOES HOSPITALARES LTDA,1,53300.0,65000.0,1,1,0.82
10724350000154,JCP COMERCIAL DESKART LTDA,3,53279.0,8500.0,2,1,6.268117647058824
09394821000124,FARMACIAS ASSOCIADAS DE CRISSIUMAL LTDA,4,53219.535,2265.0,1,1,23.496483443708613
46089845000104,REDE DOUTOR FARMA COMERCIO DE MEDICAMENTOS LTDA,27,53160.0,138900.0,1,1,0.3827213822894168
09623401000172,MACEDO COMERCIO DE PRODUTOS DE LIMPEZA LTDA,1,53053.0,6890.0,1,1,7.7
34063076000188,H.H. CAVALARO LTDA,11,52930.98,8550.0,2,1,6.1907578947368425
19717870000104,KIENTRO BRASIL LTDA,16,52856.55,24254.0,6,1,2.1792920755339327
07370983000105,J.R. COMERCIO DE FIOS LTDA,12,52842.24,7118.0,5,1,7.423748243888732
14585053000126,FARMACIA MARINGA LTDA,51,52816.78,25774.0,1,1,2.049227128113603
38405762000140,STAN COMERCIO DE PRODUTOS MEDICOS LTDA,7,52747.94,1296.0,2,1,40.700570987654324
84521053000148,TAPAJOS COMERCIO DE MEDICAMENTOS LTDA,57,52740.55,47517.0,1,1,1.1099301302691669
29684349000171,LIBMED DISTRIBUIDORA DE MEDICAMENTOS E PRODUTOS HOSPITALARES LTDA,2,52710.0,840000.0,1,1,0.06275
29178366000137,VITAL PRODUTOS PARA SAUDE LTDA,7,52262.84,19154.0,4,1,2.728560091886812
31345856000122,PRIME COMERCIO ATACADISTA DE EQUIPAMENTOS DE INFORMATICA LTDA,1,52136.0,560.0,1,1,93.1
25153414000181,Z3 HOSPITALAR LTDA,1,52062.5,612500.0,1,1,0.085
27300682000104,BMH PRODUTOS MEDICOS HOSPITALARES LTDA,2,51720.0,1440.0,1,1,35.916666666666664
05050260000195,PROCARE - COMERCIO DE PRODUTOS HOSPITALARES LTDA.,1,51658.0,1123.0,1,1,46.0
32981941000140,VIDA FARMA LTDA,32,51623.0,111300.0,2,1,0.46381850853548967
37999882000150,JESSIKA MAYARA LEITE AKUCEVIKUS FERREIRA 08112698929,1,51600.0,32000.0,1,1,1.6125
10483434000143,CASA DAS FORMULAS FARMACIA E MANIPULACAO LTDA,17,51473.54,17998.0,5,1,2.85995888432048
03869526000281,J.R.D. INDUSTRIA FARMACEUTICA LTDA,7,51415.2,6048.0,1,1,8.501190476190475
46960146000180,CVL SANTOS LOPES LTDA,21,51310.5,1475.0,6,1,34.78677966101695
32407715000150,CUSTOMED PRODUTOS HOSPITALARES E MEDICAMENTOS LTDA,10,51187.1,13830.0,3,1,3.70116413593637
61771120000187,SUTCARE LTDA,8,51039.76,28901.0,2,1,1.7660205529220443
10854165000508,F & F DISTRIBUIDORA DE PRODUTOS FARMACEUTICOS LTDA,18,50865.04,103320.0,3,1,0.492305845915602
28492207000140,C DE CARVALHO COMERCIAL LTDA,8,50806.0,123500.0,2,1,0.4113846153846154
03578434000161,CALUX COMERCIAL LTDA,2,50575.0,92500.0,2,1,0.5467567567567567
06149569000108,MED CARMO HOSPITALAR LTDA,9,50519.37,19021.0,1,1,2.655978655170601
37052250000185,INVICTO COMERCIO DE PRODUTOS PARA SAUDE LTDA,7,50433.52,38711.0,3,1,1.3028214202681407
10980954000161,A L COMERCIO E SERVICOS LTDA,5,50282.0,187600.0,1,1,0.2680277185501066
82641325002161,CREMER S.A.,1,50160.0,6000.0,1,1,8.36
74127473000271,DIMERIOS COMERCIO DE MATERIAIS CIRURGICOS LTDA,5,50154.0,46025.0,1,1,1.089712112982075
37124240000108,FARMAUSA PHARMACEUTICAL LTDA.,2,49920.0,21.0,2,1,2377.1428571428573
33296918000189,LH COMERCIO DE MEDICAMENTOS LTDA,12,49883.65,331000.0,3,1,0.1507058912386707
50207017000192,MEDICAL CENTER CACOAL LTDA,8,49800.18,26847.0,5,1,1.8549625656497932
31531888000112,GVFLEX INDUSTRIA E COMERCIO DE PRODUTOS PARA SAUDE LTDA,6,49623.6,5924.0,2,1,8.376704929101958
08087373000153,VGMED COMERCIO E DISTRIBUIDORA DE PRODUTOS LTDA,17,49556.82,181510.0,3,1,0.2730252878629277
03507415000144,ESTADO DE MATO GROSSO,1,49500.0,4500.0,1,1,11.0
02078622000168,BIOMEDICAL COMERCIO E DISTRIBUICAO DE PRODUTOS CORRELATOS LTDA,26,49255.15,6655.0,1,1,7.401224643125469
36181473000180,BIDDEN COMERCIAL LTDA.,1,49240.0,1000.0,1,1,49.24
09028635000171,SIGNAZ PRODUTOS E NEGOCIOS LTDA,2,49238.4,180.0,1,1,273.5466666666667
08726881000134,DECOM - COMERCIO DE EQUIPAMENTOS E PRODUTOS ODONTOLOGICOS MEDICOS E HOSPITALARES LTDA,68,49119.6,5630.0,1,1,8.724618117229129
17238455000142,A A Z SAUDE COMERCIO DE PRODUTOS MEDICOS E HOSPITALARES LTDA,11,48979.74,894.0,3,1,54.78718120805369
08651657000120,ALL SOLUTIONS MEDICAL - PRODUTOS MEDICOS HOSPITALARES LTDA,4,48950.0,180.0,2,1,271.94444444444446
11729400000159,PROFILAX COMERCIO DE PRODUTOS MEDICOS E HOSPITALARES LTDA,2,48924.0,243480.0,1,1,0.20093642188270083
41507227000105,JAB COMERCIO E DISTRIBUICAO DE PRODUTOS LTDA,1,48861.54,4446.0,1,1,10.99
24479444000110,ARAMED COMERCIAL HOSPITALAR LTDA,5,48594.54,2117.0,3,1,22.954435521965046
17227485000153,L G PRODUTOS HOSPITALARES LTDA,30,48574.2,39209.0,4,1,1.2388533244918258
18033901000145,HABITABR DISTRIBUIDORA LTDA,2,48515.0,5900.0,2,1,8.222881355932204
05340608000189,SIPROLIMP - SIMIONATO PRODUTOS DE LIMPEZA LTDA,2,48300.0,10000.0,2,1,4.83
42322863000125,IMPULSE PRODUTOS HOSPITALARES LTDA,8,48267.6404,9376.0,2,1,5.147999189419795
11128636000130,ELO DISTRIBUIDORA DE MEDICAMENTOS E PRODUTOS PARA SAUDE LTDA,4,48228.0,33600.0,2,1,1.4353571428571428
32170135000191,PRIMUS MEDICAL DISTRIBUIDORA LTDA,1,48000.0,1000.0,1,1,48.0
41582087000130,WILLIAMS CENTRO DE DISTRIBUICAO DE MEDICAMENTOS LTDA,15,47631.08,155990.0,3,1,0.30534700942368104
07565780000166,T R S DISTRIBUIDORA DE MATERIAIS HOSPITALARES LTDA,7,47552.11,17143.0,1,1,2.773849967916934
62488184000138,INPHARMA LABORATORIOS LTDA,11,47476.0,103200.0,1,1,0.46003875968992247
01463618000150,SERGILAB PRODUTOS HOSPITALARES E LABORATORIAIS LTDA,12,47466.7,29691.0,2,1,1.5986898386716513
30860667000125,ANA P. BRITO DE ALMEIDA LTDA,6,47425.0,37500.0,1,1,1.2646666666666666
74913278000196,PETINELI DISTRIBUIDORA DE MATERIAL MEDICO HOSPITALAR LTDA,4,47079.3,350.0,1,1,134.51228571428572
24603766000129,MANANCIAL MEDICAL LTDA,2,46945.5,509.0,2,1,92.23084479371316
12664453000100,A7 DISTRIBUIDORA DE MEDICAMENTOS LTDA,2,46790.0,251000.0,1,1,0.18641434262948206
54178983000180,HOSPIMETAL INDUST METALURG DE EQUIP HOSPITALARES LTDA,1,46733.33,1.0,1,1,46733.33
34635183000133,PROMED ASSESSORIA EM SAUDE LTDA,5,46697.76,12804.0,1,1,3.6471227741330834
59903312000158,R P HOSPITALAR LTDA,14,46643.6,169260.0,4,1,0.27557367363818974
22910512000128,SUTUMED INDUSTRIA E COMERCIO DE PRODUTOS CIRURGICOS LTDA,20,46331.64,36388.0,5,1,1.2732670111025612
27602134000139,HEALTH SANTA LUZIA LTDA,1,46249.92,106.0,1,1,436.32
42038727000108,SENA COMERCIO DE PRODUTOS PARA A SAUDE LTDA,5,46214.24,25076.0,2,1,1.8429669803796458
09660958000183,S3 MED DISTRIBUIDORA DE MEDICAMENTOS LTDA - EM RECUPERACAO JUDICIAL,1,45934.2,46800.0,1,1,0.9814999999999999
01513946000114,BOSTON SCIENTIFIC DO BRASIL LTDA,1,45802.0,50.0,1,1,916.04
17875154000120,MEDQUIMICA INDUSTRIA FARMACEUTICA LTDA.,5,45755.0,395850.0,4,1,0.11558671213843627
16667433000135,VTA MACHADO DE ARRUDA LTDA,1,45738.0,660.0,1,1,69.3
01409230000171,WOORD & MAURO LTDA,78,45726.502,12333.0,1,1,3.707654423092516
04970285000144,GAMACORP HOSPITALAR - COMERCIO DE MEDICAMENTOS LTDA,1,45714.24,5616.0,1,1,8.139999999999999
06283056000187,CW ARTIGOS DO VESTUARIO LTDA,3,45597.41,10899.0,3,1,4.183632443343426
55316380000160,INNOVA PHARMA FARMACIA DE MANIPULACAO LTDA,7,45406.0,14.0,1,1,3243.285714285714
08311856000190,IMPACTO PRODUTOS MEDICOS E HOSPITALARES LTDA,5,45309.5,5755.0,1,1,7.873066898349261
48921961000165,ESF II PRODUTOS MEDICO-HOSPITALARES LTDA,3,45186.12,2732.0,2,1,16.539575402635432
36731457000113,ROTA DISTRIBUIDORA LTDA,6,45180.0,13300.0,1,1,3.3969924812030077
04790724000137,DISTRIBUIDORA DE MEDICAMENTOS PAULO LIMA S/A,2,45166.44,24.0,1,1,1881.9350000000002
47312805000134,UNIVERSO DISTRIBUIDORA DE MEDICAMENTOS LTDA,2,45143.4,2400.0,1,1,18.80975
03119609000172,DISTRIBUIDORA BRASIL DE MEDICAMENTOS LTDA,7,44857.5,22350.0,1,1,2.007046979865772
00512932000113,QUALYS DIAGNOSTICOS COMERCIO LTDA.,1,44850.0,19500.0,1,1,2.3
63685325000175,2A DISTRIBUIDORA DE PRODUTOS HOSPITALARES LTDA,1,44850.0,195000.0,1,1,0.23
57654886000104,A-R DISTRIBUIDORA HOSPITALAR LTDA,22,44538.0,40100.0,1,1,1.1106733167082294
20402099000165,PRESTAMED HOSPITALAR LTDA,3,44454.06,2344.0,2,1,18.96504266211604
01648513000176,PKB PRODUTOS QUIMICOS LTDA,3,44413.0,6650.0,1,1,6.678646616541354
44755855000106,BIG MED DISTRIBUIDORA DE MEDICAMENTOS LTDA,2,44400.0,123000.0,1,1,0.36097560975609755
37029855000155,REINALDO FARMA LTDA,61,44397.6,239488.0,2,1,0.18538548904329236
46762646000107,BIOVIDA DISTRIBUIDORA DE PRODUTOS HOSPITALARES LTDA,1,44200.0,221000.0,1,1,0.2
25161681000109,PRATICA MEDICA COMERCIO E SERVICOS LTDA,4,44118.04,10450.0,1,1,4.221822009569378
43854777000126,BUNZL EQUIPAMENTOS PARA PROTECAO INDIVIDUAL LTDA,1,44100.0,700.0,1,1,63.0
94022654000160,LABORATORIO QUIMICO FARMACEUTICO TIARAJU LTDA,1,44000.0,400.0,1,1,110.0
47193115000103,CIRURGICA BRASIL COMERCIAL E IMPORTADORA LTDA,2,43971.45,695.0,2,1,63.26827338129496
33330526000199,BE DISTRIBUIDORA DE PRODUTOS LTDA,3,43870.0,950.0,1,1,46.17894736842105
49538524000120,SC COMERCIO E SERVICOS ESPECIALIZADOS LTDA,1,43860.4,94.0,1,1,466.6
61518314000175,BOMPP - DISTRIBUIDORA DE NUTRICAO E MEDICAMENTOS HOSPITALARES LTDA,3,43806.74,41800.0,1,1,1.0480081339712919
27313181000162,NEO HOSPITALAR LTDA,2,43792.94,122.0,1,1,358.95852459016396
07504668000115,DROGARIA PRATA LTDA,11,43760.0,48200.0,1,1,0.9078838174273859
27602029000108,JLM DISTRIBUIDORA COMERCIO E SERVICOS LTDA,13,43724.0,5200.0,1,1,8.40846153846154
20317146000172,MB DENTAL COMERCIO LTDA,24,43677.9,41780.0,2,1,1.045426041168023
11463608000330,ERIMAR INDUSTRIA E COMERCIO DE PRODUTOS PARA SAUDE LTDA,1,43548.0,60000.0,1,1,0.7258
41342194000190,HOSPMED - COMERCIO ATACADISTA E VAREJISTA DE PRODUTOS MEDICOS E HOSPITALARES LTDA,10,43405.0,87050.0,2,1,0.49862148190695005
43044418000103,M TESTA ATACADO LTDA,8,43392.6,90834.0,5,1,0.47771319109584515
67403154000103,A. M. MOLITERNO LTDA,8,43345.3,4473.0,2,1,9.690431477755421
09300300000160,LEMARC PRODUTOS MEDICOS HOSPITALARES LTDA,3,43247.6,1700.0,1,1,25.439764705882354
05254971000181,ZYDUS NIKKHO FARMACEUTICA LTDA,4,43200.0,133600.0,4,1,0.32335329341317365
16826856000150,ACR MEDCAL PRODUTOS PARA SAUDE LTDA,4,43003.0,12050.0,2,1,3.568713692946058
41302176000185,LC PRODUTOS HOSPITALARES LTDA,9,42926.6,52068.0,2,1,0.8244334332027349
17992985000181,D M C MESSIAS LTDA,7,42900.08,111632.0,2,1,0.3842991256987244
05161069000544,BRAINFARMA INDUSTRIA QUIMICA E FARMACEUTICA S.A.,5,42784.7,369200.0,2,1,0.11588488624052004
21707794000106,FASTLABOR COMERCIAL LTDA,5,42748.7,55600.0,3,1,0.7688615107913669
21544585000180,JM COMERCIO DE PRODUTOS HOSPITALARES E MEDICAMENTOS LTDA,2,42713.0,121.0,1,1,353.0
46774467000190,AVAM FARMA DISTRIBUIDORA DE MEDICAMENTOS LTDA,3,42370.0,708200.0,1,1,0.05982773227901723
30140796000149,SAM FARMA COMERCIO VAREJISTA DE PRODUTOS FARMACEUTICOS LTDA,10,42300.0,40000.0,1,1,1.0575
33348467000186,SHALON FIOS CIRURGICOS LTDA,5,42275.2,2712.0,3,1,15.5882005899705
36169491000146,NOVA CIRURGICA COMERCIO DE PRODUTOS HOSPITALARES LTDA,26,42108.6,55540.0,4,1,0.7581670867842996
36770905000198,"DRA. ANGELA DIERK, FARMACEUTICA ESTETA LTDA",2,41936.0,2600.0,2,1,16.12923076923077
35927779000170,T A - INDUSTRIA E FACCAO DE ARTIGOS PARA O VESTUARIO LTDA,1,41880.0,12000.0,1,1,3.49
15714275000164,C O M COMERCIO E ASSISTENCIA TECNICA HOSPITALAR LTDA,10,41869.0568,681.0,2,1,61.481728046989716
23460299000162,OK DENTAL COMERCIO DE MATERIAIS ODONTO MEDICO E HOSPITALAR LTDA.,8,41837.0,42700.0,1,1,0.9797892271662764
58181756000164,N & J DISTRIBUIDORA LTDA,2,41800.0,29000.0,1,1,1.4413793103448276
19125796000218,NORDMARKET COMERCIO DE PRODUTOS HOSPITALARES LTDA,1,41800.0,19000.0,1,1,2.2
33154286000119,SEBMED PRODUTOS PARA A SAUDE LTDA,4,41682.52,5816.0,3,1,7.166870701513067
57359168000105,SILSUL COMERCIO LTDA,7,41649.5,1480.0,1,1,28.141554054054055
20743363000124,OLIVEIRA E SOUSA DISTRIBUIDORA DE MEDICAMENTOS LTDA,8,41510.24,8072.0,1,1,5.142497522299306
10742865000187,ROBERTO CORETTI,7,41481.0,1050.0,1,1,39.505714285714284
63772925000170,JRP REPRESENTACOES COMERCIO E SERVICOS LTDA,3,41293.0,700.0,1,1,58.99
38292748000188,NASCIIMED DISTRIBUIDORA FARMACEUTICA EIRELI,1,41230.0,7000.0,1,1,5.89
02486788000113,CRISTALMED COMERCIO DE MEDICAMENTOS LTDA,3,41048.0,4606.0,2,1,8.911854103343465
17605216000183,EFICAZ MED COMERCIO DE PRODUTOS HOSPITALARES LTDA,13,40945.26,480.0,2,1,85.302625
33168571000199,PHARMED COMERCIO ONLINE DE PRODUTOS FARMACEUTICOS LTDA,3,40853.9,330.0,2,1,123.79969696969697
14433455000105,SOLMEDI COMERCIO DE MATERIAL MEDICO E HOSPITALAR LTDA,6,40694.48,74120.0,2,1,0.5490350782514841
10569258000167,ESPACO SAUDE COMERCIO DE PRODUTOS HOSPITALARES LTDA,34,40375.902,6338.0,4,1,6.3704484064373625
20978588000160,NUTRIMIL COMERCIO DE PRODUTOS ALIMENTICIOS LTDA,4,40363.2,432360.0,1,1,0.09335553705245628
38051916000143,R2S MED DISTRIBUIDORA E REPRESENTACAO LTDA,1,40293.0,366300.0,1,1,0.11
45344935000123,HIGYA MED - SOLUCOES HOSPITALARES LTDA,23,39982.6,34140.0,7,1,1.171136496777973
10468505000139,LIFE COMERCIO E SERVICOS LTDA,1,39980.0,4.0,1,1,9995.0
05488166000112,H B COMERCIO DE EMBALAGENS LTDA,1,39907.0,700.0,1,1,57.01
04981484000158,GAMA-MED 13 COMERCIO E SERVICOS LTDA,1,39808.8,41040.0,1,1,0.9700000000000001
10242040000101,ANDES COMERCIAL LTDA,2,39704.13,5341.0,2,1,7.433838232540722
08803423000151,KOP DO BRASIL INDUSTRIAS FARMACEUTICAS LTDA,1,39576.0,2400.0,1,1,16.49
09580548001285,SEROMA FARMACIAS E PERFUMARIAS LTDA,17,39564.4228,7638.0,1,1,5.179945378371301
04818528000123,MEDCARE COMERCIO DE PRODUTOS E EQUIPAMENTOS MEDICO HOSPITALARES LTDA.,1,39550.0,70.0,1,1,565.0
23036879000127,SUPREME ARTIGOS DE PLASTICO LTDA,3,39500.0,46000.0,3,1,0.8586956521739131
36758579000101,HIGIAL INDUSTRIA QUIMICA LTDA,3,39477.0,65350.0,2,1,0.6040856924254017
04245066000100,ALFAMED DISTRIBUIDORA DE MEDICAMENTOS LTDA,5,39367.48,22528.0,1,1,1.747491122159091
57700108000104,CIRURGICA RC LTDA,4,39352.0,110624.0,1,1,0.35572750940121495
06948769000112,TECNOCENTER MATERIAIS MEDICOS HOSPITALARES LTDA,7,39192.0,1782.0,2,1,21.993265993265993
22888698000166,CV MEDICAL LTDA,2,39075.0,900.0,2,1,43.416666666666664
53302150000116,FF DISTRIBUIDORA LTDA,32,38852.2,22843.0,2,1,1.7008361423630871
03965517000103,ORTOSHOP COMERCIO LTDA,71,38795.5,3296.0,1,1,11.770479368932039
41934829000149,CIRURGICA FENIX LTDA,1,38496.33,8387.0,1,1,4.59
12268625000207,E. A. BATISTA DA SILVA,14,38480.0,28800.0,2,1,1.336111111111111
07009769000209,WANA INDUSTRIA E COMERCIO DE PRODUTOS QUIMICOS LTDA,1,38450.0,5000.0,1,1,7.69
35496391000161,JOSIANE POCIDONIO PEREIRA LTDA,1,38439.55,18751.0,1,1,2.0500000000000003
23535727000179,SANTA CRUZ DISTRIBUIDORA DE MEDICAMENTOS LTDA,76,38371.55,12497.0,1,1,3.0704609106185488
09686716000169,PROCELA PARTICIPACOES LTDA,7,38282.6,40230.0,3,1,0.9515933383047477
47123165000114,L FORASTIERI MACHADO LTDA,7,38152.0,530.0,4,1,71.98490566037736
34412925000161,ATHENA COMERCIO DE PRODUTOS ODONTOLOGICOS MEDICOS E HOSPITALARES LTDA,93,38013.785,6224.0,7,1,6.107613271208227
07925705000169,AUROBINDO PHARMA PRODUTOS FARMACEUTICOS LIMITADA,1,38000.0,200000.0,1,1,0.19
08036508000151,CARIOCA COMERCIO DE PRODUTOS DE LIMPEZA LTDA.,4,37940.0,40000.0,1,1,0.9485
08325711000490,BELEM FARMACIA E MANIPULACAO LTDA,2,37785.0,700.0,1,1,53.97857142857143
09092152000136,EMMARKA DISTRIBUIDORA DE MEDICAMENTOS LTDA,2,37750.0,29800.0,2,1,1.266778523489933
03040543000554,BRUNO M. FAVERO PRODUTOS FARMACEUTICOS LTDA,32,37707.57,37404.0,1,1,1.0081159769008663
07120917000179,CIRURGICA CURITIBA COMERCIO DE PRODUTOS MEDICOS LTDA,1,37634.0,31.0,1,1,1214.0
34064557000108,MEDMED COMERCIO DE MATERIAIS HOSPITALARES LTDA,10,37344.257,35542.0,4,1,1.0507078104777445
37218409000199,DICOME SOLUCOES HOSPITALARES LTDA,8,37256.5,2130.0,1,1,17.49131455399061
27468000000177,MED COMPANY - INDUSTRIA TEXTIL LTDA,3,37172.8,1820.0,3,1,20.424615384615386
43001464000125,INOVA NUTRICAO E PRODUTOS EM SAUDE LTDA,4,37022.8,620.0,1,1,59.7141935483871
01854654000145,PONTUAL COMERCIAL LTDA,12,36991.64,34586.0,3,1,1.0695553113976752
12376395000100,NUTRI ARTHI COMERCIAL LTDA,8,36731.0,800354.0,2,1,0.045893442151847805
64117995000158,AMA COMERCIO DE ALIMENTOS LTDA,7,36520.161,63890.0,2,1,0.5716099702613867
19611064000157,PIZANI EQUIPAMENTOS DE SEGURANCA LTDA,10,36491.66,17212.0,5,1,2.120128979781548
09144625000100,MAICOM CASA LTDA,3,36490.0,15000.0,1,1,2.4326666666666665
06879813000180,SNMED - COMERCIO E REPRESENTACOES LTDA,8,36486.0,55000.0,1,1,0.6633818181818182
24480341000170,SAUDMED DISTRIBUIDORA DE PRODUTOS HOSPITALARES LTDA,7,36457.7,4430.0,1,1,8.229729119638826
19891676000140,APAMED HOSPITALAR LTDA,1,36335.0,6500.0,1,1,5.59
09396156000108,POSITIVA - COMERCIO E SERVICOS LICITATORIOS LTDA,2,36250.0,20000.0,1,1,1.8125
47285228000139,SAO MATEUS DISTRIBUIDORA DE PRODUTOS LABORATORIAIS E HOSPITALARES LTDA,3,36150.0,10000.0,1,1,3.615
13345594000203,DROGAFORTE MEDICAMENTOS E PERFUMARIA LTDA,5,36130.1,112750.0,2,1,0.3204443458980044
30557974000131,C&W COMERCIO EM GERAL LTDA,11,35893.63,695.0,1,1,51.6455107913669
34883104000103,RAPIDA INDUSTRIA DE PRODUTOS PARA SAUDE LTDA,1,35860.0,2000.0,1,1,17.93
20676514000179,ACREPRES PRODUTOS HOSPITALARES LTDA,1,35850.0,300000.0,1,1,0.1195
05553629000182,RAGA PRODUTOS FARMACEUTICOS LTDA,2,35840.0,900.0,1,1,39.82222222222222
60659463002992,ACHE LABORATORIOS FARMACEUTICOS SA,8,35706.99,67426.0,4,1,0.5295730133776287
27081107000168,FERNANDO FATTORI DE OLIVEIRA LTDA,2,35700.0,7000.0,1,1,5.1
01154761000160,M. DI BUONO RIATO LTDA,1,35630.0,7.0,1,1,5090.0
05971158000122,INDUSTRIA E COMERCIO DE PRODUTOS DE LIMPEZA MACATUBA LTDA,9,35537.888,6076.0,1,1,5.8488953258722844
21026898000147,LGM COMERCIO E REPRESENTACOES DE PRODUTOS ALIMENTICIOS EM GERAL LTDA,3,35510.4,720000.0,1,1,0.04932
20069935000131,FARMACIA PRECO BAIXO VILHENA LTDA,14,35438.72,22896.0,1,1,1.5478127183787562
24218223000198,NORTE GREEN COMERCIO DE PRODUTOS FARMACEUTICOS E HOSPITALAR LTDA,17,35320.38,32616.0,1,1,1.0829157468727004
34878863000188,J. D. DA S. ABUCATER CONSTRUTORA LTDA,1,35280.0,4200.0,1,1,8.4
35785276000107,LUCIANO SERGIO GUIMARAES DE SA BARRETO,1,35200.0,55.0,1,1,640.0
07944100000115,PROC9 INDUSTRIA QUIMICA LTDA,18,35162.34,1914.0,6,1,18.371128526645766
02192606000100,FARMACIA CANABARRENSE LTDA,6,35150.0,53640.0,1,1,0.6552945563012678
50737688000165,MEDLIFE PRODUTOS HOSPITALARES LTDA,10,35149.3,37390.0,2,1,0.9400722118213427
51687922000150,ALCANCE PRODUTOS FARMACEUTICOS E MATERIAIS MEDICOS DISTRIBUIDORA & REPRESENTACOES LTDA.,1,35100.0,40.0,1,1,877.5
05286960000183,V. S. COSTA & CIA LTDA,5,35037.8995,60.0,5,1,583.9649916666666
38613149000119,DENTAL ASTRAL PRODUTOS ODONTOLOGICOS LTDA,2,35000.0,1400.0,1,1,25.0
04541813000140,"MB MARTINS SERVICOS, PRODUTOS E EQUIPAMENTOS LTDA",2,34833.77,7330.0,1,1,4.752219645293315
56998701003212,ABBOTT LABORATORIOS DO BRASIL LTDA,5,34832.3,105627.0,2,1,0.3297670103287985
04078043000221,MONTEIRO ANTUNES INSUMOS HOSPITALARES SOCIEDADE ANONIMA,1,34650.0,30.0,1,1,1155.0
50591089000186,A2XR COMERCIAL LTDA,44,34592.99,11185.0,2,1,3.092801966919982
07746196000107,BIOPHARMUS MOGI MIRIM LTDA,1,34500.0,600.0,1,1,57.5
26898124000120,FARMANORTE COMERCIO E MANIPULACAO DE MEDICAMENTOS LTDA,6,34440.0,9000.0,3,1,3.8266666666666667
02985070000171,JOSILMED COMERCIO DE MATERIAL HOSPITALAR LTDA,2,34360.0,68000.0,2,1,0.5052941176470588
48174071000137,WISDOM FARMA DISTRIBUIDORA DE MEDICAMENTOS LTDA,4,34326.96,1216.0,2,1,28.22940789473684
54375647020071,DROGAL FARMACEUTICA LTDA,54,34197.881,9856.0,1,1,3.469752536525974
24980102000189,LOGGEN PRODUTOS PARA SAUDE LTDA,5,34150.5,300.0,2,1,113.835
31282018000157,BRASIL MED IMPORTACAO E EXPORTACAO LTDA,4,34130.0,458.0,3,1,74.51965065502183
26294192000180,F V P COELHO,3,34015.3,15064.0,2,1,2.2580523101433885
11471826000155,MARCOS SILVA DE BRITO,3,34010.0,80.0,1,1,425.125
10762594000121,HMB LABORVIX PRODUTOS LABORATORIAIS LTDA,22,33927.4,93892.0,1,1,0.36134494951646573
02512121000148,CENTRO CATARINENSE DE APOIO A AUDICAO LTDA,1,33857.0,1.0,1,1,33857.0
47411780000126,BACE COMERCIO INTERNACIONAL LTDA,1,33800.0,20000.0,1,1,1.69
46856158000169,ZARB DISTRIBUIDORA DE PRODUTOS HOSPITALARES LTDA,1,33800.0,2000.0,1,1,16.9
05652247000106,LUMIAR HEALTH BUILDERS EQUIPAMENTOS HOSPITALARES LTDA,11,33604.0,6670.0,3,1,5.03808095952024
18451530000111,FRANCISCO DAS CHAGAS SANTOS DE MENESES JUNIOR,2,33600.0,350.0,1,1,96.0
28591670000149,VETSUL COMERCIO DE MEDICAMENTOS LTDA,12,33547.0,3412.0,2,1,9.832063305978899
39367194000101,INFINIT DISTRIBUIDORA LTDA,17,33406.0,2450.0,1,1,13.635102040816326
45774320000137,FARMACIA CENTRAL DE BROTAS LTDA,26,33310.8146,6216.0,1,1,5.358882657657658
49918306000110,INNOVE COMERCIO DE PRODUTOS MEDICO HOSPITALARES LTDA,1,33285.0,84.0,1,1,396.25
11352270000188,RCA SAUDE COMERCIO E REPRESENTACOES LTDA,21,33166.0,13180.0,2,1,2.5163884673748105
32634420000116,TRIBUNAL DE CONTAS DOS MUNICIPIOS,1,33120.0,144000.0,1,1,0.23
80003221000152,FARMACIA RODA LTDA,17,33108.2,11865.0,1,1,2.790408765276022
01592547000196,ESSENCIAL COSMETICOS INDUSTRIA LTDA,3,32726.4,3640.0,2,1,8.990769230769232
07827565000196,DL DENTAL LTDA,15,32540.1,780.0,3,1,41.71807692307692
43810883000108,DROGARIA BOA SAUDE DA RIBEIRA LTDA,2,32508.0,21600.0,1,1,1.505
43980053000129,FARMACIA CIDADE ALTA LTDA,15,32295.18,15297.0,2,1,2.111210041184546
72733306000168,FARMACIA BATATAIS MANIPULLAR LTDA,28,32277.84,10759.0,1,1,3.000078074170462
23015962000110,LANOFARMA HOSPITALAR LTDA,2,32256.0,1500.0,1,1,21.504
27265958000160,DENTAL Z. ROCHA LTDA,1,32011.2,2052.0,1,1,15.6
19316473000120,BERNIERI & CIA LTDA,1,32000.0,25.0,1,1,1280.0
09254808000170,MMW PRODUTOS HOSPITALARES LTDA,2,31956.0,300.0,1,1,106.52
72568587000140,MEDICOR - PRODUTOS HOSPITALARES LTDA,1,31850.0,500.0,1,1,63.7
39288518000108,RIO MATERIAIS LTDA,1,31840.0,400.0,1,1,79.6
11144448000103,CONTROLL PHARMA COMERCIO DE MEDICAMENTOS LTDA,4,31830.0,47000.0,3,1,0.6772340425531915
03075426000100,"BIODONT INDUSTRIA, COMERCIO, IMPORTACAO E EXPORTACAO LTDA",2,31760.0,37000.0,1,1,0.8583783783783784
05746016000161,QUALITY MED DOCUMENTOS LTDA,2,31680.0,3500.0,1,1,9.051428571428572
35900411000118,DIGNA COMERCIO DE PRODUTOS MEDICOS HOSPITALARES LTDA,11,31645.8,3272.0,1,1,9.671699266503667
20235404000171,DCB DISTRIBUIDORA CIRURGICA BRASILEIRA LTDA,1,31500.0,450000.0,1,1,0.07
18274923000105,MASTERSUL EQUIPAMENTOS DE SEGURANCA LTDA,2,31452.0,4500.0,2,1,6.989333333333334
07760277000161,MEDMAX - COMERCIO DE EQUIPAMENTOS MEDICOS E SIMILARES LTDA,10,31426.4,111160.0,5,1,0.28271320618927676
17773825000141,FARMA DUTY LTDA,28,31388.24,9740.0,1,1,3.222611909650924
36940761000170,GREENCARE PHARMA COMERCIO ATACADISTA DE MEDICAMENTOS E COSMETICOS LTDA.,7,31143.6,1167.0,1,1,26.68688946015424
05448630000147,IRMAOS ASSUNCAO VALENTINO LTDA,14,31102.84,11626.0,1,1,2.6752829864097714
44105234000179,SANTA FE HOSPITALAR PRODUTOS PARA SAUDE LTDA,2,31100.0,30000.0,1,1,1.0366666666666666
32534670000184,URBANOMED COMERCIO DE PRODUTOS HOSPITALARES LTDA,15,30992.5,6150.0,2,1,5.039430894308943
16826305000197,SOS MEDICAL DISTRIBUIDORA DE MEDICAMENTOS E MATERIAIS HOSPITALARES LTDA,10,30909.55,13585.0,1,1,2.2752705189547293
07253536000168,N N DISTRIBUIDORA DE MEDICAMENTOS LTDA,15,30844.6,21650.0,3,1,1.4246928406466512
04889013000114,DISTRILAF DISTRIBUIDORA DE MEDICAMENTOS LTDA,3,30822.0,54600.0,2,1,0.5645054945054945
57048285000158,F5 DISTRIBUIDORA LTDA,1,30780.0,36.0,1,1,855.0
12246862000188,SC MEDICAL INDUSTRIA COMERCIO E SERVICOS LTDA,4,30768.5,8350.0,2,1,3.6848502994011976
12729472000169,TATIANA REGINA FERREIRA LOPES,2,30530.0,56000.0,1,1,0.5451785714285714
40968252000123,MEDICINA SEGURA DISTRIBUICAO E PROMOCAO EM VENDAS LTDA,3,30484.76,31966.0,2,1,0.953662015891885
37364487000100,SANPE PCD LTDA,17,30247.89,1600.0,2,1,18.90493125
48191392000140,ULTRAMARKA SOLUCOES CORPORATIVAS LTDA,5,30237.03,23.0,1,1,1314.6534782608694
19571361000116,DROGARIA VITA DE UBA LTDA,13,30216.768,40040.0,3,1,0.7546645354645355
05793185000152,JUPITER DISTRIBUIDORA DE PRODUTOS E EQUIPAMENTOS HOSPITALARES LTDA,2,30198.0,1200.0,1,1,25.165
39966868000186,TECNOLMED GESTAO CLINICA LTDA,9,30146.6,7475.0,2,1,4.032989966555184
33389910000167,MARLON HENRIQUE BARROS LTDA,4,30142.0,140400.0,1,1,0.2146866096866097
33264154000140,APPARAT BRASIL COMERCIO DE REAGENTES IMPORTADORA LTDA,1,30000.0,200.0,1,1,150.0
01772798000152,MEDTRONIC COMERCIAL LTDA,1,29970.0,15.0,1,1,1998.0
22056379000194,L S FERREIRA CUIDADO A SAUDE LTDA,4,29875.6,54810.0,2,1,0.5450757161101989
51011574000104,SAO JOSE DISTRIBUIDORA LTDA,3,29629.0,2100.0,1,1,14.109047619047619
42905964000129,GRAZIELE TOLENTINO LTDA,1,29610.0,423000.0,1,1,0.07
12021151000105,DIAG SOLUTION ARTIGOS MEDICOS LTDA,8,29577.0,93155.0,4,1,0.3175030862540926
29958463000142,ODONTO ARIQUEMES COMERCIO DE PRODUTOS HOSPITALAR ODONTOLOGICOS E ORTOPEDICOS LTDA,5,29320.8,6160.0,2,1,4.75987012987013
25407581000101,NANOSENS LTDA.,1,29100.0,3000.0,1,1,9.7
25402188000125,JA MEDICAMENTOS & HOSPITALARES LTDA,1,29000.0,200.0,1,1,145.0
10733878000190,FLEX INDUSTRIA E COMERCIO DE PAPEIS LTDA,1,28950.0,7500.0,1,1,3.86
38541446000104,VIAPHARMA COMERCIO DE PRODUTOS HOSPITALARES LTDA,7,28919.5,2700.0,4,1,10.710925925925926
43741123000358,J H NOGAROTO & CIA LTDA,60,28904.5835,7098.0,1,1,4.072215201465202
54858014000170,ESSITY SOLUCOES MEDICAS DO BRASIL COMERCIO E DISTRIBUICAO LTDA.,1,28500.0,300.0,1,1,95.0
21036417000184,NOVA HOSPITALAR COMERCIAL E IMPORTADORA LTDA,2,28480.0,1200.0,1,1,23.733333333333334
13778147000159,MEDYCAMENTHA PRODUTOS ONCOLOGICOS E HOSPITALARES LTDA,6,28272.0,14200.0,1,1,1.9909859154929577
22416818000122,DJE DISTRIBUIDORA DE ALIMENTOS LTDA,1,28208.0,400.0,1,1,70.52
46344078000124,PRIME MEDICAL PHARMA DISTRIBUIDORA DE MEDICAMENTOS E MATERIAL HOSPITALAR LTDA,1,28050.0,55000.0,1,1,0.51
40813690000112,SAN CAMILO HOSPITALAR LTDA,3,28038.0,14.0,1,1,2002.7142857142858
10544006000183,BIO-SAUDE COMERCIO E REPRESENTACOES LTDA,8,27910.4,2731.0,3,1,10.219846210179423
82641325001866,CREMER S.A.,4,27805.0,5300.0,1,1,5.246226415094339
79250676000355,CIRURGICA JAW COMERCIO DE MATERIAL MEDICO HOSP LTDA,1,27565.2,14508.0,1,1,1.9000000000000001
39718543000184,DC MEDIC DISTRIBUIDORA LTDA,1,27400.0,20000.0,1,1,1.37
65271900000119,NATIVITA INDUSTRIA E COMERCIO LTDA,8,27349.12,9300.0,5,1,2.940765591397849
31794085000150,A. C. F. FERNAINE COMERCIO & SERVICO LTDA,4,27340.0,11700.0,1,1,2.336752136752137
19312691000197,MP COMERCIO E SERVICO LTDA,3,27312.0,6800.0,1,1,4.016470588235294
48058173000197,DL MEDICAMENTOS LTDA,3,27237.0,15180.0,2,1,1.7942687747035573
13791068000188,ALTERNATIVA COMERCIO E SERVICOS LTDA,5,27226.13,156.0,1,1,174.52647435897435
28470340000103,METROSAUDE COMERCIO DE MATERIAIS MEDICOS E HOSPITALARES LTDA,3,27210.24,85900.0,2,1,0.3167664726426077
07936621000120,DROGA MAIS FARMACEUTICA LTDA,200,26999.4534,10103.0,2,1,2.672419419974265
41073251000183,ALPHA COMERCIAL HOSPITALAR LTDA,3,26981.03,1917.0,3,1,14.074611371935315
07967729000180,HADASSAH - COSMETICOS LTDA,1,26925.0,7500.0,1,1,3.59
39309927000143,MED-SHOP COMERCIO DE PRODUTOS MEDICOS LTDA,4,26894.0,264.0,1,1,101.87121212121212
03964598000127,MATERMED COMERCIAL DE ARTIGOS MEDICOS LIMITADA,66,26852.88,3922.0,2,1,6.846731259561449
84583129000593,REDE DE LOGISTICA FARMACEUTICA DINAMICA LTDA,4,26784.0,3000.0,1,1,8.928
26402220000135,CRISTIANE M. OST,1,26730.0,3000.0,1,1,8.91
04755530000109,REDE DE FARMACIAS PRINCESA LTDA,27,26716.9896,10728.0,1,1,2.4903979865771815
20712427000120,I9 SOLUTIONS COMERCIO LTDA,20,26704.46,45553.0,3,1,0.58622834939521
40367723000148,B. S. ARTIGOS DO VESTUARIO LTDA,1,26640.0,1800.0,1,1,14.8
02376490000150,MEDICAL SUTURE COMERCIO DE MATERIAL HOSPITALAR LTDA,5,26629.0,148.0,1,1,179.92567567567568
46623193000138,ZENITH LTDA,1,26499.75,2500.0,1,1,10.5999
32644237000100,COSTA DISTRIBUIDORA HOSPITALAR LTDA,10,26452.0,1450.0,4,1,18.242758620689656
46390694000111,A HOSPITALAR E PRODUTOS PARA SAUDE LTDA,5,26391.0,2383.0,1,1,11.074695761644985
03492927000184,FARMACIA NOSSA SENHORA DE FATIMA DE LINS LTDA,63,26330.9958,4919.0,1,1,5.352916405773532
17562075000169,CIFARMA CIENTIFICA FARMACEUTICA LTDA,2,26130.0,16000.0,2,1,1.633125
33408105000133,GREENPHARMA QUIMICA E FARMACEUTICA EM RECUPERACAO JUDICIAL LTDA,10,26119.0,101018.0,4,1,0.2585578807737235
10278031000162,NDS IMPORTADORA & DISTRIBUIDORA DE MATERIAL MEDICO HOSPITALAR LTDA,2,26007.45,289.0,1,1,89.99117647058824
23182890000103,DROGARIA SAO LUCAS DE LINS LTDA,35,25917.6722,3182.0,1,1,8.14508868636078
39341555000132,"RG DISTRIBUIDORA, COMERCIO E SERVICOS LTDA",2,25873.2,6000.0,1,1,4.3122
48214680000172,NETMED DISTRIBUIDORA DE MEDICAMENTOS E PRODUTOS HOSPITALARES LTDA,8,25782.0,5800.0,2,1,4.445172413793103
09046469000136,YELO COMERCIO DE MATERIAIS HOSPITALARES LTDA,2,25668.0,3000.0,1,1,8.556
21177990000108,MIRANDI SANTOS REIS,2,25600.0,12.0,1,1,2133.3333333333335
10474392000184,MARILDA MULLER DA SILVA E CIA LTDA,9,25590.3,480.0,1,1,53.313125
00028682000140,PROMEDON DO BRASIL PRODUTOS MEDICO HOSPITALARES LTDA,7,25384.42,325.0,1,1,78.10590769230768
10301008000141,DAKAR COMERCIO E SERVICO LTDA,2,25377.0,186.0,1,1,136.43548387096774
20739844000328,MODENA & SILVA LTDA,5,25325.68,242.0,3,1,104.65157024793389
26499522000173,MORIMED COMERCIAL LTDA,5,25295.0,9.0,2,1,2810.5555555555557
12694747000257,NUTRICLIN SAUDE COMERCIO DE PRODUTOS NUTRICIONAIS LTDA,3,25259.76,194400.0,2,1,0.12993703703703702
32573503000142,HERLAU ATACADISTA DE PRODUTOS HOSPITALARES LTDA,1,25124.49,6393.0,1,1,3.93
25245772000114,L C MED MATERIAIS MEDICOS E HOSPITALARES LTDA,23,25123.3,21070.0,5,1,1.192373042240152
72994643000109,DROGARIA GERAL DE PROMISSAO LTDA,36,25045.1688,4371.0,1,1,5.7298487302676735
27477776000153,BRASIL CENTRAL COMERCIO DE PRODUTOS E SERVICOS LTDA,1,25000.0,1000.0,1,1,25.0
48399006000100,SAFEMED DISTRIBUIDORA LTDA,1,24967.5,6.0,1,1,4161.25
35473398000168,SOUZAMED IMPORTADORA E DISTRIBUIDORA HOSPITALAR LTDA,7,24909.45,110155.0,3,1,0.22613090645000228
10293279000100,SUPRIMED COMERCIO MATERIAL HOSPITALAR LTDA,1,24800.0,20000.0,1,1,1.24
43750122000108,FARMA LOBO LTDA,1,24768.0,14400.0,1,1,1.72
48346978000136,DAMED DISTRIBUIDORA DE MEDICAMENTOS E MATERIAS MEDICOS LTDA,17,24703.7976,84856.0,4,1,0.29112611482982936
46635965000151,UNITED BIOTECH DO BRASIL LTDA,1,24684.0,12.0,1,1,2057.0
08446915000137,DAHER DISTRIBUIDORA DE MEDICAMENTOS LTDA,6,24612.908,152270.0,4,1,0.16163990280422932
02706629000187,BRIOJARAGUA COM PRODUTOS DE LIMPEZA E HIGIENE LTDA,1,24600.0,6000.0,1,1,4.1
19458719000107,FLASH PRESTACAO DE SERVICOS E COMERCIO LTDA,1,24460.0,2000.0,1,1,12.23
37626154000101,LAVIE HOSPITALAR LTDA,3,24286.68,1851.0,1,1,13.120842787682333
09222496000112,CIRURGICA OESTE PAULISTA LTDA,11,24218.1568,10596.0,1,1,2.285594261985655
85079200000134,PARCOMED COMERCIO E REPRESENTACOES DE PRODUTOS FARMACEUTICOS LTDA,2,24114.24,3744.0,1,1,6.440769230769231
11101480000101,EFETIVE PRODUTOS MEDICO- HOSPITALARES LTDA,9,24074.5,25968.0,3,1,0.9270833333333334
15479441000195,VITA BAHIA COMERCIAL LTDA,1,24000.0,2000.0,1,1,12.0
08211767000171,P.H.O. PRODUTOS HOSPITALARES E ODONTOLOGICOS LTDA,3,23820.8,5360.0,1,1,4.4441791044776116
43456296000162,TECPLUS LTDA,1,23805.0,1500.0,1,1,15.87
56998701001279,ABBOTT LABORATORIOS DO BRASIL LTDA,2,23793.2,68.0,2,1,349.90000000000003
41733464000194,SHL - SAUDE HOSPITALAR E LABORATORIAL LTDA,9,23670.34,5310.0,2,1,4.457691148775894
33986314000164,33.986.314 MAICON MARTINS LACERDA,7,23540.0,98500.0,1,1,0.23898477157360407
09032626000154,AGFA DO BRASIL LTDA.,1,23500.0,50.0,1,1,470.0
57507378000101,EMS S/A,4,23478.0,129200.0,4,1,0.18171826625386997
37182085000186,NEGI EQUIPAMENTOS HOSPITALARES LTDA,9,23422.46,1156.0,6,1,20.261643598615915
02605669000132,ROSANGELA SOARES SARDINHA CORNETTA,1,23338.79,1.0,1,1,23338.79
42119861000133,PORTOMED HOSPITALAR LTDA,9,23298.5,1150.0,1,1,20.259565217391305
23443459000165,CAROLAYNE CARBONI BERNARDO,1,23100.0,3.0,1,1,7700.0
32838716000159,FARMAC PRODUTOS HOSPITALARES E LABORATORIAIS LTDA,6,22997.38,24360.0,1,1,0.9440632183908046
37055977000116,BRASVAL COMERCIO E REPRESENTACOES LTDA,3,22900.0,150.0,1,1,152.66666666666666
23889701000129,ECOLOGY PAPER LTDA,2,22825.6,13440.0,2,1,1.6983333333333333
73297509000111,BHIO SUPPLY INDUSTRIA E COMERCIO DE EQUIPAMENTOS MEDICOS S/A,1,22800.0,600.0,1,1,38.0
19442190000125,AURAMEDI FARMACEUTICA LTDA,4,22799.19,7831.0,3,1,2.91140211978036
00411441000186,MK PRODUTOS MEDICO HOSPITALARES LTDA,5,22792.8,2260.0,4,1,10.085309734513274
14108524000105,DK DIAGNOSTICA COMERCIO DE PRODUTOS CIENTIFICOS LTDA,1,22680.0,8400.0,1,1,2.7
11606767000185,CROSMEDICA COMERCIO DE PRODUTOS PARA SAUDE LTDA,8,22657.6,121420.0,6,1,0.18660517212979738
11004882000180,VIVA FARMA E PRODUTOS HOSPITALARES LTDA,1,22560.0,12000.0,1,1,1.88
54379172000147,GLOBALMED DISTRIBUICAO LTDA,1,22500.0,5000.0,1,1,4.5
00331788001603,AIR LIQUIDE BRASIL LTDA,4,22498.8,492.0,1,1,45.729268292682924
44343055000170,NUTRIMARCAS PRODUTOS ALIMENTICIOS LTDA,1,22491.0,238.0,1,1,94.5
17365046000107,HAVERIM COMERCIAL LTDA,1,22420.0,1000.0,1,1,22.42
30518247000165,EXCELMED DISTRIBUIDORA DE MATERIAIS MEDICOS E ODONTOLOGICOS LTDA,2,22420.0,9650.0,2,1,2.3233160621761657
29884628000189,ESTILO MEDICAL COMERCIO DE PRODUTOS HOSPITALARES LTDA,1,22400.0,14.0,1,1,1600.0
27855189000150,M. A. GIACOMETTI DROGARIA LTDA,47,22352.3684,4379.0,1,1,5.104445855218086
10424098000168,INDUSTRIA DE CONFECCOES K-DU LTDA,1,22330.0,7000.0,1,1,3.19
10897117000173,J. E. COMERCIO E SERVICOS LTDA,2,22300.0,53000.0,1,1,0.4207547169811321
48778881000100,FASTMED COMERCIO DE MEDICAMENTOS E MATERIAIS HOSPITALARES LTDA,4,22293.8,25344.0,3,1,0.8796480429292929
32085624000145,REDE HEALTHY CENTER DISTRIBUIDORA E IMPORTADORA HOSPITALAR - LTDA,1,22000.0,20000.0,1,1,1.1
06855234000105,KELY DAIANA DE OLIVEIRA GOMES,4,21980.0,608.0,1,1,36.151315789473685
61842701000162,SEMPREMED COMERCIO ATACADISTA LTDA,5,21880.0,5600.0,2,1,3.907142857142857
08145250000121,MEDICALMED COMERCIO DE MATERIAIS MEDICOS LTDA,3,21741.06,16.0,2,1,1358.81625
37914402000101,LCP COMERCIO DE PRODUTOS FARMACEUTICOS LTDA,8,21727.574,455.0,1,1,47.75290989010989
02482141000113,DENTAL BONSUCESSO PRODUTOS ODONTOLOGICOS LTDA,19,21726.65,15750.0,1,1,1.3794698412698414
07912772000149,CIRURGICA CAPIXABA COMERCIO DE PRODUTOS MEDICOS E ORTOPEDICOS LTDA,4,21663.0,750.0,1,1,28.884
10781820000111,ROYALMED HOSPITALAR LTDA,1,21600.0,3000.0,1,1,7.2
14769402000160,AGILE MED IMPORTACAO E EXPORTACAO LTDA,1,21600.0,1.0,1,1,21600.0
11348570000193,MUNICIPIO DE VERDEJANTE,1,21528.0,7200.0,1,1,2.99
27437056000164,SUPER DIAGNOSTICA PRODUTOS HOSPITALARES LTDA,1,21440.0,32.0,1,1,670.0
28933805000107,INSPIRE DISTRIBUICAO E REPRESENTACAO LTDA.,3,21434.64,308480.0,3,1,0.06948469917012448
48993519000144,PENSOMED COMERCIO DE PRODUTOS PARA SAUDE LTDA,1,21350.0,17500.0,1,1,1.22
35810917000136,EXATA SUPRIMENTOS MEDICOS LTDA,1,21330.0,135000.0,1,1,0.158
34630617000102,FARMACIA IDEAL TURVO LTDA,10,21204.6,40710.0,2,1,0.5208695652173913
76345370000122,CICAVEL - CIRURGICA CASCAVEL LTDA,5,21135.0,920.0,2,1,22.972826086956523
23276873000127,DHV DISTRIBUIDORA HOSPITALAR DO VALE LTDA,10,21117.6,15732.0,1,1,1.3423340961098398
05922811000163,MAGNA MEDICA COMERCIO DE PRODUTOS MEDICOS HOSPITALARES LTDA.,3,21084.0,3.0,1,1,7028.0
34061908000127,UDILIFE COM IMPORTACAO E EXPORTACAO LTDA,3,21069.75,45.0,3,1,468.21666666666664
41464907000199,MED3 COMERCIO DE PRODUTOS HOSPITALARES LTDA,2,21030.0,2300.0,1,1,9.143478260869566
10814203000175,"ADUNA COMERCIO, IMPORTACAO E EXPORTACAO DE PRODUTOS HOSPITALARES LTDA",4,20968.8,4020.0,2,1,5.216119402985075
03161745000120,C. M. CIRURGICA INDUSTRIA E COMERCIO LTDA,1,20900.0,1000.0,1,1,20.9
05372902000172,PVVB MANIPULADOS LTDA,1,20860.0,140000.0,1,1,0.149
84932979000630,BONA FARMA LTDA,3,20790.0,14500.0,1,1,1.4337931034482758
01264836000166,POLIDERM COMERCIAL E DISTRIBUIDORA LTDA,4,20711.6,330.0,1,1,62.76242424242424
04415316000286,GENIAL PRODUTOS PARA LIMPEZA LTDA,4,20700.0,1900.0,2,1,10.894736842105264
32859779000191,FARMACIA JR SOUZA LTDA,3,20492.52,390.0,1,1,52.54492307692308
62895974000138,BANSI DROGARIA LTDA,44,20455.3976,4743.0,1,1,4.3127551338815096
11399644000110,MANG FOODS LICITACOES LTDA,3,20381.2224,18248.0,1,1,1.1169017097764138
39556802000118,JMGOL HOSPITALAR LTDA,2,20352.0,800.0,1,1,25.44
10202833000199,LOGMED DISTRIBUIDORA E LOGISTICA HOSPITALAR LTDA,8,20288.7588,2964.0,1,1,6.845060323886639
27580236000109,VERSATILLY ORTOPEDICOS LTDA,35,20285.7,25210.0,1,1,0.8046687822292741
19231616000100,R. DE F. TORRES MOLITERNO LTDA,13,20274.1,4165.0,2,1,4.8677310924369745
36335560000144,OLIVEIRA E FEITOSA LTDA,4,20200.0,28000.0,1,1,0.7214285714285714
37132890000103,ESPACO NUTRICAO COMERCIO DE SUPLEMENTOS LTDA,3,20078.0,170020.0,2,1,0.1180919891777438
14511644000159,D C N UNIFORMES E SERVICOS LTDA,2,20040.0,400.0,1,1,50.1
30728087000189,MBT COMERCIO HOSPITALAR LTDA,4,20034.5,50300.0,1,1,0.39830019880715706
53926612000176,SANFE MEDICAMENTOS E PRODUTOS HOSPITALARES LTDA,3,20001.0,20640.0,3,1,0.9690406976744186
32278119000117,32.278.119 FLAVIA MARIA TOREJANI OLIVEIRA,1,20000.0,2000.0,1,1,10.0
21579468000152,"TEKMARKET INDUSTRIA, COMERCIO E SERVICOS LTDA",1,20000.0,1000.0,1,1,20.0
36979350000199,BF DE ANDRADE HOSPITALAR LTDA,2,19935.0,113500.0,2,1,0.1756387665198238
26574646000176,MARIA FLAVIA K DOS SANTOS GARCIA LTDA,1,19800.0,200.0,1,1,99.0
05591199000193,SUPER TOP COMERCIO E REPRESENTACOES LTDA,5,19770.2,6210.0,4,1,3.1836070853462157
33583026000169,OLIMPIO EQUIPAMENTOS HOSPITALARES LTDA,10,19753.61,39.0,3,1,506.5028205128205
02355225000196,MULTI MED HOSPITALAR LTDA,29,19719.3,3176.0,1,1,6.208847607052896
04846613000103,CELER BIOTECNOLOGIA S/A,1,19700.0,2000.0,1,1,9.85
33069212000184,MERCK S/A,19,19554.7,224203.0,4,1,0.08721872588680794
20512546000139,HEALTH & LIFE MEDICAL DO BRASIL LTDA,1,19554.25,8500.0,1,1,2.3005
20259895000190,MEDPRO COMERCIO DE PRODUTOS HOSPITALARES LTDA,4,19527.8,2535.0,2,1,7.7032741617357
07254608000191,ROGERIO ZERBINATTI SOROCABA LTDA,3,19515.2,832.0,1,1,23.45576923076923
49497889000153,D. A. PRODUTOS HOSPITALARES E ODONTOLOGICOS LTDA,18,19484.67,162.0,1,1,120.27574074074073
11681717000162,H. A. MOREIRA FILHO,14,19312.3,338.0,1,1,57.13698224852071
13759813000292,SINGULAR DROGARIA E MEDICAMENTOS ESPECIAIS LTDA,3,19148.0,46.0,2,1,416.2608695652174
20669174000159,"K2 INDUSTRIA, COMERCIO, IMPORTACAO E EXPORTACAO LTDA",6,19116.03,82.0,3,1,233.1223170731707
05034088000186,AMAZONIA COMERCIO E REPRESENTACAO DE PRODUTOS EM GERAL LTDA,5,19072.5,2100.0,1,1,9.082142857142857
10729492000104,QUIMICENTER PRODUTOS PARA LABORATORIOS LTDA,7,19043.0,4672.0,1,1,4.075984589041096
00535560000140,LPK LTDA,2,19031.46,1254.0,2,1,15.176602870813397
59844662000190,LOKTAL MEDICAL ELECTRONICS INDUSTRIA E COMERCIO LTDA,11,19024.45,195.0,4,1,97.56128205128205
11670466000110,DROGARIA POPULAR MELHOR PRECO LTDA,3,18963.6,849.0,2,1,22.336395759717313
06896871000111,FARMACIA HOLANDA LTDA,13,18935.8,49.0,1,1,386.44489795918366
13063042000113,HOSPIDEZ - COMERCIO DE PRODUTOS MEDICO-HOSPITALARES LTDA,10,18924.6,13050.0,1,1,1.4501609195402299
45453214003177,PROFARMA DISTRIBUIDORA DE PRODUTOS FARMACEUTICOS SA,1,18864.0,7200.0,1,1,2.62
28942742000155,MEDICAL VITORIA COMERCIO E SERVICOS LTDA,4,18849.9,38.0,1,1,496.05
37164646000114,G2V COMERCIAL LTDA,2,18700.0,55000.0,1,1,0.34
32237610000108,SOMAR INDUSTRIA E COMERCIO LTDA,1,18696.0,32800.0,1,1,0.57
93480192000161,CIEX DO BRASIL INDUSTRIA E COMERCIO DE PRODUTOS CIRURGICOS LTDA,5,18614.0,7050.0,1,1,2.6402836879432625
04650643000131,3 MED COMERCIO DE MEDICAMENTOS LTDA,1,18577.49,1291.0,1,1,14.39
07311678000134,DROGARIA RESENDE & RESENDE LTDA,6,18504.5,75.0,1,1,246.72666666666666
40254918000181,BRASIL FARMAON MEDICAMENTOS FARMACEUTICOS LTDA,4,18468.0,5544.0,2,1,3.331168831168831
09610762000184,APROVADAGUA COMERCIO E CONFECCOES LTDA,2,18370.0,3500.0,1,1,5.248571428571428
46144622000194,SIGVARIS DO BRASIL INDUSTRIA E COMERCIO LIMITADA,3,18360.18,86.0,1,1,213.49046511627907
22465640000100,MJ COMERCIO DE ARTIGOS MEDICOS E ORTOPEDICOS LTDA,8,18352.0,3866.0,1,1,4.747025349198138
24905567000175,AXIS TECNOLOGIA MEDICA LTDA,3,18250.0,3.0,1,1,6083.333333333333
64265747000154,DISMATER DISTRIBUIDORA D MATERIAIS HOSPITALARES LTDA,2,18142.5,177450.0,1,1,0.102240067624683
10625395000171,IMP EQUIPAMENTOS MEDICOS LTDA,3,18084.9,75.0,2,1,241.13200000000003
16698619000151,AMP HOSPITALAR LTDA,2,18084.78,162.0,1,1,111.63444444444444
26757894000152,LEMED DISTRIBUIDORA MATERIAIS HOSPITALARES LTDA,4,18071.0,19612.0,1,1,0.9214256577605547
04440002000152,RHOSSE INSTRUMENTOS E EQUIPAMENTOS CIRURGICOS LTDA,4,18045.0,175.0,1,1,103.11428571428571
72563158000180,NUTRIMED INDUSTRIAL LTDA,1,18000.0,360.0,1,1,50.0
11406652000147,FUNDO MUNICIPAL DE SAUDE DE CUMARU DO NORTE,1,18000.0,12000.0,1,1,1.5
11367066000130,"ALPHARAD INDUSTRIA, COMERCIO, IMPORTACAO E EXPORTACAO DE PRODUTOS HOSPITALARES LTDA",1,18000.0,2000.0,1,1,9.0
84704683000158,QUIMIDROL COMERCIO INDUSTRIA IMPORTACAO LTDA,2,17904.0,1020.0,1,1,17.55294117647059
05234897000131,"NATEK NATUREZA E TECNOLOGIA, INDUSTRIA E COMERCIO DE PRODUTOS BIOTECNOLOGICOS LTDA",2,17883.0,2100.0,2,1,8.515714285714285
20036341000124,FARMACIA LOVIS LTDA,5,17652.0,672.0,1,1,26.267857142857142
52496119000109,B. D. R. COMERCIO DE EQUIPAMENTOS LTDA,2,17620.0,12.0,2,1,1468.3333333333333
22391401000152,MEGA + FARMA COMERCIO DE MEDICAMENTOS LTDA,7,17610.0,2875.0,1,1,6.125217391304348
26732994000124,MED COMPANY COMERCIO DE PRODUTOS HOSPITALARES LTDA,4,17606.5,8450.0,2,1,2.0836094674556214
26965679000147,GG INDUSTRIA DE EQUIPAMENTOS MEDICOS LTDA,1,17567.82,54.0,1,1,325.33
37365601000108,OLIVEIRA INDUSTRIA E COMERCIO LTDA,1,17485.0,50000.0,1,1,0.3497
36946199000192,ESQUADRIAS DESIGNERINOX LTDA,1,17469.9,10.0,1,1,1746.9900000000002
41263941000103,3M REPRESENTACOES COMERCIAIS LTDA,8,17408.99,19196.0,2,1,0.9069071681600335
41331641000106,L C L - NASCIMENTO DISTRIBUIDORA HOSPITALAR LTDA,11,17383.9,3858.0,2,1,4.505935717988596
02501297000102,PHARLAB INDUSTRIA FARMACEUTICA S.A,8,17381.777,51165.0,7,1,0.3397200625427538
32465155000190,LABORATORIOS DUPRAT LTDA,2,17370.0,216.0,1,1,80.41666666666667
21284068000110,FARMATEX DO BRASIL S/A,6,17348.2,74340.0,2,1,0.23336292709174067
12456120000187,ALPHALIFE MATERIAIS MEDICO HOSPITALARES LTDA,11,17258.0,732.0,1,1,23.57650273224044
40152684000161,MAXMED DISTRIBUIDORA ODONTO-HOSPITALAR LTDA,11,17232.5,1500.0,1,1,11.488333333333333
05323167000107,CIRUBEL COMERCIO E REPRESENTACOES DE PRODUTOS MEDICOS E HOSPITALAR LTDA,6,17180.0,209.0,2,1,82.20095693779905
03022656000101,PROFILATICA PRODUTOS ODONTO MEDICO HOSPITALARES S.A.,1,17004.0,3900.0,1,1,4.36
08108696000186,DISTRIBUIDORA DE PRODUTOS G.C.R. LTDA,1,17000.0,5000.0,1,1,3.4
40069394000159,H G A COSTA COMERCIO DE ARTIGOS ODONTO-MEDICO-HOSPITALAR,9,16998.6,4226.0,1,1,4.022385234264079
45322752000107,F MOREIRA SILVA LTDA,1,16885.44,1056.0,1,1,15.989999999999998
37121913000176,LEPHARMA COMERCIO DE MATERIAIS E MEDICAMENTOS LTDA,4,16802.0,6000.0,1,1,2.800333333333333
09105835000180,RIO MEDI COMERCIO ASSISTENCIA E REPRESENTACAO HOSPITALAR EXP. & IMP. LTDA,1,16747.5,250.0,1,1,66.99
05044984000126,LEGRAND PHARMA INDUSTRIA FARMACEUTICA LTDA,3,16602.0,60600.0,2,1,0.273960396039604
81887838000140,CM PFS HOSPITALAR S.A.,1,16560.0,1000.0,1,1,16.56
44735855000136,MG BRASIL COMERCIO E SERVICOS LTDA,2,16538.322,290146.0,1,1,0.057
45463464000172,DROGARIA MARQUETE BARBOSA & CIA LTDA,3,16527.6,6280.0,1,1,2.631783439490446
61519971000137,HEMELRIJK COMERCIO DE IMPLEMENTOS MEDICOS LTDA,1,16500.0,1100.0,1,1,15.0
05155405000112,CLINICA NUTRICIONAL LTDA.,2,16400.0,1120.0,2,1,14.642857142857142
29412918000120,MALTACARE DISTRIBUIDORA LTDA,1,16174.08,1872.0,1,1,8.64
86647138000100,SANTALMAS COMERCIO IMPORTACAO EXPORTACAO LTDA,2,16130.0,3000.0,2,1,5.376666666666667
35379987000181,PEDRO CARLOS MONTAGNANE MARTINI,1,16115.0,25000.0,1,1,0.6446
25631623000193,DENTAL GONTIJO LTDA,17,16102.1,3017.0,1,1,5.337122969837587
07167191000120,SANOVIE INTERNATIONAL TRADE LTDA,3,16092.0,450.0,1,1,35.76
17631154000184,ORION FARMACEUTICA LTDA,2,16010.1,150.0,2,1,106.73400000000001
07014318000170,CISCRE IMPORTACAO E DISTRIBUICAO DE PRODUTOS MEDICOS LTDA.,1,16000.0,500.0,1,1,32.0
15227236000132,ATOS MEDICA COMERCIO E REPRESENTACAO DE PRODUTOS MEDICOS HOSPITALARES LTDA,1,16000.0,160000.0,1,1,0.1
11002975000175,TECVIDA COMERCIO E DISTRIBUICAO LTDA,4,15880.0,2120.0,2,1,7.490566037735849
31327287000192,BIOPAS BRASIL PRODUTOS FARMACEUTICOS LTDA,1,15864.24,1176.0,1,1,13.49
45151432000131,ALEX DOS SANTOS MOURA & CIA LTDA,1,15796.0,40.0,1,1,394.9
26542337000114,VIP EMPREENDIMENTOS FARMACEUTICOS LTDA,34,15658.1,168.0,1,1,93.20297619047619
02771547000116,NATAN COMERCIO LTDA,2,15636.0,944.0,1,1,16.5635593220339
05134822000189,ROSEMAR EDUVIRGEM MUNIZ,1,15528.0,600.0,1,1,25.88
10545970000126,VITA MEDICAL MATERIAL HOSPITALAR LTDA,3,15490.0,1600.0,3,1,9.68125
15396747000188,VL BELTRAME LTDA,2,15457.7,380.0,1,1,40.67815789473684
05823205000190,MAQUIRA INDUSTRIA DE PRODUTOS ODONTOLOGICOS S.A.,6,15439.28,456.0,4,1,33.8580701754386
08734023000131,E L MACHADO MEDICAMENTOS LTDA.,6,15390.0,70123.0,3,1,0.2194715000784336
26547099000130,M. CALGAROTO LTDA,1,15340.0,1000.0,1,1,15.34
23015239000130,SAO BERNARDO COMERCIO DE PRODUTOS PARA SAUDE LTDA,5,15294.69,20.0,4,1,764.7345
51655169000110,RF FARMA LTDA,6,15242.8,1352.0,1,1,11.274260355029586
20853918000271,"M.F. COMERCIO, GERENCIAMENTO E SERVICOS LTDA",1,15200.0,20000.0,1,1,0.76
05810081000109,JET IMPORTS IMPORTACAO E EXPORTACAO LTDA,6,15093.6,150320.0,2,1,0.10040979244278872
14134724000132,RB COMERCIO DE PRODUTOS NUTRICIONAIS E HOSPITALARES LTDA,3,15006.0,550.0,1,1,27.283636363636365
30037851000170,SQUADRA DO BRASIL DISTRIBUIDORA DE EQUIPAMENTOS LTDA,1,15000.0,1.0,1,1,15000.0
06276904000120,AD INSTRUMENTOS CIRURGICOS IMPORTACAO E EXPORTACAO LTDA,4,15000.0,380.0,3,1,39.473684210526315
41070028000182,GR FARMA BEBEDOURO LTDA,9,14943.72,27198.0,3,1,0.5494418707257887
56338247000177,MUNICIPIO DE RINCAO,2,14850.0,45000.0,1,1,0.33
16847018000163,THN NUTRICAO E SAUDE LTDA,2,14750.4,250700.0,2,1,0.05883685680095732
10326124000115,TD COMERCIO DE MEDICAMENTOS LTDA,17,14707.46,28230.0,1,1,0.5209868933758413
43834774000120,DENTAL SOORETAMA COMERCIO DE PRODUTOS ODONTOLOGICOS LTDA,7,14681.8,530.0,1,1,27.70150943396226
08665289000170,M.M. CAPELLARO INDUSTRIA E DISTRIBUIDORA DE PRODUTOS MEDICOS E ODONTOLOGICOS LTDA,2,14580.0,40.0,2,1,364.5
72527609000124,PRONTIDAO COMERCIO DE PRODUTOS HOSPITALARES LTDA.,3,14565.6,21420.0,1,1,0.68
31419958000145,MERCADAO DAS MASCARAS EIRELI,2,14560.0,800.0,2,1,18.2
05044056000161,DMH - PRODUTOS HOSPITALARES LTDA,1,14560.0,4000.0,1,1,3.64
26715034000156,PROMED COMERCIO DE SUPRIMENTOS HOSPITALARES LTDA,3,14557.82,194.0,3,1,75.04030927835052
05035010000186,LAB BRAX DIAGNOSTICA LTDA,6,14462.0,10533.0,1,1,1.373018133485237
11943989000193,FUNDO MUNICIPAL DE SAUDE,1,14441.75,15250.0,1,1,0.947
14703910000145,"ENDOSOLUTIONS IMPORTACAO E COMERCIO DE MEDICAMENTOS, INSTRUMENTOS E MATERIAIS CIRURGICOS LTDA.",3,14416.0,141200.0,1,1,0.10209631728045326
03626752000150,DN MEDICAMENTOS E PRODUTOS ODONTOLOGICOS LTDA,3,14370.72,57408.0,1,1,0.25032608695652175
48438835000154,JVFK MEDICAMENTOS LTDA,7,14225.27,7273.0,3,1,1.9559012787020487
04307650003312,ONCO PROD DISTRIBUIDORA DE PRODUTOS HOSPITALARES E ONCOLOGICOS LTDA.,1,14181.2,440.0,1,1,32.230000000000004
11836572000121,DUOFARM COMERCIO DE PRODUTOS FARMACEUTICOS LTDA,30,14147.34,3205.0,1,1,4.414146645865834
22332686000150,VLM PRODUTOS DESCARTAVEIS LTDA,1,14134.0,100.0,1,1,141.34
24232886007501,PRO SAUDE - ASSOCIACAO BENEFICENTE DE ASSISTENCIA SOCIAL E HOSPITALAR,1,14080.0,2000.0,1,1,7.04
05118766000199,FISIOMEDICA PRODUTOS E EQUIPAMENTOS LTDA,1,14080.0,64.0,1,1,220.0
00562583000144,RENYLAB - QUIMICA E FARMACEUTICA LTDA,12,14071.21,30569.0,2,1,0.46030979096470276
05674440000148,ODONTOPLUS LTDA,14,14037.2,828.0,1,1,16.95314009661836
05207574000159,ACUSTICA TECHNOAUDIO COMERCIO E SERVICOS LTDA.,1,14000.0,100.0,1,1,140.0
58430828001301,BLAU FARMACEUTICA S.A.,1,13991.89,3421.0,1,1,4.09
22228679000103,OP QUIRINO DISTRIBUIDORA DE PRODUTOS HOSPITALARES LTDA,2,13960.0,25200.0,1,1,0.553968253968254
39346590000144,KDN COMERCIO ATACADISTA LTDA,1,13940.0,2.0,1,1,6970.0
52488349000118,SUBMED - PRODUTOS HOSPITALARES LTDA,5,13917.8,5192.0,1,1,2.680624036979969
30471311000108,ALFA CURATIVOS LTDA,3,13900.0,6500.0,2,1,2.1384615384615384
08228656000178,BRASILSUPRI LTDA,1,13875.0,3750.0,1,1,3.7
32477466000179,MEDICARE DISTRIBUIDORA DE PRODUTOS FARMACEUTICOS E PERFUMARIA LTDA,1,13854.6,30788.0,1,1,0.45
88957022000195,MUZYMED INSTRUMENTAL CIRURGICO LTDA,3,13738.75,117.0,2,1,117.42521367521367
15736240000126,HO HOSPITALAR LTDA,3,13385.0,18500.0,1,1,0.7235135135135136
29931772000129,"JF COMERCIO DE PRODUTOS VETERINARIOS, EQUIPAMENTOS DE PROTECAO E LIMPEZA LTDA",2,13300.0,2.0,1,1,6650.0
07726133000199,CICLA DISTRIBUIDORA DE PRODUTOS PARA DIAGNOSTICOS LTDA,1,13294.0,2300.0,1,1,5.78
00744718000192,EDISON LUIZ SCHONHORST,2,13280.0,8000.0,1,1,1.66
18848403000150,"GOLDEN MATERIAIS, PRODUTOS E SERVICOS LTDA",2,13114.56,126.0,1,1,104.08380952380952
39528472000157,COMERCIAL MONTANNA LTDA,3,13045.0,9500.0,2,1,1.3731578947368421
20989401000123,ARAUJO & ALAOR COM. DE PRODUTOS FARMACEUTICOS LTDA,9,13025.278,8665.0,3,1,1.5032057703404502
39274005000148,UMSER COMERCIO IMPORTACAO E EXPORTACAO DE PRODUTOS MEDICOS HOSPITALARES LTDA,1,13000.0,26000.0,1,1,0.5
15344304000143,CONSORCIO INTERMUNICIPAL DA REGIAO NORDESTE,1,12972.0,690000.0,1,1,0.0188
04368522000100,PAPEL MASTER SUL LTDA,1,12932.0,3050.0,1,1,4.24
07994516000148,D & D EMPREENDIMENTOS COMERCIAIS LTDA,2,12910.0,617.0,2,1,20.92382495948136
30698093000130,GOLD DISTRIBUIDORA LTDA,6,12886.0,16126.0,2,1,0.7990822274587622
01686305000161,DANIALEX TEC - MATERIAL MEDICO HOSPITALAR LTDA.,1,12840.0,120.0,1,1,107.0
05416754000140,MAKE LINE COMERCIAL LTDA,3,12800.0,650.0,1,1,19.692307692307693
33174811000168,CAMPOS E CAMPOS COM. DE MEDICAMENTOS LTDA,8,12662.0,8502.0,1,1,1.489296636085627
87156352000119,INCOTERM SOLUCOES EM MEDICAO LTDA,1,12635.0,950.0,1,1,13.3
12013255000178,RS DISTRIBUIDORA HOSPITALAR LTDA,2,12600.0,600.0,1,1,21.0
20758465000113,S. C. COMERCIAL LTDA,1,12580.0,2000.0,1,1,6.29
32522252000177,BRAGA E NETO COMERCIO E REPRESENTACAO LTDA,3,12540.0,22060.0,2,1,0.5684496826835902
12416810000102,ROFEMAX IMPORTADORA DE EMBALAGENS LTDA,2,12454.5,800.0,1,1,15.568125
23411706000141,CENTRALMED COMERCIO E IMPORTACAO DE MATERIAL MEDICO LTDA,1,12450.0,150.0,1,1,83.0
04610769000182,OFTALMICA PROLENTES COMERCIO DE MATERIAIS PARA USO MEDICO LTDA,1,12324.0,1200.0,1,1,10.27
25072030000134,SUL CIRURGICA MATERIAL HOSPITALAR LTDA,2,12240.0,600.0,1,1,20.4
44982273000154,F. DUTRA SOLUCOES EM SAUDE LTDA.,3,12107.0,3000.0,2,1,4.035666666666667
05696494000104,HAIAEL COMERCIAL LTDA,2,12050.0,2.0,1,1,6025.0
23643895000188,SUPERARMED EQUIPAMENTOS MEDICOS HOSPITALARES LTDA,3,12030.0,60.0,3,1,200.5
29107879000157,EC VARGAS COMERCIO E SERVICOS LTDA,4,12020.0,860.0,1,1,13.976744186046512
53441926000189,AUGUSMED HOSPITALAR COMERCIO E SERVICOS LTDA,2,12008.0,2400.0,1,1,5.003333333333333
01447737000110,BRW SUPORTE E LOGISTICA PARA SAUDE LTDA,2,12005.4,330.0,1,1,36.379999999999995
62969589000198,CSL BEHRING COMERCIO DE PRODUTOS FARMACEUTICOS LTDA,1,12000.0,6.0,1,1,2000.0
24931613000100,MORAES COMERCIO DE ARTIGOS PARA SAUDE LTDA,1,11880.0,12.0,1,1,990.0
50240941000170,AVVA LAB PRODUTOS PARA LABORATORIO LTDA,7,11878.6,54590.0,1,1,0.21759662941930757
10461807000185,PHARMEDICE MANIPULACOES ESPECIALIZADAS LTDA,4,11872.2,255.0,3,1,46.557647058823534
51885451000194,LEADERSHIP PRODUTOS PARA SAUDE E PESQUISAS LTDA,5,11824.0,12104.0,2,1,0.976867151354924
35167731000100,TH7 HOSPITALAR PRODUTOS HOSPITALARES LTDA,11,11796.22,2601.0,1,1,4.535263360246059
05593405000102,DENTAL MEDICA COMERCIO E REPRESENTACOES LTDA,5,11774.3,620.0,1,1,18.9908064516129
34749515000100,A B C COMERCIO E REPRESENTACOES LTDA,1,11750.0,250.0,1,1,47.0
14596408000182,ITAMOBILE COMERCIO E SERVICOS LTDA,2,11733.4,28.0,1,1,419.05
06131330000100,VIVAMED EQUIPAMENTOS MEDICO-HOSPITALARES LTDA,5,11701.6,5174.0,2,1,2.26161577116351
13990290000100,STORE DO BRASIL LTDA,1,11700.0,30000.0,1,1,0.39
30289820000106,R4 COMERCIO DE MEDICAMENTOS LTDA,11,11685.5,3650.0,1,1,3.2015068493150687
06157734000165,GLOBAL TEC INDUSTRIA E COMERCIO DE PRODUTOS MEDICOS LTDA,5,11675.7,200.0,2,1,58.3785
53493457000141,R G PRODUTOS FARMACEUTICOS LTDA,6,11673.0,10600.0,1,1,1.1012264150943396
79430682014506,FARMACIA E DROGARIA NISSEI S.A,3,11652.216,840.0,1,1,13.871685714285714
22906038000160,COMERCIAL TXV COMERCIO E SERVICO LTDA,1,11628.75,2625.0,1,1,4.43
09615457000185,SODROGAS DISTRIBUIDORA DE MEDICAMENTOS E MATERIAIS MEDICO HOSPITALARES LTDA.,1,11597.5,2500.0,1,1,4.639
05586495000104,5 ELEMENTOS COMERCIO DE PRODUTOS TERAPEUTICOS LTDA,4,11549.5,80005.0,2,1,0.1443597275170302
30831921000167,ARAMIS GORZIZA SILVA,22,11529.04,3407.0,1,1,3.3839272086879957
66877184000180,DOC MED COMERCIO IMPORTACAO E EXPORTACAO LTDA,1,11520.0,1440.0,1,1,8.0
18846221000140,BEV SAUDE COMERCIO DE PRODUTOS HOSPITALAR E ODONTOLOGICO LTDA,7,11455.2,200.0,1,1,57.276
04901171000142,CASSIFLEX LTDA,10,11452.4,2900.0,3,1,3.949103448275862
14461011000183,JVMED COMERCIO DE MEDICAMENTOS LTDA,3,11438.0,4400.0,1,1,2.5995454545454546
04886103000151,LABINGA COMERCIO DE ARTIGOS PARA LABORATORIOS LTDA,2,11300.0,30000.0,1,1,0.37666666666666665
07173013000101,VIVA PRODUTOS HOSPITALARES EM RECUPERACAO JUDICIAL LTDA,1,11285.64,16356.0,1,1,0.69
01310222000173,MAFRA LOCACOES LTDA.,1,11247.88,476.0,1,1,23.63
46592333000158,DROGARIA MODERNA FERNANDOPOLIS LTDA,8,11204.3,2927.0,2,1,3.8279125384352577
43496995000136,CIRURGICA SANTA HELENA LTDA,3,11190.0,320.0,1,1,34.96875
39151912000108,PAVA HOSPITALAR LTDA,3,11169.68,4034.0,1,1,2.7688844819038176
39344423000164,BLACK TSHIRT LICITACOES E ASSESSORIA LTDA,2,11138.79,2.0,1,1,5569.395
97520618000114,JG DE MELLO - PINTURAS,3,11001.0,101.0,1,1,108.92079207920793
05788117000103,METALIC MEDICAL PRODUTOS HOSPITALARES LTDA,4,10986.0,30.0,2,1,366.2
21763961000128,MAX MED COMERCIO DE MEDICAMENTOS LTDA,8,10980.0,350.0,1,1,31.37142857142857
27156872000108,VILLE COMERCIO E SERVICOS DE MOVEIS LTDA,2,10852.0,23.0,1,1,471.82608695652175
35147358000126,NOROESTE HOSPITALAR COMERCIO DE MATERIAIS HOSPITALARES LTDA,1,10830.0,3000.0,1,1,3.61
22315538000128,MLA SUPRIMENTOS MEDICOS SA,2,10830.0,1700.0,2,1,6.370588235294117
10377194000100,SAO GERALDO MATERIAL MEDICO E ORTOPEDICO LIMITADA,1,10827.0,300.0,1,1,36.09
03460480000161,A P LIMA PRODUTOS HOSPITALARES,5,10810.2,14005.0,2,1,0.7718814709032489
28877319000119,PIETRA ODONTO IMPORTACAO E DISTRIBUIDORA LTDA,2,10800.0,16.0,2,1,675.0
18930881000105,ZZ MED COMERCIO DE PRODUTOS HOSPITALARES LTDA,1,10800.0,45.0,1,1,240.0
54375647012648,DROGAL FARMACEUTICA LTDA,49,10684.6984,4508.0,1,1,2.37016379769299
21399312000190,JB COMERCIAL DE MEDICAMENTOS LTDA,2,10664.7,22090.0,1,1,0.4827840651878679
04356658000191,AAF DO BRASIL PRODUTOS ODONTOLOGICOS LTDA,2,10660.0,10200.0,1,1,1.0450980392156863
10642769000167,DEYVIS MASCKIO SERENI DROGARIA,25,10633.186,2622.0,1,1,4.055372234935164
51164143000170,MARTINELLI COM DE MAT MED HOSP E ODONT LTDA,2,10620.0,176000.0,1,1,0.06034090909090909
07731777000175,COMERCIAL GUARA LTDA,1,10600.0,4000.0,1,1,2.65
09545032000147,J.A. COMERCIO DE PRODUTOS PARA RESGATE LTDA,6,10595.0,18900.0,1,1,0.5605820105820106
10212250000149,W. S. COMERCIO E SERVICOS LTDA,7,10559.85,549.0,1,1,19.23469945355191
27376022000107,PRIME CIRURGICA IMPORTADORA E DISTRIBUIDORA DE MERCADORIAS E EQUIPAMENTOS MEDICOS E HOSPITALARES LTDA,2,10536.0,600.0,1,1,17.56
54388779000193,EFFRA IN HUB DE COMERCIO E SERVICOS LTDA,1,10500.0,42000.0,1,1,0.25
29130664000157,FIVE MEDICAL COMERCIO DE MATERIAL MEDICO HOSPITALAR LTDA,1,10494.0,30.0,1,1,349.8
05287113000133,ARTSINTESE COMERCIO DE MATERIAL E EQUIPAMENTOS HOSPITALAR LTDA,3,10494.0,2710.0,1,1,3.8723247232472326
59752691000122,FARMACIA DO POVO SANJOANENSE LTDA,7,10473.194,1172.0,1,1,8.936172354948805
04040383000182,INDUSTRIAS H. A. BARONE LTDA,4,10420.0,180.0,2,1,57.888888888888886
35098660000131,JOAO EVANGELISTA DE CAMPOS 03173986954,3,10300.0,1800.0,1,1,5.722222222222222
10516707000109,UNITED MEDICAL PRODUTOS E EQUIPAMENTOS CIENTIFICOS LTDA,1,10226.23,7.0,1,1,1460.8899999999999
35250434000124,GONZALEZ E TELLIS COMERCIO DE MEDICAMENTOS LTDA,15,10210.298,3832.0,2,1,2.6644827766179544
04383642000178,SALUTARY CENTRO-NORTE COMERCIAL LTDA,3,10143.6,10464.0,1,1,0.9693807339449542
03489343000150,BK COMERCIAL DE EQUIPAMENTOS TECNOLOGICOS LTDA.,4,10139.0,27100.0,1,1,0.3741328413284133
02473977000151,SITMED EQUIPAMENTOS MEDICOS LTDA,1,10118.5,20.0,1,1,505.925
00059062000179,CRYSSIL FORNECEDORA DE MATERIAIS E SERVICOS ESPECIALIZADOSLTDA,1,10080.0,12000.0,1,1,0.84
06300403000132,N S G COMERCIO LTDA,2,10080.0,96.0,1,1,105.0
10268780000290,MEDIX BRASIL LTDA,1,10056.0,600.0,1,1,16.76
16980808000112,VINAS BUFFET LTDA,3,10053.0,7710.0,1,1,1.3038910505836576
54375647013458,DROGAL FARMACEUTICA LTDA,9,10016.3422,1799.0,1,1,5.567727737632017
84684620000187,LABORATORIO CATARINENSE LTDA,1,9997.5,250.0,1,1,39.99
59717553000617,MULTILASER INDUSTRIAL S.A.,1,9950.0,500.0,1,1,19.9
90473216000167,PREVESUL EQUIPAMENTOS E ACESSORIOS PARA SEGURANCA NO TRABALHO LTDA,1,9934.47,819.0,1,1,12.129999999999999
11356674000140,FUNDO MUNICIPAL DE SAUDE DO MUNICIPIO DE PRATA,1,9898.0,4900.0,1,1,2.02
04516470000163,TECNOPRINT IMPRESSOS TECNICOS LTDA,2,9880.0,500.0,2,1,19.76
48749019000161,BRIMED COMERCIO DE PRODUTOS MEDICOS LTDA,1,9864.0,8.0,1,1,1233.0
34182886000153,SEVEN PRODUTOS LABORATORIAIS PARA DIAGNOSTICO LTDA,1,9800.0,100.0,1,1,98.0
36090736000145,SALVIOLI INDUSTRIA E COMERCIO LTDA,6,9736.47,31.0,1,1,314.0796774193548
09523533000122,DENTAL NITEROI LTDA,22,9715.48,2189.0,1,1,4.438318867062585
10851899000371,CPAPS IMPORTACAO E COMERCIO DE EQUIPAMENTOS MEDICOS LTDA,3,9692.89,3.0,1,1,3230.963333333333
21705181000121,DROGARIA MATOS LTDA,3,9655.8,124.0,1,1,77.86935483870967
09174668000120,VITTAFLEX INDUSTRIA E COMERCIO DE MOVEIS E COLCHOES LTDA,1,9600.0,16.0,1,1,600.0
23376715000149,OXIMONT GASES E MONTAGEM INDUSTRIAIS LTDA,2,9600.0,8.0,1,1,1200.0
37262133000146,ELITE SOLUCOES EMPRESARIAIS LTDA,4,9580.0,2800.0,1,1,3.4214285714285713
04679119000193,CRM COMERCIAL LTDA,22,9543.95,10821.0,2,1,0.8819841049810554
00860254000180,MULTILAB LABORATORIO DE ANALISES CLINICAS LTDA,1,9500.0,50000.0,1,1,0.19
04168171000185,BIOLOGICAL LTDA,23,9400.47,185.0,1,1,50.81335135135135
43595813000184,IMPERIO PHARMA MEDICAMENTOS LTDA.,1,9400.0,20000.0,1,1,0.47
24402903000167,NACIONAL SAFETY EQUIPAMENTOS DE SEGURANCA LTDA,3,9395.0,4250.0,2,1,2.2105882352941175
60683786000110,MEDICAL CIRURGICA LTDA,1,9365.2,4.0,1,1,2341.3
21947632000137,LABMEDIC COMERCIO E MANUTENCAO DE EQUIPAMENTOS MEDICOS LTDA,1,9360.0,900.0,1,1,10.4
30313649000123,SERRANA DISTRIBUIDORA LTDA,2,9330.0,6.0,1,1,1555.0
54514357000117,MMEMED DISTRIBUIDORA DE MEDICAMENTOS LTDA,11,9329.0,6650.0,1,1,1.4028571428571428
57742953000142,MEDINGA COMERCIAL LTDA,9,9301.6,5860.0,3,1,1.5873037542662116
02949582000182,MEDICALWAY EQUIPAMENTOS MEDICOS LTDA,1,9225.0,1.0,1,1,9225.0
33541640000168,DENTAL OTTONAVES LTDA,48,9220.2,258.0,2,1,35.73720930232558
10784720000149,LIDERANCA HOSPITALAR LTDA,11,9214.1,5649.0,1,1,1.631102850061958
29036138000122,SMC FARMACEUTICA LTDA,2,9200.0,7000.0,2,1,1.3142857142857143
34922825000185,"LABNORTE MATERIAIS MEDICOS, HOSPITALARES E LABORATORIAIS LTDA",2,9184.0,2200.0,2,1,4.174545454545455
33347844000162,DIAGVIX EQUIPAMENTOS E SERVICOS LTDA,2,9150.0,1515.0,1,1,6.03960396039604
13759813000101,SINGULAR DROGARIA E MEDICAMENTOS ESPECIAIS LTDA,2,9124.65,8035.0,1,1,1.1356129433727442
18442927000147,CORUMBA HOSPITALAR LTDA,2,9090.0,2000.0,1,1,4.545
00691555000127,DECIO CAMARGO - PRODUTOS E EQUIPAMENTOS LABORATORIAIS LTDA.,3,8970.9,4400.0,2,1,2.038840909090909
10286595000147,DISTRIFARMA COELHO LTDA,24,8930.31,42958.0,1,1,0.2078846780576377
58748567000120,CIRURGICA BIRIGUI COMERCIO E REPRESENTACOES LTDA,4,8908.98,38.0,1,1,234.44684210526316
08532602000100,GIBRALTAR COMERCIO DE PRODUTOS DE LIMPEZA LTDA,1,8900.0,100.0,1,1,89.0
45282739000171,MULTIMEDIK DISTRIBUICAO LTDA,7,8864.0,460.0,2,1,19.269565217391303
40117556000187,HAVI MATERIAL HOSPITALAR LTDA,1,8855.0,1610.0,1,1,5.5
05211777000119,CAPERPASS INDUSTRIA E COMERCIO DE ARTIGOS PLASTICOS LTDA,1,8850.0,15000.0,1,1,0.59
00467916000156,MAJ LAB - COMERCIO E MANUTENCAO DE EQUIPAMENTOS PARA LABORATORIO LTDA,12,8842.0,1900.0,2,1,4.653684210526316
15631841000174,CLAUBER HUMBERTO ZANIN LTDA,19,8832.443,2318.0,1,1,3.8103723037100945
22976138000163,SAMED COMERCIO LTDA,2,8808.0,3000.0,1,1,2.936
62462015000129,APSEN FARMACEUTICA S/A,4,8797.6,294.0,4,1,29.923809523809524
12811487000171,MULTISUL COMERCIO E DISTRIBUICAO LTDA,4,8768.2,101900.0,3,1,0.08604710500490678
18136904000104,GUILHERME XAVIER PIVA LTDA,2,8759.2,31.0,1,1,282.5548387096774
26556283000146,PRIMED COMERCIO DE PRODUTOS HOSPITALARES LTDA,1,8700.0,2000.0,1,1,4.35
32149914000105,MEDGLOBAL DISTRIBUIDORA DE MATERIAL MEDICO HOSPITALAR LTDA,1,8663.37,50961.0,1,1,0.17
26113505000156,REMAC MAIS DISTRIBUIDORA LTDA,4,8628.0,5600.0,1,1,1.5407142857142857
66783630000279,PRO-LIFE EQUIPAMENTOS MEDICOS LTDA,1,8628.0,2.0,1,1,4314.0
39990138000110,TIMEH PRODUTOS HOSPITALARES LTDA,3,8622.5,5075.0,3,1,1.699014778325123
37260261000150,MEDICAL SYSTEM BRASIL IMPORTACAO E COMERCIO DE PRODUTOS MEDICOS LTDA,2,8600.0,200.0,1,1,43.0
27457005000102,BIOTECNOPLUS ASSISTENCIA TECNICA EM EQUIPAMENTOS HOSPITALARES LTDA,3,8594.0,24.0,2,1,358.0833333333333
34637297000112,LIFE CARE DIAGNOSTICOS LTDA,17,8562.92,208.0,1,1,41.167884615384615
17115437000173,LABORATORIO GLOBO SA,2,8550.09,195001.0,2,1,0.04384639053133061
25398752000183,DJ COMERCIO E SERVICO EM GERAL LTDA,3,8533.62,2656.0,1,1,3.212959337349398
39655478000195,SEBOLD INDUSTRIA DE COSMETICOS LTDA,1,8494.2,780.0,1,1,10.89
29552649000105,ILCARA MARIA DE CASTRO BAILLY LTDA,6,8492.0,24.0,3,1,353.8333333333333
19159159000181,KEYS SOLUCOES EM SAUDE LTDA,1,8400.0,300.0,1,1,28.0
23993776000155,FARMACIA MAIS POPULAR LTDA,4,8380.0,8500.0,1,1,0.9858823529411764
13535892000177,PLATINA COMERCIO DE PRODUTOS MEDICOS HOSPITALARES LTDA,3,8380.0,12000.0,1,1,0.6983333333333334
29754676000152,P&C MATERIAL MEDICO HOSPITALAR LTDA,4,8347.0,2500.0,1,1,3.3388
13465838000283,H B S PRODUTOS PARA SAUDE LTDA,1,8321.04,2184.0,1,1,3.8100000000000005
02921711000124,MIX COMERCIO LTDA,8,8267.0,18900.0,2,1,0.4374074074074074
11657058000129,FARMACIA CHARLES E GUSTAVO LTDA,19,8255.858,2885.0,2,1,2.861649220103986
23616917000110,"CRP COMERCIO ATACADISTA DE PRODUTOS NUTRICIONAIS, MEDICAMENTOS E HOSPITALARES LTDA",1,8250.0,300.0,1,1,27.5
31636399000125,JBL SERVICOS E DISTRIBUIDORA DE MATERIAL MEDICO HOSPITALAR LTDA,2,8167.5,630.0,2,1,12.964285714285714
13656820000420,SMITH & NEPHEW COMERCIO DE PRODUTOS MEDICOS LTDA.,3,8140.0,1150.0,1,1,7.078260869565217
51740794000160,YNEMED PRODUTOS MEDICOS E HOSPITALARES LTDA,8,8080.54,1743.0,4,1,4.635995410212278
19872584000113,JUNIOR ZANQUI DROGARIA LTDA,24,8004.0072,1570.0,1,1,5.0980937579617835
07415627000403,TKL IMPORTACAO E EXPORTACAO DE PRODUTOS MEDICOS E HOSPITALARES LTDA,1,8000.0,1000.0,1,1,8.0
49512790000183,KINDERBABY COMERCIO DE FRALDAS E ACESSORIOS LTDA.,1,7992.27,81.0,1,1,98.67
09254427000190,INFUSOMED LTDA,1,7990.0,100.0,1,1,79.9
18386337000144,SILVENINA UNIFORMES LTDA,3,7980.0,1300.0,1,1,6.138461538461539
22580510000118,UNIFAR DISTRIBUIDORA DE MEDICAMENTOS LTDA,1,7920.0,4000.0,1,1,1.98
04793887000173,CIRURGICA ZANIN LTDA,2,7905.0,57.0,1,1,138.68421052631578
03021560000110,PREMIUM INDUSTRIA E COMERCIO LTDA,1,7900.0,100.0,1,1,79.0
18811390000145,LEGI RIO PRETO LTDA,1,7898.436,1092.0,1,1,7.233
27435570000160,NUTRI CENTER PRODUTOS NUTRICIONAIS LTDA,2,7846.0,202.0,2,1,38.84158415841584
09543571000147,LAZZARI MARTINEZ COMERCIO VAREJISTA DE MATERIAIS E EQUIPAMENTOS LTDA,9,7812.3,150.0,1,1,52.082
07976695000190,VIVER EQUIPAMENTOS MEDICOS LTDA,2,7800.0,20.0,1,1,390.0
20541898000112,MEDICAL LOG COMERCIO E INDUSTRIA DE PRODUTOS MEDICOS LTDA,1,7700.0,5000.0,1,1,1.54
64765548000105,TECNOCLIN ELETRONICA LTDA,1,7659.6,5.0,1,1,1531.92
27711259000105,"CENTRAL CIRURGICA COMERCIO, IMPORTACAO E EXPORTACAO LTDA",9,7648.34,142.0,2,1,53.86154929577465
33656835000153,INNOVARE INDUSTRIA E COMERCIO DE PECAS PLASTICAS LTDA,2,7637.0,3500.0,2,1,2.182
20278166000181,WASHINGTON LUIS DE OLIVEIRA LEITE,2,7594.0,1600.0,1,1,4.74625
20618646000144,BOA VISTA COMERCIO E SERVICOS LTDA,6,7590.0,314.0,1,1,24.171974522292995
03479428000157,ATUANTE COMERCIAL LTDA,1,7559.88,12.0,1,1,629.99
18335040000150,COMERCIAL E O S DE PRODUTOS HOSPITALARES LTDA,1,7550.0,2.0,1,1,3775.0
72120744000150,ZAP COMERCIO DE PRODUTOS HOSPITALARES LTDA,3,7495.12,401.0,1,1,18.691072319201993
19031878000112,AUTOMX SOLUCOES LTDA,2,7480.0,16.0,1,1,467.5
32079203000101,SERTVAREJO LICITACOES LTDA,1,7450.0,5000.0,1,1,1.49
31455241000159,M. PICIANI PAZINATO COMERCIO DE MATERIAIS ELETRONICOS EIRELI,5,7412.0,218.0,1,1,34.0
27089709000161,FIRSTLAB INDUSTRIA IMPORTACAO E EXPORTACAO DE PRODUTOS PARA LABORATORIOS LTDA,1,7398.6,22000.0,1,1,0.33630000000000004
14272952000179,KALARRARI BOLSAS E ACESSORIOS LTDA,2,7396.0,1200.0,2,1,6.163333333333333
40133906000107,NORTE SUL DISTRIBUIDORA LTDA,1,7394.4,4680.0,1,1,1.5799999999999998
41481009000220,JSP ASSESSORIA E GESTAO CONTABIL LTDA,7,7389.441,825.0,1,1,8.95689818181818
10398439000178,FUNDO MUNICIPAL DE SAUDE,1,7380.0,400.0,1,1,18.45
33589305000130,ROSANA PEREIRA DISTRIBUIDORA,17,7331.8,90.0,1,1,81.46444444444445
35310181000137,ERFARMA COMERCIO DE MEDICAMENTOS LTDA,13,7227.586,4450.0,1,1,1.6241766292134832
30322475000165,DOCTORMED COMERCIAL LTDA,3,7209.6,2960.0,1,1,2.4356756756756757
27710825000156,MINAS MED BRASIL LTDA,4,7205.0,7500.0,1,1,0.9606666666666667
68577063000149,ELIAH FARMACIA DE MANIPULACAO LTDA,1,7200.0,720.0,1,1,10.0
40673263000186,REISMED COMERCIO DE PRODUTOS HOSPITALARES LTDA,1,7195.5,45000.0,1,1,0.1599
24926663000108,L. P. SANTOS ATACADISTA,2,7187.52,168.0,1,1,42.78285714285715
40790727000134,RN COMERCIO DE MEDICAMENTOS E MATERIAL HOSPITALAR LTDA,1,7150.0,1000.0,1,1,7.15
20656202000101,FUSION MED COMERCIO DE MATERIAL MEDICO HOSPITALAR LTDA,2,7100.0,10050.0,2,1,0.7064676616915423
02863499000196,I. A. SAVOLDI JUNIOR & CIA. LTDA,1,7100.0,100.0,1,1,71.0
05264280000169,MEDICATTO COMERCIO DE PRODUTOS MEDICO HOSPITALARES LTDA,8,6997.8,3029.0,4,1,2.310267414988445
05795285000118,OPHTALMED DISTRIBUIDORA LTDA,3,6953.64,604.0,3,1,11.512649006622517
21685018000144,MH SUPRIMENTO E COMERCIO DE PRODUTOS MEDICOS LTDA,1,6940.8,2880.0,1,1,2.41
17979679000105,A L DALCIN PIRES DROGARIA,5,6897.0,2152.0,1,1,3.204925650557621
10693290000150,TEGRAPHARMA IMPORTADORA E DISTRIBUIDORA LTDA,1,6896.0,8.0,1,1,862.0
45454327000171,XLAB - SUPRIMENTOS PARA LABORATORIO LTDA,2,6865.0,530.0,1,1,12.952830188679245
09020873000130,SCIENTIFIC DENTAL MEDICAL LTDA,1,6750.0,50.0,1,1,135.0
02476399000107,MGM FARMA LTDA,1,6750.0,15000.0,1,1,0.45
55249650000167,MAZIERO COMERCIO FARMACEUTICO LTDA,3,6690.0,60503.0,2,1,0.11057302943655686
18018256000191,K J FERNANDES LTDA,10,6688.42,2070.0,1,1,3.23112077294686
36999842000146,EQUIPSUL COMERCIO E ASSISTENCIA TECNICA DE EQUIPAMENTOS A SAUDE LTDA,2,6685.9,10.0,2,1,668.5899999999999
50694319000132,L F DISTRIBUIDORA DE MATERIAIS MEDICOS LTDA,6,6646.85,7331.0,3,1,0.9066771245396263
08091417000119,ZAFALON SOLUCOES HOSPITALARES LTDA,1,6625.0,250.0,1,1,26.5
32981106000100,E. R DOS SANTOS FARMACIA,3,6622.5,2940.0,1,1,2.252551020408163
07724523000120,ALVES E SARTOR LTDA,2,6600.0,400.0,1,1,16.5
45082493000194,VLS MEDICAMENTOS LTDA,10,6589.8,19170.0,2,1,0.34375586854460094
45090400000173,CLEAN X COMERCIO VAREJISTA DE PRODUTOS SANEANTES LTDA,5,6580.26,214.0,1,1,30.7488785046729
46586767000145,FARMIL DISTRIBUIDORA DE MEDICAMENTOS E PERFUMARIA LTDA,1,6579.12,24.0,1,1,274.13
21840263000189,P P E COMERCIO DE EQUIPAMENTOS E PROTECAO INDIVIDUAL LTDA,4,6560.0,4800.0,2,1,1.3666666666666667
63063868000150,MEDBRASIL ATACADISTA HOSPITALAR LTDA,3,6558.6,644.0,2,1,10.18416149068323
32283972000127,GOLD HOSPITALAR COMERCIO E REPRESENTACOES LTDA.,4,6551.5,9350.0,1,1,0.7006951871657754
45987013000134,ORGANON FARMACEUTICA LTDA.,2,6507.36,61800.0,2,1,0.10529708737864077
09113926000168,ORTOPEDICA DISTRIBUIDORA DE PRODUTOS HOSPITALARES LTDA,10,6443.5,2511.0,2,1,2.5661091198725607
01825779000147,MUNICIPIO DE NAZARE DO PIAUI - SECRETARIA DE SAUDE,1,6436.8,3600.0,1,1,1.788
27011022000103,BL INDUSTRIA OTICA LTDA,2,6432.6,150.0,2,1,42.884
21487927000178,NEUPHARMA DISTRIBUICAO DE MATERIAL MEDICO HOSPITALAR LTDA,2,6432.0,4020.0,1,1,1.6
29245929000162,GC BRASIL SERVICOS DE COBRANCA LTDA,2,6414.6,20.0,1,1,320.73
07422196000151,VITALLI COMERCIO E IMPORTACAO LTDA,2,6388.0,400.0,1,1,15.97
17767331000235,LEX MED LTDA,1,6372.0,1200.0,1,1,5.31
02668300000179,BIOSAUDE PRODUTOS HOSPITALARES LTDA,2,6358.0,300.0,1,1,21.19333333333333
20739844002029,MODENA & SILVA LTDA,5,6324.22,619.0,2,1,10.216833602584815
04078043000302,MONTEIRO ANTUNES INSUMOS HOSPITALARES SOCIEDADE ANONIMA,1,6300.0,420.0,1,1,15.0
43179225000160,TRANSMAI EQUIPAMENTOS MEDICOS HOSPITALARES LTDA,1,6300.0,1.0,1,1,6300.0
00463305000130,MARCHET DE SA BARRETO CALLOU,1,6300.0,84.0,1,1,75.0
04182003000144,CIRURGICA NEVES LTDA,1,6240.0,400.0,1,1,15.6
03555829000149,DROGARIA PIPPER LTDA,5,6223.8,2760.0,1,1,2.255
17828413000161,BRASIL MEDICAMENTOS LTDA.,2,6220.0,31000.0,1,1,0.2006451612903226
08172474000122,NEUROSOFT - EQUIPAMENTOS E SUPRIMENTOS MEDICOS LIMITADA,3,6199.0,3.0,1,1,2066.3333333333335
15346274000104,HOSPLAB PRODUTOS HOSPITALARES E LABORATORIAL LTDA,2,6184.25,7055.0,2,1,0.8765768958185683
04237235000152,ENDOCENTER COMERCIAL LTDA,1,6135.0,300.0,1,1,20.45
26526668000160,R A DOS SANTOS DISTRIBUIDORA DE PRODUTOS HOSPITALARES LTDA,6,6114.8,410.0,2,1,14.914146341463415
29228030000131,GALEGOS IMPORTADORA LTDA,1,6090.0,870.0,1,1,7.0
74223413000171,FARMA GERTY DROGARIA LTDA,6,6067.3,3160.0,1,1,1.9200316455696202
16717062000159,B C DISTRIBUIDORA HOSPITALAR LTDA,1,6060.0,30.0,1,1,202.0
38441722000154,DROGARIA SULFARMES LTDA,3,6019.2,3600.0,1,1,1.672
28215470000191,GOLDMED IMPORTACAO DE PRODUTOS HOSPITALARES LTDA.,1,5997.5,250.0,1,1,23.99
38419205000189,CATIONLAB EQUIPAMENTOS E PRODUTOS PARA LABORATORIO LTDA,1,5991.0,3.0,1,1,1997.0
53496027000183,P&P HOSPITALAR LTDA,1,5967.5,35.0,1,1,170.5
50477639000130,ITA PHARMA LTDA,4,5956.2,1240.0,1,1,4.803387096774194
00447821003005,DROGARIA ROSARIO S/A,7,5920.722,402.0,1,1,14.728164179104477
19221783000161,C. H. MORETO & CIA LTDA,8,5911.992,768.0,1,1,7.69790625
32218962000108,FORMA MEDICAL COMERCIO DE PRODUTOS HOSPITALARES LTDA,1,5899.5,5130.0,1,1,1.15
54322844000188,ITAPEMED IMPORTADORA E EXPORTADORA DE EQUIPAMENTOS HOSPITALARES LTDA,3,5850.0,110.0,2,1,53.18181818181818
31890783000150,RIO MEIER COMERCIO DE MATERIAIS ODONTO-HOSPITALARES LTDA.,2,5844.9,14130.0,1,1,0.41365180467091295
44450437000100,FERRAZ EVENTOS E REPRESENTACOES LTDA,2,5830.17,11437.0,1,1,0.5097639241059718
09580548003067,SEROMA FARMACIAS E PERFUMARIAS LTDA,2,5776.0,810.0,1,1,7.130864197530864
39402763000102,DROGARIA SANTA URSULA LTDA,5,5763.0,9860.0,1,1,0.5844827586206897
11109936000171,RPA9GASES CONTROLD LTDA,1,5756.0,40000.0,1,1,0.1439
15527709000117,PRO-MEDIC-COMERCIO DE PRODUTOS MEDICOS HOSPITALARES LTDA,4,5690.0,7850.0,1,1,0.7248407643312101
61817664000132,NEWMED PRODUTOS PARA SAUDE LTDA,1,5680.0,20.0,1,1,284.0
45858701000102,DROGARIA SAO QUIRINO ANDRIOLO LTDA,1,5679.0,300.0,1,1,18.93
03225411000173,MISSNER & MISSNER LTDA.,1,5670.0,3000.0,1,1,1.89
01784792000103,EQUIPLEX INDUSTRIA FARMACEUTICA LTDA -,4,5664.4,31756.0,2,1,0.17837259100642397
37652650000121,TOP HOUSE COMERCIO E FABRICACAO DE COLCHOES LTDA,3,5626.32,54.0,2,1,104.19111111111111
13737194000154,X MEDICAL & CLEAN LTDA,9,5605.1,605.0,1,1,9.264628099173555
46073134000133,CAMBE MED DISTRIBUIDORA DE MEDICAMENTOS E MATERIAIS HOSPITALARES LTDA,6,5575.0,7750.0,1,1,0.7193548387096774
03610682001890,DROGARIA LVD LTDA,9,5512.88,452.0,1,1,12.196637168141594
16946372000145,MEGMED LTDA,1,5500.0,5.0,1,1,1100.0
12918336000117,BE CARE COMERCIO DE PRODUTOS MEDICO HOSPITALARES LTDA,1,5500.0,50.0,1,1,110.0
36657293000121,AGM BIDDING COMERCIAL LTDA,5,5458.3,3200.0,1,1,1.70571875
06170316000531,A. G. INDUSTRIA E COMERCIO DE ARTEFATOS PLASTICOS LTDA,1,5453.0,7000.0,1,1,0.779
13333090000184,NIPRO MEDICAL CORPORATION PRODUTOS MEDICOS LTDA.,1,5435.0,500.0,1,1,10.87
07955424000159,ASTHAMED COMERCIO DE PRODUTOS E EQUIPAMENTOS HOSPITALARES LTDA,11,5433.0,1024.0,1,1,5.3056640625
07296219000129,E. R. FELIX - PROD. AGROP,2,5430.0,1600.0,1,1,3.39375
46179008000168,BRASTERAPICA INDUSTRIA FARMACEUTICA LTDA.,4,5423.0,58000.0,2,1,0.0935
10889422000113,FLORESTA COMERCIO E SERVICOS LTDA,1,5400.0,360.0,1,1,15.0
55902597000151,CEDC INDUSTRIA E COMERCIO DE PRODUTOS HOSPITALARES LTDA.,1,5369.976,360.0,1,1,14.916599999999999
22679352000158,J.A. MEDICAMENTOS REGENTE FEIJO LTDA,1,5340.0,60000.0,1,1,0.089
03134944000140,E J DA SILVA PRODUTOS LABORATORIAIS,3,5334.0,3561.0,1,1,1.497893850042123
10769075000195,BOTUMED LTDA,1,5301.0,45000.0,1,1,0.1178
13407975000180,ALVES E SILVA COMERCIO E SERVICOS LTDA,2,5284.9,7190.0,1,1,0.7350347705146035
03431790000158,RAQUEL NOGUEIRA SOROCABA LTDA,1,5247.0,100.0,1,1,52.47
44949367000121,COMERCIAL DISTRINORTE CAPIXABA LTDA,7,5234.22,288.0,1,1,18.174375
49219686002149,DROGAFARMA LTDA,1,5233.8,8580.0,1,1,0.61
62656541000120,REDE MULTI LTDA,2,5226.0,10150.0,1,1,0.5148768472906404
02421679000118,DIVIMED COMERCIO DE PRODUTOS HOSPITALARES LTDA,3,5190.0,303.0,1,1,17.128712871287128
09039574000148,MF - COMERCIO DE PRODUTOS MEDICOS LTDA,1,5112.0,3600.0,1,1,1.42
32075199000103,CUBOMED - COMERCIO ATACADISTA DE PRODUTOS PARA SAUDE LTDA,1,5100.0,250.0,1,1,20.4
02955937000146,FORMED BR MATERIAIS MEDICOS E HOSPITALARES LTDA,3,5097.8,173.0,2,1,29.46705202312139
12035062000118,MEDICALDECK COMERCIO DE PRODUTOS MEDICOS LTDA,2,5092.0,28.0,1,1,181.85714285714286
19097931000188,CENTERCOR EQUIPAMENTOS HOSPITALARES E PRODUTOS PARA A SAUDE LTDA,1,5040.0,50400.0,1,1,0.1
29321734000154,CR MED SERVICOS E COMERCIO DE MATERIAIS DE USO MEDICO E HOSPITALAR LTDA,1,5036.4,180.0,1,1,27.979999999999997
17507751000100,O DE SENA LTDA,2,5013.0,90.0,1,1,55.7
12967916000102,CIRURGICA IZAMED LTDA,6,4995.65,18.0,2,1,277.5361111111111
32929561000166,R. DISTRIBUIDORA DE MEDICAMENTOS E LOGISTICA LTDA,1,4983.0,3300.0,1,1,1.51
35289161000121,WRAD COMERCIO HOSPITALAR LTDA,3,4955.4,845.0,1,1,5.864378698224852
00749145000190,FDA ALLERGENIC FARMACEUTICA LTDA,1,4944.0,3.0,1,1,1648.0
05032608000111,MONTEGGIA PRODUTOS HOSPITALARES LTDA,1,4900.0,2.0,1,1,2450.0
41057228000103,MEGAHOSP COMERCIO DE PRODUTOS PARA SAUDE LTDA,1,4900.0,35000.0,1,1,0.14
07262515000109,L. P. STRANIERI & CIA LTDA,4,4890.6,1710.0,1,1,2.8600000000000003
49031370000185,FERNANDO FLORIANO & CIA LTDA,1,4830.0,3000.0,1,1,1.61
00969505000169,OLIVA & OLIVA FARMACIA LTDA,8,4822.8816,647.0,1,1,7.454221947449768
21794870000150,DROGARIA FIDALGA LTDA,22,4815.9264,1206.0,1,1,3.9933054726368162
10772529000187,T. D. WILL,1,4800.0,12000.0,1,1,0.4
27723136000186,DROGARIA PB LTDA,2,4760.0,5000.0,1,1,0.952
10291177000148,MUNICIPIO DE RIO FORMOSO,1,4758.0,7320.0,1,1,0.65
35381312000177,APARECIDA MORTARI AGUILLAR DE PAIVA,3,4750.0,6300.0,1,1,0.753968253968254
65823148000171,COMERCIAL RIBEIRAOPRETANA DE PROD.ODONTOLOGICOS LTDA,21,4738.3,565.0,2,1,8.38637168141593
37573425000108,DIMED COMERCIO E SERVICOS LTDA,5,4729.412,1627.0,2,1,2.9068297480024587
21276825000103,SILVIO VIGIDO,1,4680.0,12.0,1,1,390.0
81754038000151,DIAS E BELTRAMIN - COMERCIO DE MEDICAMENTOS LTDA,5,4658.4,2160.0,1,1,2.1566666666666663
02350719000188,EQUIMED - PRODUTOS E EQUIPAMENTOS MEDICOHOSPITALAR E ODONTOLOGICO LTDA,4,4654.0,625.0,2,1,7.4464
02501219000108,RIVIERA VASSOURENSE DROGARIA LTDA,2,4634.7,426.0,1,1,10.879577464788731
08786974000154,R. B. MONTEIRO LTDA,1,4620.0,6000.0,1,1,0.77
11011753000119,VENTCARE INDUSTRIA E COMERCIO LTDA,2,4603.0,400.0,2,1,11.5075
50938745000174,THEOTO S A INDUSTRIA E COMERCIO,1,4579.2,76320.0,1,1,0.06
19631038000190,SIONE DURANTE BARRETO & CIA LTDA,3,4501.5,4250.0,1,1,1.0591764705882354
42374207000176,LABORATORIOS SERVIER DO BRASIL LTDA,1,4500.0,15000.0,1,1,0.3
08602104000188,IVANISE ARAUJO MANGUEIRA,1,4500.0,3000.0,1,1,1.5
03545386000105,"ARUNK EPI,MATERIAL DE LIMPEZA E FERRAMENTAL LTDA",2,4468.0,1400.0,1,1,3.1914285714285713
41546121000110,ALVES DE ALENCAR LTDA,2,4437.73,62.0,1,1,71.57629032258063
41948967000187,NATOMEDIC PRODUTOS DE SAUDE LTDA,3,4435.75,355.0,1,1,12.49507042253521
04779188000179,FASTMED COMERCIO LTDA,3,4424.0,800.0,3,1,5.53
14234142000128,MD COMERCIO E EMPREENDIMENTOS FARMACEUTICOS LTDA,1,4400.0,400.0,1,1,11.0
02282433000102,FRANLAB COMERCIO E REPRESENTACOES DE PRODUTOS MEDICO-HOSPITALARES LTDA,6,4398.0,72.0,1,1,61.083333333333336
00795813000115,ALEANDRO GONCALVES PASSARINHO,1,4392.0,600.0,1,1,7.32
41738390000189,PL MED PRODUTOS HOSPITALARES LTDA,1,4380.0,500.0,1,1,8.76
04523992000192,MEDICAL-HOSP ASSESSORIA E SERVICOS LTDA,17,4376.59,288.0,2,1,15.196493055555557
89982037000176,MAX CIRURGICA COMERCIO DE MATERIAIS HOSPITALARES LTDA,2,4369.53,14573.0,1,1,0.29983737047965414
15442606000154,V.R. VALADARES SUPRIMENTOS LTDA,1,4320.0,120.0,1,1,36.0
18520715000130,SCAN DIAGNOSTICA INDUSTRIA E COMERCIO LTDA,2,4309.2,144.0,1,1,29.924999999999997
16671989000103,EDR COMERCIO DE EQUIPAMENTOS MEDICO-HOSPITALARES LTDA,2,4300.0,4.0,1,1,1075.0
18889314000152,SAUDE MED MATERIAL HOSPITALAR IMPORTACAO E EXPORTACAO LTDA,1,4300.0,10.0,1,1,430.0
42205916000128,LICITA SAUDE COMERCIO DE ODONTOLOGICOS LTDA,2,4295.0,20.0,1,1,214.75
02313859000186,LUCIO JOAQUIM ELLER,3,4275.0,267.0,1,1,16.01123595505618
33441895000159,FARMACIA HOSPITALAR NOROESTE ARACATUBA LTDA,23,4274.26,2948.0,1,1,1.449884667571235
14229621000156,ORTOMEDICA DISTIBUIDORA DE PRODUTOS ORTOPEDICOS E HOSPITALARES LTDA,2,4270.0,5000.0,1,1,0.854
19247489000129,MARIA ALICE CASTELAO DIAS MARCHEZEPE,2,4227.0,5.0,2,1,845.4
06170316000108,A. G. INDUSTRIA E COMERCIO DE ARTEFATOS PLASTICOS LTDA,2,4220.0,2600.0,1,1,1.623076923076923
58524851000113,BIONOVA PRODUTOS DE LABORATORIOS LTDA,1,4200.0,1000.0,1,1,4.2
08887732000157,FUNDO MUNICIPAL DE SAUDE DE LAGOA GRANDE,1,4200.0,12000.0,1,1,0.35
55909512000167,CIRURGICA JM - COMERCIO DE PRODUTOS HOSPITALARES LTDA,1,4200.0,2.0,1,1,2100.0
04817909000198,D GONCALVES INSTRUMENTOS LTDA,1,4200.0,5600.0,1,1,0.75
02800122000198,CIRURGICA BEZERRA DISTRIBUIDORA LTDA,2,4180.0,82000.0,1,1,0.05097560975609756
94069580000117,MICMMED LTDA.,2,4143.5,250.0,1,1,16.574
21689389000102,MBN SUPRIMENTOS EM SAUDE LTDA,1,4105.0,500.0,1,1,8.21
17812790000102,ALIANCA MEDICAL COMERCIO DE MATERIAIS HOSPITALARES LTDA,2,4102.92,4000.0,1,1,1.02573
05062455000155,"ALPHARAD COMERCIO, IMPORTACAO E EXPORTACAO DE PRODUTOS HOSPITALARES LTDA",1,4080.0,34.0,1,1,120.0
13097795000140,FARMACIA SANTA RITA DE CASSIA LTDA,2,4064.4,1440.0,1,1,2.8225000000000002
30223022000181,MULTI CLINICA CATARINA LTDA.,1,4050.0,2500.0,1,1,1.62
33608937000101,ONCOSETTE DISTRIBUIDORA DE MEDICAMENTOS LTDA,3,4049.0,1100.0,3,1,3.680909090909091
13469442000123,"B. M. - PAPELARIA, ARTIGOS DE INFORMATICA E DESCARTAVEIS LTDA",2,4024.0,2200.0,1,1,1.829090909090909
04485540000163,J. C. MASCARENHAS AGUIAR & CIA. LTDA,1,4016.0,200.0,1,1,20.08
22094574000109,HB SUL COMERCIO DE ALIMENTOS LTDA,1,3992.0,400.0,1,1,9.98
03816770000103,SUPER DIME LOCACAO E COMERCIO DE EQUIPAMENTOS PARA EVENTOS LTDA,1,3990.0,100.0,1,1,39.9
56066880000153,YOU CARE SOLUCOES HOSPITALARES LTDA,2,3934.25,25.0,1,1,157.37
61148037000156,ORTOPRATIKA INDUSTRIA E COMERCIO LTDA,3,3899.0,290.0,1,1,13.444827586206896
00150371000150,LODERME FARMACIA DE MANIPULACAO LTDA,8,3865.68,336.0,1,1,11.504999999999999
02400787000104,A C E INDUSTRIA E COMERCIO LTDA,2,3852.0,965.0,2,1,3.9917098445595856
04797536000130,JOAO CARLOS ANACLETO,7,3839.5,650.0,1,1,5.906923076923077
02835723000136,FSA MEDICAL SOLUCOES EM SAUDE E PRODUTOS HOSPITALARES LTDA,3,3831.4,4530.0,1,1,0.8457836644591612
37240147000169,MMR COMERCIO E SERVICOS LTDA,7,3811.28,3074.0,4,1,1.2398438516590762
04323299000176,PANERARI FARMA LTDA,4,3808.8,336.0,1,1,11.335714285714285
07404801000161,GUTIERRE CENTRAL DE COMPRAS ODONTOLOGICAS S.A,3,3802.66,1606.0,1,1,2.367783312577833
35687208000105,PETBONE COMERCIO E INDUSTRIA DE ARTIGOS PARA ANIMAIS LTDA,1,3800.0,1000.0,1,1,3.8
27616822000158,ERICK LUIZ MACIEL CAVALCANTI LTDA,2,3786.0,700.0,1,1,5.408571428571428
46374500026231,SECRETARIA DE ESTADO DA SAUDE,1,3779.6,88.0,1,1,42.949999999999996
07237987000101,NOVAFARMA - UCHOA DROGARIA E PERFUMARIA LTDA,1,3750.0,300.0,1,1,12.5
37265248000194,DMD EQUIPAMENTOS LTDA,1,3742.5,15.0,1,1,249.5
13046855000103,MIRASSOL MED COMERCIO DE MEDICAMENTOS LTDA,6,3722.0,750.0,1,1,4.962666666666666
49875336000197,L & P LIFE COMERCIO DE PRODUTOS MEDICOS HOSPITALARES LTDA,8,3704.65,1155.0,1,1,3.2074891774891774
16705291000153,PHITO FORMULAS - NUCLEO DE PESQUISA FARMACEUTICA LTDA,5,3644.24,86.0,1,1,42.37488372093023
08055634000153,IMEC-INDUSTRIA DE MEDICAMENTOS CUSTODIA LTDA,1,3600.0,180000.0,1,1,0.02
03976713000183,GAMA-MED DISRIBUIDORA DE MATERIAL HOSPITALAR LTDA,2,3600.0,200.0,1,1,18.0
24045583000135,SAO JOSE ASSISTENCIA SAUDE LTDA,2,3584.0,2200.0,2,1,1.6290909090909091
07799595000136,CLEBER MICHAEL PAGANELI,4,3582.0,3200.0,1,1,1.119375
16740031000119,S2 SAUDE LTDA,1,3566.76,4.0,1,1,891.69
11504314000148,JP FARMACEUTICA LTDA,3,3564.48,744.0,1,1,4.790967741935484
08905257000102,MARIA CRISTINA PEREIRA ZUMERLI E CIA LTDA,15,3547.423,42.0,1,1,84.46245238095237
18324343000509,BELFAR LTDA,4,3541.1,36136.0,3,1,0.09799369050254593
20339865000194,MARIMAX COMERCIO E IMPORTACAO DE PRODUTOS PARA SAUDE E VETERINARIOS LTDA,1,3539.7,30.0,1,1,117.99
12516438000106,AUDIO POWER COMERCIO E SERVICOS DE EQUIPAMENTOS MEDICOS LTDA,1,3534.84,108.0,1,1,32.730000000000004
30899292000107,PROTMAIS EQUIPAMENTOS DE SAUDE E PROTECAO LTDA,1,3501.0,9.0,1,1,389.0
07293786000121,L C I PRODUTOS DIAGNOSTICOS LTDA,5,3454.6,1407.0,1,1,2.4552949538024165
88212113008348,COMERCIO DE MEDICAMENTOS BRAIR LTDA,7,3432.807,767.0,1,1,4.475628422425032
12811919000144,FARMACIA FAMILIA LTDA,4,3431.5,905.0,2,1,3.7917127071823202
05385964000119,DROGARIA FLORIANA LTDA,2,3384.0,5040.0,1,1,0.6714285714285714
97481519000170,S H COMERCIAL LTDA,2,3372.0,100.0,1,1,33.72
05763509000100,ALG RIO COMERCIO DE PRODUTOS LTDA,1,3360.0,300.0,1,1,11.2
49569592000156,ERA DISTRIBUIDORA LTDA,1,3356.16,36480.0,1,1,0.092
30976726000125,SOARES & MARINS.PAES LTDA,3,3331.6,20.0,1,1,166.57999999999998
02842909000112,SANEWS DISTRIBUIDORA LTDA,1,3300.0,6000.0,1,1,0.55
28038227000145,LINHARES INFORMATICA E SUPRIMENTOS LTDA,3,3290.0,125.0,1,1,26.32
70027479000135,BANDEIRANTES LAB PROD FARMACEUTICOS E HOSPITALARES LTDA,21,3289.05,3105.0,1,1,1.0592753623188407
06143681000123,BIOSANI INDUSTRIA E COMERCIO DE PRODUTOS MEDICOS E ODONTOLOGICOS LTDA,2,3240.0,5400.0,2,1,0.6
38442572000101,JGO DROGARIA LTDA,5,3229.2,1800.0,1,1,1.7939999999999998
08967471000185,PELOTAS DISTRIBUIDORA DE MEDICAMENTOS LTDA,11,3206.185,4080.0,2,1,0.7858296568627451
41716353000170,"G.D. PRODUTOS MEDICOS, HOSPITALARES E ORTOPEDICOS LTDA",1,3178.0,20.0,1,1,158.9
63643571000164,TANARIMAN INDUSTRIAL LTDA,1,3161.0,100.0,1,1,31.61
21552695000194,MEDICAL SIL COMERCIO DE EQUIPAMENTOS ODONTO MEDICO HOSPITALAR LTDA,2,3140.0,20.0,1,1,157.0
06539992000106,JORJAO COMERCIO E REPRESENTACAO DE GASES LTDA,1,3127.5,25.0,1,1,125.1
51943645000107,BIOMEDICAL EQUIPAMENTOS E PROD MEDICO-CIRURGICOS LTDA,2,3109.0,19500.0,1,1,0.15943589743589742
00967987000118,MCS ADMINISTRADORA DE BENS LTDA,1,3060.0,1200.0,1,1,2.55
44611020000174,VITAL SAUDE DISTRIBUIDORA LTDA,3,3060.0,26000.0,1,1,0.1176923076923077
05967785000270,POLYMED COMERCIO DE MATERIAL HOSPITALAR LTDA,1,3050.0,5000.0,1,1,0.61
27360084000120,BH MED DISTRIBUIDORA HOSPITALAR LTDA,2,3049.9,620.0,1,1,4.9191935483870965
23662749000108,M GREFFE DE OLIVEIRA LIMA,2,3022.725,775.0,1,1,3.900290322580645
25066271000170,ALGSUN INDUSTRIA E COMERCIO DE PRODUTOS LTDA,1,3013.2,243.0,1,1,12.399999999999999
41932099000147,PMI BRASIL IMPORTADORA E EXPORTADORA DE PRODUTOS PARA SAUDE LTDA,4,3007.5,245.0,2,1,12.275510204081632
38295394000125,ESTRELA INDUSTRIA E COMERCIO DE PRODUTOS MEDICOS E HOSPITALARES LTDA,2,3000.0,1400.0,1,1,2.142857142857143
23472273000134,INNOVAR NEGOCIOS EMPRESARIAIS LTDA,1,2985.0,150000.0,1,1,0.0199
00923140000131,EMS SIGMA PHARMA LTDA,2,2969.03,523.0,1,1,5.6769216061185475
24412128000120,FARMA MATOS COSTA FARMACIA LTDA,7,2962.37,108.0,1,1,27.42935185185185
02976237000138,VALENTE & CASARIN LTDA,1,2954.685,170.0,1,1,17.3805
38849493000101,LAUTZ - MATERIAIS PARA MTC E TERAPIAS ORIENTAIS LTDA,2,2921.49,30.0,1,1,97.383
28767124000116,HABX COMERCIO & PRESTACAO DE SERVICOS EM EQUIPAMENTOS DE HOSPITAIS E LABORATORIOS LTDA,2,2918.8,5005.0,1,1,0.5831768231768232
28801626000116,GALILEO TECNOLOGIA EM SAUDE LTDA,1,2890.0,100.0,1,1,28.9
20513786000158,INNOVARE GESTAO E COMERCIO LTDA,1,2880.0,4000.0,1,1,0.72
12238948000169,DROGARIA JP DENARDI LTDA,13,2877.23,1992.0,1,1,1.4443925702811244
20787194000124,GTECH COMERCIO VAREJISTA DE PRODUTOS MEDICO HOSPITALARES LTDA,1,2868.0,300.0,1,1,9.56
45987013000304,ORGANON FARMACEUTICA LTDA.,3,2857.2,2460.0,2,1,1.1614634146341463
29686370000106,JJ MED PRODUTOS HOSPITALARES LTDA,1,2850.0,5.0,1,1,570.0
56426736000180,MONFER MF COMERCIO LTDA,1,2840.0,20.0,1,1,142.0
07997417000110,ANA FLAVIA DE LIMA MORENO LTDA,9,2833.587,2387.0,1,1,1.1870913280268118
31709675000138,DIGIFLEX GRAFICA E ETIQUETAS LTDA,1,2800.0,100.0,1,1,28.0
44462035000118,LABBRASIL COMERCIO DE PRODUTOS MEDICOS LTDA,1,2800.0,10000.0,1,1,0.28
52236213000110,DROGARIA SAUDE FERNANDOPOLIS LTDA,3,2789.472,1014.0,1,1,2.750958579881657
19845390000129,R. A. DA SILVA COMERCIO DE EQUIPAMENTOS,4,2759.2,16.0,1,1,172.45
34698454000108,DENTALMED PRODUTOS PARA SAUDE LTDA.,10,2754.74,236.0,2,1,11.672627118644067
10692852000140,DESCARBOX DISTRIBUIDORA HOSPITALAR LTDA,1,2750.0,500.0,1,1,5.5
29230226000160,SALLUS COMERCIAL LTDA,1,2728.59,3.0,1,1,909.5300000000001
15786607000116,ARN NOVA ERA COMERCIAL E SERVICOS LTDA,1,2720.0,160.0,1,1,17.0
06697493000228,REINALDO PERSONA FARMACIA DE MANIPULACAO LTDA,6,2717.0,700.0,1,1,3.8814285714285712
25261528000145,PRO J VENDAS LTDA,1,2700.0,4000.0,1,1,0.675
04802930000110,ALBONETTE & CAMPANA COMERCIO DE MEDICAMENTOS LTDA,5,2696.62,1700.0,1,1,1.5862470588235293
28421328000109,ALLIANCA EQUIPAMENTOS MEDICOS LTDA,5,2676.0,1483.0,2,1,1.8044504383007418
13021891000104,CASA DA SOGRA COMERCIO VAREJISTA LTDA,1,2655.0,300.0,1,1,8.85
41752554000122,ELLOMED COMERCIO DE PRODUTOS HOSPITALARES LTDA,1,2650.5,450.0,1,1,5.89
37109539000193,C3 HEALTH SUPRIMENTOS MEDICOS E HOSPITALARES LTDA,1,2630.0,1000.0,1,1,2.63
92963560000160,MUNICIPIO DE PORTO ALEGRE,1,2625.0,2500.0,1,1,1.05
30684458000178,M. DOS S. VICENTE,2,2605.2,12024.0,1,1,0.21666666666666665
00453515000147,FARMACIA GINAP LTDA,2,2594.25,70.0,1,1,37.06071428571428
16805701000138,C L ORTOPEDIA LTDA,1,2590.0,1.0,1,1,2590.0
55956510000129,LIO SERUM PRODUTOS LABORATORIAIS E HOSPITALARES LTDA,1,2580.0,215.0,1,1,12.0
61190096000435,EUROFARMA LABORATORIOS S.A.,1,2575.0,10300.0,1,1,0.25
25067657000288,MEDICAL CHIZZOLINI LTDA,2,2548.5,1650.0,1,1,1.5445454545454544
51578226000105,VITIMED COMERCIO DE PRODUTOS PARA SAUDE LTDA,1,2520.0,90000.0,1,1,0.028
06271093009474,DMTOP COMERCIO DE MEDICAMENTOS E COSMETICOS LTDA,8,2507.8,1744.0,1,1,1.4379587155963305
49459637000130,ODH COMERCIO & SERVICOS DE ASSESSORIA LTDA.,1,2504.7,18.0,1,1,139.14999999999998
46962122000160,CQC - TECNOLOGIA EM SISTEMAS DIAGNOSTICOS LTDA,1,2500.0,250.0,1,1,10.0
41250142000194,COMERCIAL VIEIRA COSTA LTDA,3,2496.69,21.0,1,1,118.89
69366326000133,MED DONTO COMERCIO DE PRODUTOS HOSPITALARES LTDA,7,2494.37,19.0,1,1,131.28263157894736
10853028000125,VIDA RESGATE COMERCIO DE PRODUTOS A.P.H. LTDA,1,2487.5,25.0,1,1,99.5
45985371000108,3M DO BRASIL LTDA,2,2460.0,50.0,1,1,49.2
43537550000157,LAPAMED LTDA,2,2448.0,600.0,1,1,4.08
19413639000127,ISAAC CENTER COMERCIO DE VARIEDADES E SERVICOS LTDA,1,2430.0,1080.0,1,1,2.25
01383490000115,FARMACIA SAKAFARMA DE LONDRINA LTDA,1,2400.0,1500.0,1,1,1.6
30217256000116,EMANUEL DE A PEREIRA LTDA,1,2400.0,1000.0,1,1,2.4
27664639000128,D F C HOSPITALAR COMERCIO E SERVICOS LTDA,1,2400.0,2400.0,1,1,1.0
56393363000199,ACR MED DISTRIBUIDORA DE MEDICAMENTOS LTDA,4,2400.0,2250.0,2,1,1.0666666666666667
11206099000441,SUPERMED COMERCIO E IMPORTACAO DE PRODUTOS MEDICOS E HOSPITALARES LTDA,3,2384.54,3210.0,1,1,0.7428473520249221
25290718000190,AVTMEDICAL COMERCIO E REPRESENTACOES LTDA,2,2376.0,960.0,1,1,2.475
33020512000179,OSCAR ISKIN E CIA LTDA,1,2375.4,30.0,1,1,79.18
75755363000136,FARMACIA CONFIANCA LTDA,3,2371.3128,540.0,1,1,4.39132
30245939000187,SOLMED HOSPITALAR LTDA,1,2340.0,450.0,1,1,5.2
80246309000103,CAOBIANCO MATERIAIS MEDICOS E HOSPITALARES LTDA,1,2333.75,25.0,1,1,93.35
38544763000176,FLORIVALDO MARTINS S.A.,1,2298.0,100.0,1,1,22.98
03394608000136,JOAO BATISTA MARTINS ARRUDA,4,2268.0,2610.0,1,1,0.8689655172413793
10850316000126,MONTPELLIER MONDE INDUSTRIA E COMERCIO DE COSMETICOS EIRELI,1,2265.6,240.0,1,1,9.44
59476770000158,PROCTER & GAMBLE DO BRASIL LTDA.,1,2250.0,5000.0,1,1,0.45
33112665000146,DFL INDUSTRIA E COMERCIO S/A,1,2250.0,300.0,1,1,7.5
01858973000129,AIRELA INDUSTRIA FARMACEUTICA LTDA,3,2242.26,7700.0,2,1,0.2912025974025974
39407358000179,DROGARIA PAI E FILHO LTDA,5,2213.0,1751.0,1,1,1.2638492290119931
02462483000171,HOSP SAUDE COMERCIO VAREJISTA LTDA,5,2204.0,149.0,1,1,14.791946308724832
17875154000391,MEDQUIMICA INDUSTRIA FARMACEUTICA LTDA.,2,2190.0,37500.0,2,1,0.0584
04638822000153,NATIVA FARMA LTDA,1,2190.0,500.0,1,1,4.38
48020630000154,PAULO ANTONIO FERRARI,2,2165.9,158.0,1,1,13.708227848101266
13863381000184,MIDFARMA PRODUTOS FARMACEUTICOS LTDA.,1,2165.0,500.0,1,1,4.33
32889057000180,DOUGLAS MEDICO CIENTIFICA LTDA,1,2160.0,300.0,1,1,7.2
00906250000195,MARMED COMERCIO DE MEDICAMENTOS LTDA,1,2151.0,900.0,1,1,2.39
18792517000126,TEREZINHA BATISTA FARMACIA LTDA,3,2145.0,2300.0,1,1,0.9326086956521739
40104849000120,SUPRAMED MATERIAL MEDICO HOSPITALAR LTDA,1,2135.76,24.0,1,1,88.99000000000001
10350473000172,FLEX COMERCIO E REPRESENTACAO LTDA,1,2126.7,153.0,1,1,13.899999999999999
09433892000199,M. S. DA SILVEIRA COMERCIO DE PRODUTOS FARMACEUTICOS LTDA,4,2114.0,2190.0,1,1,0.965296803652968
10013864000100,4M BR - COMERCIO E REPRESENTACAO DE MATERIAL E MEDICAMENTO HOSPITALAR LTDA,1,2100.0,1400.0,1,1,1.5
51486649000103,DCG DISTRIBUIDORA DE FRALDAS LTDA,2,2080.44,908.0,2,1,2.2912334801762113
04447291000111,GIAMEDICAL PRODUTOS CIRURGICOS LTDA,2,2050.0,2.0,1,1,1025.0
03233805000173,MOCA COMERCIO DE MEDICAMENTOS LTDA,6,2048.8,24090.0,1,1,0.08504773765047738
07211082000162,FARMACIA ARACA LTDA,1,2028.0,15.0,1,1,135.2
51879256000151,NUTRI LIFE DISTRIBUIDORA DE ALIMENTOS LTDA,1,2014.0,10600.0,1,1,0.19
68095702000130,ABEMED PRODUTOS MEDICO CIENTIFICOS LTDA,13,2011.25,1182.0,1,1,1.7015651438240271
27951336000196,J.M.F COMERCIAL LTDA,1,1999.98,3.0,1,1,666.66
60726692000181,MARJAN INDUSTRIA E COMERCIO LTDA,2,1984.0,10600.0,2,1,0.18716981132075472
59556621000107,MARK MED INDUSTRIA E COMERCIO LTDA,1,1980.0,1500.0,1,1,1.32
78515210000100,CONTROLLER COMERCIO E SERVICOS LTDA,2,1980.0,15050.0,1,1,0.13156146179401992
27657308000160,M B DE CARVALHO DROGARIA,3,1971.51,3150.0,1,1,0.6258761904761905
61082426001289,COSMED INDUSTRIA DE COSMETICOS E MEDICAMENTOS S.A.,1,1968.0,160.0,1,1,12.3
56785256000106,BASTOS & CIA LTDA,3,1944.22,570.0,1,1,3.4109122807017545
10708841000101,FRANTINS INDUSTRIA E COMERCIO DE PRODUTOS ODONTOLOGICOS LTDA,5,1924.352,49.0,1,1,39.27248979591837
27114845000164,PREGWEB LTDA,2,1900.0,2000.0,1,1,0.95
26603680000121,MORAMED MANUTENCAO E VENDA DE ACESSORIOS MEDICO HOSPITALAR LTDA,1,1900.0,10.0,1,1,190.0
31116239000155,DENTSPLY INDUSTRIA E COMERCIO LIMITADA,2,1889.6,50.0,2,1,37.792
44219136000162,ATLAS EQUIPAMENTOS LTDA,1,1887.8,20.0,1,1,94.39
40892801000123,K & M MEDICAL COMERCIO DE PRODUTOS HOSPITALARES LTDA,2,1873.0,340.0,2,1,5.508823529411765
13765686000153,AGILE DISTRIBUIDORA DE MATERIAIS DESCARTAVEIS S&M LTDA,2,1845.5,90.0,1,1,20.505555555555556
87389086000174,PRO-RAD CONSULTORES EM RADIOPROTECAO S/S LTDA,2,1843.2,2.0,1,1,921.6
17382714000104,ARBRA COMERCIO & INDUSTRIA DE PLASTICOS LTDA,1,1834.3,415.0,1,1,4.42
59269654000168,IMAGEM SISTEMAS MEDICOS LTDA,2,1800.0,100.0,1,1,18.0
05201539000122,DALMED DISTRIBUIDORA DE MEDICAMENTOS LTDA,2,1795.7,3010.0,1,1,0.596578073089701
13971092000107,ALTHIS COMERCIO DE MEDICAMENTOS E MATERIAIS MEDICO HOSPITALARES LTDA,1,1737.2232,204.0,1,1,8.515799999999999
61068755000627,SANVAL COMERCIO E INDUSTRIA LTDA,2,1734.4,22000.0,2,1,0.07883636363636363
53265518000113,MED CARE COMERCIAL LTDA,1,1700.0,50.0,1,1,34.0
11911029000141,FUNDO MUNICIPAL DE SAUDE DE SEN. ELOI DE SOUZA,1,1694.0,20.0,1,1,84.7
16826043000241,DENTALMED COMERCIO DE PRODUTOS PARA SAUDE LTDA,2,1663.2,280.0,1,1,5.94
41197176000162,L. M. DISTRIBUIDORA DE MEDICAMENTOS LTDA,3,1658.0,700.0,1,1,2.3685714285714288
78746773000109,CASEX IND DE PLASTICOS E PROD MEDICOS HOSPITALARES LTDA,1,1650.0,100.0,1,1,16.5
15797759000203,META DISTRIBUIDORA DE MEDICAMENTOS LTDA,1,1612.8,1680.0,1,1,0.96
09204816000101,NOGUEIRA & BUZANELI DROGARIA LTDA,3,1604.4,2750.0,2,1,0.5834181818181818
61230314000175,LIBBS FARMACEUTICA LTDA,1,1598.4,1080.0,1,1,1.48
54410589000125,SA REPRESENTACAO E COMERCIO DE EQUIPAMENTOS LTDA,2,1596.0,2100.0,1,1,0.76
03944035000177,BARBALUI COMERCIAL LTDA,1,1584.0,72.0,1,1,22.0
18951116000171,SECRETARIA MUNICIPAL DE SAUDE DE BELEM DO PIAUI,1,1584.0,1800.0,1,1,0.88
32952698000131,BERIZA COMERCIO DE LIMPEZA LTDA,2,1583.5,350.0,1,1,4.524285714285714
06990955000110,DATHA PRODUTOS ODONTOLOGICOS E NUTRICIONAIS LTDA,2,1573.05,245.0,1,1,6.420612244897959
37117510000153,IRMAOS LIMA COLE PRODUTOS FARMACEUTICOS LTDA,3,1564.2,900.0,1,1,1.738
13169056000116,DOCTORMED EQUIPAMENTOS E PRODUTOS HOSPITALARES LTDA,8,1552.76,672.0,2,1,2.310654761904762
23179485000128,PEG LIMP INDUSTRIA E COMERCIO DE PRODUTOS DE LIMPEZA LTDA,1,1545.0,300.0,1,1,5.15
64623291000157,CIRURGICA PIRASSUNUNGA LTDA,1,1520.0,2000.0,1,1,0.76
33171322000152,VENDERMAIS CONSULTORIA LTDA,1,1503.65,1.0,1,1,1503.65
04762934000111,BIOLINE COMERCIAL LTDA.,1,1500.0,20.0,1,1,75.0
48344725000719,ALTHAIA S.A. INDUSTRIA FARMACEUTICA,1,1500.0,75000.0,1,1,0.02
08572890000118,ARCMED ANDREOLI COMERCIO DE ARTIGOS HOSPITALARES LTDA,3,1498.8,142.0,2,1,10.554929577464788
08848018000150,L&M EQUIPAMENTOS HOSPITALARES LTDA,3,1497.5,15.0,1,1,99.83333333333333
49432297000153,ANTONIO C. FIORIN & CIA LTDA,2,1455.2,680.0,1,1,2.14
12022755000176,GALLIA INDUSTRIA FARMACEUTICA LTDA,1,1440.0,3000.0,1,1,0.48
04790439000116,BELLE PHARMA FARMACIA DE MANIPULACAO LTDA,1,1430.0,2.0,1,1,715.0
37252719000120,JRA HOSPITALAR LTDA,2,1430.0,2100.0,1,1,0.680952380952381
12308388000171,REMED COMERCIO DE MEDICAMENTOS E PRODUTOS DE SAUDE LTDA.,1,1412.0,1.0,1,1,1412.0
06234797000259,EXPRESSA DISTRIBUIDORA DE MEDICAMENTOS LTDA,1,1404.0,2600.0,1,1,0.54
04880181000149,AWKALAB PRODUTOS PARA LABORATORIO LTDA,2,1383.78,4.0,1,1,345.945
11922629000105,FARMATEST MATERIAIS MEDICO E LABORATORIAIS LTDA,1,1380.0,6000.0,1,1,0.23
12040718000190,GRADUAL COMERCIO E SERVICOS LTDA,4,1349.52,948.0,1,1,1.4235443037974684
09194169000102,ROSA DOS SANTOS LTDA,1,1344.6,16200.0,1,1,0.08299999999999999
40332173000121,M.F.G. DE MELO,1,1344.0,1120.0,1,1,1.2
38098716000146,INTENSIMED COMERCIO DE INSTRUMENTOS E MAT. HOSPITALARES LTDA,1,1343.92,8.0,1,1,167.99
04198372000125,RENASCER IND. E COM. DE MOVEIS HOSPITALARES LTDA,1,1315.0,1.0,1,1,1315.0
40924536000118,MGN HOSPITALAR LTDA,1,1305.0,100.0,1,1,13.05
26446086000174,MARIELLE CRISTINA SCHMIDT PORRECA,1,1294.79,1.0,1,1,1294.79
32545533000145,FELIPE DANTAS ROMACHELLI,2,1260.0,14.0,1,1,90.0
43158055000137,IMUNE COMERCIO DE MATERIAIS HOSPITALARES LTDA,1,1260.0,3.0,1,1,420.0
15127898000130,MUNDIPHARMA BRASIL PRODUTOS MEDICOS E FARMACEUTICOS LTDA.,1,1226.98,200.0,1,1,6.1349
05768154000141,CIRURGICA PAULISTA COMERCIO DE MATERIAL MEDICO HOSPITALAR LTDA,4,1218.51,125.0,1,1,9.74808
32649525000149,TOPAZIO SERVICOS DE COMUNICACAO MULTIMIDIA LTDA,1,1200.0,4.0,1,1,300.0
13224500000159,QUIMAFLEX CIENTIFICA LTDA,1,1156.2,20.0,1,1,57.81
15797759000114,META DISTRIBUIDORA DE MEDICAMENTOS LTDA,9,1146.6,2900.0,2,1,0.39537931034482754
08835955000170,DELTA MED COMERCIO DE PRODUTOS HOSPITALARES - FALIDO LTDA,1,1139.5,500.0,1,1,2.279
10693848000105,OPHTMED PRODUTOS MEDICOS LTDA,1,1129.8,60.0,1,1,18.83
59375006000196,FARMACIA BESSI LTDA,5,1123.712,380.0,1,1,2.957136842105263
33659604000101,DROGARIAS ULTRA POPULAR AB LTDA,2,1116.0,540.0,2,1,2.066666666666667
73308611000175,FARMACIA E PERFUMARIA CIDADE ALTA LTDA,1,1110.0,6.0,1,1,185.0
46365045000160,DRYLOCK TECHNOLOGIES BRASIL LTDA,1,1108.8,560.0,1,1,1.98
06217117000108,ART MEDICAL PRODUTOS MEDICO-HOSPITALARES LTDA,1,1100.0,200.0,1,1,5.5
00174282000143,ODONTO TCHE - COMERCIO DE PRODUTOS E EQUIPAMENTOS ODONTOLOGICOS LTDA,1,1100.0,200.0,1,1,5.5
06555143000146,TRADE MEDICAL COMERCIO DE MATERIAIS HOSPITALARES LTDA,1,1080.0,36.0,1,1,30.0
14192434000145,CALANDRIM & CALANDRIM DROGARIA LTDA.,10,1076.4994,777.0,1,1,1.3854561132561132
07699581000140,POLLITEX EMBALAGENS FLEXIVEIS LTDA,1,1075.0,10.0,1,1,107.5
07707681000171,SOUZA & LEONARDI LTDA,1,1071.0,36.0,1,1,29.75
30667695000120,HARTMANN INDUSTRIA E COMERCIO DE PRODUTOS MEDICO-HOSPITALARES LTDA,5,1069.29,22.0,1,1,48.60409090909091
34514779000185,INSTRULABOR LICITACAO LTDA,1,1052.4,30.0,1,1,35.080000000000005
05953172000101,FAVA INDUSTRIA E COMERCIO DE PRODUTOS HOSPITALARES E ODONTOLOGICOS LTDA.,2,1048.0,50.0,1,1,20.96
33325917000115,LONDON QUALITY ORAL HEALTH INDUSTRIA E COMERCIO DE PRODUTOS PARA SAUDE LTDA,2,1040.1,310.0,2,1,3.3551612903225805
20444829000190,CMED DISTRIBUIDORA LTDA,2,1040.0,3.0,1,1,346.6666666666667
20652929000102,INOVA. DISTRIBUICAO E SERVICOS ELETRO MEDICOS LTDA,4,1037.92,824.0,1,1,1.2596116504854369
14308899000119,CIRURGICA OURO VERDE - COMERCIO DE MATERIAIS MEDICOS LTDA.,1,1035.3,1.0,1,1,1035.3
06150919000148,W.L. BOLSAS DORES DE CAMPOS LTDA,2,1020.8,2465.0,1,1,0.41411764705882353
08569248000180,A. M. MOTA CUSTODIO,1,1020.0,60.0,1,1,17.0
14512806000173,NUTRILIFE NUTRICAO ESPORTIVA LTDA,1,1012.5,75.0,1,1,13.5
21047693000148,CIRURGICA CRAVINHOS LTDA,1,1012.0,50.0,1,1,20.24
02317318000126,CRIARTFARMA FARMACIA E MANIPULACAO LTDA,2,1010.0,20.0,1,1,50.5
17288441000133,GOLDEN CARE DISTRIBUIDORA LTDA,1,1000.0,800.0,1,1,1.25
54375647018093,DROGAL FARMACEUTICA LTDA,3,986.73,480.0,1,1,2.0556875
43121365000187,MG FLEX LTDA.,4,981.7,224.0,1,1,4.382589285714286
53813267000164,CACHUCHO FARMACEUTICA LTDA,11,961.271,953.0,1,1,1.0086789087093389
10849617000130,LIVRARIA E PAPELARIA RENASCER LTDA,2,920.0,400.0,1,1,2.3
01114218000130,FARMANIA FARMACIA DE MANIPULACAO LTDA,3,914.4,1800.0,1,1,0.508
26942958000195,NSC COMERCIO DE PRODUTOS MEDICOS HOSPITALARES LTDA,3,908.0,170.0,1,1,5.341176470588235
01200068000187,ALPHAMED PAULISTA LTDA,3,908.0,104.0,1,1,8.73076923076923
44036939000181,TRVO COMERCIO ATACADISTA LTDA,1,900.0,10.0,1,1,90.0
05782693000135,FARMACIA E DROGARIA PARANA LTDA,2,897.6,570.0,1,1,1.5747368421052632
42204942000131,PGE PRIME COMERCIO DE PRODUTOS PARA A SAUDE LTDA,1,888.0,6.0,1,1,148.0
75216218000187,GOMES MOREIRA & CIA LTDA,2,885.6,372.0,1,1,2.3806451612903228
17299140000105,EASELABS LABORATORIO FARMACEUTICO LTDA.,1,882.765,27162.0,1,1,0.0325
93248979000100,BIO MED PRODUTOS MEDICOS E HOSPITALARES LTDA,1,880.8,11010.0,1,1,0.08
11657352000130,J. COUTO PRODUTOS FARMACEUTICOS LTDA,1,875.042,98.0,1,1,8.929
40476413000161,DF DISTRIBUIDORA DE MEDICAMENTOS E MATERIAL HOSPITALAR LTDA,1,860.0,2000.0,1,1,0.43
22646044000126,VIEIRA E ROCHA COMERCIO ATACADISTA DE PRODUTOS QUIMICOS LTDA,1,858.0,2600.0,1,1,0.33
06253085000104,NORTEMEDICA COMERCIO E REPRESENTAES LTDA,2,850.0,300.0,1,1,2.8333333333333335
07641623000192,KARLA DILLANY GOMES BESSA LTDA,1,850.0,10.0,1,1,85.0
50821325000103,BLUE CONNECT COMERCIO E SERVICOS LTDA,7,839.87,29.0,1,1,28.96103448275862
33078528000132,TORRENT DO BRASIL LTDA,3,826.938,30150.0,2,1,0.027427462686567164
44187859000127,SANTA CLARA PRODUTOS FARMACEUTICOS LTDA,1,826.2,90.0,1,1,9.18
49604226000190,"MULTIGEL INDUSTRIA E COMERCIO, IMPORTACAO E EXPORTACAO DE PRODUTOS PARA SAUDE LTDA",1,818.64,216.0,1,1,3.79
26168820000180,MEGA CARE COMERCIO DE EQUIPAMENTOS E MATERIAIS MEDICOS LTDA,1,816.67,100.0,1,1,8.166699999999999
41319629000186,SOLUTE MEDICAL GROUP BRAZIL LTDA,2,812.0,80.0,1,1,10.15
38265219000195,DROGARIA FTB CENTRO LTDA,2,804.76,10.0,1,1,80.476
46482835000126,ANIRAM DISTRIBUIDORA DE MEDICAMENTOS E SERVICOS DE SAUDE LTDA,2,801.0,400.0,1,1,2.0025
24871206000155,ODONTO AT COMERCIO E MANUTENCAO DE EQUIPAMENTOS LTDA,1,793.5,15.0,1,1,52.9
55266308000175,DROGARIA DROGAVITA DE ITAPETININGA LTDA,2,780.0,20.0,1,1,39.0
21268634000108,MULTIPLIER DISTRIBUIDORA LTDA,1,765.0,60.0,1,1,12.75
31107292000190,MARCIA VEIGA NEVES - SERVICOS DE ODONTOLOGIA LTDA,1,760.56,24.0,1,1,31.689999999999998
39608346000102,DROGARIA CENTRO IPATINGA LTDA.,1,743.4,630.0,1,1,1.18
49754931000174,G7 MEDICA DISTRIBUIDORA DE MEDICAMENTOS LTDA,1,740.0,200.0,1,1,3.7
88212113022928,COMERCIO DE MEDICAMENTOS BRAIR LTDA,3,736.396,434.0,2,1,1.6967649769585254
00331788001271,AIR LIQUIDE BRASIL LTDA,1,720.0,4.0,1,1,180.0
25555046000106,DISTRIBUIDORA DOM CABRAL LTDA,1,699.93,10.0,1,1,69.993
30284338000183,BMA-BRASIL MARCAS ATACADISTA LTDA,1,682.0,100.0,1,1,6.82
29081186000132,JULIO CESAR SANTOS DA CUNHA,2,678.0,180.0,1,1,3.7666666666666666
07322719000198,R PLUS COMERCIAL VAREJISTA LTDA,3,674.9994,130.0,1,1,5.192303076923078
80392434000113,J. PROLAB INDUSTRIA E COMERCIO DE PRODUTOS PARA LABORATORIO LTDA,1,654.8,40.0,1,1,16.369999999999997
01371480000160,PREVENCAO COMERCIAL HOSPITALAR LTDA,1,648.0,36.0,1,1,18.0
02457692000127,QUALIQUIMICA ARTIGOS PARA LABORATORIOS LTDA,1,648.0,400.0,1,1,1.62
27161574000106,OSVALDO CARNEO FILHO,3,647.5,4125.0,1,1,0.15696969696969698
45195203000119,SAO BENTO COMERCIO E SERVICOS LTDA,1,640.0,2000.0,1,1,0.32
24481773000103,"GEMMINI GESTORA DE EQUIPAMENTOS, MATERIAIS, MEDICAMENTOS E IMPLANTES NACIONAIS E IMPORTADOS LTDA",1,625.0,500.0,1,1,1.25
34252381000118,MEDCAM DISTRIBUIDORA DE MEDICAMENTOS E PRODUTOS HOSPITALARES LTDA,1,623.6,4000.0,1,1,0.1559
12065628000154,ILSON JOSE GOULART DROGARIA LTDA,1,620.7,6.0,1,1,103.45
78935400002391,FARMACIA VALE VERDE LTDA,1,609.3,180.0,1,1,3.385
21610147000173,CDA COMERCIAL DISTRIBUIDORA ARMINI LTDA,1,603.9,110.0,1,1,5.49
07672177000183,TRIANGULO COMERCIO DE MEDICAMENTOS LTDA,1,588.6,540.0,1,1,1.09
49475833001501,BIOLAB SANUS FARMACEUTICA LTDA,1,588.6,3600.0,1,1,0.1635
18448863000191,V P SILVA BRINQUEDOS LTDA,2,586.48,4.0,1,1,146.62
78935400001409,FARMACIA VALE VERDE LTDA,2,583.44,12.0,1,1,48.620000000000005
27971020000166,VWPHARMA COMERCIO DE MEDICAMENTOS E MATERIAIS HOSPITALARES LTDA,2,575.82,630.0,1,1,0.914
19791813000175,LABORATORIOS OSORIO DE MORAES LTDA,2,562.0,5400.0,2,1,0.10407407407407407
43426626000177,ALLERGAN PRODUTOS FARMACEUTICOS LTDA.,2,551.02,62.0,2,1,8.887419354838709
13430441000175,GERAES DIAGNOSTICA LTDA,1,550.0,2.0,1,1,275.0
08790172000118,MUNICIPIO DE SERRARIA,2,542.0,300.0,1,1,1.8066666666666666
19010052000177,FABIO ROBERTO DE MONTI & CIA LTDA,2,538.5,110.0,1,1,4.8954545454545455
42987802000187,FARMACIA SAUDE POPULAR LTDA,2,535.2,480.0,1,1,1.115
10600372000102,DENTAL SUL PRODUTOS ODONTOLOGICOS LTDA,2,531.0,105.0,1,1,5.057142857142857
02356205000130,A.B.S. PRODUTOS HOSPITALARES LTDA,1,530.4,6000.0,1,1,0.08839999999999999
13107128000109,SUPRITECNICA LTDA,1,495.0,6.0,1,1,82.5
36463309000165,ERGINO FERREIRA CISCATI JUNIOR,2,492.0,620.0,1,1,0.7935483870967742
10723321000178,SANT ANA & NASCIMENTO LTDA,3,477.42,2005.0,2,1,0.23811471321695762
60952824000193,MASTERMED - PRODUTOS MEDICOS E HOSPITALARES LIMITADA,1,476.7,1000.0,1,1,0.4767
02281006000100,ISOFARMA INDUSTRIAL FARMACEUTICA LTDA,1,476.0,400.0,1,1,1.19
23533848000181,R T COSTA FELICIANO,1,474.0,200.0,1,1,2.37
30029272000185,G.O.S SOLUCOES INTELIGENTES LTDA,1,473.0,50.0,1,1,9.46
29057136000110,SURGICALMEDI - IMPORTADORA E DISTRIBUIDORA DE MATERIAIS CIRURGICOS LTDA,1,460.0,2.0,1,1,230.0
29129366000147,A&P FORMULACOES LTDA,1,460.0,5.0,1,1,92.0
01827550000141,GIRASSOL FARMACEUTICA & YELLOW COSMETIC LTDA,3,450.0,6.0,1,1,75.0
00542467000163,A B DESCARTAVEIS INDUSTRIA E COMERCIO LTDA,1,450.0,300.0,1,1,1.5
38510020000185,FARMACIA BS LTDA,3,432.7,17.0,1,1,25.45294117647059
06626253000151,EMPREENDIMENTOS PAGUE MENOS S/A,1,432.0,1440.0,1,1,0.3
78950011000120,HERBARIUM LABORATORIO BOTANICO LTDA.,1,430.0,1000.0,1,1,0.43
43312503000105,SUPERA FARMA LABORATORIOS S.A.,1,427.752,180.0,1,1,2.3764
05855974000170,BASTON INDUSTRIA DE AEROSSOIS LTDA,1,425.0,50.0,1,1,8.5
04727762000145,CRISTIANE DE OLIVEIRA TELES,1,420.0,12.0,1,1,35.0
53740189000115,DROGARIA CENTRAL DE GUARARAPES LTDA,1,413.625,50.0,1,1,8.2725
50028232000126,LIGEIRO FARMA DROGARIA LTDA,3,404.22,11.0,1,1,36.74727272727273
28389922000151,DROGARIA ROSINHA LTDA,1,403.2,1440.0,1,1,0.27999999999999997
22031355000180,CASA DA BORRACHA CARMELITANA LTDA,1,400.0,10.0,1,1,40.0
08846431000185,LUIZ FRANCISCO EMYGDIO,1,399.0,300.0,1,1,1.33
07863523000100,LABOFARMA PRODUTOS FARMACEUTICOS LTDA.,3,388.0,700.0,1,1,0.5542857142857143
28876663000193,FARMACIA VICENTINA LTDA,2,373.2,960.0,1,1,0.38875
04603104000141,"ORTOPONTO COMERCIO DE PRODUTOS DE ORTOPEDIA , SAUDE E RECUPERACAO LTDA",1,370.0,1.0,1,1,370.0
45453214001042,PROFARMA DISTRIBUIDORA DE PRODUTOS FARMACEUTICOS SA,1,360.0,6000.0,1,1,0.06
27545656000146,FORAL FORNECEDORA ALIANCA COMERCIAL LTDA,1,345.0,100.0,1,1,3.45
02823683000102,CAPRICORN TECHNOLOGIES DO BRASIL LTDA,1,336.0,600.0,1,1,0.56
00787540000167,VERBENNA FARMACIA DE MANIPULACAO LTDA,1,300.0,15.0,1,1,20.0
18301957000133,OTICA ATUAL LTDA,1,299.0,1.0,1,1,299.0
04497941000133,DALMEDSUL MEDICAMENTOS LTDA,1,299.0,100.0,1,1,2.99
25325301000116,PAPIROS - MOVEIS E ELETRO LTDA,1,290.0,2.0,1,1,145.0
23664355000180,INJEMED MEDICAMENTOS ESPECIAIS LTDA,1,266.0,70.0,1,1,3.8
26083328000102,ALP PHARMA PRODUTOS HOSPITALARES LTDA,1,249.5,50.0,1,1,4.99
17114621000107,HAJA COMERCIAL FARMA & HOSPITALAR LTDA,1,248.0,100.0,1,1,2.48
23980789000190,VALE DIAGNOSTICOS LTDA,1,229.96,4.0,1,1,57.49
11206099000107,SUPERMED COMERCIO E IMPORTACAO DE PRODUTOS MEDICOS E HOSPITALARES LTDA,1,220.8,30.0,1,1,7.36
05059454000585,HAMAMELIS FARMACIA DE MANIPULACAO LTDA,1,213.6,120.0,1,1,1.78
44387760000179,MABE FARMA PRODUTOS HOSPITALARES LTDA,1,213.18,3.0,1,1,71.06
23160692000130,LIFE COMERCIO DE MEDICAMENTOS LTDA,1,208.0,4.0,1,1,52.0
35706397000116,"E.C.S. TECNOLOGIA EM SAUDE, COMERCIO, IMPORTACAO E EXPORTACAO LTDA",1,202.0,40.0,1,1,5.05
11174696000199,DROGARIA BORTOLINI LTDA,1,194.0,4.0,1,1,48.5
22831615000100,DA CUNHA & BEDINOT COMERCIO DE MEDICAMENTOS LTDA,1,183.2,16.0,1,1,11.45
19501429000190,MAWDSLEYS PHARMACEUTICALS DO BRASIL LTDA,1,180.0,600.0,1,1,0.3
12472927000103,QUALYBLESS DO BRASIL LTDA,1,177.0,50.0,1,1,3.54
31442383000181,A. C. DE MORAES LTDA,1,177.0,30.0,1,1,5.9
50371889000191,PRECISION CENTRO DE DIAGNOSTICOS LTDA,1,174.0,30.0,1,1,5.8
04559470000140,GLOBAL ORGANIZACAO FARMACEUTICA LTDA,1,172.95,5.0,1,1,34.589999999999996
05667064000164,M E G ALIMENTOS E NUTRICAO LTDA,1,168.6,60.0,1,1,2.81
10268780000109,MEDIX BRASIL LTDA,1,161.07,7.0,1,1,23.009999999999998
01005728000179,LABOR IMPORT COMERCIAL IMPORTADORA EXPORTADORA LTDA,1,154.16,4.0,1,1,38.54
04437209000178,MULTMED DISTRIBUIDORA DE MEDICAMENTOS LTDA,1,143.7,30.0,1,1,4.79
47849823000230,ZANQUI & ZANQUI FARMACIA E DROGARIA LTDA,1,141.25,2.0,1,1,70.625
05637386000160,JM WILLIAM COMERCIO DE MATERIAIS HOSPITALARES LTDA,1,132.6,204.0,1,1,0.65
23976706000199,UPA FARMA DROGARIA LTDA,1,127.8,180.0,1,1,0.71
76205640000108,MUNICIPIO DE DOIS VIZINHOS,1,125.0,50.0,1,1,2.5
15631841000336,CLAUBER HUMBERTO ZANIN LTDA,2,120.51,186.0,1,1,0.6479032258064517
53730982000133,BENEDITO CARLOS VIEIRA DA SILVA,1,120.0,12.0,1,1,10.0
47891691000124,MAZZETTO DISTRIBUIDORA DE MEDICAMENTOS E MATERIAL HOSPITALAR LTDA,1,120.0,30.0,1,1,4.0
48714665000193,DISTRIBUIDORA DE MEDICAMENTOS SAO JOSE LTDA,3,108.92,108.0,1,1,1.0085185185185186
12543141000130,FUNDO MUNICIPAL DE SAUDE DE PASSABEM,1,105.25,5.0,1,1,21.05
30737387000124,ONCOSUL DISTRIBUIDORA DE MEDICAMENTO LTDA,2,103.6,136.0,1,1,0.7617647058823529
37396017000110,MEDCOMERCE COMERCIAL DE MEDICAMENTOS E PRODUTOS HOSPITALARES LTDA,1,101.5,50.0,1,1,2.03
73636391000109,NEWPROV PRODUTOS PARA LABORATORIO LTDA,1,100.0,2.0,1,1,50.0
47388533000156,METALURGICA FAVA INDUSTRIA E COMERCIO LTDA EM RECUPERACAO JUDICIAL,1,95.0,10.0,1,1,9.5
08297473000104,CIRURGICA PATROCINIO DISTRIBUIDORA DE PRODUTOS HOSPITALARES LTDA,1,95.0,1.0,1,1,95.0
35633493000181,MARY LUCIA ANTONELLO LTDA,1,92.8396,14.0,1,1,6.6314
09240575000156,MARCA MAIOR DISTRIBUICAO LTDA,1,87.0,6.0,1,1,14.5
78634771000128,CAIXA ASSIST APOSENTADORIA PENSOES SERV MUN LONDRINA,1,86.4,540.0,1,1,0.16
05743125000125,COMERCIO DE MEDICAMENTOS SAO PAULO LTDA,1,85.5,90.0,1,1,0.95
01326569000104,DENTALSHOP PRODUTOS ODONTOLOGICOS LTDA,1,70.35,15.0,1,1,4.6899999999999995
03521785000136,MEDMASTER COMERCIAL LTDA,1,69.0,50.0,1,1,1.38
33349473000310,FARMOQUIMICA S A,1,59.2,800.0,1,1,0.07400000000000001
06942434000197,FRACAROLI FARMACIA DE MANIPULACAO LTDA,1,53.52,8.0,1,1,6.69
37955443000146,EDHMED EQUIPAMENTOS MEDICOS E HOSPITALARES LTDA.,1,49.44,6.0,1,1,8.24
58538372000156,BIO-ART EQUIPAMENTOS ODONTOLOGICOS LTDA,1,45.6,30.0,1,1,1.52
26393102000108,E P BARBOSA COMERCIO DE MAQUINAS E FERRAMENTAS LTDA,1,44.0,2.0,1,1,22.0
38493577000155,LE VITTA MEDICAMENTOS ESPECIAIS LTDA,1,28.4,5.0,1,1,5.68
88566872000162,MUNICIPIO DO RIO GRANDE,1,24.75,3.0,1,1,8.25
32630250000100,SAUDE BRASIL ODONTO HOSPITALAR LTDA,1,15.2,4.0,1,1,3.8
21393482000167,A B 2 F COMERCIO E SERVICOS LTDA,1,8.0,100.0,1,1,0.08
10461277000175,COMODORO COMERCIAL E NUTRICAO LTDA,2,1.0022,2.0,2,1,0.5011
07852358000191,ANDRE NERONI,1,1.0,1.0,1,1,1.0
10310873000154,MCMED COMERCIO DE MATERIAL MEDICO HOSPITALAR LTDA,1,0.14,7.0,1,1,0.02

